source,date,raw_text,is_youtube,is_blog,is_cafe,is_churn,is_positive,is_medical_frame,is_ingredient_frame,is_comparison_frame,is_competitor,churn_score,positive_score,segment
blog,2026-04-15,헤드앤숄더 퍼퓸 프레쉬 샴푸 직접 써보고 생각이 바뀐 이유 알고리즘이 추천해준 구성과 첫인상 사실 인스타에서 누가 헤드앤숄더 샴푸가 세정력 끝판왕이라고 헤드앤숄더 퍼퓸 프레쉬 샴푸,0,1,0,0,1,0,0,0,0,0,1,Loyal
blog,2026-04-14,연남 미용실 에이노이헤어 연남점 시그니처 클리닉 받고 온 후기 마포 연남 미용실 에이노이헤어 연남점 시그니처 클리닉 받고 온 후기 땡하 안녕하세요 땡글이입니다 제가 최근 지인의 추,0,1,0,0,1,0,0,0,0,0,1,Loyal
blog,2026-04-14,지루성 두피염 15년차의 내돈내산 샴푸 추천 리스트 올리브영 등 목차는 제 기준 가려움증 개선에 도움줬던 샴푸 순서대로 라보에이치 샴푸 헤드앤숄더 샴푸 괜찮아지셨다는 후기 를 보고,0,1,0,0,0,0,0,0,0,1,1,Passive User
blog,2026-04-14,헤드앤숄더 토탈 솔루션 샴푸 솔직 후기 두피열까지 잡아줌 그래서 고민 끝에 선택한 제품이 바로 헤드앤숄더 토탈 솔루션 가려운 두피 케어 샴푸예요 워낙 판매량도 많고 후기 도 좋아서,0,1,0,0,0,0,0,0,0,0,0,Passive User
blog,2026-04-14,두피가 가려운 원인과 일상 대처법 알아보기 가려움을 해결을 33 헤드앤숄더 가려운 두피 케어 두피 트리트먼트 400ml 1개 122 938개 후기 상품특징 가려운 두피 진정 효과 ,0,1,0,1,0,0,1,0,0,1,0,At-risk
blog,2026-04-13,오래 쓰는 헤드앤숄더 두피 토탈 솔루션 딥클린 샴푸 1 2L 오래 쓰는 헤드앤숄더 두피 토탈 솔루션 딥클린 샴푸 1 2L 1개 사용하기 편한 제품 헤드앤숄더 두피 세브란스에이투 전,0,1,0,0,1,0,0,0,0,0,1,Loyal
blog,2026-04-13,두피 스케일링 끝판왕 헤드앤숄더 딥클린 샴푸로 고민 끝 두피 스케일링을 받은 듯 개운함을 선사하는 헤드앤숄더 두피 토탈 솔루션 샴푸 딥클린 을 소개합니다 두피 고민 끝 산뜻함 유지,0,1,0,0,0,0,0,0,0,0,0,Passive User
blog,2026-04-13,두피 묵은 답답함 끝 딥클린의 시원한 해답 헤드앤숄더 매일 머리를 감아도 찝찝하거나 가려움을 느끼신다면 오늘 소개해 드릴 헤드앤숄더 두피 토탈 솔루션 유지된다는 후기 가 많습니다 ,0,1,0,1,0,0,0,0,0,1,0,Passive User
blog,2026-04-13,헤드 엔 숄더 샴푸 추천 BEST3 비듬 고민 끝 삶의 질 수많은 제품 중에서도 특히 인기가 많고 후기 가 검증된 헤드 엔 숄더 샴푸 인기 품목 TOP 3를 꼼꼼하게 비교해 드릴게,0,1,0,0,1,0,0,1,0,0,1,Loyal
blog,2026-04-13,헤드앤숄더 쿨멘솔 샴푸로 가려운 두피를 시원하게 진정시키기 마지막으로 헤드앤숄더 쿨멘솔 샴푸는 가격 대비 성능이 우수해 가성비가 뛰어납니다 많은 소비자들이 긍정적인 후기 를 남기고,0,1,0,1,0,0,0,0,0,1,0,Passive User
blog,2026-04-13,쿠팡 골드박스 모음 할인율 대박 상품들 2026 04 13 홈스타락스와세제 헤드앤숄더 두피토 부케가르니모이스 그린핑거촉촉한자 순수한면제로생리 긍정적 후기 요약 깨끗한나라 순수시그니,0,1,0,0,0,0,0,0,0,0,0,Passive User
blog,2026-04-13,헤드앤숄더 두피 토탈 딥클린 850ml 6개 실사용 후기 효과 헤드앤숄더 특유 성분으로 비듬 가려움 완화 도움 꾸준히 쓰면 확실히 줄어드는 느낌 4 거품 잘 남 소량으로도 거품 풍,0,1,0,1,0,0,1,0,0,1,0,At-risk
blog,2026-04-13,헤드앤숄더 지성샴푸 한달 써본 내돈내산 후기 헤드앤숄더 지성샴푸 헤드앤숄더 지성샴푸로 유명한 제품 사용해봤어요 저는 지성두피라서 비듬 머리 킹스파워샴푸 사용해본 후기 근데 써보니까,0,1,0,0,0,0,0,0,0,0,0,Passive User
blog,2026-04-12,지루성두피 샴푸 추천 직접 써본 9가지 비교 유목민 후기 광고 내돈내산 후기 1 Head amp Shoulders 클리니컬 스트렝스 헤드앤숄더 지루성두피 샴푸로 유명해서 직구까지 ,0,1,0,0,1,0,0,1,0,0,1,Loyal
blog,2026-04-11,좁쌀여드름 모낭염 응급처치 방법 식염수팩 에크린 겔 판테놀 두피 가려움 gt 헤드앤숄더 댄드러프 샴푸 다들 추천하는 이유가 있다 3번 썼는데 정말 최고의 샴푸 식염수팩 후기 빠른 ,0,1,0,0,0,0,0,0,0,1,1,Passive User
blog,2026-04-10,한국 남성이 꼭 써야 하는 탈모 샴푸 추천 남성 후기 개수 최다 수준 2 라보에이치 탈모증상완화 샴푸 진정베이스 특징 과다 피지 조절 건성 각질 비듬형 두피 추천 1 헤드앤숄더 두,0,1,0,0,1,0,0,0,0,0,1,Loyal
blog,2026-04-10,헤드앤숄더 비듬샴푸 병행관리 비듬러의 변화 후기 그래서 비듬 관련해서 뭐가 유명한가 알아보니까 헤드앤숄더 비듬샴푸가 유명 하더라고요 근데 어떤 이렇게 후기 를 적어볼게요 이 브랜드,0,1,0,0,0,0,0,0,0,0,0,Passive User
blog,2026-04-10,요즘 쓰는 샴푸 후기 헤드앤숄더 가려운 두피 케어 1 2L 요즘 쓰는 샴푸 후기 헤드앤숄더 가려운 두피 케어 1 2L 사용 후기 두피 가려움 샴푸 추천 요즘 날씨 바뀌면서 그런지 ,0,1,0,0,0,0,0,0,0,1,1,Passive User
blog,2026-04-09,결산 코덕이 끝까지 쓴 제품들 재구매템 비추천 솔직 후기 헤어 amp 바디 amp 클렌징 공병템 헤드 amp 숄더 두피 토탈 솔루션 가려운 두피 케어 샴푸 두피 가려움이랑 위의 헤,0,1,0,0,1,0,0,0,0,1,2,Loyal
blog,2026-04-09,헤드앤숄더 비듬 샴푸로 밤에 머리 감기 정착한 이야기 그런데 이번에 회사 동료한테 추천받고 헤드앤숄더 비듬 샴푸로 바꿨는데 이거 진짜 물건이더라구요 오로지 내 아침 잠 10분을 사,0,1,0,0,1,0,0,0,0,0,2,Loyal
blog,2026-04-09,헤드앤숄더 레몬 샴푸 솔직 후기 상큼한 여름 두피 케어 추천 이전 글 보기 헤드앤숄더 유칼립투스 후기 그래서 이번에 헤드앤숄더 레몬 샴푸로 바꿔봤는데 상큼한 레몬향과 부드러운 머스,0,1,0,0,1,0,0,0,0,0,1,Loyal
blog,2026-04-08,철산탈모 닥터모락 광명철산점 두피관리 재방문 후기 관리전후 기존에 제게 맞지않는 헤드앤 숄더 비듬샴푸를 쓰고있었는데 그게 자극되서 두피는 붉어지고 세정은 제대로 되지않아 샴푸도 추,0,1,0,0,0,0,0,0,0,1,1,Passive User
blog,2026-04-08,헤드앤숄더 클리니컬 스트렝스 어드밴스드 오일 컨트롤 비듬 헤드앤숄더 클리니컬스트렝스 비듬샴푸추천 지루성두피염샴푸 내돈내산 후기 헤드앤숄더 주황색 정수리냄새샴푸 지성두피샴푸 셀레늄설,0,1,0,0,1,1,0,0,0,0,1,Loyal
blog,2026-04-08,지루성 두피염 병원 샴푸 후기 니조랄 헤드앤숄더 조합과 니조랄 amp 헤드앤숄더 클리니컬 스트렝스 주 2 4회 사용 특히 헤드앤숄더 주황색 통은 각질 잡는 좋다 병원 사온 샴푸 스,0,1,0,1,0,1,0,1,1,1,0,Active Switcher
blog,2026-04-08,지성 두피라면 이 샴푸 무조건 써보세요 헤드앤숄더 차콜 헤드앤숄더 차콜 샴푸인데 숯 성분이 들어 있어서 그런지 세정력이 확실히 좋은 느낌이에요 후기 랑 가격 비교해보고 선택하는 게,0,1,0,0,0,0,1,1,0,0,0,Passive User
blog,2026-04-07,헤드앤숄더 차콜 샴푸 800ml 2개 사용 후기 헤드앤숄더 차콜 샴푸 800ml 2개 구성은 두피 관리용 샴푸를 찾는 분들께 꽤 반가운 제품이더라고요 헤드앤숄더 차콜샴푸 두피샴푸 ,0,1,0,0,1,0,0,0,0,0,1,Loyal
blog,2026-04-07,헤드앤숄더 비듬샴푸 제대로된 병행 관리 TIP 전체적으로 볼 때 헤드앤숄더 샴푸 후기 의 경우 비듬 각질 가려음 같이 두피에 자주 생기는 문제를 잡아주기 좋은 것 같아요 어니스트맘,0,1,0,1,0,0,0,0,0,1,0,Passive User
blog,2026-04-06,쿠팡리뷰 헤드앤숄더 두피 토탈 솔루션 샴푸 쿨 멘솔 1 2L 1개 솔직 후기 평소 두피가 예민한 편이라 비듬과 가려움이 고민이었는데 두피 케어용 샴푸라서 quot 쿠팡리뷰 쿠팡 후,0,1,0,1,0,0,0,0,0,1,0,Passive User
blog,2026-04-05,비듬제거빗 찾다가 정착한 비듬 클리너 참빗 솔직 후기 비듬제거빗 찾다가 정착한 비듬 클리너 참빗 솔직 후기 저는 솔직히 검정색 티를 잘 못입었어요 블랙 비듬샴푸로 바꾸면 해결되겠지,0,1,0,0,0,0,0,1,1,1,1,Passive User
blog,2026-04-05,편리한 기능 헤드앤숄더 두피 토탈 솔루션 샴푸 애플 프레쉬 헤드앤숄더 애플프레쉬 샴푸 850ml X 3개 개인 테스트 후기 효과 진짜 좋아요 저는 피부가 예민해서 향이 강하거나 화,0,1,0,0,0,0,1,0,0,0,0,Passive User
blog,2026-04-04,헤드앤숄더 클리니컬 스트렝스 지성 두피 샴푸 추천 subId 13652930 지긋지긋한 지성 두피의 비듬과 유분을 한번에 잡아주는 강력한 솔루션 헤드앤숄더 클리니컬 스트렝스 오일컨,0,1,0,0,1,0,0,0,0,0,1,Loyal
blog,2026-04-03,머리 계속 가려운 사람들 이거 쓰면 달라집니다 오늘은 수많은 후기 로 검증된 쿠팡 가려운 두피 amp 탈모 케어 샴푸 BEST 3를 꼼꼼하게 비교해 드립니다 비듬 amp 쿨링 종결,0,1,0,0,0,0,0,1,0,0,0,Passive User
blog,2026-04-03,헤드앤숄더 비듬샴푸 이거 하나만 쓰겠다고요 제 첫 도전은 유명한 헤드앤숄더 비듬샴푸였는데요 비듬할 때 바로 생각나는 제품이며 워낙 대중성이 않을 정도로 많이 깔끔해졌는데요 이상 비,0,1,0,0,0,0,0,0,0,0,0,Passive User
blog,2026-04-03,아로마티카 샴푸 ts 비듬 브러쉬 헤드앤숄더 아로마티카 샴푸 ts 비듬 브러쉬 헤드앤숄더 아로마티카의 샴푸 사용 후기 최근에 아로마티카의 샴푸를 사용해보게 되었는데요 비듬 문제로 ,0,1,0,0,1,0,0,0,0,0,1,Loyal
blog,2026-04-03,미녹시딜 amp 탈모약 2개월 후기 정수리 탈모 quot 쉐딩 현상 탈출 quot 그리고 최근에 샴푸를 헤드앤숄더 로 갈아탔습니다 샴푸 자체가 탈모를 직접 치료한다기보다는 두피 다,0,1,0,1,0,1,0,1,0,1,0,At-risk
blog,2026-04-02,비듬샴푸 헤드앤숄더 가려운 두피케어 샴푸 850ml 민감성 오늘 소개할 제품은 바로 헤드앤숄더 가려운 두피케어 샴푸 850ml인데 많은 분들이 비듬 샴푸 부문에서 특히 지루성 두피,0,1,0,1,0,0,0,0,0,1,0,Passive User
blog,2026-04-02,초등학생 정수리 냄새 샴푸 추천 후기 마트에서 쉽게 구매할 수 있는 헤드앤숄더 케라시스 닥터그루트부터 로마 샴푸 아로마키타 아이들 사용 후기 정수리 냄새 두피 유분 기존 단백질 샴,0,1,0,0,1,0,0,0,0,0,1,Loyal
blog,2026-04-02,헤드앤숄더 오일컨트롤 지성샴푸 써본 진짜 후기 헤드앤숄더 지성샴푸로 유명한 헤드앤숄더 오일컨트롤 사용해봤어요 지성두피 헤드 핸 숄더 지성샴푸 사용 저는 지성두피예요 비듬이나 두피에,0,1,0,0,0,0,0,0,0,0,0,Passive User
blog,2026-03-31,내돈내산 헤드앤숄더 오일컨트롤 샴푸 후기 내돈내산 헤드앤숄더 오일컨트롤 샴푸 후기 슬슬 날도 풀리면서 얼굴에 기름지는데 두피도 기름져서 끈적이고 제대로 안씻으면 손이 기름져서 앞머,0,1,0,0,0,0,0,0,0,0,0,Passive User
blog,2026-03-30,지루성 두피염 치료 후기 병원 처방 세이브 스칼프 2종 받았어요ㅠ 헤드앤숄더 녹차실감 샴푸를 써봤지만 해결이 안 돼서 결국 병원에 방문했고 먹는 약과 사용 후기 1주차 가려움이 조,0,1,0,1,0,1,0,0,0,1,0,At-risk
blog,2026-03-30,2026년 3월 넷째주 일상 원래 쓰던 헤드앤숄더 보라색 샴푸가 두피를 건조하게 만드는 것 같아서 다른걸 써보고자 시켰다 자세한 후기 는 아래 참조 2026 03 28 7시 30분,0,1,0,0,0,0,0,0,0,0,0,Passive User
blog,2026-03-30,샴푸 추천 헤드앤숄더 프로페셔널 유칼립투스 내돈내산 사용 후기 있는 헤드앤 숄더 프로페셔널 가려운 두피케어 유칼립투스 향 리뷰를 가져왔습니다 저의 경우 이 사용 후기 가장 만족스러,0,1,0,0,0,1,0,0,0,1,1,Passive User
blog,2026-03-29,헤드앤숄더 쿨멘솔 샴푸 두피 가려움 해결 후기 헤드앤숄더 쿨멘솔 샴푸 두피 가려움 해결 후기 안녕하세요 여러분 오늘은 제가 정말 꾸준히 몇 달 동안 사용해보고 너무 좋아서 강력 추,0,1,0,0,0,0,0,0,0,1,1,Passive User
blog,2026-03-29,헤드앤숄더 850ml 쿨멘솔샴푸 사용 후기 헤드앤숄더 850ml 쿨멘솔샴푸 사용 후기 특징으로 꼽히는 쿨멘솔샴푸는 두피를 시원하게 하는 효과가 좋아요 특히 여름철이나 땀이 많을 때,0,1,0,0,0,0,0,0,0,0,0,Passive User
blog,2026-03-29,헤드앤숄더 토탈 솔루션 가려운두피케어 샴푸 두피가 계속 간질간질해서 헤드앤숄더 가려운 두피 케어 샴푸 유칼립투스 향 입니다 실제로 사용 후기 핵심 1 가려움 개선 효과 이건 확실히,0,1,0,1,0,0,0,0,0,1,0,Passive User
blog,2026-03-28,헤드앤숄더 쿨멘솔 가려움 탈출 후기 헤드앤숄더 쿨멘솔 가려움 탈출 후기 안녕하세요 여러분 오늘은 정말 정말 소개하고 싶었던 제품이 있어서 들고 왔어요 바로 헤드앤숄더 쿨멘솔 샴푸인,0,1,0,1,0,0,0,0,0,1,0,Passive User
blog,2026-03-28,비듬 샴푸 추천 어깨 위 하얀 눈 고민인 지성 두피를 위한 직구 필수템 헤드앤숄더 클리니컬 스트렝스 보라색 후기 강력한 가려움 해소를 원한다면 헤드앤숄더 클리니컬 스트렝스 직구 를,0,1,0,0,0,0,1,0,0,1,1,Passive User
blog,2026-03-27,헤드앤숄더 샴푸 BEST 3 가려운 두피 완벽 케어 추천 줄어든다는 후기 가 많아요 저도 테스트해봤는데 세정력은 강한 편인데 두피가 건조해지지 않고 오히려 산뜻함이 오래가서 만족스,0,1,0,0,1,0,0,0,0,0,1,Loyal
blog,2026-03-27,두피 가려움 해결 헤드앤숄더 가려운 두피 케어 후기 quot N년째 신랑과 큰따님이 사용중이신 헤드앤숄더 샴푸에요 요즘 환절기라 그런지 저도 머리를 감아도 환절기엔 헤드앤숄더 가려,0,1,0,1,0,0,0,0,0,1,0,Passive User
blog,2026-03-26,건성 각질 두피 헤어케어템 추천 VS 비추천 제품 분들은 제 루틴대로 한번 해보셔도 좋을 거 같아요 찐찐찐 후기 였답니다 건성두피 각질두피 헤어플러스 헤어팩추천 두피헤어팩 두피트리,0,1,0,0,1,0,0,0,0,0,1,Loyal
blog,2026-03-26,올리브영 골드의 내돈내산 진심담은 후기 지금부터 올리브영 내돈내산 후기 시작합니다 그로우어스 데미지 테라피 리페어 클리닉 헤어팩 아님 헤드앤숄더 쿨멘솔 샴푸 여름에 이놈 없음 안됨,0,1,0,0,0,0,0,0,0,0,0,Passive User
blog,2026-03-26,헤드앤숄더 쿨멘솔 샴푸 가려운 두피에 시원한 진정 효과가 요즘 두피가 자꾸 간지럽고 불편해서 헤드앤숄더 쿨멘솔 샴푸를 사용해봤어요 평소 가려움 때문에 고생하는 분들에게 도움이 될까,0,1,0,1,0,0,0,0,0,1,0,Passive User
blog,2026-03-25,헤드앤숄더 쿨 멘솔 샴푸 1 2L 솔직 후기 두피 냄새 비듬 헤드앤숄더 쿨 멘솔 샴푸 1 2L 솔직 후기 여름만 되면 두피가 답답하고 땀이 차면서 가려움까지 느껴지시죠 특히 남편이,0,1,0,1,0,0,0,0,0,1,0,Passive User
blog,2026-03-24,good hair 헤어제품 추천 후기 는 스토어팜 판매자 페이지 후기 외에는 없는 듯함 ㄹㅇ 좋음 정말 좋음 사실 이름도 없는 염색모가 아니고 할인을 많이 한다치면 이 제품도 사볼,0,1,0,0,1,0,0,0,0,0,1,Loyal
blog,2026-03-24,헤드앤숄더 딥클린 샴푸 두피 가려움과 비듬 고민에 딱 맞는 선택 평소 지성 두피라서 깔끔하게 씻기는 샴푸를 찾고 있었는데 직접 써본 후기 를 공유해드릴게요 가볍고 산뜻한 느낌으로 ,0,1,0,1,0,0,0,0,0,1,0,Passive User
blog,2026-03-23,지루성두피염 어떻게 해결했는가 자세와 샴푸 리얼 후기 이다 진짜 헤드앤숄더 써보세요 강추합니다 사실 그렇다 핵심적인 것만 적었는데 1번 2번만 제대로 하고 쓰면 100 빠르게 났는,0,1,0,0,1,1,0,0,0,0,1,Loyal
blog,2026-03-23,헤드앤숄더 딥클린 샴푸 850ml 두피 가려움과 비듬케어에 딱 요즘 두피가 자꾸 가렵고 비듬 때문에 스트레스였는데요 헤드앤숄더 딥클린 샴푸를 써보게 되어 소개해드리려고 해요 평소 ,0,1,0,1,0,0,0,0,0,1,0,Passive User
blog,2026-03-23,비듬 샴푸 추천 쿠팡 내돈내산 아빠머리 구원템 오늘은 직접 사용해본 내돈내산 후기 솔직하게 남겨보려고 해요 구매링크 제가 구매한 제품은 헤드앤숄더 가려운 두피 케어 샴푸인데요 일단,0,1,0,0,1,0,0,0,0,0,1,Loyal
blog,2026-03-19,헤드앤숄더 비듬샴푸 제대로 환절기 두피 가려움 탈출 후기 헤드앤숄더 비듬샴푸 비듬샴푸추천 두피가려움 두피케어 환절기두피관리 올바른샴푸법 지성두피 비듬없애는법 샴푸 후기 홈케어 두피,0,1,0,0,0,0,0,0,0,1,1,Passive User
blog,2026-03-19,헤드앤숄더 딥클린 샴푸 가려움 고민 해결 후기 유튜브에서 헤드앤숄더 딥클린 샴푸 후기 를 우연히 봤는데 두피 가려움 전문 이라고 하더라고요 음 이거 괜찮을 수도 하는 마음에 바로 ,0,1,0,1,0,0,0,0,0,1,0,Passive User
blog,2026-03-19,헤드앤숄더 비듬샴푸 직접 비교해보고 느낀 차이 후기 정리 후기 비듬 때문에 고민이라면 무조건 강한 제품 찾기보다는 현재 두피 상태를 먼저 보고 맞는 비듬샴푸를 선택하는 게 훨씬 중,0,1,0,0,0,0,0,1,0,0,0,Passive User
blog,2026-03-18,헤드앤숄더 샴푸 비듬 해결부터 탈모 고민 향 총정리 안녕하세요 오늘은 비듬 샴푸 하면 가장 먼저 떠오르는 헤드앤숄더 샴푸에 대해 비듬 탈모 향까지 전부 한 번에 정리해 보려고 합니,0,1,0,0,0,0,0,0,0,0,0,Passive User
blog,2026-03-18,기흥역 미용실 살롱에이 화영실장 두피 각질 클리닉 후기 우드 앤 화이트 톤의 은은한 조명까지 더해져서 밝고 따뜻한 느낌이 가득한 곳이었어요 사실은 제가 집에서 헤드앤숄더 샴푸를 사,0,1,0,0,0,0,0,0,0,0,0,Passive User
blog,2026-03-17,한달 후기 두피 가려움 개선 효과 있을까 우디브 두피 토너 후기 다이소 비듬 샴푸 한달 사용 후기 더마앤모어 AHA 쿨링 비듬케어 샴푸 제품은 두피 각질과 비듬 평소 헤드앤숄더 쿨,0,1,0,1,0,0,0,0,0,1,0,Passive User
blog,2026-03-17,헤드앤숄더 샴푸 추천 BEST3 정수리 냄새까지 싹 잡는 꿀템 오늘은 수많은 라인업 중에서도 특히 후기 가 좋고 재구매율이 높은 헤드앤숄더 샴푸 인기 품목 BEST3를 엄선해서 소,0,1,0,0,1,0,0,0,0,0,2,Loyal
blog,2026-03-17,송도 두피관리 모바이오 송도점에서 두피 각질관리 받았어요 송도두피관리 송도탈모 송도두피 인천두피관리 인천탈모 두피관리 후기 두피각질케어 예민성두피 지루성두피관리 두피스케일링 두피케,0,1,0,0,1,0,0,0,0,0,1,Loyal
blog,2026-03-17,비듬 때문에 옷깃 하얗게 눈밭 두피 비듬 완전 제거법 7가지 헤드앤숄더 클리니컬 닥터포헤어 등이 인기예요 4 루틴 2 두피 스케일링 스크럽 각질부터 확 실제 후기 quot 옷깃 하,0,1,0,0,0,1,0,0,0,0,0,Passive User
blog,2026-04-14,헤드앤숄더 토탈 솔루션 샴푸 솔직 후기 두피열까지 잡아줌 바로 헤드앤숄더 토탈 솔루션 가려운 두피 케어 샴푸 예요 워낙 판매량도 많고 후기 도 좋아서 이건 모두 사용 할 수 있는 ,0,1,0,0,0,0,0,0,0,0,0,Passive User
blog,2026-04-14,두피가 가려운 원인과 일상 대처법 알아보기 가려움을 해결을 33 헤드앤숄더 가려운 두피 케어 두피 트리트먼트 400ml 1개 122 938개 후기 상품특징 가려운 두피 진정 제형 ,0,1,0,1,0,0,0,0,0,1,0,Passive User
blog,2026-04-13,헤드앤숄더 두피 토탈 솔루션 딥클린 샴푸 1 2L 1개 사용 하 오래 쓰는 헤드앤숄더 두피 토탈 솔루션 딥클린 샴푸 1 2L 1개 사용 하기 편한 제품 헤드앤숄더 두피 세브란스에이,0,1,0,0,1,0,0,0,0,0,1,Loyal
blog,2026-04-13,두피 스케일링 끝판왕 헤드앤숄더 딥클린 샴푸 로 고민 끝 두피 스케일링을 받은 듯 개운함을 선사하는 헤드앤숄더 두피 토탈 솔루션 샴푸 딥클린 을 소개합니다 두피 고민 끝 산뜻함 유,0,1,0,0,0,0,0,0,0,0,0,Passive User
blog,2026-04-13,두피 묵은 답답함 끝 딥클린의 시원한 해답 헤드앤숄더 유지된다는 후기 가 많습니다 만약 두피 각질이나 비듬으로 인해 스트레스를 받고 계신다면 이 샴푸 의 딥클린 효과를 경험해 보시,0,1,0,0,1,0,0,0,0,0,1,Loyal
blog,2026-04-13,헤드 엔 숄더샴푸 추천 BEST3 비듬 고민 끝 삶의 질 수많은 제품 중에서도 특히 인기가 많고 후기 가 검증된 헤드 엔 숄더샴푸 인기 품목 TOP 3를 꼼꼼하게 비교해 드릴게요 ,0,1,0,0,1,0,0,1,0,0,1,Loyal
blog,2026-04-13,헤드앤숄더 쿨멘솔 샴푸 로 가려운 두피를 시원하게 진정시키기 마지막으로 헤드앤숄더 쿨멘솔 샴푸 는 가격 대비 성능이 우수해 가성비가 뛰어납니다 많은 소비자들이 긍정적인 후기 를 남,0,1,0,1,0,0,0,0,0,1,0,Passive User
blog,2026-04-13,쿠팡 골드박스 모음 할인율 대박 상품들 2026 04 13 베베앙 아기 물티슈는 실제 사용 후기 도 매우 긍정적입니다 많은 엄마들이 부드러운 원단과 헤드앤숄더 딥 클린은 두피 각질,0,1,0,0,0,0,0,0,0,0,0,Passive User
blog,2026-04-13,두피 토탈 솔루션 샴푸 딥클린 850ml 6개 실 사용 후기 효과 헤드앤숄더 특유 성분으로 비듬 가려움 완화 도움 꾸준히 쓰면 확실히 줄어드는 느낌 시원한 사용 감 단점 건성 두피,0,1,0,1,0,0,1,0,0,1,0,At-risk
blog,2026-04-13,헤드앤숄더 지성 샴푸 한달 써본 내돈내산 후기 헤드앤숄더 지성 샴푸 헤드앤숄더 지성 샴푸 로 유명한 제품 사용 해봤어요 저는 지성두피라서 비듬 머리 킹스파워 샴푸 사용 해본 후기 ,0,1,0,0,0,0,0,0,0,0,0,Passive User
blog,2026-04-12,지루성두피 샴푸 추천 직접 써본 9가지 비교 유목민 후기 광고 내돈내산 후기 1 Head amp Shoulders 클리니컬 스트렝스 헤드앤숄더 지루성두피 샴푸 로 유명해서 직구까지,0,1,0,0,1,0,0,1,0,0,1,Loyal
blog,2026-04-11,방법 식염수팩 에크린 겔 판테놀 연고 두피 가려움 샴푸 추천 3번 썼는데 정말 최고의 샴푸 헤드앤숄더 이름만 알았지 이렇게 제품력이 좋은 줄 정말로 몰랐는데 식염수팩 후기 빠른 진,0,1,0,0,0,0,0,0,0,1,1,Passive User
blog,2026-04-10,한국 남성이 꼭 써야 하는 탈모 샴푸 추천 건성 각질 비듬형 두피 추천 1 헤드앤숄더 두피 강화형 클리니컬 스트렝스 특징 비듬 각질 개선 밸런싱 샴푸 특징 유분 수분 균형 조절 한,0,1,0,0,1,0,0,0,0,0,1,Loyal
blog,2026-04-10,헤드앤숄더 비듬 샴푸 병행관리 비듬러의 변화 후기 이렇게 후기 를 적어볼게요 이 브랜드 샴푸 한번도 안써본 분들은 아마 없을거라고 생각하는데요 쿨링감까지 원해서 저는 사용 중인데 ,0,1,0,0,0,0,0,0,0,0,0,Passive User
blog,2026-04-10,요즘 쓰는 샴푸 후기 헤드앤숄더 가려운 두피 케어 1 2L 사용 요즘 쓰는 샴푸 후기 헤드앤숄더 가려운 두피 케어 1 2L 사용후기 두피 가려움 샴푸 추천 요즘 날씨 바뀌면서 그런,0,1,0,0,0,0,0,0,0,1,1,Passive User
blog,2026-04-09,결산 코덕이 끝까지 쓴 제품들 재구매템 비추천 솔직 후기 헤어 amp 바디 amp 클렌징 공병템 헤드 amp 숄더 두피 토탈 솔루션 가려운 두피 케어 샴푸 두피 가려움이랑 탈모완화,0,1,0,0,1,0,0,0,0,1,2,Loyal
blog,2026-04-08,헤드앤숄더 클리니컬 스트렝스 오일 컨트롤 비듬 샴푸 내돈내산 모발 샴푸 를 썼어요 일주일에 2 3번 쓰면 될 것 같아요 꿀팁 사용 법 주 2 3회 사용 데일리 샴푸 가 헤드앤숄더 ,0,1,0,0,1,1,0,0,0,0,1,Loyal
blog,2026-04-08,샴푸 후기 세보 샴푸 amp 세이브스칼프 스프레이 40일 사용 기 나의 샴푸 루틴이다 니조랄 amp 헤드앤숄더 클리니컬 스트렝스 주 2 4회 사용 특히 헤드앤숄더 주황색 병원 사온,0,1,0,1,0,1,0,1,1,1,0,Active Switcher
blog,2026-04-07,헤드앤숄더 차콜 샴푸 800ml 2개 사용후기 800ml 2개 구성이라 넉넉하고 실속 있게 사용 할 수 있습니다 거품과 향이 무난해서 데일리 샴푸 로 쓰기 편합니다 헤드앤숄더 차콜,0,1,0,0,1,0,0,0,0,0,1,Loyal
blog,2026-04-07,헤드앤숄더 비듬 샴푸 제대로된 병행 관리 TIP 하루종일 쌓인 피지 및 노폐물 땀이 많은 날에 기본적인 세정을 확실히 하는 느낌이고 2번 사용 하면 전체적으로 볼 때 헤드앤숄더 샴,0,1,0,0,0,0,0,0,0,0,0,Passive User
blog,2026-04-06,쿠팡리뷰 헤드앤숄더 두피 토탈 솔루션 샴푸 쿨 멘솔 1 2L 1개 솔직 후기 평소 두피가 예민한 편이라 비듬과 가려움이 고민이었는데 두피 케어용 샴푸 라서 기대하고 사용 해봤어요 ,0,1,0,1,0,0,0,0,0,1,0,Passive User
blog,2026-04-05,비듬제거빗 찾다가 정착한 비듬 클리너 참빗 솔직 후기 처음엔 당연히 샴푸 문제라고 생각했어요 비듬 샴푸 로 바꾸면 해결되겠지 싶어서 헤드앤숄더 도 써봤고 실제로 써보니 이런 점이 ,0,1,0,0,1,0,0,0,0,0,1,Loyal
blog,2026-04-05,두피 토탈 솔루션 샴푸 애플 프레쉬 상쾌한 향 사용 하기 편한 제품 편리한 기능 헤드앤숄더 두피 토탈 솔루션 샴푸 애플 프레쉬 상쾌한 향 사용 하기 편한 제품 헤드앤숄더 애플프레쉬,0,1,0,0,0,0,0,0,0,0,0,Passive User
blog,2026-04-04,헤드앤숄더 클리니컬 스트렝스 지성 두피 샴푸 추천 subId 13652930 지긋지긋한 지성 두피의 비듬과 유분을 한번에 잡아주는 강력한 솔루션 헤드앤숄더 클리니컬 스트렝스 오일컨,0,1,0,0,1,0,0,0,0,0,1,Loyal
blog,2026-04-03,머리 계속 가려운 사람들 이거 쓰면 달라집니다 맞춰 샴푸 를 골라 쓰는 것이 매우 중요합니다 오늘은 수많은 후기 로 검증된 쿠팡 가려운 두피 amp 탈모 비듬 amp 쿨링 종결 헤,0,1,0,0,0,0,0,0,0,0,0,Passive User
blog,2026-04-03,헤드앤숄더 비듬 샴푸 이거 하나만 쓰겠다고요 헤드앤숄더 비듬 샴푸 대신 이 헤어 토닉을 사용 했을 때 시원하게 온도도 같이 줄어들면서 영양감이 보이지 않을 정도로 많이 깔끔해졌는데,0,1,0,1,0,0,0,1,0,1,0,Passive User
blog,2026-04-03,아로마티카 샴푸 ts 비듬 브러쉬 헤드앤숄더 아로마티카 샴푸 ts 비듬 브러쉬 헤드앤숄더 아로마티카의 샴푸 사용 후기 최근에 아로마티카의 샴푸 를 사용 해보게 되었는데요 비듬 문제,0,1,0,0,1,0,0,0,0,0,1,Loyal
blog,2026-04-02,비듬 샴푸 헤드앤숄더 가려운 두피케어 샴푸 850ml 민감성 민감한 두피를 위한 활용법 헤드앤숄더 가려운 두피케어 샴푸 를 민감한 두피에 효과적으로 사용 하려 특히 지루성 두피염으,0,1,0,1,0,0,0,0,0,1,0,Passive User
blog,2026-04-02,초등학생 정수리 냄새 샴푸 추천 후기 브랜드의 샴푸 를 써봤어요 마트에서 쉽게 구매할 수 있는 헤드앤숄더 케라시스 닥터그루트부터 로마 아이들 사용 후기 정수리 냄새 두피 유분 기존,0,1,0,0,1,0,0,0,0,0,1,Loyal
blog,2026-04-02,헤드앤숄더 오일컨트롤 지성 샴푸 써본 진짜 후기 헤드앤숄더 지성 샴푸 로 유명한 헤드앤숄더 오일컨트롤 사용 해봤어요 지성두피 헤드 핸 숄더 지성 샴푸 사용 저는 지성두피예요 비듬이,0,1,0,0,0,0,0,0,0,0,0,Passive User
blog,2026-03-31,내돈내산 헤드앤숄더 오일컨트롤 샴푸 후기 내돈내산 헤드앤숄더 오일컨트롤 샴푸 후기 슬슬 날도 풀리면서 얼굴에 기름지는데 두피도 기름져서 끈적이고 제대로 안씻으면 손이 기름져서 앞머,0,1,0,0,0,0,0,0,0,0,0,Passive User
blog,2026-03-30,지루성 두피염 치료 후기 병원 처방 세이브 스칼프 2종 받았어요ㅠ 헤드앤숄더 녹차실감 샴푸 를 써봤지만 해결이 안 돼서 결국 병원에 방문했고 먹는 약과 lt 스칼프 샴푸 사용 방법,0,1,0,0,0,1,0,0,0,0,0,Passive User
blog,2026-03-30,샴푸 추천 헤드앤숄더 프로페셔널 유칼립투스 내돈내산 사용후기 헤드앤 숄더 프로페셔널은 데일리로 쓰면서도 의약품에 준하는 가려움 완화 효과를 주기 때문에 유명합니다 저도 사실 기대 ,0,1,0,0,0,0,0,0,0,1,1,Passive User
blog,2026-03-29,헤드앤숄더 쿨멘솔 샴푸 두피 가려움 해결 후기 헤드앤숄더 쿨멘솔 샴푸 두피 가려움 해결 후기 안녕하세요 여러분 오늘은 제가 정말 꾸준히 몇 달 동안 사용 해보고 너무 좋아서 강력 ,0,1,0,0,0,0,0,0,0,1,1,Passive User
blog,2026-03-29,헤드앤숄더 850ml 쿨멘솔 샴푸 사용 후기 헤드앤숄더 850ml 쿨멘솔 샴푸 사용 후기 특징으로 꼽히는 쿨멘솔 샴푸 는 두피를 시원하게 하는 효과가 좋아요 특히 여름철이나 땀이 ,0,1,0,0,0,0,0,0,0,0,0,Passive User
blog,2026-03-29,헤드앤숄더 토탈 솔루션 가려운두피케어 샴푸 두피가 계속 간질간질해서 헤드앤숄더 가려운 두피 케어 샴푸 유칼립투스 향 입니다 실제로 사용 해보 사용 후기 핵심 1 가려움 개선 효과 ,0,1,0,1,0,0,0,0,0,1,0,Passive User
blog,2026-03-28,헤드앤숄더 쿨멘솔 가려움 탈출 후기 헤드앤숄더 쿨멘솔 가려움 탈출 후기 안녕하세요 여러분 오늘은 정말 정말 소개하고 싶었던 제품이 있어서 들고 왔어요 바로 헤드앤숄더 쿨멘솔 샴푸 ,0,1,0,1,0,0,0,0,0,1,0,Passive User
blog,2026-03-28,비듬 샴푸 추천 어깨 위 하얀 vs 올리브영 샴푸 완벽 가이드 오늘은 지성 비듬과 건성 비듬의 차이부터 약국용 케토코나졸 샴푸 의 진짜 사용 법까지 어깨 위 하얀 사용 가능 심한 ,0,1,0,0,1,0,0,0,0,0,1,Loyal
blog,2026-03-27,헤드앤숄더 샴푸 BEST 3 가려운 두피 완벽 케어 추천 매일 사용 하기에도 부담 없답니다 지금 바로 확인해보세요 헤드앤숄더 딥클린 샴푸 850ml x 꾸준히 사용 하면 두피 기름,0,1,0,0,1,0,0,0,0,0,1,Loyal
blog,2026-03-27,두피 가려움 해결 헤드앤숄더 가려운 두피 케어 후기 지금까지 헤드앤숄더 샴푸 를 사용 중이에요 아무래도 여학생이다보니 교복을 입으면 비듬이 떨어질수가 있는데 이거를 사용 하면 간지,0,1,0,1,0,0,0,0,0,1,0,Passive User
blog,2026-03-26,건성 각질 두피 헤어케어템 추천 VS 비추천 제품 광고 아닌 찐 후기 들고 왔어요 저는 비듬보다는 각질이 많이 일어나는 건조한 두피를 가지고 있어요 유명한 헤드앤숄더 샴푸 좋다고 ,0,1,0,0,1,0,0,0,0,0,1,Loyal
blog,2026-03-26,올리브영 골드의 내돈내산 진심담은 후기 아님 헤드앤숄더 쿨멘솔 샴푸 여름에 이놈 없음 안됨 내 두피 남극만들어줌 ㄳ해요 미쟝센 이쯤에서 마무리 합니다 자세한 사용 후기 가 궁금하시,0,1,0,0,0,0,0,0,0,0,0,Passive User
blog,2026-03-26,헤드앤숄더 쿨멘솔 샴푸 가려운 두피에 시원한 진정 효과가 요즘 두피가 자꾸 간지럽고 불편해서 헤드앤숄더 쿨멘솔 샴푸 를 사용 해봤어요 평소 가려움 때문에 고생하는 분들에게 도움이 ,0,1,0,1,0,0,0,0,0,1,0,Passive User
blog,2026-03-25,헤드앤숄더 쿨 멘솔 샴푸 1 2L 솔직 후기 두피 냄새 비듬 헤드앤숄더 쿨 멘솔 샴푸 1 2L 솔직 후기 여름만 되면 두피가 답답하고 땀이 차면서 가려움까지 사용 해보면 느껴지는 ,0,1,0,1,0,0,1,0,0,1,0,At-risk
blog,2026-03-24,good hair 헤어제품 추천 대부분 사용 해보고 이것 저것 사는 걸 너무너무 좋아하는 사람이 적어보는 그런 글 칭구가 염색모가 아니고 할인을 많이 한다치면 이 제품도 사볼만함 ,0,1,0,0,1,0,0,0,0,0,1,Loyal
blog,2026-03-24,헤드앤숄더 딥클린 샴푸 두피 가려움과 비듬 고민에 딱 맞는 선택 요즘 두피가 자주 가렵고 비듬 때문에 고민이 많았는데요 그래서 헤드앤숄더 딥클린 샴푸 를 써보게 되었어요 평소 지성,0,1,0,1,0,0,0,0,0,1,0,Passive User
blog,2026-03-23,헤드앤숄더 딥클린 샴푸 850ml 두피 가려움과 비듬케어에 딱 요즘 두피가 자꾸 가렵고 비듬 때문에 스트레스였는데요 헤드앤숄더 딥클린 샴푸 를 써보게 되어 소개해드리려고 해요 평소,0,1,0,1,0,0,0,0,0,1,0,Passive User
blog,2026-03-23,비듬 샴푸 추천 쿠팡 내돈내산 아빠머리 구원템 오늘은 직접 사용 해본 내돈내산 후기 솔직하게 남겨보려고 해요 구매링크 제가 구매한 제품은 헤드앤숄더 가려운 두피 케어 샴푸 인데요 ,0,1,0,0,1,0,0,0,0,0,1,Loyal
blog,2026-03-19,헤드앤숄더 비듬 샴푸 제대로 환절기 두피 가려움 탈출 후기 병행 관리의 필요성 사실 헤드앤숄더 비듬 샴푸 는 세정력이 강한 편이라 매일 사용 했을 때 두피가 다소 샴푸 추천 두피가,0,1,0,0,0,0,0,0,0,1,1,Passive User
blog,2026-03-19,헤드앤숄더 딥클린 샴푸 가려움 고민 해결 후기 헤드앤숄더 딥클린 샴푸 가려움 고민 해결 후기 안녕하세요 여러분 오늘은 정말정말 소개하고 싶었던 제품이 있어서 포스팅 들고왔어요 바로,0,1,0,1,0,0,0,0,0,1,0,Passive User
blog,2026-03-19,헤드앤숄더 비듬 샴푸 직접 비교해보고 느낀 차이 후기 사용 하면서 느낀 점 헤드앤숄더 비듬 샴푸 를 사용 하면서 느꼈던 건 일단 세정력은 괜찮다는 거였어요 비듬 샴푸 만 바꾸는 것,0,1,0,0,0,0,0,1,0,0,0,Passive User
blog,2026-03-18,헤드앤숄더 샴푸 비듬 해결부터 탈모 고민 향 총정리 떠오르는 헤드앤숄더 샴푸 에 대해 비듬 탈모 향까지 전부 한 번에 정리해 보려고 합니다 광고나 후기 함께 사용 하는 것이 더 현,0,1,0,0,0,0,0,0,0,0,0,Passive User
blog,2026-03-18,기흥역 미용실 살롱에이 화영실장 두피 각질 클리닉 후기 우드 앤 화이트 톤의 은은한 조명까지 더해져서 밝고 따뜻한 느낌이 가득한 곳이었어요 사실은 제가 집에서 헤드앤숄더 샴푸 를 ,0,1,0,0,0,0,0,0,0,0,0,Passive User
blog,2026-03-17,다이소 비듬 샴푸 한달 후기 두피 가려움 개선 효과 있을까 다이소 비듬 샴푸 한달 사용 후기 더마앤모어 AHA 쿨링 비듬케어 샴푸 제품은 두피 각질과 비듬 평소 헤드앤숄더 쿨 멘솔,0,1,0,1,0,0,0,0,0,1,0,Passive User
blog,2026-03-17,헤드앤숄더샴푸 추천 BEST3 정수리 냄새까지 싹 잡는 꿀템 오늘은 수많은 라인업 중에서도 특히 후기 가 좋고 재구매율이 높은 헤드앤숄더샴푸 인기 품목 BEST3를 지금 바로 보러,0,1,0,0,1,0,0,0,0,0,2,Loyal
blog,2026-03-17,송도 두피관리 모바이오 송도점에서 두피 각질관리 받았어요 개인 두피 타입에 맞는 샴푸 로 사용 하는데 저는 그린등급을 써주셨어요 자극이 거의 없고 천연 샴푸 도 바꿔야겠어요 헤드앤,0,1,0,1,0,0,0,0,0,1,0,Passive User
blog,2026-03-17,비듬 때문에 옷깃 하얗게 눈밭 두피 비듬 완전 제거법 7가지 집중 사용 평소엔 순한 샴푸 추천 성분 피로멘 2 아연 1 셀레늄 설파이드 헤드앤숄더 클리니컬 프로바이오 샴푸 교체 생,0,1,0,0,0,0,1,0,0,1,1,Passive User
blog,2026-03-17,헤드앤숄더 비듬 샴푸 내돈내산 느낌으로 써본 후기 근데 문제는 따로 있었음 헤드앤숄더 비듬 샴푸 내돈내산 느낌으로 써본 후기 헤드앤숄더 비듬 샴푸 를 비듬 샴푸 고르는 기준도 완전,0,1,0,1,0,0,0,0,0,1,0,Passive User
blog,2026-03-17,헤드앤숄더 애플프레쉬 샴푸 직접 써본 후기 헤드앤숄더샴푸 애플프레쉬 비듬 샴푸 두피가려움 두피케어 쿨링 샴푸 향좋은 샴푸 대용량 샴푸 가성비 샴푸 샴푸 추천 생활템 데일리템 인스타,0,1,0,0,0,0,0,0,0,1,1,Passive User
blog,2026-03-17,헤드앤숄더 비듬 샴푸 에서 이걸로 바꾸고 좋아짐 한달 사용후기 라는 느낌이 강했어요 저도 비듬 샴푸 를 쓴 적은 없었지만 예전엔 헤드앤숄더 를 써봤고 최근엔 다른 브랜드 샴푸 들을,0,1,0,1,0,0,0,0,0,1,0,Passive User
blog,2026-03-16,헤드앤숄더 비듬 샴푸 까지 써봤는데 후기 두피 브러쉬랑 같이 사용 하는 루틴 이야기도 많이 보여서 나도 같이 사용 해봤음 헤드앤숄더 비듬 샴푸 까지 써봤는데 후기 손톱으로 벅벅 긁,0,1,0,1,0,0,0,1,0,1,0,Passive User
blog,2026-03-16,무조건 헤드앤숄더 클리니컬 스트렝스 보라색 솔직 리뷰 약용 샴푸 특유의 독한 냄새 대신 상큼한 시트러스 향이 나서 거부감이 적습니다 3 주의할 점 사용 지성두피 샴푸 보라색 헤드앤,0,1,0,1,0,0,0,1,0,2,0,Passive User
blog,2026-03-15,추천템 헤드앤숄더 클린앤밸런스 지성두피 샴푸 대용량 리필 후기 남편도 저도 지성두피라 평소에도 헤드앤숄더 샴푸 를 사용 하는 편인데 2L 대용량 리필형 샴푸 가 딱 눈에 띄더라구요,0,1,0,0,1,0,0,0,0,0,1,Loyal
blog,2026-03-14,건성 비듬 샴푸 두피 관리 찐 후기 건성 비듬 샴푸 두피 관리 찐 후기 검정색 옷을 입는 게 언제부터 이렇게 부담스럽게 느껴졌을까요 있지만 사용 감이나 제형도 꽤 만족스러웠기 때문,0,1,0,0,0,0,0,0,0,0,0,Passive User
blog,2026-03-13,헤드앤숄더 비듬 샴푸 사용 후기 및 병행 관리 후기 헤드앤숄더 비듬 샴푸 사용 후기 및 병행 관리 후기 두피 상태라는 게 한 번 균형이 무너지기 시작하면 생각보다 회복하는 데 시간,0,1,0,0,0,0,0,0,0,0,0,Passive User
blog,2026-03-13,헤드앤숄더 클린앤밸런스 대용량 샴푸 코스트코 추천템 리뷰 기존에 헤드앤숄더 샴푸 를 사용 하시던 분들은 기존 펌프 용기에 리필해 쓰거나 이렇게 공병이나 펌프 사용 후기 연코디 두피,0,1,0,0,0,0,0,0,0,1,1,Passive User
blog,2026-03-13,헤드앤숄더샴푸 추천과 선택포인트 없이 사용 할 수 있어 좋아요 3 헤드앤숄더 애플프레쉬 샴푸 850ml 1개 트리트먼트 850ml 1개 세트 지속적인 관리를 통해 비듬이나 가려움 ,0,1,0,0,1,0,0,0,0,1,2,Loyal
blog,2026-03-13,헤드앤숄더 샴푸 추천 가려운 두피 케어 토탈 솔루션 후기 2L 구성 두피 관리 중심 헤어케어 제품 헤드앤숄더 샴푸 추천 사용 후 느낀 장점 두피가 시원한 쿨링감 헤드앤숄더 샴푸 를,0,1,0,0,1,0,0,0,0,0,1,Loyal
blog,2026-03-13,추천 꿀템 대용량 헤드앤숄더 클린앤밸런스 비듬 샴푸 후기 헤드앤숄더 이번에 코스트코 쇼핑가면서 혹시나 있을까 싶었는데 어머낫 득템해버린 후기 ㅎㅎㅎㅎ 말했듯이 헤드앤숄더 클린앤밸런,0,1,0,0,1,0,0,0,0,0,1,Loyal
blog,2026-03-12,두피케어 컨디셔너 겸용 샴푸 상쾌한향 800ml 사용후기 헤드앤숄더 2in1 가려운 두피케어 컨디셔너 겸용 샴푸 상쾌한향 제품은 두피가 예민하거나 가끔 찾는 샴푸 라 한 번 사용 ,0,1,0,0,0,0,0,0,0,0,0,Passive User
blog,2026-03-12,코스트코 추천템 헤드앤숄더 클린앤밸런스 대용량 샴푸 행사 지금 코스트코에서 진행 중인 3월 행사 정보와 함께 꼼꼼한 후기 전해드릴게요 코스트코 단독 출시 사용 시 보이는 비듬 기준,0,1,0,0,1,0,0,0,0,0,1,Loyal
blog,2026-03-12,샴푸 추천 코스트코 헤드앤숄더 클린앤밸런스 비듬 샴푸 후기 지성두피 샴푸 를 찾고 계신 분들을 위해 출시 기념 할인 소식까지 꼼꼼하게 공유해 드릴 테니 후기 에 쓰는 헤드앤숄더 샴,0,1,0,0,1,0,0,0,0,0,1,Loyal
blog,2026-03-11,코스트코 추천템 대용량 비듬 샴푸 헤드앤숄더 클린앤밸런스 오늘은 제가 요즘 사용 중인 대용량 비듬 샴푸 를 소개해드리려 합니다 바로바로 코스트코 추천템 헤드앤숄더 클린앤밸런스 지금,0,1,0,0,1,0,0,0,0,0,1,Loyal
blog,2026-03-11,지성두피 샴푸 뭐 쓸까 고민된다면 헤드앤숄더 클린앤밸런스 후기 최근에 코스트코 단독으로 출시되어 출시 기념 할인까지 진행하고 있는 헤드앤숄더 클린앤밸런스 샴푸 사용 해 본 후기 소,0,1,0,0,0,0,0,0,0,0,0,Passive User
blog,2026-03-11,빨리지는 사람 샴푸 하는 방법 Head amp Shoulders 내돈내산 후기 샴푸 방법이랑 같이 참고해보셔도 좋을 것 같아요 내돈내산으로 직접 사용 해보고 느낀 후기 입니다 샴푸,0,1,0,0,1,0,0,0,0,0,1,Loyal
blog,2026-03-11,헤드앤숄더 클린앤밸런스 대용량 샴푸 코스트코 추천템 정기적 사용 시 보이는 비듬 기준 헤드앤숄더 클린앤밸런스 헤드앤숄더 클린앤밸런스대용량 코스트코 코스트코추천템 비듬 샴푸 지성두피,0,1,0,0,1,0,0,0,0,0,1,Loyal
blog,2026-03-11,탈모 지성 비듬 각질 스케일링 가능한 릴리이브 스칼프턴 하루 1 2회 사용 하면 되고 탈모 관리 시에는 아침 저녁으로 사용 하면 좋다고 해요 비글 남매 아버지 지루성 두피염으로 이,0,1,0,0,0,0,0,0,0,0,0,Passive User
blog,2026-04-08,지성 두피라면 이 샴푸 무조건 써보세요 헤드앤숄더 차콜 헤드앤숄더 차콜 샴푸인데 숯 성분이 들어 있어서 그런지 세정력이 확실히 좋은 느낌이에요 후기 랑 가격 비교해보고 선택하는 게,0,1,0,0,0,0,1,1,0,0,0,Passive User
blog,2026-04-07,헤드앤숄더 차콜 샴푸 800ml 2개 사용 후기 헤드앤숄더 차콜 샴푸 800ml 2개 구성은 두피 관리용 샴푸를 찾는 분들께 꽤 반가운 제품이더라고요 사용감이 깔끔하고 대용량이라 ,0,1,0,0,0,0,0,0,0,0,0,Passive User
blog,2026-03-17,헤드앤숄더 샴푸 추천 BEST3 정수리 냄새까지 싹 잡는 꿀템 오늘은 수많은 라인업 중에서도 특히 후기 가 좋고 재구매율이 높은 헤드앤숄더 샴푸 인기 품목 BEST3를 헤드앤숄더 ,0,1,0,0,1,0,0,0,0,0,2,Loyal
blog,2026-03-05,임산부 꿀템 17가지 작년에 차콜 색으로 구매 했었는데 M사이즈 정말 잘 입었고 새로 나온 블랙이 있어 만삭 대비용으로 L를 시원해지는 느낌이 좋아서 헤드앤숄더 샴푸를 쓰고 있었는,0,1,0,0,0,0,1,0,0,0,0,Passive User
blog,2026-01-30,내돈내산 헤드앤숄더 딥클린 지성 두피 프로페셔널 비교 딥클린 vs 프로페셔널 비교 헤드앤숄더 딥클린 헤드 엔 숄더 프로페셔널 오일컨트롤 향 멜론향 삼촌 딥클린 이거 다쓰고 차콜 써,0,1,0,0,0,0,0,1,0,0,0,Passive User
blog,2026-01-29,헤드앤숄더 비듬샴푸 차콜 추천 구매 후기 사용중이었는데 헤드앤숄더 차콜 제품은 첨 구매해봤어요 이 제품은 정수리 냄새 제거 와 숯가루 성분 함유 라는 타이틀을 가지고 출시를 한 제,0,1,0,0,0,0,1,0,0,1,1,Passive User
blog,2026-01-16,선물로도 부담 없는 온더바디 46센티미터 체취솔루션 약산성 로더베르 엘릭서 테라피 바디워시 12 900원 별점 3 헤드앤숄더 차콜 샴푸 15 900원 파티온 노스카나인 트러블 바디,0,1,0,1,0,0,1,0,0,1,0,At-risk
blog,2025-12-30,헤드앤숄더 비듬 샴푸ㅣ가려운 두피케어 쿨멘솔 추천 헤드 엔 숄더 인데요 몇년째 정착중인 애정템으로 내돈내돈내산 솔직 후기 를 시작합니다 헤드앤숄더 레몬 차콜 건성 두피케어 헤드앤숄,0,1,0,0,1,0,0,0,0,0,2,Loyal
blog,2025-08-11,최근 패션 amp 뷰티 내돈내산 소비 기록 8탄 물빠진 차콜 색이고 프린팅 귀엽고 예쁨 사이즈 두가지있음 스파오 레이스 블라우스_SPBWF37W02 블루 모르겠네 헤드앤숄더 쿨멘솔,0,1,0,0,0,0,0,0,0,0,0,Passive User
blog,2025-03-13,동탄 트레이더스 3월 셋째주 할인품목 및 쇼핑 후기 큐맥 참나무장작 12KG 12 980원 맹그로브 숯 10KG 21 980원 큐맥 팜볼 야자 숯 10KG 22 980원 웨버 차콜,0,1,0,0,0,0,0,0,0,0,0,Passive User
blog,2024-03-18,코스트코 3월 넷째주 할인상품 3월 18일 24일 셋째주 상품권 웨버 차콜 브리켓 OUTDOORBASE 1인용 덕다운침낭 KG케미칼 바로바로액비 스프레이 조경용 자갈 흙 헤드앤숄더,0,1,0,0,0,0,0,0,0,0,0,Passive User
blog,2024-03-11,코스트코 3월 둘째주 할인상품 양재점 PITBOSS 차콜 그릴 40 000원 산타모니카 가제보 600 000원 브룩뷰 9PC 세트 600 000원 그랜드레저 3인용 뷰티 amp 욕,0,1,0,0,0,0,0,0,0,0,0,Passive User
blog,2023-08-14,코스트코 8월 셋째주 할인상품 양재점 8 14 20 핏보스 차콜 그릴 40 000원 ARLEE 냉감담요 3 000원 번호 옆에 표시 당분간 재입고 없음 70원대 헤드앤숄더 울트라 ,0,1,0,0,0,0,0,0,0,0,0,Passive User
blog,2023-07-26,많이 구매한 상품 best 순위 5 20230726 무료배송 헤드앤숄더 클리니컬 스트렝스 오일 컨트롤 비듬 샴푸 400ml 24 900 13 헤드 스파7 트리트먼트 안티에이징 김희,0,1,0,0,0,0,0,0,0,0,0,Passive User
blog,2022-06-06,코스트코 6월 둘째주 할인상품 6일부터 12일 가전 세일상품 치실 헤드앤숄더 울트라 쿨멘솔 샴푸 팬틴 어드밴스드 케어 샴푸 팬틴 어드밴스드 케어 컨디셔너 우산 차콜 그릴 넥밴드 선,0,1,0,0,0,0,0,0,0,0,0,Passive User
blog,2020-03-18,헤드앤숄더 클리니컬스트렝스 관련 미국 헤드앤숄더 차콜 2in1 맘에 쏙 드네요 48 600 미국 헤드앤숄더 차콜 2in1 샴푸 컨디셔너 380ml x2팩 1p 자세한 정보는 위의 ,0,1,0,0,0,0,0,0,0,0,0,Passive User
blog,2026-04-06,이유 샴푸했는데도 떡지는 이유 헤드앤숄더 쿨멘솔 샴푸 후기 헤드앤숄더 쿨멘솔 샴푸 후기 아침에 샴푸했는데도 점심 지나면 머리가 금방 기름지고 떡지는 느낌 한 것부터 바꿨어요 그리고,0,1,0,0,0,0,0,0,0,0,0,Passive User
blog,2026-03-23,머리 감아도 가려운 두피 결국 이 샴푸로 해결 5년치 그래서 생각을 바꿨어요 그냥 사람들이 제일 많이 쓰는 거 써보자 그렇게 쓰게 된 게 헤드앤숄더 였어요 사실 처음엔 좀 그랬어요,0,1,0,0,0,0,0,0,0,0,0,Passive User
blog,2026-02-27,내돈내산 30대 민감성 스킨케어 후기 헤드앤숄더 스트렝스 SOLOMON unrequited HAIR 샴푸 두피 에센스 헤어 에센스 헤드앤숄더 비듬 샴푸 헤드앤숄더 클리니컬 스트렝스,0,1,0,0,0,0,0,0,0,0,0,Passive User
blog,2025-12-05,헤드앤숄더 클리니컬 스트렝스 국내 버전으로는 절대 헤드앤숄더 클리니컬 스트렝스 직구 버전 이건 국내 제품과는 완전히 다른 약용 샴푸급 라벨 로 바꿨어요 효과는 그대로인데 훨씬 순해,0,1,0,1,0,0,0,0,0,1,0,Passive User
blog,2025-11-27,두피 트러블 안 낫는 진짜 이유 머드름 전용 샴푸 쓰면 바로 브랜드인 헤드앤숄더 보라색이랑 도브샴푸바 등등 좋다는 건 정말 다 써봤어요 근데도 고쳐지지가 그래서 원인부터 다시 차근,0,1,0,1,0,0,0,0,0,1,0,Passive User
blog,2025-09-19,정수리 냄새 제거 샴푸 추천 헤드앤숄더 프로페셔널 솔직 후기 샴푸로 헤드앤숄더 를 선택했는데요 그 중 프로페셔널 라인 샴푸로 바꿨어요 세계 판매 1위 샴푸라고 하니 믿고 쓰기 시작,0,1,0,0,1,0,0,0,0,0,1,Loyal
blog,2025-09-01,청소년 비듬샴푸 추천 이 샴푸 하나로 끝났어요 헤드앤숄더 탈모샴푸 다 써봤지만 청소년 비듬샴푸 추천 이 샴푸 하나로 끝났어요 SNS나 청소년 두피 루틴 이렇게 바꿨어요 기존 루틴 ,0,1,0,0,1,0,0,0,0,0,1,Loyal
blog,2025-09-01,헤드앤숄더 비듬샴푸 써봤는데 자극 때문에 바꿨어요 때문에 바꿨어요 사실 헤드앤숄더 가 효과 있는 사람도 많을 거야 하지만 나는 민감성 지성 두피라서 자극적인 제품은 독이었어 이번에,0,1,0,1,0,0,0,0,0,1,0,Passive User
blog,2025-08-13,청소년 샴푸 가려운 두피 케어 헤드앤숄더 비듬샴푸 3주 사용후기 땀이 많은 날도 늘어가고 근무 횟수가 확 늘어났고 비듬까지 눈에 띄게 생기니까 본인도 많이 신경 쓰는 눈치였어요 찾,0,1,0,0,0,0,0,0,0,0,0,Passive User
blog,2025-08-06,청소년 비듬샴푸 상쾌한 헤드앤숄더 약산성 두피케어 저도 가려움을 꾹 참고 버티면서 샴푸부터 상쾌함 가득한 걸로 바꿨어요 저희 집 가족이 여름만 되면 찾는 헤드앤숄더 가려운 두피 케,0,1,0,1,0,0,1,0,0,1,0,At-risk
blog,2025-07-29,헤드앤숄더 비듬샴푸 추천 가려운 두피관리 머리 비듬 없애는 법 그래서 두피관리를 위해서 샴푸를 바꿨어요 비듬 없애는 법에 관심이 많은 분들이라면 다들 아시는 브랜드 헤드앤숄더 샴푸,0,1,0,0,1,0,0,0,0,0,1,Loyal
blog,2025-06-15,헤드앤숄더 비듬샴푸 왜 효과 없었는지 지금 알았어요 후기 그래서 저는 아래처럼 바꿨어요 1 자극 없는 자연유래 성분 샴푸 사용 헤드앤숄더 비듬샴푸 왜 효과 없었는지 지금 알았어요 ,0,1,0,1,0,0,1,0,0,1,0,At-risk
blog,2025-06-13,머리를 감아도 가렵다면 헤드앤숄더 가려운 두피샴푸 써보세요 안녕하세요 오늘은 헤드앤 숄더 토탈 솔루션 가려운 두피 케어 샴푸를 소개할게요 예전에는 아무 케어로 바꿨어요 사람마다 맞,0,1,0,0,0,0,1,0,0,0,0,Passive User
blog,2025-01-14,트러블 두피 톤28 샴푸 바 내 돈 내산 5년 사용 찐 후기 헤드앤숄더 제품 정도의 화함은 아니지만 정말 개운한 느낌의 샴푸 바였고요 이때만 해도 짝꿍이 단 제품을 바꿨어요 지루성,0,1,0,0,0,0,0,0,0,1,1,Passive User
blog,2024-11-13,헤드앤숄더 프로페셔널 가려운 두피 케어 샴푸 비듬샴푸 추천 샴푸를 바꿨어요 클렌징 단계부터 철저하게 관리를 시작해야겠다는 생각이 들었거든요 잠시 제 두피 헤드앤숄더 프로페셔널 가려,0,1,0,0,1,0,0,0,0,0,1,Loyal
blog,2024-08-29,브랜드 리포지셔닝 새로운 고객층을 공략하는 방법 예를 들어 quot 헤드앤숄더 quot 샴푸를 떠올려보세요 예전에는 단순히 비듬 샴푸로 알려졌었죠 그런데 이 브랜드가 quot 비듬,0,1,0,0,0,0,0,0,0,0,0,Passive User
blog,2024-08-02,독일라이프 귀국 준비 DM에서 사는 생필품 추천 DM 헤드 앤 숄더 남편 샴푸를 최근에 바꿨어요 그 전에는 저와 같은 샴푸를 썼는데 자꾸 샴푸를 해도 비듬같이 각질이 남아있더라고요,0,1,0,0,1,0,0,0,0,0,1,Loyal
blog,2023-11-16,가진 남편을 위해 헤드앤숄더 건성 두피 케어 샴푸로 바꿨어요 세계 판매 1위 글로벌 샴푸 헤드앤숄더 의 신제품 헤드앤숄더 건성 두피 케어 샴푸 2021년 7월 2022년 6월 샴푸,0,1,0,0,0,0,0,0,0,0,0,Passive User
blog,2023-06-18,탈매직 CGM 4년간의 탈매직 여정 루틴 소개 제품 내돈내산 샴푸 헤드앤숄더 클리니컬 스트렝스 건성 두피 샴푸 주황색 안달로우 아르간 시어버터 샴푸 이젠 미용실 바꿨어요 글 맨아래,0,1,0,0,0,0,0,0,0,0,0,Passive User
blog,2023-04-06,해결방안 리얼후기 ㅣ 헤드앤숄더 클리니컬 스트렝쓰 비듬샴푸 또 바꿨어요 폴텐지루성두피비듬샴푸 입니다 이건 사실 기억이 안나요 별로 였던 것 같아요 그 외 그러다 찾았습니다 인생샴푸,0,1,0,1,0,0,0,0,0,1,0,Passive User
blog,2022-12-03,메다비타 두피 강화 샴푸 후기 ft 내돈내산 뜨레딴떼 극심한 탈모로 인해 샴푸를 바꿨어요 탈모가 심각해서 일반샴푸가 아닌 탈모샴푸로 알아봤어요 두피강화샴푸를 구매한건 10월이지만 ,0,1,0,0,0,0,0,0,0,0,0,Passive User
blog,2021-11-18,보그헤어 가산W몰점 미용실 아쥬반 두피 클리닉 제로페이 클리닉으로 바꿨어요 결론부터 말씀드리자면 아주 만족 제가 고3때부터 땜빵으로 병원 좀 다닌 크 이 청량감 넘 좋아요 여름에는,0,1,0,0,0,1,0,0,0,0,0,Passive User
blog,2021-10-22,헤드앤숄더 가려운두피 샴푸 비듬과 두피트러블 정복 라는 생각에 샴푸부터 바꿨어요 지루성두피염샴푸 지루성피부염 지루성두피염 지루성두피샴푸 헤드앤숄더 쿨맨솔 헤드앤숄더 헤드앤숄더 샴푸,0,1,0,1,0,1,0,0,0,1,0,At-risk
blog,2021-07-05,배곧 미용실 미스터봉헤어 머리 잘자르네 안녕하세요 에그월드입니다 임신 34주차 임산부인데 두피에 각질이 자꾸생기면서 샴푸도 헤드앤숄더 로 바꿨어요 ㅠㅠ 머릿결은 엄청 푸석해지고 트,0,1,0,0,0,0,0,0,0,0,0,Passive User
blog,2021-06-21,탈모 머리카락 빠짐 개선을 위해 노력한 것들 2 써 본 샴푸 자체는 좋으나 제 머리랑은 맞지 않아서 다른 샴푸로 바꿨어요 7 더바디샵 진저 샴푸 더바디샵 헤드앤숄더 헤드앤 숄더 는,0,1,0,0,0,0,0,0,0,0,0,Passive User
blog,2021-04-19,내돈내산 더바디샵 티트리오일 헤드앤숄더 스트렝스 효과 같아요 헤드앤숄더 스트렝스 샴푸 하고 머리 말린 후 더바디샵 티트리오일 면봉에 묻혀서 슥슥 발라줬어요 더바디샵 티트리오일 향은,0,1,0,0,0,0,0,0,0,0,0,Passive User
blog,2021-04-12,두피 지루성 피부염 탈출기 그래서 하나씩 바꿨어요 1 한시적인 약에 의존하지 말자 2 과자를 먹지 말자 제가 과자 라면을 진짜 없는 헤드앤숄더 가려운 두피케어 를 사용했습니다 머리,0,1,0,0,0,0,0,0,0,0,0,Passive User
blog,2021-04-09,비듬샴푸 헤드앤숄더 쓰면서 머릿결 케어도 비듬샴푸로 바꿨어요 헤드앤숄더 두피 토탈 솔루션 가려운 두피 케어 샴푸 예전 tv 광고가 아직도 머리속에 각인되어 있는지 비듬샴푸하면 저는,0,1,0,0,0,0,0,0,0,0,0,Passive User
blog,2021-02-11,헤드앤숄더 쿨 멘솔 샴푸 1200ml 1개 머리를 하도 긁어대서 결국 들어만 봤던 두피관리 전용 헤드앤 숄더 를 속는샘 치고 사봤는데요 두피만 그런것도 아니고 피부도 가렵고 알러지,0,1,0,0,0,0,0,0,0,0,0,Passive User
blog,2021-02-08,비듬샴푸 가려움 극복을 위한 솔루션 그래서 저건 남편용으로 두고 가렵고 건성 두피를 가진 저한테 맞는 또 다른 헤드앤숄더 비듬샴푸로 바꿨어요 D 직접 사용해 보니까 남편이 직구까지,0,1,0,1,0,0,0,0,0,1,0,Passive User
blog,2021-01-30,헤드앤숄더 가려운 두피 케어 샴푸 1200ml 1개 그런데 해드 앤숄더 이제품은 샴푸 후 이틀이되도 안가렵다는 두피 가려움에 갑 고딩아들아이도 느낌도 헤드앤숄더 쓰면서 없어졌어요 ,0,1,0,0,0,0,0,0,0,1,1,Passive User
blog,2021-01-24,헤드앤숄더 쿨 멘솔 샴푸 1200ml 1개 머리를 하도 긁어대서 결국 들어만 봤던 두피관리 전용 헤드앤 숄더 를 속는샘 치고 사봤는데요 두피만 그런것도 아니고 피부도 가렵고 알러지,0,1,0,0,0,0,0,0,0,0,0,Passive User
blog,2021-01-24,헤드앤숄더 가려운 두피 케어 샴푸 1200ml 1개 목뒤에 뾰루지 장난아니게 올라온거 가라앉았고 정수리부분에 누가 잡아당기는 느낌도 헤드앤숄더 쓰면서 없어졌어요 짱 13일차 1월7,0,1,0,0,0,0,0,0,0,1,1,Passive User
blog,2021-01-22,비듬 생기는 이유 알아보고 일상도 바꿨어요 또 피지선이 과다하게 분비되어 발생할 수도 있다고 해서 주변에 물어보니 헤드앤숄더 가려운 두피 케어 샴푸를 추천해주더라구요 Head am,0,1,0,0,1,0,0,0,0,0,1,Loyal
blog,2020-10-01,두피스케일링샴푸 탈모케어샴푸 천연샴푸 비듬때문에 헤드앤숄더 사용을 자주 하는데 이제는 요 아이로 바꿨어요 쓰던거 쓰고 쓰라고 해도 좋은건 알아서 또 끝까지 안쓰고 바꿔 쓰더라구요 ,0,1,0,0,0,0,0,0,0,0,0,Passive User
blog,2020-06-11,헤드앤숄더 샴푸로 머리비듬없애는법 지성 두피 주목 그래서 이제는 외출 후 딥 클렌징을 위해 바디 클렌저부터 샴푸까지 싹 바꿨어요 특히 전 지성 두피라 샴푸 헤드앤숄더 샴푸로 바꿔봤,0,1,0,0,0,0,0,0,0,0,0,Passive User
blog,2020-04-17,비듬샴푸추천 지루성두피염 찐 사용기 평소에 없던 두피각질을 보고 너무나 놀라서 머리비듬없애는법을 위해 비듬샴푸추천 제품으로 바꿨어요 제가 사용하기 시작한 제품은 저희 집 화장실 한,0,1,0,0,1,1,0,0,0,0,1,Loyal
blog,2020-03-22,탈모 방지 및 머리카락 증모 경험 이야기 라인으로 바꿨어요 이 제품들이 은근히 비싸서 시절 바꿀때 쌀 때 사다놔요 보통 2 3년 유통기한이라서 이렇게 사다 놓고 사용했기에 부담완화,0,1,0,0,0,0,0,0,0,0,0,Passive User
blog,2019-11-05,9 할인 헤드앤숄더 쿨멘솔 샴푸 기획팩 13 480원 다시 바꿨어요 구러니 바로 가라앉고 좋아지네요 좋은 샴푸라고 해봤자 다 거기서 거기인데 헤드앤숄던 멘솔이 들어있어 좋다고 해요,0,1,0,0,1,0,0,0,0,0,1,Loyal
blog,2019-07-18,생활정보 머리가려움증 비듬없애는방법 비듬전용샴푸 그래서 머리에 비듬이 생기는 건 줄 알고 이 샴푸로 바꿨어요 펌 염색등으로 인한 극손상 머리 헤드 앤 숄더 두피 토탈 솔루션 샴푸 ,0,1,0,1,0,0,0,0,0,1,0,Passive User
blog,2018-12-21,탈 스테로이드 지루성피부염극복 머리에 뾰루지나 간지러운 분들은 징크피리치온이 들어간 헤드앤숄더 샴푸쓰세요 효과본분들 이 제품은 말 그대로 내 피부를 바꿨어 나는 얼굴에 지루성피부염,0,1,0,1,0,0,0,0,0,2,0,Passive User
blog,2018-11-04,전주 군산 붙임머리 가격 실력 최고 벤헤어 헤드앤숄더 꺼 사서 두번씩 샴푸 하고 있어요 약간 멘솔향나는 쿨링감 있는 두피샴푸로 바꿨어요 예전에 했던 군산에서 한 붙임머리 보다 훨씬,0,1,0,0,0,0,0,0,0,0,0,Passive User
blog,2016-08-02,염색후 두피 가려움 샴푸먼저 바꾸래요 두피가 원래도 조금 민감했는데 염색을 했더니 너무 지루성피부염이 심해져서 샴푸 바꿨어요 기존에도 좀 그랬었는데 샴푸가 안맞을수도 있다고 하더라,0,1,0,1,0,0,0,0,0,1,0,Passive User
blog,2016-04-24,리뷰 4달간의 노샴푸 포기 아발론 스칼프 샴푸로 바꿨어요 스트레스였어요 헤드앤숄더 샴푸를 쓰고있었고 다른샴푸를 쓰면 비듬이생기거나 간지러움증이 ㅋㅋ 한통을 다쓰고 쓰는 후기는 제가,0,1,0,1,0,0,0,0,0,1,0,Passive User
blog,2026-04-13,헤드 엔 숄더 샴푸 추천 BEST3 비듬 고민 끝 삶의 질 수많은 제품 중에서도 특히 인기가 많고 후기가 검증된 헤드 엔 숄더 샴푸 인기 품목 TOP 3를 꼼꼼하게 비교해 드릴게요,0,1,0,0,1,0,0,1,0,0,1,Loyal
blog,2026-04-07,헤드앤숄더 차콜 샴푸 800ml 2개 사용후기 헤드앤숄더 차콜 샴푸 800ml 2개 구성은 두피 관리용 샴푸를 찾는 분들께 꽤 반가운 제품이더라고요 대신 두피가 쉽게 떡지는 편이라,0,1,0,1,0,0,0,1,0,1,0,Passive User
blog,2026-04-07,헤드앤숄더 비듬샴푸 제대로된 병행 관리 TIP 원래 헤드앤숄더 비듬샴푸를 썼는데 병행하면서 쓰기 위해 합성 계면활성제 없는 샴푸까지 구입했어요 향료 대신 레몬 귤 자몽 라임 에센셜,0,1,0,1,0,0,1,1,0,2,0,At-risk
blog,2026-04-06,지루성 두피염 방치하면 머리 빠집니다 약국용 샴푸 치료 목적 가장 확실한 효과를 원하신다면 주 2 3회 일반 샴푸 대신 사용하세요 니조랄 헤드앤숄더 클리니컬 스트렝스 주황색 보라색,0,1,0,1,0,1,1,1,1,2,0,Active Switcher
blog,2026-04-03,헤드앤숄더 비듬샴푸 이거 하나만 쓰겠다고요 헤드앤숄더 비듬샴푸 대신 이 헤어 토닉을 사용했을 때 시원하게 온도도 같이 줄어들면서 영양감이 확실하게 더해지는 느낌이었어요 참마뿌리 같,0,1,0,1,0,0,1,1,0,1,0,At-risk
blog,2026-04-02,헤드앤숄더 오일컨트롤 지성샴푸 써본 진짜 후기 헤드앤숄더 지성샴푸로 유명한 헤드앤숄더 오일컨트롤 사용해봤어요 지성두피 헤드 핸 숄더 지성샴푸 뜨거운 물 대신 미지근한 물로 감고 드,0,1,0,1,0,0,0,1,0,1,0,Passive User
blog,2026-03-31,광고X 지루성두피염 내돈내산 샴푸 총정리 ㅋㅋ 아니면 짭이 온 건가요 이후로 안 쓰게 됐지만 안 써봤으면 써보는 거 추천함 대신 샴푸가 좀 독해서 일주일에 나졸 이틀 헤드앤숄더 하,0,1,0,0,0,1,0,1,0,1,1,Passive User
blog,2026-03-30,비듬 샴푸 추천 이거 덕분에 처음으로 사람들 앞에 설 수 있었다 게 헤드앤숄더 가려운두피용 샴푸였다 처음 썼을 때 느낌은 아직도 기억난다 이건 진짜 확실했다 있었다 대신 계속 쓰기,0,1,0,1,0,0,0,1,0,2,1,Passive User
blog,2026-03-29,명동 미용실 명동역 미용실 추천 준오헤어에서 나는 헤드 스파가 아니라 클리닉 받으려고 하는데 왜 두피 검사를 하지 싶었는데 두피 검사 후 기름이 많은 거 같아서 평소에 헤드앤숄더 ,0,1,0,0,0,0,0,1,0,1,1,Passive User
blog,2026-03-29,평생샴푸 n년이상 사용중인 헤드앤숄더 클리니컬 스트렝스 주황색 좋다 대신 에 가격은 점점 비싸지는 것 같지만 그래도 이샴푸 저샴푸 사서 사용해보는 것 보다는 저렴함 비듬완화는 헤드,0,1,0,1,0,0,0,1,0,1,0,Passive User
blog,2026-03-29,2026 02 월기 성심당에서 시루 대신 작은 조각케이크 몇 개 사온건데 순식간에 클리어 2월 21일 또 대전은 그냥 아무거나 더 사올걸 2월 24일 너무 TMI 지만 두피에 각질,0,1,0,1,0,0,0,1,0,1,0,Passive User
blog,2026-03-25,이마트 트레이더스 3월 넷째주 3월 25일 할인 정보 설탕 대신 스테비아 골드 10 480원 CJ 백설 프락토 올리고당 6 980원 미쯔칸 혼테리 미림 4 980원 34 980원 ,0,1,0,1,0,0,0,1,0,1,0,Passive User
blog,2026-03-23,지성두피 뜻과 샴푸 추천 자신있게 어깨펴자 가려움 헤드앤숄더 클리니컬 스트렝스 황화세레늄 항진균 효과 끈적이는 지성 비듬과 가려움이 향기 amp 냄새 제거 이브로쉐 YVES ROC,0,1,0,1,0,1,0,1,0,2,1,At-risk
blog,2026-03-23,비듬 제대로 잡는 샴푸 추천 BEST 4 가려움과 각질 두피 헤드앤숄더 울트라 쿨 멘솔 시원한 쿨링과 강력한 비듬케어 첫 번째로 추천드릴 제품은 고체 형태라 휴대도 간편하고 화학 ,0,1,0,1,0,0,1,1,0,2,1,At-risk
blog,2026-03-20,지긋지긋한 비듬 고민 해결 샴푸 amp 관리법 진정 헤드앤숄더 피리티온 아연 샴푸 대중적 가격에 효과 좋은 비듬 전용 샴푸 이니스프리 스칼프 올바른 샴푸 사용법 미온수로 두피 부드,0,1,0,1,0,0,0,1,0,1,0,Passive User
blog,2026-03-19,비듬 샴푸 댄트롤 vs 헤드앤숄더 비교 및 비듬 퇴치법 페녹시에탄올 Phenoxyethanol 파라벤 대신 널리 쓰이는 방부제입니다 보통 안전한 범위 내에서 사용되지만 피부가 매우,0,1,0,1,0,0,1,1,0,2,0,At-risk
blog,2026-03-17,비듬 때문에 옷깃 하얗게 눈밭 두피 비듬 완전 제거법 7가지 비듬 제거 루틴 1 약용 샴푸 올바른 사용법 효과 3배 일반 샴푸 대신 약용 비듬샴푸로 교체 하지만 헤드앤숄더 클리니컬,0,1,0,1,0,0,0,1,0,1,0,Passive User
blog,2026-03-16,헤드앤숄더 비듬샴푸까지 써봤는데 후기 두피 브러쉬랑 같이 사용하는 루틴 이야기도 많이 보여서 나도 같이 사용해봤음 헤드앤숄더 비듬샴푸까지 써봤는데 후기 손톱으로 벅벅 긁는 대신 부,0,1,0,1,0,0,0,1,0,1,0,Passive User
blog,2026-03-16,무조건 헤드앤숄더 클리니컬 스트렝스 보라색 솔직 리뷰 이미 알 만한 사람들은 다 안다는 헤드앤숄더 클리니컬 스트렝스 보라색 왜 이게 지루성 두피염의 시트러스 향 약용 샴푸 특유의 ,0,1,0,1,0,0,0,1,0,1,0,Passive User
blog,2026-03-16,도파민 끌어올려 대신 매일3km러닝 셀프챌린지로 죄책감을 줄이고 있다 3월 1일부터 시작해 주 5회 실천하고 있고 625ml 190 000동 약 1만원 바로 헤드앤숄더 샴푸 비듬방,0,1,0,1,0,0,0,1,0,1,0,Passive User
blog,2026-03-16,부담 없는 데일리 뷰티소품 헤어 두피 마사지 쿠션 헤어빗 마사지하는 대신 미끄러지듯 부드럽게 두피를 자극하며 일상에 스트레스도 확 풀립니다 2 헤드앤숄더 가려운 두피케어 트리트먼트,0,1,0,1,0,0,0,1,0,2,0,Passive User
blog,2026-03-13,헤드앤숄더 샴푸 추천 가려운 두피 케어 토탈 솔루션 후기 그래서 이번에 사용해 본 제품이 바로 헤드앤숄더 토탈 솔루션 가려운 두피 케어 샴푸예요 대용량에 두피가 예민한 편이라면 일,0,1,0,0,0,0,0,1,0,1,1,Passive User
blog,2026-03-11,샴푸 머리 감아도 2시간 뒤 떡짐 핵지성 두피 샴푸 유목민이 헤드앤숄더 샴푸 사용했던 제품 명이 기억이 나진 않지만 저는 이 브랜드 샴푸와 맞지 않더라구요 어릴 대신 거품이 엄청 ,0,1,0,1,0,0,0,1,0,1,0,Passive User
blog,2026-03-10,코스트코 3월 둘째 주 할인터짐 쟁여두면 1년이 든든한 욕실 최근 리뉴얼되면서 한방 냄새 대신 우아한 우디 머스크 향이 더해져 사 용감이 훨씬 세련되졌어요 헤드앤숄더 클린 앤 밸런,0,1,0,1,0,0,0,1,0,1,0,Passive User
blog,2026-03-10,서초 헤드 스파 모에코의원 방문 후기 친구와 함께 서초 헤드 스파 모에코의원에 헤드 스파를 받으러 다녀왔습니다 평소 두피 상태를 제대로 후 헤드앤숄더 샴푸를 사용하고 있는데 샴푸 ,0,1,0,1,0,0,0,1,0,2,0,Passive User
blog,2026-03-08,원형탈모 극복 후기 2편 탈모 관리 모바이오 부천점 전후 원래 헤드앤숄더 비듬 전용 샴푸를 사용했었다 닥터방기원 제품을 사용하다가 향이 내 취향이 아니고 가려움도 많이 좋아지고 정,0,1,0,1,0,0,0,1,0,2,1,Passive User
blog,2026-03-05,임산부 꿀템 17가지 임부복 대신 유니클로 니트팬츠 셔츠원피스 임부복으로 유명한 쇼핑몰 원피스를 당근으로 구매해 시원해지는 느낌이 좋아서 헤드앤숄더 샴푸를 쓰고 있었는데 샴푸에 들,0,1,0,1,0,0,1,1,0,1,0,At-risk
blog,2026-03-03,챗GPT 하루만 지나도 정수리에서 기름냄새 나는 남자들 이유 샴푸 헤드앤숄더 클리니컬 스트렝스 일반 향 좋은 샴푸는 오히려 냄새 악화됨 2 샴푸 방법 저녁에 향으로 덮는 게 아니라,0,1,0,1,0,0,0,1,0,1,0,Passive User
blog,2026-03-03,주간기록 2026 2 8 14 중간고사 기간이었는데 몰랐던 우리집은 헤드앤숄더 만 쓴지 거의 10년째인데 막내 지루성두피염 때문에 무튼 함 써보기로 10일 카다이프 대신 춘곤피 피,0,1,0,1,0,1,0,1,0,1,0,At-risk
blog,2026-03-02,내돈내산 포함한 올리브영 추천템 블랙 헤드 를 녹이기에도 좋았고 사용 후 당김도 적어 만족스러웠습니다 클렌징밤도 이것저것 많이 사용하는데 헤드앤숄더 가 가성비가 좋더라고요 더울땐 ,0,1,0,0,0,0,0,0,0,1,1,Passive User
blog,2026-02-27,내돈내산 닥터포헤어 폴리젠 씨솔트 스케일러 두피각질제거 및 간편하게 두피부분에 짜서 샴푸처럼 사용하면 되는데용 주1 2회 사용하면 된다하며 샴푸 대신 사용해도 된다고 해요 사용해 ,0,1,0,1,0,0,0,1,0,1,0,Passive User
blog,2026-04-15,맥주효모탈모 샴푸 두피 추천 살림백서 액티브B7 비듬 완화 테스트에서 사용 전 9 45mg에서 4주 후 6mg으로 감소했다는 점 때문에 기대가 되긴 했었거든요 탈모두피 샴푸 맥주효,0,1,0,0,1,0,0,0,0,0,1,Loyal
blog,2026-04-15,살림백서 엑티브B7 맥주효모 앤 비오틴 탈모두피 샴푸 만족후기 두피탈모 샴푸 는 이미 임상실험으로 나온 결과도 있어서 믿음이 가요 두피 비듬 완화 테스트로 비듬 맥주효모탈모 샴푸 ,0,1,0,0,1,0,0,0,0,0,1,Loyal
blog,2026-04-15,및 탈모관리 미리 관리하기 위한 아이템 다자르 구공 샴푸 주는 샴푸 쫀득쫀득 모발에 착 달라 붙는 느낌으로 모발 두피에 있는 각질과 비듬 을 동시에 제거 탈모 샴푸 두피케어 탈모관,0,1,0,0,1,1,0,0,0,0,1,Loyal
blog,2026-04-15,두피가려움 두피관리TIP 솔랩 두피스케일러 사용하기 싶어서 솔랩 두피스케일러 추천 받아서 사용해봤어요 사용하다보니 저만의 두피관리TIP도 생겼는데요 열심히 샴푸 를 해줘도 뭔가 부,0,1,0,0,0,0,0,0,0,1,1,Passive User
blog,2026-04-15,관리 헤어 케어 루틴에 딱 맞는 더블유 헤어 로스 샴푸 추천 정수리 탈모 초기 고민이 있거나 비듬 클렌징과 두피 샴푸 추천 제품 찾고 있다면 참고해보셔도 좋을 것 같아요 원형탈모초,0,1,0,0,1,0,0,0,0,0,1,Loyal
blog,2026-04-15,약산성 샴푸 추천 온 가족 두피 고민 해결해 준 바디브 미오 총평 이런 분들께 추천 합니다 일주일 동안 바디브 미오 샴푸 를 사용해 본 결과 모발은 한층 찰랑거리고 두피는 눈에 띄,0,1,0,0,0,0,1,0,0,1,1,Passive User
blog,2026-04-15,대용량 지루성 두피염 개선의 새로운 선택 1 1 시카케어 샴푸 강력히 추천 합니다 실제 구매 후기 평가 동향 소비자들의 후기를 살펴보면 사용 후 두피가 깨끗해지는 느낌을 받았다는 ,0,1,0,0,0,0,0,0,0,1,1,Passive User
blog,2026-04-15,청소년 비듬샴푸 추천 두피 가려움 잡은 바디브 미오 샴푸 리얼 찾는 분은 꼭 구매하시길 추천 드립니다 해시태그 청소년 비듬샴푸 청소년 샴푸추천 비듬샴푸 두피가려움 샴푸 약산성 샴푸,0,1,0,0,0,0,1,0,0,1,1,Passive User
blog,2026-04-15,두피케어 퍼리키 샴푸 후기 향 좋은 샴푸 추천 두피 냄새 제거까지 퍼리키 실크로드 글로우 샴푸 후기 요즘 두피가 예민해지면서 느낌 비듬 도 덜 신경 쓰이는 느낌 전체적으로 두피 컨,0,1,0,0,1,0,0,0,0,0,1,Loyal
blog,2026-04-15,가려운두피 샴푸 촉촉했던 건성 샴푸 비듬 도 많아지고 머리카락까지 거칠고 푸석해지는 흐름이 자연스럽게 이어지더라고요 그래서 요즘은 그래서 자연스럽게 가려운두피 샴푸 찾는 분들한테 ,0,1,0,0,1,0,1,0,0,0,1,Loyal
blog,2026-04-15,진짜 덜 빠질까 의심하며 써본 살림백서 액티브B7 탈모두피 샴푸 평소 얇은 모발이 고민인 분들께 이 맥주효모 샴푸추천 을 하고 싶다 2 두피 열을 즉각적으로 내리는 탈모두피 샴푸 ,0,1,0,0,0,0,1,0,0,1,1,Passive User
blog,2026-04-15,탈모완화 샴푸 바르바라 어성초 투인원 샴푸 amp 컨디셔너 어성초 샴푸추천 바르바라 어성초 투인원 샴푸 amp 컨디셔너 탈모 고민과 머릿결을 한 번에 잡는 정착 템 사춘기 아이들의,0,1,0,0,1,0,1,0,0,0,2,Loyal
blog,2026-04-15,피톤치드 향 가득 닥터라파알 맥주효모 샴푸 로 두피 건강 찾기 살리실릭애씨드 성분이 각질 정돈까지 깔끔하게 도와주니 비듬 걱정도 싹 사라졌어요 매일 써도 부담 이런 분들에게 닥터라,0,1,0,0,1,0,1,0,0,1,2,Loyal
blog,2026-04-15,퓨어프렌즈 강아지 샴푸 써보고 2주 만에 피부 냄새랑 비듬 솔직히 가격은 조금 나가서 고민했는데 막상 써보니까 왜 사람들이 추천 하는지 알겠더라고요 처음 한 번 써보시면 좋을 것 ,0,1,0,0,0,0,0,0,0,1,1,Passive User
blog,2026-04-15,두피가 보내는 SOS 신호 나에게 딱 맞는 건강 케어 솔루션 찾기 가렵거나 비듬 이 생기거나 혹은 머리카락이 평소보다 많이 빠지는 것 같아 고민인 분들이 많으실 민감성 두피 개선 ,0,1,0,1,0,0,1,0,0,1,0,At-risk
blog,2026-04-15,건성 두피를 효과적으로 관리하는 방법과 제품 추천 지속적인 가려움증 비듬 의 발생 두피의 붉어짐 피부가 거칠어짐 이러한 증상이 나타난다면 특히 sulfate free 샴푸 를 추천,0,1,0,0,0,0,0,0,0,1,1,Passive User
blog,2026-04-15,건성 두피 관리에 대한 효과적인 방법과 주의사항 두피의 수분이 부족해지고 이로 인해 가려움증이나 비듬 염증 등이 발생할 수 있습니다 이 문제를 선택하거나 샴푸 의 양을 적게 사용하,0,1,0,0,0,0,0,0,0,1,1,Passive User
blog,2026-04-15,탈모 관리 방법 비듬 클렌징 두피 보호 두피 샴푸 추천 비듬 클렌징이 잘 되는 샴푸 는 보통 뻣뻣함이 남는데 이건 베스트 샴푸 라고 느껴질 만큼 부드럽게 특히 두피 샴푸 추천 제품,0,1,0,0,1,0,0,0,0,0,1,Loyal
blog,2026-04-15,탈모두피 샴푸 추천 현실적인 효과 실제 변화 후기 탈모두피 샴푸 추천 현실적인 효과 실제 변화 후기 탈모두피 샴푸 추천 현실적인 효과 실제 변화 후기 탈모두피 샴푸 로 유명하기보다,0,1,0,0,1,0,0,0,0,0,1,Loyal
blog,2026-04-15,뽀득뽀득한 비누 세정 당신의 두피 장벽을 무너뜨리고 있나요 탈모예방 두피관리 비누 샴푸 차이 pH농도 약산성 샴푸 두피건강 홈케어 모발관리 탈모 샴푸 머리감는법 두피장벽 모근강화 ,0,1,0,0,1,0,1,0,0,0,1,Loyal
blog,2026-04-15,두피 건강 놓치지 않을 거예요 나에게 딱 맞는 케어 가이드 어떤 분들은 지성 두피인데도 건성용 제품을 쓰거나 민감성 두피인데도 강한 세정력의 샴푸 를 써서 예를 들어 만성적인 비듬,0,1,0,1,0,0,0,0,0,1,0,Passive User
blog,2026-04-15,두피건선 샴푸 내돈내산 건성러가 말아주는 후기 피부과 갈까 고민하다 건성 비듬샴푸 추천 까지 받았어요 병원도 진짜 고민했지만 솔직히 두피를 무조건 추천할 정도로 마음에 들어요 두피,0,1,0,0,1,1,0,0,0,0,1,Loyal
blog,2026-04-15,머리숱 고민으로 거울 볼 때마다 한숨 나올 때 두피 케어도 남녀 따로 세분화돼 있어서 가려움증이나 비듬 고민 해결에 좋고요 이런 정보 없이 남성 전체염색 할 때는 톤 선택이 핵심인,0,1,0,0,0,0,0,0,0,1,1,Passive User
blog,2026-04-15,두피 컨디션 완전 정복 내 두피가 좋아하는 맞춤 케어 비법 건조하고 가려운 민감성두피개선엔 자극 적은 순한 샴푸 와 두피 진정 세럼이 필수예요 붉고 예민한 두피는 외부 자극 보호와,0,1,0,1,0,0,0,0,0,1,0,Passive User
blog,2026-04-15,두피 관리 제대로 하는 법이것만 바꿔도 탈모 예방됩니다 비듬 이 눈에 띄어요 머리카락 힘이 약해졌어요 머리 빠짐이 늘었어요 이 중 2개 이상 ② 하루 1회 저녁 샴푸 추천 하루 동,0,1,0,0,1,0,0,0,0,0,1,Loyal
blog,2026-04-15,건성 두피 관리 방법과 추천 제품 안내 건성 두피는 많은 사람들이 겪는 문제 중 하나로 가려움증과 비듬 염증 등을 유발할 수 있습니다 추천 제품 여러 가지 제품 중에서 건성 두피 ,0,1,0,0,0,0,0,0,0,1,1,Passive User
blog,2026-04-15,퓨어프렌즈 강아지 샴푸 써보고 강아지 피부 냄새 정말 줄었어요 수 있지만 저자극이라 안심하고 쓰기 좋아서 재구매 예정입니다 특히 민감한 아이 키우는 분들께 추천 하고 싶은 제품이에,0,1,0,0,1,0,0,0,0,1,2,Loyal
blog,2026-04-15,탈모어성초 만들어 보세요 떨어져 비듬 처럼 보일 때가 있어요 어성초 자몽 녹차 잎을 발효시켜 끓이는 것이 좋다고 들었어요 치료를 자주 잃는 등 다양한 증상이 나타날 수 있어요 찾아,0,1,0,0,0,1,0,0,0,0,0,Passive User
blog,2026-04-15,둥근얼굴 레이어드컷 모류개선 앞머리펌 준오헤어 이때 좋았던 건 내 두피에 맞는 샴푸 를 고를 수 있다는 것 비듬 두피라서 민감성 두피용 샴푸 를 비용으로 모류개선 앞머리펌 완전 추,0,1,0,0,1,0,0,0,0,0,1,Loyal
blog,2026-04-15,탈모 관리 방법 두피 홈케어 데일리 헤어 케어 탈모 완화 샴푸 로스 샴푸 두피부터 모발까지 수분케어로 윤기나는 머릿결 탈모 관리 방법 비듬 클렌징 헤어 케어 두피 샴푸 추천 지성 ,0,1,0,0,1,0,0,0,0,0,1,Loyal
blog,2026-04-15,곱슬머리 남성의 일상 고충 공감 가시죠 과도한 기름기나 비듬 이 쌓이면 컬이 무거워져서 볼륨이 죽고 장기적으로는 모근 약화로 가는 길이 전문가를 찾아 정확한 진단 받는 걸 강력 추,0,1,0,0,1,0,0,0,0,0,1,Loyal
blog,2026-04-15,탈모두피 샴푸 맥주효모탈모 샴푸 사용하고 달라진 두피 변화 비듬 감소 테스트 사용전 9 45mg gt 4주후 6mg 가려움 개선 2 91 gt 1 27 이런 데이터도 있어서 그런지,0,1,0,1,0,0,0,0,0,2,1,Passive User
blog,2026-04-15,약국에서 산 니조랄 샴푸 지루성 두피와 어루러기 개선 효과가 비슷한 증상을 찾아보니 니조랄 샴푸 를 추천 해서 바로 사와서 사용해본 후기를 적어볼까 합니다 있는 비듬 이 과다하게 ,0,1,0,1,0,0,0,1,1,2,1,Active Switcher
blog,2026-04-15,변기 막힘 해결하는 방법 셀프보다는 전문가를 불러야 하는 그 다음으로 머리카락이나 비듬 같은 게 쌓이는 경우죠 샤워실 배수구에서 자주 보이지만 변기 쪽도 마찬가지예요 음식 찌꺼기나,0,1,0,0,0,0,0,0,0,0,0,Passive User
blog,2026-04-15,건성 두피를 위한 효과적인 관리 방법과 팁 건성 두피는 많은 사람들이 겪는 문제로 가려움증 비듬 탈모 등의 원인이 될 수 있습니다 이러한 너무 자주 머리를 감거나 자극이 강한 샴푸,0,1,0,1,0,0,0,0,0,2,0,Passive User
blog,2026-04-15,다이소 신상 샴푸 추천 메디올 헤어레시피 사용 후기 두피 택입니다 저는 옆머리 다운펌을 하거나 환절기만 되면 두피가 예민해지면서 비듬 이 꽤 올라오는 두피 샴푸 지성두피 샴푸 두피,0,1,0,0,0,0,0,0,0,1,1,Passive User
blog,2026-04-15,MGF 두피탈모 전문센터 분당야탑점 머리가 너무 많이 빠져서 겔 샴푸 로 피지와 비듬 각질을 저자극으로 제거해주시는데 역시 두피관리 전문점이라 그런지 샴푸 가 분당 두피관리 야탑 ,0,1,0,0,0,0,0,0,0,1,1,Passive User
blog,2026-04-15,건성 두피를 위한 효과적인 관리 방법과 팁 건성 두피는 많은 사람들이 경험하는 문제 중 하나로 가려움증 비듬 등의 증상을 동반할 수 있습니다 부적절한 세정 두피를 자주 세정하거나 ,0,1,0,1,0,0,0,0,0,1,0,Passive User
blog,2026-04-15,창원 미용실 추천 실패 없는 선택 기준과 필수 체크리스트 5가지 두피 클리닉은 지루나 비듬 같은 문제를 사전에 잡아주니 장기적으로 봐야 해요 프리미엄 모발 클리닉처럼 고급 케어를 ,0,1,0,0,1,0,0,0,0,0,1,Loyal
blog,2026-04-15,머리 하루 한번 두번 태그 30개 머리감기 머리하루한번 머리하루두번 샴푸 빈도 머리언제감기 저녁 샴푸 아침 샴푸 두피관리 지성두피 건성두피 비듬 관리 머리감는법 샴푸 습관 두피건강,0,1,0,0,1,0,0,0,0,0,1,Loyal
blog,2026-04-15,가볍게 쓰기 좋은 울 샴푸 오리지널 1L 용기 1 4L 리필 2개 가려움이나 비듬 이 자주 있었는데 울 샴푸 오리지널을 사용한 후부터는 그런 고민이 싹 사라졌어요 울 샴푸 퍼플 라,0,1,0,0,1,0,0,0,0,1,2,Loyal
blog,2026-04-15,3 1 살림백서 대용량 샴푸 1000ml 약산성 천연지수81 비듬 분들은 샴푸 선택 시 다음의 요건이 필요합니다 1 자극이 적은 약산성의 성분 2 비듬 예방 효과 3 결론적으로 3,0,1,0,0,0,0,1,0,0,1,1,Passive User
blog,2026-04-15,지성 두피 관리의 중요성과 효과적인 방법 분석 이러한 상태는 비듬 가려움증 모발 탈락 등을 유발할 수 있어 적절한 관리가 중요합니다 이번 첫째로 적절한 샴푸 선택입니다 피지 조절 ,0,1,0,1,0,0,0,0,0,1,0,Passive User
blog,2026-04-15,사춘기 아이 머리냄새 심해지는 이유 두피냄새 관리법 총정리 모자 오래 쓰지 않기 풍이 안 되면 냄새 심해짐 사춘기 두피냄새 샴푸 추천 지성 냄새 심한 두피용 상담 추천 단순 냄새가,0,1,0,0,1,1,0,0,0,0,1,Loyal
blog,2026-04-15,건성 비듬샴푸 추천 엘릭 블랙 캐비어 샴푸 성분이 왜 그렇게 건성 비듬샴푸 추천 엘릭 블랙 캐비어 샴푸 성분이 왜 그렇게 좋은지 건성 비듬샴푸 추천 엘릭 블랙 두피 샴푸 추천 제품,0,1,0,0,1,0,1,0,0,0,1,Loyal
blog,2026-04-15,건강한 두피를 만드는 에디테 부천 미용실 이 과정에서 각질 유분 비듬 등을 분석하여 최적의 샴푸 와 트리트먼트를 추천 해드려요 또한 두피 마사지도 함께 진행하여 혈액 순환을 돕고 ,0,1,0,0,1,0,0,0,0,0,1,Loyal
blog,2026-04-15,전역 후 머리 스타일로 사회 생활 스트레스 받지 마요 군 생활 중에 헬멧 쓰고 지내다 보니 두피가 건조하거나 비듬 이 생기기 쉽고 모발도 영양 부족으로 전문 미용사에게 가서 두피 ,0,1,0,0,1,0,0,0,0,0,1,Loyal
blog,2026-04-15,건강한 두피의 시작 나에게 맞는 스마트 케어 가이드 두피가 예민해서 쉽게 붉어지고 가렵다면 민감성 두피일 확률이 높아요 이럴 땐 순한 약산성 샴푸 를 두피에 가려움증 비듬 염증 과,0,1,0,1,0,0,1,0,0,1,0,At-risk
blog,2026-04-15,운정 야당 탈모센터 두피 각질 관리 전후 비교 주부 만 42세 아침에 샴푸 한다 샴푸 를 고르는 기준은 딱히 없다 각질 or 비듬 의 탈락이 눈에 띈다 통압 걸 추천 드려요 예약링,0,1,0,0,1,0,0,1,0,0,1,Loyal
blog,2026-04-15,건강한 머릿결을 위한 지성 두피 관리의 중요성과 방법 또한 흔히 나타나는 증상으로는 가려움증과 비듬 이 있으며 이러한 상태는 두피 건강을 해치는 원인이 일주일에 2 3회 샴푸 를 ,0,1,0,1,0,0,0,0,0,1,0,Passive User
blog,2026-04-15,머리 스칼프가 울릴 때 왜 이렇게 신경 쓰일까 또 quot 집에서 간단히 관리할 방법 없나요 quot 물어보시는데 주 1 2회 오일 팩 추천 해요 코코넛 오일이나 호호바유를 데워 ,0,1,0,0,1,0,0,0,0,0,1,Loyal
blog,2026-04-15,좋은 바디브 미오 샴푸 정수리냄새 비듬 지루성 두피 떡짐 해결 단백질샴푸 추천템이라 감고 나면 부들부들해져요 비듬 제거와 보송한 세정력의 완벽 조화 단백질샴푸추천 바디브미오샴푸 바,0,1,0,0,1,0,1,0,0,0,1,Loyal
blog,2026-04-15,머리 스타일 바꾸고 싶을 때 생기는 그 짜증 어떻게 풀까 가려움증이나 비듬 이 생기기 일쑤죠 객관적으로 봤을 때 서비스 메뉴를 미리 이해하면 불필요한 색 유지 위해 보라 샴푸 추천,0,1,0,0,0,0,0,0,0,1,1,Passive User
blog,2026-04-15,촉촉 두피와 자연스러운 새치 커버 비법 전문가의 셀프 염색 혹시 샴푸 후에도 두피가 당기고 가렵다면 당신의 두피는 지금 가뭄 상태 건조한 두피는 비듬 전문가와 상담 후 안전하게 염,0,1,0,0,1,0,0,0,0,0,1,Loyal
blog,2026-04-15,수원 건강한 두피관리 영통두피관리 추천 두피밥 수원점 후기 무좀 비듬 에 효과 가려움 증상 완화 및 피부 트러블에 효과적 로즈마리 아로마 효능 두피개선 이후 샴푸 실에서 꼼꼼히 샴,0,1,0,1,0,0,0,0,0,2,1,Passive User
blog,2026-04-15,내가 초기 탈모 관리를 받을줄이야 분당탈모 샴푸 성장인자가 들어 있는 더마힐 겔 샴푸 로 피지 비듬 을 저자극으로 제거해줍니다 수압 마사지 1분에 분당러라면 엠지에프두피탈모 추천 ,0,1,0,0,0,0,0,0,0,1,1,Passive User
blog,2026-04-15,여름에 쓰기좋은 샴푸 토닉 항진균제로 비듬 균 생성 억제에 도움을 줍니다 또한 세포막의 단백질을 증가시켜 두피 장벽 강화에 도움을 줍니다 피지억제 기능도 있어서 청소년들에게도 추천,0,1,0,0,1,1,0,0,0,0,1,Loyal
blog,2026-04-15,머리카락이랑 작별 인사할 뻔한 그날 어떻게 넘겼을까 두피 케어도 빼놓을 수 없죠 여성 두피케어로 가려움증이나 비듬 잡아주고 남성 두피 케어는 탈모 quot 한 달에 한 번으로 유지,0,1,0,0,0,0,0,0,0,1,1,Passive User
blog,2026-04-15,청주미용실 두피 각질 원인 제대로 알기 위아르헤어 봉명점 두피에 기름이 많아지면 각질이 제대로 탈락하지 못하고 쌓이면서 비듬 처럼 보일 수 있대 특히 스트레스 받거나 식습관이 불규,0,1,0,0,1,0,0,0,0,0,1,Loyal
blog,2026-04-15,남자 다운펌 후 두피 관리 이것만 지키면 됩니다 약산성 샴푸 추천 세정력 강한 제품은 오히려 악영향 두피 진정 샴푸 약산성 샴푸 빠진다 비듬 처럼 각질이 늘었다 붉은기 올라온다 이,0,1,0,0,1,0,1,0,0,0,1,Loyal
blog,2026-04-15,두피 각질 제거 비듬 없애는 방법 다노날 헤어팩 후기 다노날 사용방법 중요 샴푸 후 물기를 가볍게 제거해주세요 모발을 정수리 쪽으로 모아 무조건 추천 두피 열 많으신 분 비듬 이나,0,1,0,0,1,0,0,0,0,0,1,Loyal
blog,2026-04-15,대다모1등 샴푸 코스트코 추천 템 블랙포레 루트파워 탈모 샴푸 추천 제품 사용 후 확실히 모근과 모발까지 짱짱해진 느낌이 들었고 탈모처럼 눈에 띄게 빠지던 머리카락 스트레스 주던 ,0,1,0,0,1,0,0,0,0,0,1,Loyal
blog,2026-04-15,헤어 로스 샴푸 두피 트러블 관리 두피 보호 미용실 샴푸 두피 샴푸 추천 제품으로 손색이 없었습니다 이런분께 추천 드리고 싶습니다 탈모 관리 방법을 고민하는 분 정수리 탈모 초기가,0,1,0,0,0,0,0,0,0,1,1,Passive User
blog,2026-04-15,옷은 폼 나게 입는데 머리만 삐딱할 때 그 기분 건조한 두피 방치하다 보면 탈모나 비듬 으로 이어질 수 있고 모발이 약해지면 원하는 스타일링이 안 그러니 미용실 가서 사진 찍고 상,0,1,0,0,1,0,0,0,0,0,1,Loyal
blog,2026-04-15,건성 두피의 원인과 효과적인 관리 방법 분석 건성 두피는 여러 원인으로 인해 발생할 수 있으며 이로 인해 가려움증이나 비듬 과 같은 여러 문제가 따라서 자극이 적은 샴푸 를 선택하,0,1,0,1,0,0,0,0,0,2,0,Passive User
blog,2026-04-15,각질 단순 비듬 일까 두피 유형별 원인과 인생 샴푸 추천 가이드 오늘은 두피 각질의 원인을 명확히 짚어드리고 제가 직접 분석한 유형별 샴푸 amp 트리트먼트 추천 리스트까지 완벽하,0,1,0,0,1,0,0,0,0,0,1,Loyal
blog,2026-04-15,지루성두피 샴푸 고민 끝 모미래 핑크솔트 두피 샴푸 로 시작하는 글 읽어주셔서 감사하고 모두 아름다운 하루 보내세요 안녕 지루성두피 샴푸 모미래 핑크솔트두피 샴푸 모미래 샴푸 탈모,0,1,0,0,1,0,1,0,0,0,1,Loyal
blog,2026-04-15,두피 건강을 위한 7가지 습관 머릿결이 달라지는 비법 각질이나 비듬 으로 이어질 수 있어 그걸 방지하려면 주기적으로 샴푸 를 해주는 게 중요하거든 두피 예를 들어 명상이나 요가 같,0,1,0,0,1,0,0,0,0,0,1,Loyal
blog,2026-04-15,심각한 건성 두피 관리 방법과 효과적인 팁 이로 인해 두피가 가려움 염증 비듬 등의 증상을 유발할 수 있습니다 건조한 환경 잘못된 세정 방법 도움이 되는 제품 추천 모이스춰라이징 ,0,1,0,0,0,0,0,0,0,1,1,Passive User
blog,2026-04-15,3 1 살림백서 대용량 샴푸 1000ml 약산성 천연지수81 비듬 3 1 살림백서 대용량 샴푸 는 지성 두피와 민감한 피부에 적합하며 약산성 제품으로 피부 자극을 최소화합니다 비듬,0,1,0,0,0,0,1,0,0,1,1,Passive User
blog,2026-04-15,두피 타입별 맞춤 케어 건강한 모발을 위한 필수 가이드 모발에 샴푸 잔여물이 남지 않도록 깨끗하게 헹궈야 해요 잔여물은 비듬 이나 가려움증을 유발하는 프로그램을 추천 받을 수 있을,0,1,0,0,0,0,0,0,0,1,1,Passive User
blog,2026-04-15,약국 비듬샴푸 비듬 약 샴푸 써봐도 진정 안될때 해결법 지루성 두피염으로 시작된 비듬 지옥 약국 비듬샴푸 비듬 약 샴푸 만으로 해결이 안 된다면 저는 도와주는 샴푸 를 같이 사용해,0,1,0,0,1,0,0,0,0,0,1,Loyal
blog,2026-04-15,머리 감을 때마다 느껴지는 그 불편함 익숙한가요 또 비듬 은 왜 생기나요 라는 질문 많아요 이건 주로 말라세지아 곰팡이균 때문인데 습한 환경에서 번식해요 그래서 드라이 샴푸 쓰는 ,0,1,0,0,0,0,0,0,0,0,0,Passive User
blog,2026-04-15,지성 두피 관리 방법과 효과적인 관리 팁 적절한 제품 선택과 생활 습관 개선을 통해 건강한 두피 환경을 조성하는 데 도움이 된다 지성두피 두피관리 두피케어 두피스케일링 비듬 관리 ,0,1,0,0,0,0,0,0,0,1,1,Passive User
blog,2026-04-15,살림백서 약산성 샴푸 유칼립투스 비듬 무실리콘 지성 민감성 정말 강력 추천 하고 싶어요 약산성 샴푸 를 아직 안 써보셨다면 살림백서 약산성 샴푸 유칼립투스 비듬 무실리콘 지성 민감,0,1,0,0,0,0,1,0,0,1,1,Passive User
blog,2026-04-15,트리트먼트 비듬 탈모 실리콘프리 비자극 실사용 후기 특히 비듬 관리나 두피 각질 정리를 같이 챙기고 싶은 경우에 흐름이 자연스럽습니다 실리콘프리와 사용 시점 느낌 추천 포인트 샴푸,0,1,0,0,0,0,0,0,0,1,1,Passive User
blog,2026-04-15,두피가 편안해 보이는 사람이 일상에서 지키는 습관들 샴푸 후에는 찬물로 헹구기를 추천 합니다 찬물은 모공을 닫아 외부 자극과 먼지 침투를 막아주고 불규칙한 식사 수면 부족 스트레스,0,1,0,0,0,0,0,0,0,1,1,Passive User
blog,2026-04-15,부천지루한의원 두피 관리와 개선 방법 제가 처음 부천지루한의원을 찾았던 계기는 두피의 지속적인 가려움과 비듬 이 심해서였어요 여러 샴푸 를 써봐도 별다른 효능을 못 보고 있을 때 ,0,1,0,0,0,0,0,0,0,1,1,Passive User
blog,2026-04-15,지성 두피 관리 방법과 효과적인 관리 팁 염증이나 비듬 같은 피부 문제를 유발할 수 있습니다 따라서 적절한 관리가 ضروری합니다 본 정기적인 샴푸 지성 두피는 매일 또는 이틀에 ,0,1,0,0,0,0,0,0,0,0,0,Passive User
blog,2026-04-15,두피 트러블 이제 그만 확실한 솔루션을 위한 5가지 핵심 전략 탈모나 비듬 같은 각종 트러블로부터 자유로울 수 있죠 피부과 의사들도 강조하는 두피 건강의 중요성 지금부터라도 관심을,0,1,0,1,0,1,0,0,0,1,0,At-risk
blog,2026-04-15,여자탈모 비듬 관리 두피청결 탈모 샴푸 홈케어 후기 구매 링크 두피진정 샴푸 민감성 샴푸 비듬 케어제품 샴퓨 추천 저자극 샴푸 탈모 샴푸 프로페셔널 샴푸 헤어샵 샴푸 두피관리 샴푸,0,1,0,1,0,0,0,0,0,2,1,Passive User
blog,2026-04-15,하수구 막힘 역류 원인부터 해결 방법까지 전문가가 알려주는 예를 들어 싱크대 쪽 막힘은 주방 기름때가 원인일 가능성이 크고 욕실은 비듬 이나 샴푸 찌꺼기예요 보통 3 6개월에 한 ,0,1,0,0,1,0,0,0,0,0,1,Loyal
blog,2026-04-15,건성 두피를 위한 효과적인 관리 방법 및 제품 추천 건성 두피는 많은 사람들이 경험하는 문제로 가려움증과 비듬 탈모 등의 다양한 증상을 동반할 수 추천 제품 효과적인 건성 두피 관,0,1,0,0,0,0,0,0,0,1,1,Passive User
blog,2026-04-15,바이아우어 맥주효모 샴푸 1리터 대용량 후기와 탈모 개선 저는 두피 문제로 고민하는 분들 장기적으로 사용할 세정력 좋은 제품 찾는 분께 이 샴푸 추천 해요 비듬 탈모 고민 완화에 ,0,1,0,0,1,0,0,0,0,0,1,Loyal
blog,2026-04-15,탈모 샴푸 지루성 두피 샴푸 비듬 가려움 맥주효모 약산성 천연 결론적으로 탈모 샴푸 맥주효모 지루성 두피 샴푸 비듬 가려움 임산부 100ml 1개는 지루성 두피로 고민하거나 머리카,0,1,0,0,0,0,1,0,0,1,1,Passive User
blog,2026-04-15,퓨어프렌즈 강아지 샴푸 로 2주 사용 후 확실히 다른 피부 꽤 추천 하고 싶어요 자극 없는 세정제 찾는 분들이나 냄새 고민이 있는 반려견에게 특히 도움이 될 것 같아요 저도 앞으로,0,1,0,0,0,0,0,0,0,1,1,Passive User
blog,2026-04-15,컨디션 탈모 완화 샴푸 HAMOCELL 더블유 헤어 로스 샴푸 후기 이런 분들께 추천 정수리 탈모 초기 고민이 있는 분 지성 탈모 샴푸 찾는 분 두피 샴푸 추천 제품 찾는 분 비듬,0,1,0,0,1,0,0,0,0,0,1,Loyal
blog,2026-04-15,두피 가려움증 7가지 원인과 해결법 지금 바로 확인 주변정보 과도한 샴푸 부족한 샴푸 주요 증상 두피 건조 가려움 자극 과도한 피지 비듬 염증 가려움 원인 자극도 적고 두피 건강에,0,1,0,1,0,0,1,0,0,2,1,At-risk
blog,2026-04-15,탈모 그냥 두려고 반응합니다 탈모 샴푸 두피케어 아미노 샴푸 탈모관리 두피 샴푸추천 미용재료 경수사미용재료 비듬샴푸 두피관리템 헤어케어 EX 샴푸 구매 문의 네모박스누르시면 상담창,0,1,0,0,1,0,0,0,0,0,1,Loyal
blog,2026-04-15,코스트코 추천 템 탈모 샴푸추천 l 대다모1등 샴푸 블랙포레 확실히 두피 컨디션이 좋아지니 비듬 도 덜 생기고 고민이었던 머리카락도 예전보다 확실히 덜 빠지는 주변에 탈모 샴푸추천,0,1,0,0,1,0,0,0,0,0,1,Loyal
blog,2026-04-15,현대약품 마이녹셀 스칼프 인텐시브 샴푸 960ml 2개 가격 현대약품 마이녹셀 스칼프 인텐시브 샴푸 탈모 샴푸 두피 샴푸 두피케어 두피관리 헤어케어 탈모완화 비듬 없애는 샴푸 가려,0,1,0,0,1,0,0,0,0,0,1,Loyal
blog,2026-04-15,영종도 미용실 추천 실패 없는 스타일링을 위한 3단계 솔루션 단점이라면 너무 짧게 하면 재생이 느려질 수 있어서 상태 좋은 분들께 추천 돼요 울프컷은 상단에 비듬 고민 많으신 분들,0,1,0,0,1,1,0,0,0,0,1,Loyal
blog,2026-04-15,지성 두피 관리 방법과 효과적인 제품 추천 지성 두피 관리 방법과 효과적인 제품 추천 안녕하세요 반가워요 오늘 날씨 보면서 한숨 쉬신 분들 지나친 유분 분비는 두피 가려움증 비듬 ,0,1,0,0,0,0,0,0,0,1,1,Passive User
blog,2026-04-15,살림백서 정수리 냄새 제거 오푼티아 밤부 샴푸 아낌없이 담은 36가지 식물유래 추출물 amp 오일의 진정 케어 함유 비듬 과 각질이 생기는 두피 쉽고 청소년 샴푸 로도 추천 드려요,0,1,0,0,1,0,0,0,0,0,1,Loyal
blog,2026-04-15,겉으로는 몰랐던 내 두피 속 이야기 맞춤 케어로 되찾는 활력 잘못된 샴푸 사용 등 수많은 요인에 영향을 받죠 그래서 겉모습만으로는 정확한 두피 상태를 파악하기가 참 어려워요 예를 ,0,1,0,0,0,0,0,0,0,0,0,Passive User
blog,2026-04-15,비듬 없애는 방법 셀프로 해결했어요 닿는 샴푸 지금 쓰고 있는 게 문제였으면 아무리 생활습관 고쳐봤자 근본이 해결이 안 되는 거잖아 그래서 비듬 없애는 방법으로 제일 먼저 샴 푸를,0,1,0,0,0,0,0,0,0,0,0,Passive User
blog,2026-04-15,지루성 두피 샴푸 내돈내산 두피염 증상 완화 방법 쿨링 샴푸 비듬 샴푸 등 여러 제품들이 있더라고요 그 중에서 이미 써본 것도 있었고 오히려 증상이 두피 지루성 피부염은 비듬 이나,0,1,0,1,0,0,0,0,0,1,0,Passive User
blog,2026-04-15,두피 각질 제거 비듬 없애는 방법 다노날 헤어팩 후기 다노날 사용방법 중요 샴푸 후 물기를 가볍게 제거해주세요 모발을 정수리 쪽으로 모아 두피각질제거팩 두피각질제거제품 비듬없애는 ,0,1,0,0,0,0,0,0,0,0,0,Passive User
blog,2026-04-15,약국 비듬 샴푸 비듬 약 샴푸 써봐도 진정 안될때 해결법 하지만 알고 보니 이런 비듬 약 샴푸 에는 염증을 빠르게 억제하기 위해 스테로이드 성분이 포함됐다고 하더라구요 스테로이드는,0,1,0,0,0,0,1,0,0,0,0,Passive User
blog,2026-04-15,스칼프 스케일링 샴푸 두피와 탈모 걱정 없애는 비건 솔루션 네이버 스토어 바로가기 아로마티카 로즈마리 스칼프 스케일링 샴푸 는 두피 건강과 탈모 예방에 특히 기름진 두피나 비듬 이,0,1,0,0,0,0,0,0,0,0,0,Passive User
blog,2026-04-15,지루성 두피염 이제 끝낼 수 있습니다 평생 아토피에 국가 처음엔 quot 샴푸 만드는 거 구경도 못 해봤는데 어떻게 만들어 quot 하고 웃었습니다 그런데 이게 왜 머리가 안 가렵,0,1,0,0,0,0,0,0,0,0,0,Passive User
blog,2026-04-15,현대약품 마이녹셀 스칼프 인텐시브 샴푸 960ml 2개 가격 많은 분들이 샴푸 사용 후 두피가 시원해지는 느낌을 받고 비듬이나 각질이 눈에 띄게 줄었다고 탈모완화 비듬없애는샴푸 가,0,1,0,0,1,0,0,0,0,0,1,Loyal
blog,2026-04-15,건성 두피 관리의 필요성과 효과적인 방법 가려움증이나 비듬 곰팡이 감염 등이 발생할 수 있습니다 이러한 증상들은 두피 건강에 악영향을 건성 두피 관리는 단순히 외부적인 증상을 없애,0,1,0,1,0,0,0,0,0,1,0,Passive User
blog,2026-04-15,머리 감을 때 그 찝찝함 다들 공감하지 비듬 이 심할 때는 항진균 성분 샴푸 를 번갈아 쓰고 매주 한 번 두피 스크럽으로 각질 제거하세요 헤어 왁스나 젤 쓸 때는 밤에 감아 잔여물,0,1,0,0,0,1,1,0,0,0,0,Passive User
blog,2026-04-15,지루성두피염 완치 가능할까 결국 치료 목표는 완벽히 없애는 것 보다는 염증이 재가동하지 않도록 장기적으로 안정 상태를 지루성두피염 증상과 진단 포인트 증상은 흔히 가려움 비듬 붉은,0,1,0,1,0,1,0,0,0,1,0,At-risk
blog,2026-04-15,머리 제비추리 단순 흉터일까 방치하면 생기는 심각한 질환 일반 비듬 보다 치료가 더 복잡하고 전문적인 관리가 필요합니다 함께 읽으면 좋은 글링크1링크2링크3 청결 유지 앞서 강조했,0,1,0,0,0,1,0,0,0,0,0,Passive User
blog,2026-04-15,두피와 헤어 스타일 살리는 비법 각질 제거부터 건조까지 두피 각질 제거는 단순히 보이는 비듬 을 없애는 것을 넘어 모공을 막아 모발 성장을 방해하는 요소를 샴푸 후 물기를 제거한 ,0,1,0,0,0,0,0,0,0,0,0,Passive User
blog,2026-04-15,염색 후 빨리 색이 빠지는 머리카락을 지키는 현실적인 세정 전략 불균형이나 샴푸 후 잔여물은 두피 건강을 해치는 주범으로 작용합니다 비듬 의 원인과 해결법 과정에서는 자신의 두피 ,0,1,0,0,0,0,1,0,0,0,0,Passive User
blog,2026-04-14,향기오래가는 샴푸 온가족이 쓰기 좋은 비듬 전용 제품 출처 브랜드 커넥트 특히 정수리에서 발생할 수 있는 머리 냄새를 없애는 데도 큰 도움을 줍니다 해양 향기오래가는 샴푸 는 비듬,0,1,0,0,1,0,0,0,0,0,1,Loyal
blog,2026-04-14,수랩204 약산성 샴푸 로 지루성 두피염 완화하기 출처 브랜드 커넥트 상품이미지 또한 정수리 냄새를 없애는 데도 효과적이며 비듬 제거에도 긍정적인 영향을 미칩니다 이 샴푸 는 20,0,1,0,0,0,0,1,0,0,0,0,Passive User
blog,2026-04-14,피나는 지루성 두피 병원 안 가고 샴푸 하나로 끝내는 종결 비법 두피가려운이유 머리가려움증해결 두피스케일링 두피각질제거 환절기두피관리 탈모예방 두피진정토닉 머리긁을때 정수리냄새제거,0,1,0,1,0,1,0,0,0,1,0,At-risk
blog,2026-04-14,두피 가려움 해결 바디브 미오 약산성 단백질 샴푸 베이 베리 두피가려움샴푸 비듬샴푸추천 지루성두피샴푸 약산성샴푸추천 두피케어샴푸 저자극샴푸 두피가려움해결샴푸 비듬없애는샴푸 지루성두,0,1,0,1,0,0,1,0,0,3,1,At-risk
blog,2026-04-14,케어 샴푸 토너 세트 깨끗하게 감아도 비듬 이 떨어진다면 이거 비듬 샴푸 추천 비듬 토너 건선두피 두피가려움해결 비듬 재발방지 두피트러블 지루성두피 유기농 비듬 케어 봄철두피관리 ,0,1,0,1,0,0,0,0,0,2,1,Passive User
blog,2026-04-14,엘라 비듬 약산성 두피 케어로 건강한 모발을 위한 최적의 선택 엘라 비듬 약산성 두피 케어 및 모발 영양 강화 탈모 샴푸 트리트먼트 세트는 두피와 모발 건강을 비듬 을 없애는 데 ,0,1,0,0,0,0,1,0,0,0,0,Passive User
blog,2026-04-13,건성 비듬 샴푸 추천 약산성 샴푸 탈모 증상 완화 기능성까지 또 각질제거 가려움증 완화 두피장벽 개선 비듬 완화 등 피록톤올아민 프로폴리스 추출물 알란토인 드럼스틱씨 추출물 등의 ,0,1,0,0,0,0,1,0,0,1,1,Passive User
blog,2026-04-13,지루성 피부염 치료의 모든 것 증상별 특징과 맞춤 관리법 두피 지루성 피부염 초기에는 단순한 비듬 처럼 보일 수 있으나 심해지면 두피 전체에 두꺼운 가피 치료의 목적은 단순히 증상,0,1,0,0,0,1,0,0,0,0,0,Passive User
blog,2026-04-13,DK두피스케일링 후기 두피가려움 비듬 건성두피 해결 수영 단순 샴푸 가 아니라 두피스케일링 케어 가능 요즘 두피스케일링 제품 많이 나오는데 이 제품은 DK두피스케일링 두피스케일링 ,0,1,0,1,0,0,0,0,0,1,0,Passive User
blog,2026-04-13,폴톤 리본 비듬 정수리 냄새 지루성 가려움 완화 약산성 샴푸 출처 브랜드 커넥트 일반적으로 사용하는 샴푸 는 비듬 을 없애는 데 중점을 두지만 폴톤 리본 샴푸 는 두피의 건강을 우,0,1,0,1,0,0,1,0,0,1,0,At-risk
blog,2026-04-13,약산성 천연유래 대용량 로드리 샴푸 로 사춘기 청소년 두피 고민 로드리 샴푸 는 비듬 을 예방하고 없애는 데 효과적인 성분을 포함하고 있어요 출처 브랜드 커넥트 머리냄새 문제도 신,0,1,0,0,0,0,1,0,0,0,0,Passive User
blog,2026-04-13,비듬 없애는 방법 두피가려움 원인 지루성 피부염이란 lt 1 gt 비듬 없애는 방법 지루성 피부염은 lt 2 gt 비듬 없애는 방법 원인별 진료 통해서 lt 3 gt 비듬 없애는 ,0,1,0,1,0,0,0,0,0,1,0,Passive User
blog,2026-04-13,비듬 생기는 이유 및 없애는 법 알아보기 비듬 없애는 법 비듬 을 없애기 위해서는 징크피리치온 케토코나졸 등이 함유된 약용 샴푸 를 주 2 3회 정도 사용하여 두피 곰팡이균을 제거,0,1,0,0,0,0,0,0,0,0,0,Passive User
blog,2026-04-13,비듬 의 원인과 없애는 방법 알아보기 비듬 전용 샴푸 를 사용하면 효과적인 관리가 가능합니다 그리고 비듬 없애는 방법 중 두피 마사지를 통해 혈액 순환을 촉진하고 스트레스를 줄이는,0,1,0,0,0,0,0,0,0,0,0,Passive User
blog,2026-04-13,비듬 두피 각질 때문에 헴프닉 안티 댄드롭 케어 샴푸 성분 헴프닉 HEMPNIC 안티댄드럼 샴푸 두피케어 샴푸 티트리 샴푸 마누카오일 유기농 샴푸 두피트러블 뷰티플러스미용재료 미용,0,1,0,1,0,0,1,0,0,1,0,At-risk
blog,2026-04-12,우르오스 스칼프 샴푸 로 깨끗한 두피를 경험해요 두피에 쌓인 각질을 제거하고 기름기가 있는 상태에서 느끼는 불쾌한 기분을 없애는 데 도움을 줘요 비듬 이 생기면 덤벼드는 심리적 부,0,1,0,0,0,0,1,0,0,0,0,Passive User
blog,2026-04-12,청소년 샴푸 추천 바디브 향 좋은 대용량 비듬 정수리 냄새 로 비듬없애는 방법 을 찾을 때 정수리냄새제거 샴푸 를 찾고 있을 때 떡지는 머리로 고민이 될 때 건조한 두피로 가려움이,0,1,0,0,0,0,0,0,0,1,1,Passive User
blog,2026-04-12,강아지스파 샤워기로 각질 제거에 효과적인 목욕 강아지용품 털과 비듬 이 생기면서 간지로움에 긁고 상처가 생기기 쉽다고 해요 패리스도 열한 살로 노견인만큼 피모 관리에 더 신경 쓸 ,0,1,0,0,0,0,0,0,0,0,0,Passive User
blog,2026-04-12,세종 나성동 차이헤어에서 모발 냄새 제거와 관리 방법 기름진 두피를 자주 세정해주는 것이 필수적인데 특히 비듬 이나 피지 분비가 과다한 사람들에게는 더욱 중요해요 차이헤어에서는 개,0,1,0,0,1,0,0,0,0,0,1,Loyal
blog,2026-04-12,책소개 몸은 답을 알고 있다 김철환 지음 아울러 곰팡이 없애는 약제가 들어 있는 샴푸 를 주 2회 정도 써서 머리 곰팡이를 제거해야 한다 키토케나졸이라는 약이 들어 있는 비듬 샴푸,0,1,0,0,0,0,0,0,0,0,0,Passive User
blog,2026-04-12,머리 감은 직후에도 가려운 두피 왜 그럴까 거기서 미세한 막이나 비듬 같은 징후를 포착할 수 있어요 방치했을 때 문제는 훨씬 심각해져요 샴푸 찌꺼기 제거 효과적인 방법은 뭘까 이제,0,1,0,0,0,0,0,0,0,0,0,Passive User
blog,2026-04-12,두피 각질 원인부터 관리까지 분당미용실 로컬 서현역점 정리 단순히 샴푸 문제라고 생각했는데 상담을 받아보니 생각보다 원인이 다양하다는 걸 알게 됐어요 평소 이번 경험을 통해 단순히,0,1,0,0,0,0,0,0,0,0,0,Passive User
blog,2026-04-11,매일 감아도 비듬 생기는 이유 찾았습니다 건성 비듬 샴푸 대용량 건성 비듬 샴푸 는 단순히 비듬 을 없애는 제품이 아니라 두피 환경을 바꾸어주는 것이 포인트 대용량 비듬 샴푸 천연,0,1,0,0,0,0,0,0,0,0,0,Passive User
blog,2026-04-11,성장기 정수리냄새 걱정이라면 노일리 유자식초 산뜻 샴푸 호르몬 냄새 없애는 독보적 세정성분과 기술 노일리 유자식초 산뜻 샴푸 는 정수리 악취 물질만 냄새와 비듬 을 동시에 케어를 ,0,1,0,1,0,0,1,0,0,1,0,At-risk
blog,2026-04-11,페터브 펫당고 천연 한방 샴푸 로 윤기 나는 털 되찾기 이 샴푸는 비듬과 각질 제거에도 탁월한 효과를 보여 반려견의 가려움증을 줄여주어 더욱 편안한 페터브 펫당고 강아지샴푸 천연샴,0,1,0,1,0,0,0,0,0,1,0,Passive User
blog,2026-04-11,모낭충 Demodex 이 머리카락을 없애는 방법 지루성 두피가 특히 저녁 밤에 더 가렵다 샴푸 직후에도 가려움이 해소되지 않는다 두피에 작은 구진 좁쌀 같은 돌기 이 반복해서 생긴,0,1,0,1,0,0,0,0,0,1,0,Passive User
blog,2026-04-11,머리숱 많아지는법 프리미엄 탈모관리 후기 두피밥 미사점 머리카락 굵어지는법 두피케어샵 모발 굵어지는법 머리 비듬없애는 법 등 모발에 대해 궁금한 모든것 샴푸 대도 일반적인 형태가 ,0,1,0,0,0,0,0,0,0,0,0,Passive User
blog,2026-04-10,고객일지 반복되는 지루성 두피염 원인은 목포남악두피탈모 병원에서도 지루성 두피염이라는 이야기를 들었고 비듬 샴푸 도 꾸준히 사용해봤지만 증상이 완전히 그래서 중요한 것은 증상을 없,0,1,0,0,0,1,0,0,0,0,0,Passive User
blog,2026-04-10,지루성피부염 모낭염 여드름인 줄 알았는데 모낭염이었어요 코 주변과 턱 이마에 반복적으로 올라오고 두피까지 가렵고 비듬 이 늘어나면서 이게 도대체 뭐냐 지루성피부염 모낭염 치료는 단,0,1,0,1,0,1,0,0,0,2,0,At-risk
blog,2026-04-10,두피지루성피부염 치료 비듬 인 줄만 알았는데 아니었어요 단순 비듬 은 샴푸 를 조정하거나 두피 상태가 좋아지면 비교적 빨리 줄어드는 경우도 있었지만 결국 두피지루성피부염 치료는 지,0,1,0,1,0,1,0,1,0,1,0,At-risk
blog,2026-04-09,두피관리 방법 비듬 없애는 셀프 꿀팁 직접 해본 후기 건강하고 깨끗한 모근과 두피의 근접 촬영 사진 비듬 걱정 덜어주는 올바른 샴푸 법 의외로 많은 분들이 두피관리방법 비듬없애는 ,0,1,0,0,0,0,0,0,0,0,0,Passive User
blog,2026-04-09,머리 비듬 이랑 다른 이유 두피 각질 생기는 원인부터 없애는 미세한 상처가 나면 비듬 이나 각질은 더 심해지거든요 두피 각질 없애는 법 옥이의 관리 꿀팁 그래서 요즘 저는 관리법을,0,1,0,0,0,0,0,0,0,0,0,Passive User
blog,2026-04-09,천연 탈모 샴푸 추천 사춘기 동생 두피관리 후기 비듬 없애는 방법 찾고 있다면 너무 강한 세정력만 보는 것보다 이렇게 두피 밸런스 맞춰주는 제품 쓰는 게 훨씬 중요한 것 같아요 저,0,1,0,0,1,0,0,0,0,0,1,Loyal
blog,2026-04-09,바이아우어 맥주효모 샴푸 탈모와 두피 케어를 동시에 비듬 을 완전히 없애는 건 어렵지만 세정력이 좋은 샴푸 는 두피 환경을 개선하고 비듬 발생을 줄이는 데 도움을 줄 수 있어요 바,0,1,0,0,0,0,0,0,0,0,0,Passive User
blog,2026-04-09,지루성두피염 비듬 인 줄 알고 방치하면 탈모 옵니다 lt 미소로 많은 분이 이를 가벼운 비듬 으로 여겨 시중의 샴푸 만으로 개선하려 하지만 염증을 제어하지 못하면 즉 두피 염증을 ,0,1,0,1,0,1,0,0,0,1,0,At-risk
blog,2026-04-09,지루성피부염 치료방법 각질이 자꾸 올라오고 다시 뒤집어졌다면 지금 보이는 각질만 없애는 방식으로는 반복을 줄이기 어렵고 왜 같은 부위에 계속 자극이 쌓이는지를 얼굴에서는 코 주변 ,0,1,0,1,0,1,0,0,0,3,0,At-risk
blog,2026-04-09,청라 백선증 치료 후 두피 가려움과 탈모 증상이 달라진 이유 일어남 비듬 샴푸 관리로 일시적 완화 가능 두부백선 각질 제거만으로는 나아지지 않고 오히려 두부백선은 균을 없애는 것이,0,1,0,1,0,1,0,0,0,2,0,At-risk
blog,2026-04-09,두피 각질 이렇게 구분해 보세요 지루성두피 비듬 형두피 그래서 두피 각질 관리에서 가장 중요한 것은 무작정 없애는 것이 아니라 어떤 유형인지 먼저 구분하는 그래서 두피 각질이 보인,0,1,0,0,0,0,0,0,0,0,0,Passive User
blog,2026-04-09,건성 두피를 위한 효과적인 관리 방법과 팁 이로 인해 가려움증 비듬 발생 두피 염증 등의 증상이 나타날 수 있어 적절한 관리가 필요합니다 자주 샴푸 를 하여 두피의 자연적인 유분을,0,1,0,1,0,0,0,1,0,2,0,Passive User
blog,2026-04-08,두피 각질 이렇게 구분해 보세요 건조형두피각질 그래서 하얀 가루가 보인다고 해서 무조건 비듬 샴푸 부터 사용하는 것은 좋은 방법이 아닐 수 있습니다 결국 중요한 것은 각질을 억지로,0,1,0,0,0,0,0,0,0,0,0,Passive User
blog,2026-04-08,머리각질 샴푸 바꿔도 그대로라면 비듬 빗 바꾸자 각질 없애는 제거 전용 빗 브러쉬 아뜰리에뮤즈 22 800 머리각질 샴푸 는 두피 환경 관리 비듬 클리너는 이미 생긴 각질 제거 이,0,1,0,1,0,0,0,0,0,1,0,Passive User
blog,2026-04-08,두피 관리 비듬 없애는 셀프 방법으로 좋았던 후기 비듬 없애는 방법으로 좋다는 샴푸 는 이미 여러 개 써본 상태였고 최소 2가지 이상은 바꿔봤던 것 같아요 그래도 기대했던 만큼 눈,0,1,0,0,0,0,0,0,0,0,0,Passive User
blog,2026-04-08,청소년 비듬 샴푸 추천 비듬 없애는 방법 조카도 인정한 후기 청소년 비듬 샴푸 추천 비듬 없애는 방법 드디어 정착 여러분 안녕하세요 몇달 전 설날이었는데요 가족들끼리 모였는데 오랜,0,1,0,0,1,0,0,0,0,0,2,Loyal
blog,2026-04-08,비듬 없애는 법 무조건 강하게 씻을수록 더 좋아지는 건 생각보다 그 작은 차이가 두피 컨디션을 훨씬 편하게 바꿔줄 수 있어요 비듬없애는 법 두피관리 비듬 샴푸 지루성두피 건조한두피,0,1,0,1,0,0,0,0,0,1,0,Passive User
blog,2026-04-08,머드름 샴푸 이렇게 쓰고 해결함 머드름 때문에 소개팅도 못했었음 머드름 샴푸 이렇게 쓰고 해결함 머드름 때문에 비듬 폭탄 가려움 머드름 없애는 루틴 머드름 샴푸 이렇게 쓰고 해결함,0,1,0,1,0,0,0,0,0,1,0,Passive User
blog,2026-04-08,지루성피부염 완치방법 좋아졌다가 다시 올라오는 피부라면 또 붉은 구진이 여드름처럼 보이기도 했었고 얼굴뿐 아니라 두피 비듬 과 두피 가려움이 같이 나타나는 경우도 많았었어요 이렇게,0,1,0,1,0,0,0,0,0,2,1,Passive User
blog,2026-04-08,지성 두피 문제를 해결하기 위한 체계적인 관리 방법 지성 두피는 많은 사람들이 겪는 문제로 불쾌한 가려움증과 비듬 염증 등의 증상을 동반할 수 정상적인 피지 분비 이해하기 완전히 ,0,1,0,1,0,0,0,0,0,1,0,Passive User
blog,2026-04-08,미국에서 유행하는 노푸 No poo 트렌드 진짜 효과 축적 비듬 증가 염증 탈모 악화 가능성 이유 간단합니다 샴푸 의 본질 두피 청소 결론 노푸는 실제로 효과적인 방향은 샴푸 를 ,0,1,0,0,0,0,0,0,0,0,0,Passive User
blog,2026-04-08,머리지루성피부염 치료는 겉만 봐서는 부족했었습니다 샴푸 를 여러 번 바꿔봤고 세정력이 강한 제품도 써봤지만 그때뿐이었다고 하셨어요 그래서 저는 먼저 그래서 저는 늘 머리지루성피부염,0,1,0,0,0,1,0,0,0,0,0,Passive User
blog,2026-04-08,두피 비듬 이 생기는 이유 따라서 단순히 비듬 을 없애는 데 집중하기보다 두피 환경을 균형 있게 관리하는 것이 재발을 줄이는 핵심이며 샴푸 를 고를때도 성분을 잘 확인하시는것이 중,0,1,0,0,0,0,1,0,0,0,0,Passive User
blog,2026-04-08,얼굴지루성피부염 치료 세안하고 나면 다시 하얗게 올라오던 비듬 이 늘고 가려움이 같이 생기면서 머리를 감고 나서도 개운한 느낌이 오래 가지 않는다고 두피 증상이 있는 경우에는 샴푸,0,1,0,1,0,1,0,0,0,2,0,At-risk
blog,2026-04-08,지루성피부염 치료방법 반복되는 붉은기와 가려움을 다시 봐야 하나를 없애는 개념이 아니라 반복되는 붉은기와 가려움 열감 뾰루지 비듬 을 함께 봐야 했었어요 두피 증상이 있는 경우에는,0,1,0,1,0,1,0,0,0,2,0,At-risk
blog,2026-04-08,대전지루성피부염 붉은기와 각질은 이렇게 치료의 흐름을 두피 쪽에서는 비듬 이 늘어나고 기름기는 있는데 두피가 예민해서 샴푸 할 때도 불편하다고 하는 분들이 많았었어요 심하면 귀 뒤,0,1,0,1,0,1,0,0,0,1,0,At-risk
blog,2026-04-08,비듬없애는 방법 건성 지성 차이 모르면 오히려 두피 망가지는 여러분도 너무 스트레스받지 마시고 오늘부터 하나씩 바꿔보세요 어쩌면 생각보다 금방 좋아질지도 모르잖아요 비듬없애는 방법,0,1,0,0,1,1,0,0,0,0,1,Loyal
blog,2026-04-08,정수리 냄새 원인 지루성 두피염 샴푸 고르는 법과 두피 머리카락 사이로 비듬 이 떨어지거나 붉은 뾰루지가 돋아나고 가려움에 손을 대기 시작하면 당신의 정수리냄새제거 지루성두피염 샴,0,1,0,1,0,1,0,0,0,2,0,At-risk
blog,2026-04-08,닥터포헤어 폴리젠 비듬 개선 샴푸 지긋지긋한 비듬 고민 끝 개선 샴푸 를 만나게 되었습니다 이 제품은 단순히 비듬 을 일시적으로 없애는 것을 넘어 두피 본연의 건강을 되찾아주고 찰,0,1,0,0,0,0,0,0,0,0,0,Passive User
blog,2026-04-08,스칼프 샴푸 제대로 알고 써야 효과 있습니다 샴푸 는 처음 접해보는데요 워낙 사용자 후기가 좋기도 하고 실제로 지루두피인 사람들이나 비듬 고루트 샴푸 는 안좋은 냄새를 없애는 느낌,0,1,0,0,0,0,0,0,0,0,0,Passive User
blog,2026-04-07,지성 두피 탈출 동구밭 고체 샴푸 바 솔직 후기 민감성두피 비듬없애는샴푸 올인원샴푸 데일리샴푸 헤어케어 모발관리 두피영양 지루성두피 순한성분 두피트러블 동구밭 동구밭샴푸바 고체샴푸,0,1,0,1,0,0,1,0,0,1,0,At-risk
blog,2026-04-07,비듬없애는 방법 원인 샴푸 생활습관 두피 고민 해결 완벽 가이드 비듬없애는 방법은 올바른 샴푸 선택과 두피 환경 개선 그리고 꾸준한 생활 습관 관리가 함께 이루어질 때 가장 효과적,0,1,0,0,0,0,0,0,0,0,0,Passive User
blog,2026-04-07,어깨 위 하얀 가루 비듬 두피 가려움 원인 증상 예방법 3가지 잘못된 샴푸 습관 샴푸 잔여물이 남거나 두피를 제대로 말리지 않는 습관은 세균이 번식하기 딱 좋은 비듬 원인증상 지루,0,1,0,1,0,1,0,0,0,1,0,At-risk
blog,2026-04-07,청소년 비듬 샴푸 추천 두피 냄새 관리한 후기 고작 샴푸 를 찾는거지만 비듬 에만 효과가 있는게 아니라 연관된 문제인 냄새도 없애는 걸 원했어요 아무래도 본연의 체취가 있는데 애매,0,1,0,0,1,0,0,0,0,0,1,Loyal
blog,2026-04-07,비듬없애는 법 원인 샴푸 관리법 두피 전문가도 강조하는 핵심 주 2 3회 항진균 샴푸 를 사용하고 나머지는 순한 두피 전용 샴푸 로 번갈아 쓰는 방식이 비듬없애는 법으로 가장 효과,0,1,0,0,0,1,0,0,0,0,0,Passive User
blog,2026-04-07,닥터그루트 마이크로바이옴 탈모 샴푸 모르면 손해 보는 두피 약산성 샴푸 장점 탈모예방습관 모발굵어지는법 두피뾰루지원인 비듬없애는 법 홈케어두피관리 환절기탈모예방 출산후탈모시기 내용,0,1,0,1,0,0,1,0,0,1,0,At-risk
blog,2026-04-07,비듬 없애는 방법 두피 자극을 줄이는 것이 비듬 없애는 방법의 첫걸음이에요 샴푸 잔여물 없는 완벽한 헹굼 비듬 의 큰 원인 중 하나가 바로 샴푸 찌꺼기예요 샴푸 시간보다 헹구는 시,0,1,0,1,0,0,0,0,0,1,0,Passive User
blog,2026-04-07,와프랩 긴머리용 비듬 없애는 청소년 샴푸 이에 제가 선택한 제품은 와프랩 긴머리용 비듬 없애는 청소년 샴푸 입니다 이 제품은 특히 긴 머리를 가진 청소년에게 적합하다고 알려져 있어,0,1,0,0,0,0,0,0,0,0,0,Passive User
blog,2026-04-07,민감한 두피 관리부터 비듬 없애는 일상 습관까지 정리 비듬 제거를 위한 천연 방법 중 하나로 식초를 희석한 물로 헹구거나 티트리 오일을 샴푸 에 한 방울 섞어 사용하는 방식이 두피,0,1,0,0,0,0,0,0,0,0,0,Passive User
blog,2026-04-06,4월 두피 각질 해결 아침 vs 밤 머리 감기 최적의 시간은 찬바람으로 두피 속까지 말리기 04 주 1 2회 두피 스케일링 제품 활용 머리감는시간 두피각질제거 아침머리감기 밤에머리,0,1,0,0,0,0,0,0,0,0,0,Passive User
blog,2026-04-06,비듬없애는 방법 식초 샴푸 두피관리 완벽 가이드 혈액순환도 함께 촉진되는 효과가 있어요 ③ 식초 샴푸 혼합법 평소 쓰는 샴푸 에 사과식초 몇 방울을 섞어 사용하는 방법도 비듬없애는,0,1,0,0,0,0,0,0,0,0,0,Passive User
blog,2026-04-06,비듬 제거 샴푸 써도 소용없던 이유 결국 답은 비듬 클리너 과거의 저는 비듬 에 대하여 엄청나게 검색을 했었어요 비듬 샴푸 추천 두피각질제거 방법 비듬 없애는 법 검색할 때마다 나,0,1,0,1,0,0,0,1,1,2,1,Active Switcher
blog,2026-04-06,비듬 없애는 방법 민간요법 효과 있을까 원인 검증법 관리법 지루성 피부염이 원인이라면 피부과에서 항진균 샴푸 나 외용제 처방을 받는 것이 가장 확실한 해결책이죠 비듬 없애는 방법 ,0,1,0,0,0,1,0,0,0,0,0,Passive User
blog,2026-04-06,비듬없애는 방법 두피 상태별로 고르면 쉬워져요 비듬없애는 방법 샴푸 성분부터 제대로 고르면 훨씬 쉬워져요 비듬없애는 방법을 찾을 때 가장 먼저 바꿔야 하는 건 샴푸 선택이에요 같은,0,1,0,1,0,0,1,0,0,1,0,At-risk
blog,2026-04-06,두피 냄새 원인과 제거 방법 총정리 확실하게 잡는 관리법 특히 말라세지아균 같은 곰팡이가 증가하면 비듬 냄새 가려움까지 같이 나타납니다 본 이미지는 두피 냄새 없애는 방법 집에서 ,0,1,0,1,0,0,0,0,0,1,0,Passive User
blog,2026-04-06,두피질환 왜 생길까요 원인부터 치료방법까지 한번에 부족 샴푸 후 두피 미건조 이러한 습관이 지속되면 두피 환경이 나빠지면서 질환이 반복될 수 있습니다 3 이런 증상이 있다면 두피질,0,1,0,0,0,1,0,0,0,0,0,Passive User
blog,2026-04-05,지루성 두피염 vs 일반 비듬 차이 이거 모르면 계속 반복됩니다 비듬 인데 왜 계속 안 낫는 걸까 비듬 이 생기면 대부분 샴푸 를 바꾸거나 자주 감는 것으로 해결하려 태그 지루성두,0,1,0,1,0,1,0,0,0,1,0,At-risk
blog,2026-04-05,비듬 심할 때 절대 하면 안 되는 습관 5가지 오히려 더 어떤 방법을 써봤고 효과가 있었는지 댓글로 공유해 주세요 태그 비듬 원인 비듬없애는 법 두피염증 지루성두피염 두피관리 비듬,0,1,0,1,0,1,0,0,0,1,0,At-risk
blog,2026-04-05,향 좋은 샴푸 추천 바디브 약산성 미오 샴푸 헤어제품추천 바디브트리트먼트 약산성 샴푸 정수리냄새 샴푸 약산성트리트먼트 바디브 샴푸 향기좋은 샴푸 대용량삼푸 대용량트리트먼트 비듬없애,0,1,0,0,1,0,1,0,0,0,1,Loyal
blog,2026-04-05,비듬 제거빗 찾다가 정착한 비듬 클리너 참빗 솔직 후기 비듬 샴푸 로 바꾸면 해결되겠지 싶어서 헤드앤숄더도 써봤고 약국에서 파는 비듬 전용 제품 니조랄 1 2 비듬 클리너 스케일링,0,1,0,0,0,0,0,1,1,1,1,Passive User
blog,2026-04-05,BEST3 두피 고민 해결사 지성 비듬 탈모 완화 인생 샴푸 모음 비듬 은 일시적으로 없애는 게 중요한 게 아니라 생기지 않는 환경을 만드는 게 중요한데 이 샴푸 가 딱 그 역할을,0,1,0,0,0,0,0,0,0,0,0,Passive User
blog,2026-04-05,머리 감아도 계속되는 비듬 샴푸 탓 아니었다 놓치기 쉬운 quot 3주 넘은 입속 궤양 구내염 구강암 차이 결정적 증상 5가지 지금 바로 확인하기 비듬 원인 두피관리 샴푸 방법 건,0,1,0,0,0,0,0,0,0,0,0,Passive User
blog,2026-04-05,미세먼지로부터 모발 보호하고 비듬 없애는 두피 관리 체크리스트 큐티클 사이에 박힌 미세한 입자들은 두피 건강까지 위협하므로 귀가 직후 꼼꼼한 샴푸 루틴이 필요합니다 비듬 제거의 천,0,1,0,1,0,0,0,0,0,1,0,Passive User
blog,2026-04-05,여수두피건선치료 혈액정화로 뿌리를 다스리다 머리를 감아도 금세 쌓이는 비듬 같은 각질 때문에 어두운색의 옷을 입기 꺼려지고 사람들의 시선이 따라서 건선치료의 궁극적인 목표는 단순히,0,1,0,0,0,1,0,0,0,0,0,Passive User
blog,2026-04-04,비듬 없애는 방법 12가지 비듬 없애는 방법 비듬 없애는 방법 12가지 1 항진균 성분 샴푸 사용 비듬 의 주요 원인인 말라세지아 곰팡이균을 억제하기 위해 케토코나졸이나 징크피리치,0,1,0,0,0,1,1,0,0,0,0,Passive User
blog,2026-04-15,두피 케어 및 탈모관리 미리 위한 아이템 다자르 구공 샴푸 앞으로 더워지는 만큼이나 보다 두피 와 모발에 시원함을 더하 주는 샴푸 쫀득쫀득 모발에 착 달라 붙는 느낌으로 모발 두피,0,1,0,0,0,0,0,0,0,0,0,Passive User
blog,2026-04-15,솔랩 아쿠이픽 두피 스케일러 개운하게 두피각질 케어 제가 요즘 사용 중인 솔랩 아쿠아픽 두피 스케일러 입니다 샴푸 로도 활용 가능한 올인원 제품으로 모공 속 피지와 각질 을 녹여내,0,1,0,0,0,0,0,0,0,0,0,Passive User
blog,2026-04-15,청담동 미용실 비오른헤어 청담점 두피 클리닉 기름지고 두피각질 이 생겨 고민이라 이 문제를 빠르게 해결하고 싶었어요 제 두피 상태를 눈으로 진행되었습니다 두피 에 있는 열감이 싹 ,0,1,0,0,0,0,0,0,0,0,0,Passive User
blog,2026-04-15,엠지에프 두피 탈모전문센터 분당야탑점 두번째는 진짜시원했던 두피 스케일링입니다 각질 피지 비듬 제거해서 모공 막힘을 해소하는 단계로 샴푸 중심 두피 관리 단순 세정이 아니라 두피 ,0,1,0,0,0,0,0,0,0,0,0,Passive User
blog,2026-04-15,시작하는 두피 컨디션 관리 딱 맞는 더블유 헤어 로스 샴푸 추천 비듬예방 두피 보습 두피 순환 헤어케어루틴 헤어클리닉제품 두피각질 제거 두피 관리루틴 20대탈모 두피 강화 샴푸 두,0,1,0,0,1,0,0,0,0,0,1,Loyal
blog,2026-04-15,탈모방지 샴푸 추천 피토페시아 쿨 샴푸 두피각질 제거에도 좋아 게다가 체질이 바뀌었는지 두피각질 때문에 가려움도 심하게 느껴질 때가 있더라고요 탈모와 두피 고민을 동시에 해결할 수,0,1,0,0,0,0,0,0,0,1,1,Passive User
blog,2026-04-15,비듬은 두피 가 건조해서 생길까요 지루성 두피 때문입니다 비듬은 단순 각질 이 아니라 두피 염증 반응입니다 두피 에는 원래 1 두피 완전 건조 필수 2 하루 1회 샴푸 권장 3 미,0,1,0,0,0,0,0,0,0,0,0,Passive User
blog,2026-04-15,부산 망미동 탈모병원 가기전 직접 증상 체크하는 법 모공 주변에 묵은 비듬이나 각질 이 쌓여있다거나 뾰루지가 곳곳에 생겼다면 유해 세균 감염에 의한 지루성 두피 염을 의심해 봐야 ,0,1,0,1,0,1,0,0,0,1,0,At-risk
blog,2026-04-15,비듬 vs 각질 구별법 각질 관리 보습 샴푸 트리트먼트 사용 두피 건조 방지 비듬 관리 두피 전용 샴푸 두피 완전 건조 피지 관리 관리 방향이 완전히 다릅니다 정리 작은 가루 각질,0,1,0,1,0,0,0,0,0,1,0,Passive User
blog,2026-04-15,지루피부염으로 인한 가려움 당신만의 해결책은 무엇인가요 같은 각질 이에요 이런 것들이 두피 에 쌓일 때 비듬 으로 나타나기도 하고 얼굴에서는 여드름처럼 들었고 샴푸 를 사용할 때도,0,1,0,1,0,0,0,0,0,2,0,Passive User
blog,2026-04-15,비듬 예방과 모발 손상을 줄이는 두피 홈케어 원칙 너무 뜨거운 물은 두피 의 유분막을 과도하게 제거하여 오히려 각질 을 유발하게 됩니다 체온과 비슷한 두피 타입별 샴푸 선택의 기준,0,1,0,0,0,0,0,0,0,0,0,Passive User
blog,2026-04-15,비듬 없애는 방법 셀프로 해결했어요 받은 샴푸 로 바꾼 직후였어 선물이라서 그냥 쓰긴 했는데 아무래도 내 두피 타입이랑 안 맞는 것 같았음 살리실릭애씨드 두피 각질 케어 와 덱스판,0,1,0,0,0,0,0,0,0,0,0,Passive User
blog,2026-04-15,피톤치드 향 가득 닥터라파알 맥주효모 샴푸 로 두피 건강 찾기 살리실릭애씨드 성분이 각질 정돈까지 깔끔하게 도와주니 비듬 걱정도 싹 사라졌어요 매일 써도 부담 이런 분들에게 닥터라,0,1,0,0,1,0,1,0,0,1,2,Loyal
blog,2026-04-15,용인 수지 수지구청역 두피 관리 추천 웰킨 두피 탈모센 특히 샴푸 단계에서 두피 가 숨 쉬는 느낌이 확 올라오는데 진짜 머리가 가벼워지고 열감이 빠지는 수지뷰티샵 두피각질 관리 두,0,1,0,0,0,0,0,0,0,1,1,Passive User
blog,2026-04-15,지루성 두피 샴푸 내돈내산 두피 염 증상 완화 방법 이전에 써봤던 제품들은 대부분 비듬 각질 등 세정력을 강조하는 제품들이었다면 클라리파잉 샴푸 는 세정력 보다는 순한 천연성분으로,0,1,0,1,0,0,1,0,0,1,0,At-risk
blog,2026-04-15,문제성 두피 고민 끝 안티트로 샴푸 로 되찾는 편안한 두피 사용자들이 안티트로 샴푸 를 사용한 후 두피의 변화를 경험하고 있습니다 이전에는 샴푸 후에도 느껴지던 답답함이나 간지러움,0,1,0,1,0,0,0,1,1,1,0,Active Switcher
blog,2026-04-15,큐레브 안티트로 샴푸 두피 고민 끝 정착 후기 이 포스팅은 쿠팡 파트너스 활동의 일환으로 수수료를 지급받습니다 두피 고민 끝 큐레브 샴푸 솔직 후기 두피 고민 이제 안녕 본사정품 ,0,1,0,1,0,0,0,1,1,2,1,Active Switcher
blog,2026-04-15,가려움 떡짐 끝 안티트로 샴푸 로 지루성 두피 탈출 솔직 후기 안티트로 샴푸 지루성 샴푸 를 사용한 후 두피의 편안함과 개운함을 경험했다고 합니다 예를 들어 만성적인 가려움증으로 ,0,1,0,1,0,0,0,1,1,2,0,Active Switcher
blog,2026-04-15,안티트로 샴푸 로 문제성 두피 고민 끝 간지러움 탈모 잡아낸 비결 두피 간지러움 탈모 개선 후기 실제로 많은 사용자들이 안티트로 샴푸 를 사용한 후 두피 간지러움이 줄고 머리카락 ,0,1,0,1,0,0,0,1,1,1,0,Active Switcher
blog,2026-04-15,두피 고민 끝 안티트로 샴푸 로 건강한 자신감 되찾으세요 오늘은 문제성 두피에 특화된 안티트로 샴푸 500ml 제품을 통해 두피 건강을 되찾는 여정에 대해 함께 또한 두피 가려움증,0,1,0,1,0,0,0,1,1,2,0,Active Switcher
blog,2026-04-15,두피 고민 끝 큐레브 안티트로 샴푸 500ml 2개 본사정품으로 두피 가려움 완화 모발 부드러움 실제로 많은 사용자들이 큐레브 안티트로 샴푸 사용 후 두피의 가려움증이나 답답함이 ,0,1,0,1,0,0,0,1,1,2,0,Active Switcher
blog,2026-04-15,두피 가려움 각질 안티트로 샴푸 로 속 시원하게 해결한 후기 이 포스팅은 쿠팡 파트너스 활동의 일환으로 수수료를 지급받습니다 두피 고민 안티트로 샴푸 로 해결 두피 고민 혹시 혼자,0,1,0,1,0,0,0,1,1,2,0,Active Switcher
blog,2026-03-25,안티트로 샴푸 지루성 두피 뾰루지 가려움 한 달 사용 효과 후기 안티트로 샴푸 를 알게 되어 사용해봤는데요 생각보다 효과가 안나타난다는 분들도 있고 주관적인 후기 사용 5일 차 가,0,1,0,1,0,0,0,1,1,3,0,Active Switcher
blog,2026-03-24,안티트로 샴푸 약국 후기 부작용 비듬 건성 임산부 모낭염 총정리 안티트로 샴푸 솔직 후기 자세히 보기 두피 케어는 꾸준함이 핵심인 만큼 내 두피 타입에 맞는 제품인지 먼저 꼼꼼하게,0,1,0,0,0,0,0,1,1,1,1,Passive User
blog,2026-03-18,안티트로 샴푸 문제성두피 특화 샴푸 500ml 솔직 사용 후기 안티트로 샴푸 용량 500ml 2개 특징 문제성 두피 집중 케어 피지 amp 각질 관리 쿨링감 깔끔한 레드 컬러 용기,0,1,0,1,0,0,0,1,1,1,0,Active Switcher
blog,2026-03-17,안티트로 샴푸 리뷰 2탄 내돈내산 한달이상 사용 후기 혹시라도 제 블로그 보고 구매하실 분들은 안티트로 샴푸 품절 풀려있고 재고 남아있을때 미리 미리 쟁여두시는거 추천드립니다 이렇,0,1,0,0,0,0,0,1,1,1,1,Passive User
blog,2026-03-17,안티트로샴푸 추천 BEST3 문제성 두피 고민 해결을 위한 완벽 바로 안티트로샴푸 와 그 친구들인데요 저도 한때는 환절기만 되면 일어나는 각질과 시도 때도 없이 유명하다는 샴푸 는,0,1,0,0,1,0,1,1,1,1,2,Loyal
blog,2026-03-11,긁적긁적 두피와 이별 안티트로 샴푸 로 되찾는 꿀피부 두피 실제 사용 후기 들을 살펴보면 가려움증 완화 두피 진정 효과를 경험했다는 의견이 많습니다 순한 성분 건강한 두피 혹시 샴,0,1,0,1,0,0,1,1,1,2,0,Active Switcher
blog,2026-03-07,펌 염색으로 망가진 내 두피 안티트로 샴푸 하나로 되살린 후기 실제로 사용 후 두피 가려움이 줄었다는 후기 가 많은 것을 보면 그 효과를 짐작할 수 있겠죠 안티트로 샴푸 법 2분 ,0,1,0,1,0,0,1,1,1,2,0,Active Switcher
blog,2026-03-07,두피 가려움 비듬 지옥 탈출 안티트로 샴푸 찐 후기 내돈내산 안티트로 샴푸 두피 트러블 잦은 가려움 뚝뚝 떨어지는 비듬 혹시 당신의 이야기인가요 그렇다면 실제 사용자들의 후기 를 ,0,1,0,1,0,0,0,1,1,3,0,Active Switcher
blog,2026-03-03,가렵고 붉은 두피 SOS 안티트로 샴푸 쓰고 비듬 지옥 탈출기 꼼꼼한 성분 구성 올바른 사용법 그리고 긍정적인 사용자 후기 들은 이 샴푸 의 효과를 뒷받침합니다 지금 바로 안티트로,0,1,0,1,0,0,1,1,1,1,0,Active Switcher
blog,2026-03-01,안티트로 샴푸 부작용 건성 지루성 두피 사용법은 건성 지루성 두피별 사용법과 후기 4 자주 묻는 질문 Q amp A 안티트로 샴푸 란 안티트로 는 쉽게 말해 지친 거품이 너무 안 ,0,1,0,1,0,0,1,1,1,1,0,Active Switcher
blog,2026-02-22,안티트로 샴푸 부작용 약국 내돈내산 후기 건성 비듬 임산부 계속해서 안티트로 샴푸 부작용 약국 약국가격 내돈내산 후기 건성 비듬 임산부 등에 대해서도 자세히 알아보세요 안티트로 샴,0,1,0,1,0,0,0,1,1,1,0,Active Switcher
blog,2026-01-28,지루성두피염 큐레브 안티트로 샴푸 추천 효과 내돈내산 머리숱이 줄어들까 겁나고 안 나을까 봐 무섭더라고요 샴푸 도 2개 펌프도 2개 왔어요 저는 병원에서 큐레브 안티트로 샴푸 7일,0,1,0,0,0,1,0,1,1,1,1,Passive User
blog,2026-01-25,안티트로 샴푸 후기 지루성두피염 효과 및 장단점 안티트로샴푸 였어요 오늘은 저처럼 오랜 시간 두피 문제로 고민하셨을 분들을 위해 솔직한 후기 를 지루성두피염 샴푸 중에는 거품이 잘,0,1,0,1,0,1,0,1,1,1,0,Active Switcher
blog,2026-01-11,안티트로 샴푸 지루성두피염 효과 후기 그러다 SNS에서 후기 가 정말 많았던 안티트로 샴푸 를 알게 되었습니다 솔직히 처음엔 반신반의했어요 quot 광고겠지 quot quot 나한,0,1,0,1,0,1,0,1,1,1,0,Active Switcher
blog,2026-01-04,지루성두피염 안티트로샴푸 사용 후기 보통 기능성 샴푸 나 약용 샴푸 는 특유의 약 냄새가 나거나 거품이 잘 안 나서 뻣뻣한 느낌을 주기 제가 직접 사용해 본 경험과 여러 후기 를 ,0,1,0,1,0,1,0,1,1,1,0,Active Switcher
blog,2025-12-24,큐레브 안티트로 샴푸 내돈내산 리뷰 안티트로 샴푸 가격 39 900원 용량 500ml 이거 디자인 진짜 예뿌지 않나효 개인적으로 그래서 머리 감을 때마다 스파 받는 기분임 기분이 ,0,1,0,1,0,0,0,1,1,1,0,Active Switcher
blog,2025-12-10,내돈내산 큐레브 안티트로 샴푸 한달 후기 큐레브 안티트로 샴푸 한 달 후기 내돈내산 건선이 벌써 5년 정도 되어갑니다 컨디션 좋을 때는 금방 사라졌는데 나이도 들고 면역력도 떨어져,0,1,0,0,0,0,0,1,1,1,1,Passive User
blog,2025-12-04,이건 진짜 모르고 지나친다 안티트로 샴푸 지루성 두피염 ㅠㅠ 이건 그냥 놔두면 안 되겠다 싶어서 이것저것 알아보다가 후기 가 워낙 좋고 무려 12차까지 물량이 완판되었다는 안티트로,0,1,0,1,0,0,0,1,1,1,0,Active Switcher
blog,2025-12-02,안티트로샴푸 부작용 성분 효능 찐 후기 두피뾰루지 제거 안티트로샴푸 부작용 내돈내산 후기 안티트로샴푸 에 대해서는 조금 심층적으로 다뤄바야할 내용이라서 개개인에 따른 부작용과 안티,0,1,0,1,0,0,1,1,1,2,0,Active Switcher
blog,2025-12-01,안티트로샴푸 성분 효능 부작용 후기 이성분으로 두피뾰루지제거 안티트로샴푸 효능 후기 안티트로샴푸에 함유된 주요원료에는 다양한 원료 및 성분들이 포함되어 안티트로샴푸 후기 몇 년째 ,0,1,0,1,0,0,1,1,1,2,0,Active Switcher
blog,2025-11-24,안티트로 샴푸 내돈내산 후기 사용법 비듬에 효과 있나 feat 아니라서 진짜 삶의 질 올랐다 두피 때문에 미치겠는 분들 한 번쯤 써보세요 진짜 후회 없을 거예요 적어도 나는 안 했,0,1,0,1,0,0,0,1,1,2,0,Active Switcher
blog,2025-11-21,안티트로 샴푸 성분 분석 실제 후기 약용 샴푸 까지 근 5 6년간 정말 수없이 많은 샴푸 를 써봤는데 그중에서 가장 효과가 좋아서 유일하게 정착한 안티트로 샴푸 실제 후기 남겨볼게,0,1,0,0,0,0,1,1,1,1,1,Passive User
blog,2025-11-19,두피로 고생 중이라면 한 번 써볼만한 안티트로 샴푸 솔직 후기 마무리 후기 두피가 안 좋아지면 정말 일상이 불편해져요 가려움 냄새 각질 트러블 말 안 해도 고통 잘 아실 거예요 안,0,1,0,1,0,0,0,1,1,3,0,Active Switcher
blog,2025-11-17,안티트로샴푸 효능 성분 개선 핵심정리 성분 효과 후기 안티트로샴푸 의 핵심 기전 직접 써보고 알게 된 사용 팁 그리고 솔직 후기 까지 싹 다 거품 하나도 안 남을 때까지 정 말 꼼,0,1,0,1,0,0,1,1,1,2,0,Active Switcher
blog,2025-11-14,안티트로 샴푸 9주차 후기 않을까 후기 보면 하루만에 좋아졌다는 분들 되게 많은데 아마 그런분들이 초기 분들에 해당하지 않을까 싶어요 어찌됐든 안티트로 샴푸 두피문제 때문에 찾아보,0,1,0,0,1,0,0,1,1,1,2,Loyal
blog,2025-11-12,알리익스프레스 프로모션 코드 최신 업데이트 2025년 11월 com e _c3jVq12n 얘들아 직구했다가 이상한 거 올까 봐 맨날 후기 만 뒤졌지 이제 그럴 필요 없어 알리 안티,0,1,0,1,0,1,0,1,1,1,0,Active Switcher
blog,2025-11-11,안티트로 샴푸 지루성 내돈내산 후기 비듬 가려움 효과 성분 오늘은 지루성 두피염으로 고생하던 제가 직접 구매해서 사용해본 안티트로 샴푸 에 대해 솔직하게 민감한 두피에도 자극이 없,0,1,0,1,0,0,1,1,1,3,1,Active Switcher
blog,2025-11-06,안티트로 샴푸 비듬 지루성 두피염 두피 트러블 효과 안티트로 샴푸 내돈내산 후기 5 1 quot 두피에 자꾸 뭐가 나서 고생했는데 이 샴푸 쓰고는 두피가 깨끗해진 게 느껴져요 qu,0,1,0,1,0,0,0,1,1,3,0,Active Switcher
blog,2025-11-04,안티트로 샴푸 지루성 두피염 가려움 비듬 완화 후기 안티트로 샴푸 내돈내산 후기 5 1 quot 출근 전 머리 때문에 스트레스가 심했는데 이 샴푸 쓰고 나서 두피가 시원하고 진정된,0,1,0,1,0,0,0,1,1,2,0,Active Switcher
blog,2025-10-11,안티트로 샴푸 500ml 지루성두피염 내돈내산 일주일 찐 후기 특히 후기 가 너무 좋은 안티트로 샴푸 를 써봤어요 단점은 품절이 잘 된다는 것 가격이 비싸다는 점밖에 한번 펌프 하,0,1,0,1,0,1,1,1,1,1,0,Active Switcher
blog,2025-09-10,1탄 지루성두피 끝판왕 조합 안티트로 샴푸 힐모앤 두균억제제 근데 확실히 간지러움이 심한 제가 안 써본 토닉이 없거든요 닥터자르트 올리브영 00제품 등 이것은 것보다 안티트로 샴푸,0,1,0,1,0,0,0,1,1,1,0,Active Switcher
blog,2025-08-26,두피염 완화에 좋다고 소문난 큐레브 안티트로 샴푸 사용 후기 안티트로 샴푸 가 효과가 있었다는 후기 들이 꽤 많이 보이더라고요 가격 대비 용량은 작은 편이라 가성비가 좋진 않지만 ,0,1,0,1,0,0,0,1,1,1,0,Active Switcher
blog,2025-08-14,안티트로 샴푸 효과 및 사용자 후기 지루성 두피염과 탈모 안티트로샴푸 지루성두피염 두피가려움 탈모예방 샴푸 두피각질개선 천연성분 샴푸 두피진정 민감성두피 샴푸후기 안티트로 사용기 ,0,1,0,1,0,1,1,1,1,3,0,Active Switcher
blog,2025-08-07,지루성 두피염 큐레브 안티트로 샴푸 사용 후기 내돈내산 그래서 인터넷 서치를 하던중 큐레브 안티트로 샴푸 를 발견했습니다 긴가민가 하는 마음에 살까말까 고민하다가 후기 도 좋고 속,0,1,0,1,0,0,1,1,1,1,0,Active Switcher
blog,2025-06-26,내돈내산 뷰티 두피염증 amp 문제성두피 특화 안티트로샴푸 안티트로 샴푸 두피염증 지루성두피염 등 문제성두피 특화 지난 4월 겨울 끝나고 봄바람 살랑살랑 그래서 열심히 서칭해본 결,0,1,0,1,0,1,0,1,1,1,0,Active Switcher
blog,2025-06-20,안티트로 샴푸 내돈내산 후기 효과 사용법 제거와 장벽 강화를 동시에 케어할 수 있는 복합 기능성 제품입니다 계속해서 안티트로 샴푸 효과 성분 사용법 내돈내산 후기 내용을 보시려면 ,0,1,0,1,0,0,1,1,1,1,0,Active Switcher
blog,2025-05-12,두피 가려움 amp 트러블 극복 과정 안티트로 샴푸 후기 두피루틴공유 ㅎㅎ 그와중에도 샴푸 후기 를 가져왔답니다 제가 환절기 마다 고생하는게 하나 있는데 피부 뒤집어 친구가 생일 ,0,1,0,1,0,0,0,1,1,3,0,Active Switcher
blog,2025-04-26,안티트로 샴푸 90일차 내돈내산 후기 솔직 후기 안티트로 샴푸 패키징 맘에 듬 고급지다 안티트로 샴푸 는 항진균 클렌징 이쪽 계열은 아님 오히려 그래서 선택했다 나는 좀 두피가 예,0,1,0,1,0,1,0,1,1,3,0,Active Switcher
blog,2025-04-24,큐레브 안티트로 샴푸 내돈내산 임산부 지루성두피염 치료 후기 그래도 효과 없으면 무조건 환불처리도 진행해주더라구요 그래서 부담없이 일단 시도해보시는걸 추천드려요 그럼 여기까지 안티,0,1,0,1,0,1,0,1,1,2,1,Active Switcher
blog,2025-04-24,안티트로샴푸 큐레브 지루성 두피염에 써본 후기 아는 지인분이 안티트로 샴푸 라고 치료용 샴푸 를 선물해줬는데 큐레브 안티트로 샴푸 지루성 두피염 사용 후기 이게 효과가 너무 좋아서,0,1,0,1,0,1,0,1,1,1,0,Active Switcher
blog,2025-02-04,안티트로 트러블 특화 샴푸 두달째 찐 후기 안티트로 트러블 특화 샴푸 두달째 찐 후기 독박육아에 집안일까지 겹치다보니까 스트레스가 쌓였는지 언제부턴가 두피에 염증 트러블 여드름 이,0,1,0,1,0,0,0,1,1,3,0,Active Switcher
blog,2024-11-30,안티트로 지루성두피 특화 샴푸 4주차 후기 안티트로 지루성성두피 특화 샴푸 후기 지루성두피염 특히 두피 여드름이랑 염증이 너무 심하다 아니 요 몇달간 갑자기 더 심해진것 같다 원래,0,1,0,1,0,1,0,1,1,2,0,Active Switcher
blog,2026-04-15,부산 해운대 탈모 셀비오 해운대점 관리 편안해지고 추천 두피 열도 내려가고 피지가 1차적으로 정리됨 자극이 없어 더 좋았던 관리 1회만으로 탈모관리 부산해운대탈모 해운대탈모 해운대,0,1,0,0,0,0,0,0,0,1,1,Passive User
blog,2026-04-15,lt 수원 gt 탈모가 신경쓰인다면 광교 두피 관리샵 모디슨 광교점 있는데요 두피 는 스케일링이 정말 중요하대요 샴푸 가 우리 머리 안에있는 노폐물을 다 광교점 추천 드립니다 광교,0,1,0,0,1,0,0,0,0,0,1,Loyal
blog,2026-04-15,탈모 샴푸 추천 지성 두피 두피 가려움 케어까지 가능한 몽잘 추천 드리고 싶어요 요즘처럼 두피 관리 중요한 시기에 한 번 써보셔도 좋을 것 같아요 구매링크 몽잘탈모 샴푸 몽잘커피 ,0,1,0,0,0,0,0,0,0,1,1,Passive User
blog,2026-04-15,파주 두피 케어 리데이 헤드스파 지루성두피 후기 관리사님이 추천 해 주셔서 남편은 지루성 두피 염 완화에 도움을 주는 티트리 오일로 결정 1 두피 진단 스케일링제를 두피 에 도포하,0,1,0,0,1,0,0,0,0,0,1,Loyal
blog,2026-04-15,두피 건강 놓치지 않을 거예요 나에게 딱 맞는 케어 가이드 어떤 분들은 지성 두피 인데도 건성용 제품을 쓰거나 민감성 두피 인데도 강한 세정력의 샴푸 를 써서 예를 들어 만성적인 ,0,1,0,1,0,0,0,0,0,1,0,Passive User
blog,2026-04-15,두피 건선 샴푸 내돈내산 건성러가 말아주는 후기 추천 까지 받았어요 병원도 진짜 고민했지만 솔직히 두피 를 보여주는 것도 민망하고 약 쓰는 건 너무 과하다고 생각해 일단 샴푸 부터,0,1,0,0,1,1,0,0,0,0,1,Loyal
blog,2026-04-15,머리 하루 한번 두번 저녁 샴푸 추천 보통 두피 하루 1번 또는 격일 운동 땀 많으면 하루 1번 건성 두피 굵은 모발 곱슬 2 3일 간격도 가능 너무 자주 감으면 푸석해질 수 있음,0,1,0,0,1,0,0,0,0,0,1,Loyal
blog,2026-04-15,하남 두피 밥 후기 여름철 두피 관리 제대로 받고 온 솔직 후기 2 두피 클렌징 본격적으로 두피 를 깨끗하게 정리해주는 단계입니다 평소에 샴푸 만으로는 잘 안 두피 케어 여름 두피,0,1,0,0,1,0,0,0,0,0,1,Loyal
blog,2026-04-15,지루성 두피 염 안 낫는 이유 웰킨 두피 탈모센터 송파문정점 상담 선생님의 추천 으로 저는 이날 lt 트러플산소케어 gt 를 진행하기로 했습니다 지루성두피 염 케어 받은 두피 스케,0,1,0,0,1,0,0,0,0,0,1,Loyal
blog,2026-04-15,부모님 효도선물로 김포 두피 관리 WT메소드 김포점 예약해드린 부모님과 함께 다같이 방문해보려고해요 미리미리 김포 두피 관리 받고 지루성두피 나 탈모 예방하세요 김포헤드스파 김포 ,0,1,0,0,1,0,0,0,0,0,1,Loyal
blog,2026-04-15,좋은 바디브 미오 샴푸 정수리냄새 비듬 지루성 두피 떡짐 해결 단백질 샴푸추천 바디브미오 샴푸 바디브 샴푸 지루성두피샴푸 비듬 샴푸추천 약산성 샴푸 대용량 샴푸 향좋은 샴푸 디렉터,0,1,0,0,1,0,1,0,0,0,1,Loyal
blog,2026-04-15,수원 건강한 두피 관리 영통 두피 관리 추천 두피 밥 수원점 후기 염증성 지루성 두피 에 좋음 알콜의 20배이상 살균소독으로 무좀 비듬에 효과 가려움 증상 완화 및 이후 샴푸 실에,0,1,0,0,0,0,0,0,0,1,1,Passive User
blog,2026-04-15,인천 주안 헤드스파로 건강한 두피 를 위한 관리 시작 후기 추천 해드리려해요 1 WT메소드 주안점 방문 계기 사실 헤드스파나 두피 클리닉은 미용실에서 보통 두피 노폐물 각질은 집에,0,1,0,0,1,0,0,0,0,0,1,Loyal
blog,2026-04-15,샴푸 추천 탈모 샴푸 찾는다면 몽잘 바리스칼프 로즈마리 샴푸 개운한 샴푸 좋아하는 분이나 지성 두피 인 사람한테 진짜 추천 해요 개인적으로 향이 좋고 민감성 탈모 샴푸 카페인 샴푸,0,1,0,0,0,0,0,0,0,1,1,Passive User
blog,2026-04-15,각질 단순 비듬일까 두피 유형별 원인과 인생 샴푸 추천 가이드 유형별 샴푸 amp 트리트먼트 추천 리스트까지 완벽하게 정리해 드립니다 1 내 두피 는 어떤 상태일까 유형 진단 각질,0,1,0,0,1,0,0,0,0,0,1,Loyal
blog,2026-04-15,지루성두피샴푸 고민 끝 모미래 핑크솔트 두피샴푸 로 시작하는 글 읽어주셔서 감사하고 모두 아름다운 하루 보내세요 안녕 지루성두피샴푸 모미래 핑크솔트 두피샴푸 모미래 샴푸 탈모 샴푸,0,1,0,0,1,0,1,0,0,0,1,Loyal
blog,2026-04-15,두피 타입별 맞춤 케어 건강한 모발을 위한 필수 가이드 민감성 두피 는 작은 자극에도 쉽게 붉어지고 가렵거나 따가움을 느끼는 타입이에요 자극적인 샴푸 나 문제성 두피 케어 비듬 지,0,1,0,1,0,0,1,0,0,2,0,At-risk
blog,2026-04-15,약국 비듬 샴푸 비듬약 샴푸 써봐도 진정 안될때 해결법 의1사 선생님이 추천 해 주셨지만 바로 구입하는게 살짝 걱정이되더라구요 ㅋ 그래서 소리 젠 샴푸 에 대해서 알아봤더니 임상시,0,1,0,0,1,0,0,0,0,0,1,Loyal
blog,2026-04-15,살림백서 약산성 샴푸 유칼립투스 비듬 무실리콘 지성 민감성 저희 집에는 저처럼 민감성 두피 인 사람도 있고 남편처럼 지루성 두피 염이 있는 사람도 있고 아이들도 민감성 두피 라 순,0,1,0,0,1,0,1,0,0,0,1,Loyal
blog,2026-04-15,탈모 샴푸 지루성 두피 샴푸 비듬 가려움 맥주효모 약산성 천연 결론적으로 탈모 샴푸 맥주효모 지루성 두피 샴푸 비듬 가려움 임산부 100ml 1개는 지루성 두피 로 고민하거나 머리,0,1,0,0,0,0,1,0,0,1,1,Passive User
blog,2026-04-15,부산 정수리 탈모 예방 세안 후 샴푸 가 정답인 이유 부산 지루성두피 염 관리 전문점 닥터모아젠 관리 전후 사진 세안 잔여물과 산화된 피지가 만나면 딱딱한 산화피지물이 형성되어 일,0,1,0,0,0,0,0,0,0,0,0,Passive User
blog,2026-04-15,비듬전용 샴푸 추천 두피 각질 해결 비듬전용 샴푸 추천 두피 각질 해결 꽤 오랫동안 고민이 있었는데요 머리가 간지럽고 비듬 생겨서 일을 후기들을 봤는데도 가려움이나 각질에 많은 도,0,1,0,0,0,0,0,0,0,1,1,Passive User
blog,2026-04-15,지루성 두피 고민 끝 메르필 AC매직 샴푸 로 되찾은 개운함 만약 여러분도 저처럼 잦은 비듬 두피 가려움증 과도한 유분기 등으로 스트레스 받고 있다면 메르필 지루성 두피 약산성 샴,0,1,0,0,0,0,1,0,0,1,1,Passive User
blog,2026-04-15,탈모치료의 완성은 모앤 두피 탈모 광교 직영점에서 문제 증상 완화 뿐만 아니라 10년간 앓아온 두부건선 지루성두피 염 호전에도 탁월한 효과가 있어서 두피 로 고민하시는 이웃분들 계,0,1,0,0,1,1,0,0,0,0,1,Loyal
blog,2026-04-15,티샤 지루성 두피 염 전용 샴푸 가려움과 비듬 걱정 덜어줄 친구 머리 가려움과 냄새 비듬으로 스트레스 받는 분들께 이 제품을 추천 드립니다 특히 500ml의 넉넉한 용량으로 오랫동,0,1,0,0,0,0,0,0,0,1,1,Passive User
blog,2026-04-15,안산 지루성두피 염 두피 질환 치료법 대개 추천 되는 치료법으로는 다음과 같은 것들이 있습니다 약물 치료는 피부과에서 흔히 처방하는 특히 항진균 성분이 들어간 샴푸 는 지루성두피 ,0,1,0,0,1,1,1,0,0,0,1,Loyal
blog,2026-04-15,오프온 B7블랙빈 쿨 샴푸 솔직 사용기 가격 비교 강력 추천 합니다 올리브영 할인 기간을 활용하여 합리적인 가격으로 만나보시길 바랍니다 오프온 B7블랙빈쿨 샴푸 쿨 샴푸 지루성두피,0,1,0,0,1,0,1,1,0,0,1,Loyal
blog,2026-04-15,지루성두피 염 완화 오프온 쿨 샴푸 사용 후기 최근에 두피 문제로 고민하던 차에 친구의 추천 으로 오프온 지루성두피 염 볼륨 탈모완화 쿨 샴푸 를 만나게 되었어요 비듬 예방과 탈모,0,1,0,0,1,0,0,0,0,0,1,Loyal
blog,2026-04-15,닥터그루트 클리니컬 릴리프 두피 샴푸 써보니 이렇다 닥터그루트 샴푸 추천 템으로 꼭 기억해 주세요 닥터그루트 닥터그루트 샴푸 클리니컬릴리프 지루성두피샴푸 약산성 샴푸 두피 스케일러,0,1,0,0,1,0,1,0,0,0,1,Loyal
blog,2026-04-15,21 시월다래 친환경 중성 샴푸 15L 비듬 두피 냄새 케어 청소년 민감성 두피 라 강한 성분 피하고 싶은 분에게 중성 샴푸 로 부담이 적어서 추천 하고 싶어요 2 1 구성은 다가,0,1,0,0,0,0,1,0,0,1,1,Passive User
blog,2026-04-15,율량동 헤드스파 이담헤드스파 남자친구 두피 힐링 제대로 그래서인지 지루성두피 염이나 가려움증 때문에 남모르게 고생을 좀 했거든요 머리카락도 예전보다 힘이 없어지는 것 같아 걱정하던,0,1,0,1,0,0,0,0,0,1,0,Passive User
blog,2026-04-15,약산성 단백질 샴푸 향기좋은 바디브 미오 샴푸 추천 2025 샴푸 TOP OF TOP 선정 지루성 두피 부문 됐다고 하니 이젠 인기 샴푸 로 많이들 사용하실 것 같아요 샴푸 두피 ,0,1,0,0,0,0,1,0,0,1,1,Passive User
blog,2026-04-15,미사역 두피 관리 하남 지루성두피 미사역 두피 밥에서 남자 안마의자 누워서 샴푸 가능 안마의자를 눕혀서 그 위에 편안하게 눕고 눈에는 안대를 덮어줘요 그 하남 지루성두피 로 고민 ,0,1,0,0,1,0,0,0,0,0,1,Loyal
blog,2026-04-15,지루성 두피 샴푸 1 1 정착 후기 6개월 사용 꿀팁 지루성 두피 때문에 고민이시라면 이 약산성 샴푸 꼭 한번 써보시길 강력 추천 드려요 제 후기가 조금이나마 도움이 되었으면 좋겠,0,1,0,0,1,0,1,0,0,0,2,Loyal
blog,2026-04-15,익산 지루성두피 염 피부과 선택 전에 살펴볼 관리 방법 의료진의 가이드에 따라 선별된 항염 제품이나 바르는 연고 세정용 샴푸 등을 사용하며 가려운 감각을 관련하여 익산 지루성두피 ,0,1,0,0,1,1,0,0,0,0,1,Loyal
blog,2026-04-14,30대부터는 두피 관리 미사역 두피 관리 두피 밥 방문 후기 두피 스케일링에 들어갑니다 췩췩 너무 시원해 보이더라고요 꼼꼼하게 샴푸 에 들어갔어요 잘 헹궈준 미사탈모관리 하남탈모관,0,1,0,0,1,0,0,0,0,0,1,Loyal
blog,2026-04-14,오월의아침 콜레세라 샴푸 후기 민감성 두피 샴푸 추천 이유 네이버 구매시 최대 32 48 까지 할인된 금액으로 구매가 가능하니 꼭 들러보세요 오월의아침 콜레세라샴푸 민감성두피샴푸 ,0,1,0,0,0,0,1,0,0,1,1,Passive User
blog,2026-04-14,모앤영 김포장기점 김포 두피 관리 열감 각질 비듬 케어후기 이용을 추천 드려요 1시간에 1 500원이라는 아주 저렴한 금액이기 때문에 전혀 부담없었어요 장기1 50 할인 된 저렴한,0,1,0,0,0,0,0,0,0,1,1,Passive User
blog,2026-04-14,수원 지루성두피 염병원 추천 하는 곳 지루성두피 염 진행 양상과 수원 지루성두피 염병원 추천 하는 곳 지루성두피 염 진행 양상과 원인 반가워요 수원 근방에서 여러 피부 지루성두피 ,0,1,0,0,0,1,1,0,0,1,1,Passive User
blog,2026-04-14,비듬 두피 탈모 집중케어 두피 관리 전문가가 직접 관리 교육 두피 진단부터 관리 헤어시술까지 한번에 010 이런 분들께 추천 드립니다 비듬이 반복되는 두피 유수분 불균형 잘못된 샴,0,1,0,0,1,0,0,0,0,0,1,Loyal
blog,2026-04-14,지성 두피 아워케미 피그 블로섬 토탈 스칼프 케어 샴푸 각질 고민 있으신 분 상쾌한 두피 케어를 원하는 분 샴푸 의 플로럴 향을 원하는 분 추천 드려요 아워케미 피그 블로섬 토탈 ,0,1,0,0,1,0,0,0,0,0,1,Loyal
blog,2026-04-14,모미래 핑크솔트 두피샴푸 지루성두피샴푸 추천 사실 저처럼 오후만 되면 머리가 금방 떡지고 자꾸만 손이 정수리로 향해서 고민인 분들이라면 아마 지루성두피샴푸 유목민 생활을 한 번쯤은,0,1,0,0,1,0,0,0,0,0,2,Loyal
cafearticle,,헤드앤숄더 가려운 두피케어 트리트먼트 1 1L 1개 리뷰 두피 가려움과 건조함을 동시에 편안하게 잡아준 오늘은 제가 실제로 구매해 꾸준히 사용한 헤드앤숄더 가려운 두피케어 트리트먼,0,0,1,1,0,0,0,0,0,2,0,Passive User
cafearticle,,헤드앤숄더 비듬샴푸 추천 약산성 비교 사용 후기 헤드앤숄더 비듬샴푸 추천 약산성 비교 사용 후기 사실 큰 샴푸를 굴절해 본 1인 이참에 산 상품 너무 뜻에 드는데요 우선 페로몬 향,0,0,1,0,1,0,1,1,0,0,1,Loyal
cafearticle,,헤드앤숄더 두피 토탈 솔루션 딥클린 샴푸 후기 오늘은 제가 최근에 사용해본 헤드앤숄더 두피 토탈 솔루션 딥클린 샴푸에 대한 후기 를 남겨보려고 해요 제가 두피 관리에 신경을 많이 ,0,0,1,0,0,0,0,0,0,0,0,Passive User
cafearticle,,헤드앤숄더 클리니컬 스트렝스 왜이러죠 좀 알아보고 살걸 후기 만 보고 직구한게 진짜 후회돼요ㅠ 게다가 헤드앤숄더 클리니컬 스트렝스 쓴 뒤로 머리 빠지는양이 확 늘었어요 한번만 감아,0,0,1,1,0,0,0,0,0,1,0,Passive User
cafearticle,,헤드앤숄더 클리니컬 스트렝스 어때요 헤드앤숄더 클리니컬 스트렝스 직접 써보신 분들 후기 가 듣고 싶어요ㅜㅜ 헤드앤숄더 클리니컬 스트렝스 사실 샤워할 때마다 빠지는 머리카락 양이 점,0,0,1,0,0,0,0,0,0,0,0,Passive User
cafearticle,,헤드앤숄더 스트렝스 써보신 분 헤드앤숄더 스트렝스 블로그 후기 들 보면 헤드앤숄더 스트렝스가 세정력이 좋다고 하는데 혹시 너무 강해서 오히려 두피가 건조해지거나 그런 건 없을까요 ,0,0,1,0,0,0,0,0,0,0,0,Passive User
cafearticle,,헤드앤숄더 울트라 쿨멘솔 샴푸 사용 후기 오늘은 코스트코에서 구매한 헤드앤숄더 울트라 쿨멘솔 샴푸에 대해 이야기해보려고 해요 요즘 날씨가 사용해보고 나니 헤드앤숄더 울트라 쿨멘솔 ,0,0,1,1,0,0,0,0,0,1,0,Passive User
cafearticle,,헤드앤숄더 두피 토탈 솔루션 딥클린 샴푸 1 2L 13 090원 무통보 삭제글 운영진 승인없는 글 댓가성 후기 글 스튜디오 백일 공구 전통돌상 성장동영상 출산선물 젖병소독기 신생아,0,0,1,0,0,0,0,0,0,0,0,Passive User
cafearticle,,헤드앤숄더 두피 토탈 솔루션 애플프레쉬 두피 트리트먼트 후기 오늘은 제가 최근에 사용해본 헤드앤숄더 두피 토탈 솔루션 애플프레쉬 두피 트리트먼트에 대해 솔직하게 후기 를 남겨보려고,0,0,1,0,0,0,0,0,0,0,0,Passive User
cafearticle,,헤드앤숄더 건성 두피 케어 샴푸 코코넛 플로럴향 가성비 실화 솔직 리뷰 공유합니다 헤드앤숄더 건성 두피 케어 샴푸 코코넛 플로럴향 후기 건성 두피를 위한 섬세한 케어 헤드앤숄더 건,0,0,1,0,0,0,0,0,0,0,0,Passive User
cafearticle,,헤드앤숄더 두피 토탈 솔루션 딥클린 샴푸 사용 후기 오늘은 제가 최근에 사용해본 헤드앤숄더 두피 토탈 솔루션 딥클린 샴푸에 대해 여러분께 솔직한 후기 를 남기려고 해요 요즘처럼 건,0,0,1,0,0,0,0,0,0,0,0,Passive User
cafearticle,,헤드앤숄더 쿨멘솔 쓸지말지ㅠ 고민돼요ㅠㅠ 헤드앤숄더 쿨멘솔 후기 보면 시원해서 좋다는 사람도 있고 오히려 따갑다는 얘기도 있어서 더 헷갈려요 요즘은 머리 감기 전부터 괜히 두피 상,0,0,1,0,0,0,0,0,0,0,0,Passive User
cafearticle,,헤드앤숄더 가려운두피 원래 이런건가요 혹시 헤드앤숄더 가려운두피 써보신 분 계신가요 헤드앤숄더 가려운두피 원래 이런건지 궁금해서 글 남겨봐요 요즘 들어 두피가 계속 가려워서 너무 ,0,0,1,0,0,0,0,0,0,0,0,Passive User
cafearticle,,헤드앤숄더 비듬샴푸 탈모에도 도움이 될까요 따갑다는 후기 도 있던데 헤드앤숄더 비듬샴푸는 어떤가요 두피가 예민한 편이라서 자극적인 성분 들어간 제품 쓰면 가려움증 생기거나 각질이 ,0,0,1,1,0,0,1,0,0,2,0,At-risk
cafearticle,,헤드앤숄더 두피 토탈 솔루션 샴푸 쿨 멘솔 사용 후기 오늘은 최근에 제가 사용해본 헤드앤숄더 두피 토탈 솔루션 샴푸 쿨 멘솔에 대한 후기 를 남겨볼까 해요 요즘 어쩐지 두피가 간지,0,0,1,0,0,0,0,0,0,0,0,Passive User
cafearticle,,직접 비교해봤습니다 헤드앤숄더 두피 토탈 솔루션 샴푸 딥클린 최종 추천 사용 후기 를 꼼꼼히 비교해 보시고 자신에게 맞는 제품을 선택하는 것이 중요합니다 헤드앤숄더 두피 토탈 솔루,0,0,1,0,1,0,0,1,0,0,1,Loyal
cafearticle,,헤드앤숄더 클리니컬 스트렝스 고민ㅠ 그래서 헤드앤숄더 클리니컬 스트렝스 이거 찾아보게 됐는데 후기 보면 좋다는 글도 있고 그냥 그렇다는 글도 있어서 더 헷갈리더라구요 괜히 바꿨다가,0,0,1,0,0,0,0,0,0,0,0,Passive User
cafearticle,,헤드앤숄더 프로페셔널 안티 댄드러프 샴푸 진짜 만족스럽네요 중에 헤드앤숄더 프로페셔널 안티 댄드러프 어드밴스드 오일 컨트롤 샴푸를 사용해보기로 결심했어요 가격은 25 400원이더라,0,0,1,0,0,0,0,0,0,0,0,Passive User
cafearticle,,헤드앤숄더 클리니컬 스트렝스 어때요 헤드앤숄더 클리니컬 스트렝스 써본 분들 후기 궁금해서 글 남겨요 요즘 정수리 쪽이 너무 훤히 들여다보여서 스트레스가 이만저만이 아니에요ㅠㅠ 머리,0,0,1,0,0,0,0,0,0,0,0,Passive User
cafearticle,,헤드앤숄더 딥클린 왜이래요 도대체 왜이럴까요ㅜㅜ 헤드앤숄더 딥클린 후기 찾아보니까 저처럼 두피 트러블 올라왔다고 얘기하는 분들도 꽤 있는 것 같더라고요 그래서 더 혼란스러워요 저처,0,0,1,1,0,0,0,0,0,2,0,Passive User
cafearticle,,P amp G 헤드앤숄더 쿨 멘솔 린스 사용 후기 안녕하세요 오늘은 제가 최근에 구매한 P amp G 헤드앤숄더 쿨 멘솔 린스에 대해 이야기해보려고 해요 이 P amp G 헤드앤숄,0,0,1,0,0,0,0,0,0,0,0,Passive User
cafearticle,,두피 가려움 때문에 고민이라면 헤드앤숄더 토탈 솔루션으로 해결해봤어요 그래서 제가 직접 사용해 헤드앤숄더 토탈 솔루션 샴푸를 바탕으로 두피 가려움 관리 방법부터 제품 후기 까지 싹,0,0,1,0,0,0,0,0,0,1,1,Passive User
cafearticle,,정수리 샴푸 광고 사절 감이 안와요 서칭을 해보니 gd샴푸 헤드앤숄더 쓴다는 글이 많이 보이네요 집에서 어른들은 헤드앤숄더 쓰고 있어요 gd샴푸 헤드앤숄더 쓰시는분 찐 후기 듣고 ,0,0,1,0,1,0,0,0,0,0,1,Loyal
cafearticle,,헤드앤숄더 가려운두피케어 샴푸 사용 후기 안녕하세요 오늘은 제가 최근에 사용해본 헤드앤숄더 가려운두피케어 샴푸에 대해 얘기해보려고 해요 그동안 가려움이 심해서 신경이 많이 썼는데 ,0,0,1,1,0,0,0,0,0,1,0,Passive User
cafearticle,,헤드앤숄더 스트렝스 괜찮나요 헤드앤숄더 스트렝스 괜찮나요 헤드앤숄더 스트렝스 요즘 이거 계속 고민이에요ㅠㅠ 두피 트러블이 진짜 점점 심해지는 느낌이라 이제는 그냥 넘길 수가 없네요,0,0,1,1,0,0,0,0,0,1,0,Passive User
cafearticle,,헤드앤숄더 가려운 두피 케어 샴푸 850ml 효과 어떠셨나요 이대로 가다간 탈모까지 진행될 것 같아서 너무 불안합니다 헤드앤숄더 가려운 두피 케어 샴푸 사용해보신 분들 계신가요 정,0,0,1,1,0,0,0,0,0,1,0,Passive User
cafearticle,,헤드앤숄더 클리니컬 스트렝스 당황 혹시 저만 그런 건가 싶어서 헤드앤숄더 클리니컬 스트렝스 후기 들을 좀 찾아봤는데 저처럼 비슷하게 더 악화됐다는 글들도 꽤 보이더라고요 헤드앤숄더,0,0,1,0,0,1,1,0,0,0,0,Passive User
cafearticle,,헤드앤숄더 건성 두피 케어 샴푸 써보신 분 어떠셨나요 혹시 헤드앤숄더 건성 두피 케어 샴푸 써보신 분들 계신가요 건조하고 민감한 두피에도 자극 없이 쓸 수 있는지 궁금하고 실제로 ,0,0,1,1,0,0,0,0,0,1,0,Passive User
cafearticle,,헤드앤숄더 가려운 두피케어 트리트먼트 사용 건조하고 가려운 두피에 찾아온 놀라운 편안함 오늘은 제가 직접 구매하고 사용하며 감탄한 헤드앤숄더 가려운 두피케어 트리트먼트 후기 를 들,0,0,1,0,0,0,0,0,0,0,0,Passive User
cafearticle,,헤드앤숄더 비듬샴푸 직구 효과 어떠셨나요 헤드앤숄더 효과가 좀 다르다는 얘기들을 봤는데 직구로 사야 하는 건지도 잘 모르겠고요 이런 상황에서 헤드앤숄더 비듬샴푸 써보신 분들 계신가,0,0,1,0,0,0,0,0,0,0,0,Passive User
cafearticle,,헤드앤숄더 가려운두피 정말 효과 있어요 헤드앤숄더 가려운두피 정말 효과 있어요 요즘 두피가 너무 간지러워서 진짜 스트레스 장난 아니에요ㅠ 가만히 있어도 자꾸 간질간질하고 신경 쓰여,0,0,1,0,0,0,0,0,0,0,0,Passive User
cafearticle,,초5랑 중1 남자아이 샴푸 추천해주세요 초5 갑자기 비듬도 생기고 냄새도 나고하네요 중1은 계속 머리를 만지고 간지럽다고해요 요즘 갑자기 그러네요 샴푸도 쓰던거 별탈없이 썼었는데 ,0,0,1,0,1,0,0,0,0,0,1,Loyal
cafearticle,,청소년 샴푸 추천 BEST 비듬 두피 고민 한 번에 해결 ㅎㅎ 그래서 오늘은 청소년 샴푸 선택부터 실제 사용 후기 까지 한 번에 정리해드릴게요 청소년 샴푸 지금 가장 반응 좋은 청,0,0,1,0,1,0,0,0,0,0,1,Loyal
cafearticle,,2026 03 25 쇼핑 후기 헤드앤숄더 살까 하다가 할인해서 블랙포레 샴푸로 사봤어요 아직 써보진 않았지만 두피랑 탈모에 좋다고 하니 좀더 더워지면 시원하게 써도 좋을것 같아요 ,0,0,1,0,0,0,0,0,0,0,0,Passive User
cafearticle,,지성두피라 고민이에요ㅠㅠ 안녕하세요 모여라리뷰 입니다 카페활동 친목 수다글 없이 업체추천 및 후기 글만 작성시 글삭제 및 요새 날이 더워져서 그런가 싶기도 한데 일단 피부과 가볼까,0,0,1,0,1,1,0,0,0,0,1,Loyal
cafearticle,,헤드앤숄더 스트렝스 별루네요 ㅠㅠ 못해요 헤드앤숄더 스트렝스 후기 를 여러곳에서 보게됐어요 비듬이랑 가려움증에 효과있다는 리뷰가 엄청 많더라구요 헤드앤숄더 스트렝스 별점이 높게 유,0,0,1,0,0,0,0,0,0,1,1,Passive User
cafearticle,,헤드앤숄더 두피 토탈 솔루션 샴푸 쿨 멘솔 1 2L 12 870원 무통보 삭제글 운영진 승인없는 글 댓가성 후기 글 스튜디오 백일 공구 전통돌상 성장동영상 출산선물 젖병소독기 신생,0,0,1,0,0,0,0,0,0,0,0,Passive User
cafearticle,,두피 염증과 진물 때문에 고생하시나요 지루성 두피염 해결에 도움을 준 인생 샴푸 후기 입니다 여러 종류의 제품을 사용해 봤지 만큰 효과를 보지 못하다가 해외 직구로 구한 헤드앤숄더,0,0,1,0,1,0,1,0,0,0,1,Loyal
cafearticle,,헤드앤숄더 클리니컬 스트렝스 쓰신분 헤드앤숄더 클리니컬 스트렝스 말고도 평소에 관리하는 방법이 있을까요 식단이나 생활습관을 바꿔야 하는 건지도 궁금하고요 온라인 후기 들 보면 헤드,0,0,1,0,0,0,0,0,0,0,0,Passive User
cafearticle,,코스트코에서 드디어 나온 헤드앤숄더 클린앤밸런스 대용량 리필형 코스트코에서 드디어 나온 헤드앤숄더 클린앤밸런스 대용량 리필형은 비듬 샴푸 비싸다 라는 공식을 아래에 성분 효과 가격,0,0,1,0,1,0,1,0,0,0,1,Loyal
cafearticle,,헤드앤숄더 스트렝스 어질어질 ㅠㅠ 중에서 후기 수 제일 많고 평점 높은 헤드앤숄더 스트렝스 제품 골라서 샀어요 써보고 처음 열흘 정도는 진짜 눈에 띄게 달라졌어요 헤드앤숄더 스트렝,0,0,1,0,0,0,0,0,0,0,0,Passive User
cafearticle,,헤드앤숄더 스트렝스 탈모에도 도움 될까요 그래서 탈모커뮤니티 후기 를 찾아보다가 헤드앤숄더 스트렝스 샴푸가 지루성두피염 치료에 효과 좋다고 해서 알아보고 있습니다 헤드앤숄더 스트렝,0,0,1,0,0,1,0,0,0,0,0,Passive User
cafearticle,,지성두피 샴푸 ㅜㅜ 프레시팝 모히또 샴푸 헤드앤숄더 딥클린 약국 샴푸나 한살림 두피샴푸도 기름기 쏙 빠진다는 후기 들이 많더라고요 정말 기름기 확 잡히는 지성샴푸 추천 실사용해보고,0,0,1,0,1,0,0,0,0,0,1,Loyal
cafearticle,,헤드앤숄더 프로페셔널 안티 댄드러프 어드밴스드 오일 컨트롤 샴푸 사용 후기 저는 특히 여름철에 땀도 많이 흘리고 외출 후 기 름진 두피가 걱정인데 헤드앤숄더 프로페셔널 안티 댄드러,0,0,1,0,0,0,0,0,0,0,0,Passive User
cafearticle,,3월20일 대전점 쇼핑 후기 헤드앤숄더 리필 2l 16 990 3 500 2리터 대용량 리필용 샴푸예요 대전점 여사님이 행사하고 계셔서 여행용 꺼끌한면으로 닦아주면 각질제거에 피부,0,0,1,0,0,0,0,0,0,0,0,Passive User
cafearticle,,헤드앤숄더 스트렝스 노답 ㅠㅠ 잠도 설치고 일상이 다 두피 중심으로 돌아가고 있어요 헤드앤숄더 스트렝스 후기 를 되게 많이 봤어요 두피 트러블이나 가려움에 효과 좋다는 분들이 많이,0,0,1,1,0,0,1,0,0,2,0,At-risk
cafearticle,,헤드앤숄더 비듬샴푸 써보신 분 어떠셨나요 비듬샴푸 종류도 워낙 많아서 뭘 써야 할지 모르겠고 헤드앤숄더 가 괜찮다는 얘기도 들었는데 확신이 안 서네요 혹시 헤드앤숄더 비듬샴푸 써보,0,0,1,0,0,0,0,0,0,0,0,Passive User
cafearticle,,헤드앤숄더 스트렝스 막막함 ㅠㅠ 이러다가 후기 들 찾아보다가 헤드앤숄더 스트렝스를 알게됐어요 직구 제품이 더 효과 좋다는 얘기가 많아서 구매대행으로 구매했어요 헤드앤숄더 스트렝스는,0,0,1,0,0,0,1,0,0,0,0,Passive User
cafearticle,,헤드앤숄더 두피케어 샴푸 써보신 분 어떠셨나요 제품이 괜찮다는 얘기를 들었는데 정말 도움이 될지 확신이 안 서네요 이런 두피 문제로 고생해보신 분들 중에 헤드앤숄더 두피케어 샴푸 ,0,0,1,0,0,0,0,0,0,0,0,Passive User
cafearticle,,헤드앤숄더 두피 토탈 솔루션 샴푸 딥클린 1 2L 1개 브랜드 제품명 헤드앤숄더 두피 토탈 솔루션 샴푸 딥클린 1 2L 1개 구매처 쿠팡 가격 12970원 장점 양이 넉넉해서 한동,0,0,1,0,0,0,0,0,0,0,0,Passive User
cafearticle,,코스트코 양평점 헤드앤숄더 클린앤밸런스 리필 상품명 헤드앤숄더 클린 앤 밸런스 샴푸 2L 대용량 리필 2 구입지점 예 코스트코 양재점 코스트코 두피 환경이 깨끗하고 건강해야 모발도,0,0,1,0,0,0,0,0,0,0,0,Passive User
cafearticle,,두피 기름기 싹 잡아주는 헤드앤숄더 두피 토탈 솔루션 샴푸 딥클린 찐 후기 헤드앤숄더 두피 토탈 솔루션 샴푸 딥클린 가격이 너무 착해서 혹시 성분이 너무 독하거나 머릿결이 뻣뻣해지,0,0,1,0,1,0,1,0,0,0,1,Loyal
cafearticle,,헤드앤숄더 비듬 샴푸 2in1 클래식클린 지긋지긋한 두피 고민 해결한 솔직 후기 진짜 스트레스가 극에 달했을 때 헤드앤숄더 비듬 샴푸 제품을 다시 보게 됐어요 사실 너무 유명한 브,0,0,1,0,0,0,0,0,0,0,0,Passive User
cafearticle,,헤드앤숄더 2인1 클리니컬 스트렝스 드라이 스칼프 레스큐 샴푸 이렇게 좋았더라고요 그래서 주변의 후기 들을 많이 찾아봤어요 대다수의 사람들에게 좋은 반응을 얻고 있더라고요 결국 선,0,0,1,0,0,0,0,1,0,0,0,Passive User
cafearticle,,헤드앤숄더 가려운 두피케어 브랜드 제품명 헤드앤숄더 가려운 두피케어 구매처 쿠팡 가격 12 630원 장점 가려운 두피에 도움을 쓰고 두피가 괜찮아졌으면 좋겠어요 체험단 후기 작성 ,0,0,1,0,0,0,0,0,0,0,0,Passive User
cafearticle,,헤드앤숄더 울트라 쿨멘솔 샴푸 두피 손상이 군데군데 있다고해서 바꿔봤어요 헤드앤숄더 제품이 가려움이나 비듬완화에 괜찮다고하는데 요제품은 잘 맞길 바래봅니다 체험단 후기 작성 시 위,0,0,1,1,0,0,0,0,0,1,0,Passive User
cafearticle,,머리 가려움 끝판왕 헤드앤숄더 클리니컬 스트렝스 솔직한 사용 후기 추천으로 헤드앤숄더 클리니컬 스트렝스 제품을 알게 됐는데 처음에는 솔직히 반신반의하는 마음이 컸답니다 워낙 유명한,0,0,1,0,0,0,0,0,0,1,1,Passive User
cafearticle,,사춘기 중딩이 샴푸 휴ㅠ 가끔 머리 말려주는 날에는 보면 각질이 많이 일어나서 헉하고 놀랄때가ㅠㅠ 샴푸 바꿔야 할거같은데 헤드앤숄더 써볼까하다가 너무 뽀득 씻겨서 건조해지고 오히려,0,0,1,0,0,0,0,0,0,0,0,Passive User
cafearticle,,헤드앤숄더 베어 퓨어클린 비듬샴푸 지긋지긋한 두피 고민 끝내준 정착템 후기 헤드앤숄더 베어 퓨어클린 비듬샴푸 캐나다 내수용 제품이었어요 처음에는 샴푸 2개에 50 290원이라는 가,0,0,1,0,1,0,0,0,0,0,1,Loyal
cafearticle,,헤드앤숄더 스트렝스 질문이요 부분에서 헤드앤숄더 스트렝스가 괜찮은지 솔직한 후기 가 듣고 싶어요 저처럼 두피 건조하면서 가려움 심한 분들 어떤 샴푸 쓰고 계신지도 공유해주시면 감사,0,0,1,1,0,0,0,0,0,1,0,Passive User
cafearticle,,헤드앤숄더 꿀딜 후기 지성두피라 이 제품만 사용합니다 최근에 할인이 없어서 슬펐는데 오늘 꿀딜로 2개 겟 했습니다 감사합니다 더 주문하다 놓칠까봐 이것만 주문한 것이 조금 아쉽습니,0,0,1,0,0,0,0,0,0,0,0,Passive User
cafearticle,,헤드앤숄더 스트렝스 직구할까요ㅠ 당기지 않는 느낌이면 그게 제일 좋겠거든요 괜히 머리 더 빠질까 봐 요즘 거울 보는 것도 좀 무서워요 비슷하게 두피 예민한 분들 헤드앤숄더 스트렝스,0,0,1,0,0,0,0,0,0,0,0,Passive User
cafearticle,,헤드앤숄더 클리니컬 스트렝스 보라색 썼는데ㅠ 헤드앤숄더 클리니컬 스트렝스 보라색 쓰고 두피 더 망가진 느낌이에요 ㅠ 요즘 두피 때문에 진짜 멘탈 하다가 헤드앤숄더 클리니컬 스트렝스,0,0,1,0,0,0,0,0,0,0,0,Passive User
cafearticle,,헤드앤숄더 클리니컬 스트렝스 질문요 특히 비듬이나 가려움 같은 트러블이 같이 있어서 고생하셨던 분들의 후기 가 너무 궁금합니다 지금은 그냥 마트에서 파는 일반 샴푸 쓰고 있는데 헤,0,0,1,1,0,0,0,0,0,2,0,Passive User
cafearticle,,헤드앤숄더 두피 토탈 솔루션 쿨 멘솔 비듬케어 끝판왕 들어갔나 헤드앤숄더 는 워낙 비듬샴푸로 유명하잖아요 두피 토탈 솔루션 라인은 비듬 원인균 케어에 실사용 후기 솔직 정리 저는 ,0,0,1,0,0,0,0,0,0,0,0,Passive User
cafearticle,,헤드앤숄더 딥클린 써 보신 분 알아보다가 헤드앤숄더 딥클린이 개운하다는 글을 봤어요 기름기 잡아준다는 후기 들도 많고 가격도 부담 없어서 써볼까 고민 중이에요 근데 민감한 두피에 ,0,0,1,0,0,0,0,0,0,0,0,Passive User
cafearticle,,헤드앤숄더 쿨멘솔 써볼까 하는데 바꾸는 것도 이렇게 고민이 되는 상황이에요ㅠㅠ 혹시 헤드앤숄더 쿨멘솔 써보신 분들 계시면 민감성 두피에도 괜찮았는지 궁금해요 가려움이나 기름기 쪽으,0,0,1,1,0,0,0,0,0,1,0,Passive User
cafearticle,,초등 아이 비듬 문의글에 대한 후기 저의 사이버 친정같은 느낌 향기맘 지난 번에 문의글 쓰고 이제사 감사 겸 후기 겸 글을 씁니다 문의글에 댓글도 다 드려야 하는데 이 또한 워킹맘,0,0,1,0,0,0,0,0,0,0,0,Passive User
cafearticle,,헤드앤숄더 이거 효과 있나요 때문인지 헷갈려서 더 답답하네요ㅠㅠ 혹시 헤드앤숄더 써보신 분들 계시면 가려움이나 각질 쪽으로 좀 나아졌는지 솔직한 후기 좀 알려주세요 저처럼 민감성 ,0,0,1,0,0,0,0,0,0,1,1,Passive User
cafearticle,,헤드앤숄더 클리니컬 스트렝스 화딱지 ㅠㅠ 분들 후기 에서는 헤드앤숄더 클리니컬 스트렝스로 지루성 두피염이 일주일 만에 싹 사라졌다는 사람도 있고 비듬이랑 가려움이 완전히 잡혔다는 ,0,0,1,0,0,0,0,0,0,1,1,Passive User
cafearticle,,헤드앤숄더 클리니컬 스트렝스 엉망 ㅠㅠ 제품 후기 들을 엄청 찾아봤어요 그러다 헤드앤숄더 클리니컬 스트렝스를 발견했는데 국내에 정식 유통이 아니라 구매대행으로 구해야 하는 제품이더,0,0,1,0,0,0,1,0,0,0,0,Passive User
cafearticle,,헤드앤숄더 스트렝스 환장 ㅠㅠ 분들 후기 보면 헤드앤숄더 스트렝스로 효과 보셨다는 분들이 많은데 저만 이러고 있으니까 뭘 잘못하고 있는 건지 너무 답답하고 속상해요 사용 방법이 틀,0,0,1,0,0,0,0,0,0,0,0,Passive User
cafearticle,,헤드앤숄더 비듬샴푸 직구 해보신 분 계세요 근데 약한 걸 쓰면 또 효과 없을 것 같고 애매한 상황 헤드앤숄더 비듬샤푸 직구 해보신 분들 어떤 제품 쓰셨는지 후기 궁금해요 ㅠㅠ 그리,0,0,1,0,0,0,0,0,0,0,0,Passive User
cafearticle,,헤드앤숄더 스트렝스 효과있나요 친구가 헤드앤숄더 스트렝스 써보라고 추천해줬는데 실제로 효과 보신 분 계신가요 비듬샴푸로만 알고 있었는데 탈모 케어 라인도 있더라구요 후기 찾아보니까,0,0,1,0,1,0,0,0,0,1,2,Loyal
cafearticle,,헤드앤숄더 가려운 두피케어 트리트먼트 1 1L 1개 리뷰 두피 가려움과 건조함을 동시에 편안하게 잡아준 오늘은 제가 실제로 구매해 꾸준히 사용 한 헤드앤숄더 가려운 두피케어 트리트,0,0,1,1,0,0,0,0,0,2,0,Passive User
cafearticle,,헤드앤숄더 비듬 샴푸 추천 약산성 비교 사용 후기 헤드앤숄더 비듬 샴푸 추천 약산성 비교 사용 후기 사실 큰 샴푸 를 굴절해 본 1인 이참에 산 상품 너무 뜻에 드는데요 우선 페로,0,0,1,0,1,0,1,1,0,0,1,Loyal
cafearticle,,헤드앤숄더 두피 토탈 솔루션 딥클린 샴푸 후기 오늘은 제가 최근에 사용 해본 헤드앤숄더 두피 토탈 솔루션 딥클린 샴푸 에 대한 후기 를 남겨보려고 해요 제가 두피 관리에 신경을 많,0,0,1,0,0,0,0,0,0,0,0,Passive User
cafearticle,,헤드앤숄더 클리니컬 스트렝스 어때요 여러 샴푸 들을 써봤는데 헤드앤숄더 클리니컬 스트렝스는 처음 알게 됐어요 성분이나 효과 면에서 일반 헤드앤숄더 클리니컬 스트렝스 직접 써보신 분,0,0,1,0,0,0,1,0,0,0,0,Passive User
cafearticle,,헤드앤숄더 스트렝스 써보신 분 헤드앤숄더 스트렝스 블로그 후기 들 보면 헤드앤숄더 스트렝스가 세정력이 좋다고 하는데 혹시 너무 강해서 오히려 두피가 건조해지거나 그런 건 없을까요 ,0,0,1,0,0,0,0,0,0,0,0,Passive User
cafearticle,,헤드앤숄더 울트라 쿨멘솔 샴푸 사용 후기 사용 해보고 나니 헤드앤숄더 울트라 쿨멘솔 샴푸 는 각질 제거와 두피 가려움 완화에 정말 효과적이었어요 씻고 나면 두피가 얼얼할 정도로 시,0,0,1,1,0,0,0,0,0,1,0,Passive User
cafearticle,,헤드앤숄더 두피 토탈 솔루션 애플프레쉬 두피 트리트먼트 후기 최근에 사용 해본 헤드앤숄더 두피 토탈 솔루션 애플프레쉬 두피 트리트먼트에 대해 솔직하게 후기 를 또한 이 트리트먼트의,0,0,1,0,0,0,0,0,0,0,0,Passive User
cafearticle,,헤드앤숄더 건성 두피 케어 샴푸 코코넛 플로럴향 가성비 실화 솔직 리뷰 공유합니다 헤드앤숄더 건성 두피 케어 샴푸 코코넛 플로럴향 후기 건성 두피를 위한 섬세한 케어 헤드앤숄더 건,0,0,1,0,0,0,0,0,0,0,0,Passive User
cafearticle,,헤드앤숄더 두피 토탈 솔루션 딥클린 샴푸 사용 후기 오늘은 제가 최근에 사용 해본 헤드앤숄더 두피 토탈 솔루션 딥클린 샴푸 에 대해 여러분께 솔직한 후기 를 남기려고 해요 요즘처럼,0,0,1,0,0,0,0,0,0,0,0,Passive User
cafearticle,,헤드앤숄더 가려운두피 원래 이런건가요 그래서 샴푸 를 바꿔볼까 싶어서 찾아보다가 헤드앤숄더 가려운두피 제품을 알게 돼서 써봤거든요 근데 그래서인지 헤드앤숄더 가려운두피 사용 하고 ,0,0,1,1,0,0,0,0,0,2,0,Passive User
cafearticle,,헤드앤숄더 비듬 샴푸 탈모에도 도움이 될까요 아니면 다른 탈모 전용 샴푸 랑 함께 번갈아 쓰는 게 더 나은 방법일까요 혹시 헤드앤숄더 비듬 샴푸 쓰면서 머리 빠지는 양이 줄었다거나,0,0,1,0,1,0,0,0,0,0,1,Loyal
cafearticle,,헤드앤숄더 두피 토탈 솔루션 샴푸 쿨 멘솔 사용 후기 오늘은 최근에 제가 사용 해본 헤드앤숄더 두피 토탈 솔루션 샴푸 쿨 멘솔에 대한 후기 를 남겨볼까 해요 요즘 어쩐지 두피가 간,0,0,1,0,0,0,0,0,0,0,0,Passive User
cafearticle,,직접 비교해봤습니다 헤드앤숄더 두피 토탈 솔루션 샴푸 딥클린 최종 추천 사용 후기 를 꼼꼼히 비교해 보시고 자신에게 맞는 제품을 선택하는 것이 중요합니다 헤드앤숄더 두피 토탈 솔루,0,0,1,0,1,0,0,1,0,0,1,Loyal
cafearticle,,헤드앤숄더 프로페셔널 안티 댄드러프 샴푸 진짜 만족스럽네요 그러던 중에 헤드앤숄더 프로페셔널 안티 댄드러프 어드밴스드 오일 컨트롤 샴푸 를 사용 해보기로 가격대가 조금 있는 편이라,0,0,1,0,0,0,0,0,0,0,0,Passive User
cafearticle,,헤드앤숄더 클리니컬 스트렝스 어때요 헤드앤숄더 클리니컬 스트렝스 써본 분들 후기 궁금해서 글 남겨요 요즘 정수리 쪽이 너무 훤히 들여다보여서 매일 사용 하는 거다 보니까 헤드앤숄더,0,0,1,0,0,0,0,0,0,0,0,Passive User
cafearticle,,헤드앤숄더 딥클린 왜이래요 알아보다가 헤드앤숄더 딥클린이 후기 가 괜찮아 보이길래 써봤거든요 근데 막상 써보니까 생각보다 두피에 어떤 샴푸 를 써야 할지 감이 안 와요 그리고 더 ,0,0,1,0,0,0,0,0,0,0,0,Passive User
cafearticle,,두피 가려움 때문에 고민이라면 헤드앤숄더 토탈 솔루션으로 해결해봤어요 그래서 제가 직접 사용 해 헤드앤숄더 토탈 솔루션 샴푸 를 바탕으로 두피 가려움 관리 방법부터 제품 후기 까지,0,0,1,0,0,0,0,0,0,1,1,Passive User
cafearticle,,정수리 샴푸 광고 사절 감이 안와요 서칭을 해보니 gd 샴푸 헤드앤숄더 쓴다는 글이 많이 보이네요 집에서 어른들은 헤드앤숄더 쓰고 있어요 gd 샴푸 헤드앤숄더 쓰시는분 찐 후기 듣,0,0,1,0,1,0,0,0,0,0,1,Loyal
cafearticle,,헤드앤숄더 가려운두피케어 샴푸 사용 후기 안녕하세요 오늘은 제가 최근에 사용 해본 헤드앤숄더 가려운두피케어 샴푸 에 대해 얘기해보려고 해요 평소에 두피가 가렵고 각질도 많아서 고민,0,0,1,0,0,0,0,0,0,0,0,Passive User
cafearticle,,헤드앤숄더 가려운 두피 케어 샴푸 850ml 효과 어떠셨나요 이대로 가다간 탈모까지 진행될 것 같아서 너무 불안합니다 헤드앤숄더 가려운 두피 케어 샴푸 사용 해보신 분들 계신가요 ,0,0,1,1,0,0,0,0,0,1,0,Passive User
cafearticle,,헤드앤숄더 클리니컬 스트렝스 당황 혹시 저만 그런 건가 싶어서 헤드앤숄더 클리니컬 스트렝스 후기 들을 좀 찾아봤는데 저처럼 비슷하게 더 악화됐다는 글들도 꽤 보이더라고요 헤드앤숄더,0,0,1,0,0,1,1,0,0,0,0,Passive User
cafearticle,,헤드앤숄더 건성 두피 케어 샴푸 써보신 분 어떠셨나요 혹시 헤드앤숄더 건성 두피 케어 샴푸 써보신 분들 계신가요 건조하고 민감한 두피에도 자극 없이 쓸 수 있는지 궁금하고 실제로 ,0,0,1,1,0,0,0,0,0,1,0,Passive User
cafearticle,,헤드앤숄더 가려운 두피케어 트리트먼트 사용 건조하고 가려운 두피에 찾아온 놀라운 편안함 오늘은 제가 직접 구매하고 사용 하며 감탄한 헤드앤숄더 가려운 두피케어 트리트먼트 후기 를 ,0,0,1,0,0,0,0,0,0,0,0,Passive User
cafearticle,,헤드앤숄더 가려운두피 정말 효과 있어요 찾아보다가 헤드앤숄더 가려운두피 케어 샴푸 를 알게 됐는데 비듬이나 가려움 완화에 도움 되는 성분이 들어있다고 해서 많이들 사용 한다고 하더,0,0,1,1,0,0,1,0,0,1,0,At-risk
cafearticle,,청소년 샴푸 추천 BEST 비듬 두피 고민 한 번에 해결 ㅎㅎ 그래서 오늘은 청소년 샴푸 선택부터 실제 사용 후기 까지 한 번에 정리해드릴게요 청소년 샴푸 지금 가장 반응 좋은 청,0,0,1,0,1,0,0,0,0,0,1,Loyal
cafearticle,,두피 염증과 진물 때문에 고생하시나요 지루성 두피염 해결에 도움을 준 인생 샴푸 후기 입니다 여러 종류의 제품을 사용 해 봤지 만큰 효과를 보지 못하다가 해외 직구로 구한 헤드앤숄,0,0,1,1,0,0,0,0,0,1,0,Passive User
cafearticle,,코스트코에서 드디어 나온 헤드앤숄더 클린앤밸런스 대용량 리필형 아래에 성분 효과 가격 메리트 실 사용 후기 추천 대상 사용 팁 까지 완전히 실전 기준으로 정리했습니다 1 제품 특징,0,0,1,0,1,0,1,0,0,0,1,Loyal
cafearticle,,헤드앤숄더 스트렝스 어질어질 ㅠㅠ 됐어요 헤드앤숄더 스트렝스 에 대해 찾아봤더니 징크피리치온 성분이 들어간 비듬케어 샴푸 인데 두피 트러블에도 효과가 있다는 사용 후기 가 엄청 많,0,0,1,1,0,1,1,0,0,2,0,At-risk
cafearticle,,헤드앤숄더 스트렝스 탈모에도 도움 될까요 병원에서는 약용 샴푸 를 같이 사용 하라고 권유하셨는데 약국 전용 샴푸 는 너무 비싸더라고요 그래서 탈모커뮤니티 후기 를 찾아보다가 헤드앤,0,0,1,0,0,1,0,0,0,0,0,Passive User
cafearticle,,헤드앤숄더 프로페셔널 안티 댄드러프 어드밴스드 오일 컨트롤 샴푸 사용 후기 오늘은 제가 최근에 사용 해본 헤드앤숄더 프로페셔널 안티 댄드러프 어드밴스드 오일 컨트롤 샴푸 에 대해 ,0,0,1,0,0,0,0,0,0,0,0,Passive User
cafearticle,,헤드앤숄더 두피케어 샴푸 써보신 분 어떠셨나요 제품이 괜찮다는 얘기를 들었는데 정말 도움이 될지 확신이 안 서네요 이런 두피 문제로 고생해보신 분들 중에 헤드앤숄더 두피케어 샴푸 ,0,0,1,0,0,0,0,0,0,0,0,Passive User
cafearticle,,두피 기름기 싹 잡아주는 헤드앤숄더 두피 토탈 솔루션 샴푸 딥클린 찐 후기 헤드앤숄더 두피 토탈 솔루션 샴푸 딥클린 가격이 너무 착해서 혹시 성분이 너무 독하거나 머릿결이 뻣뻣해지,0,0,1,0,1,0,1,0,0,0,1,Loyal
cafearticle,,헤드앤숄더 비듬 샴푸 2in1 클래식클린 지긋지긋한 두피 고민 해결한 솔직 후기 가성비와 성능 모두 잡은 헤드앤숄더 비듬 샴푸 사용 경험 일주일 정도 꾸준히 사용 해보니 확실히 두,0,0,1,0,0,0,0,0,0,0,0,Passive User
cafearticle,,헤드앤숄더 2인1 클리니컬 스트렝스 드라이 스칼프 레스큐 샴푸 이렇게 좋았더라고요 그래서 주변의 후기 들을 많이 찾아봤어요 대다수의 사람들에게 좋은 반응을 얻고 있더라고요 결국 선,0,0,1,0,0,0,0,0,0,0,0,Passive User
cafearticle,,머리 가려움 끝판왕 헤드앤숄더 클리니컬 스트렝스 솔직한 사용 후기 기름기 싹 잡아주는 헤드앤숄더 클리니컬 스트렝스 실 사용 경험담 이 제품의 정식 명칭은 헤드앤숄더 클리니컬 스트렝,0,0,1,1,0,0,0,0,0,1,0,Passive User
cafearticle,,헤드앤숄더 베어 퓨어클린 비듬 샴푸 지긋지긋한 두피 고민 끝내준 정착템 후기 일반 마트 샴푸 보다는 확실히 몸값이 좀 나가는 편이니까요 하지만 후기 들을 읽어보니 이건 단순히 비듬,0,0,1,0,1,0,0,0,0,0,1,Loyal
cafearticle,,헤드앤숄더 클리니컬 스트렝스 질문요 분들의 후기 가 너무 궁금합니다 지금은 그냥 마트에서 파는 일반 샴푸 쓰고 있는데 헤드앤숄더 클리니컬 스트렝스로 갈아타면 확실히 차이가 있을까요,0,0,1,0,0,0,0,0,0,0,0,Passive User
cafearticle,,헤드앤숄더 두피 토탈 솔루션 쿨 멘솔 비듬케어 끝판왕 들어갔나 헤드앤숄더 는 워낙 비듬 샴푸 로 유명하잖아요 두피 토탈 솔루션 라인은 비듬 원인균 케어에 실 사용 후기 솔직 정리 ,0,0,1,1,0,0,0,0,0,1,0,Passive User
cafearticle,,헤드앤숄더 클리니컬 스트렝스 엉망 ㅠㅠ 분들 후기 가 꽤 많았고 의사가 직접 써보고 리뷰한 내용도 찾아봤는데 나쁘지 않게 평가하더라구요 최소 주 2회 이상 써야 효과가 제대로 난다,0,0,1,0,0,0,0,0,0,0,0,Passive User
cafearticle,,헤드앤숄더 스트렝스 환장 ㅠㅠ 기능성 샴푸 들 후기 를 여러 개 찾아봤는데 헤드앤숄더 스트렝스가 비듬이랑 지루성 두피에 효과 있다는 속상해요 사용 방법이 틀린건지 제 두피가 뭔가 ,0,0,1,0,0,0,0,0,0,0,0,Passive User
cafearticle,,헤드앤숄더 클리니컬 스트렝스 아이고 ㅠㅠ 그러다가 헤드앤숄더 클리니컬 스트렝스라는 샴푸 를 보게 됐어요 후기 들을 읽어보니까 비듬이 드라마틱하게 지금은 헤드앤숄더 클리니컬 스트렝스,0,0,1,0,0,0,1,0,0,0,0,Passive User
cafearticle,,지성 두피인데 헤드앤숄더 쿨멘솔 매일 써도 자극 없을지 궁금해요 정도인지 사용 해 보신 분들의 후기 가 궁금해요 너무 강하다면 주 2 3회 정도만 헤드앤숄더 쿨멘솔 쓰고 나머지 날,0,0,1,1,0,0,0,0,0,1,0,Passive User
cafearticle,,헤드앤숄더 비듬 샴푸 써본 분 계실까요ㅜㅜ 인터넷에 검색해보면 헤드앤숄더샴푸 후기 가 꽤 많이 올라와 있는데 대부분이 비듬 개선 후기 고 두피 고민으로 헤드앤숄더샴푸 사용 해보신 ,0,0,1,0,0,0,0,0,0,0,0,Passive User
cafearticle,,헤드앤숄더 쿨멘솔 샴푸 어때요 같거든요 사용 해보신 분들은 얼마나 쓰셨는지랑 전이랑 어떤 점이 달라졌는지 후기 를 공유해주시면 감사하겠습니다 그리고 헤드앤숄더 쿨멘솔 샴푸 로 관리,0,0,1,0,0,0,0,0,0,0,0,Passive User
cafearticle,,탈모에 좋은 샴푸 TOP5 TS 탈모 샴푸 광고로 유명하지만 카페에서는 실제 사용 후기 도 꾸준해요 한방 추출물 중심 두피 각질 비듬 헤드앤숄더 탈모 케어 라인 의외로 카페에서 언,0,0,1,0,0,0,0,0,0,0,0,Passive User
cafearticle,,지루성두피염 헤드앤숄더 비듬 샴푸 효과 있을까요ㅠㅠ 때문에 헤드앤숄더샴푸 사용 해보신 분 계시면 솔직한 후기 좀 들려주시면 진짜 큰 힘이 될 것 같아요ㅠㅠ 그리고 헤드앤숄더샴푸 도,0,0,1,0,0,1,0,0,0,0,0,Passive User
cafearticle,,고등학생 지루성두피 도와주세요ㅠㅠ 안녕하세요 혹시 지루성두피때문에 치료받아서 효과 보신분 있을까여 ㅜㅜ 피부과병원 치료두 받아봤는데 고딩아이랑은 안맞나봐요 ㅜㅜ 샴푸 두 약국 샴푸,0,0,1,0,1,1,0,0,0,0,1,Loyal
cafearticle,,비교우드qi4d 정보 헤드앤숄더 쿨 멘솔 샴푸 이렇게 사용 해 보세요 두피 토탈 솔루션의 효과를 제대로 느끼려면 올바른 비교우드qi4d 상품에 대한 다양한 찐 후기 를 원하시는 분,0,0,1,0,0,0,0,1,0,0,0,Passive User
cafearticle,,신혼생활용품 헤드앤숄더 두피토탈솔루션 샴푸 강추 헤드앤숄더 두피토탈솔루션 샴푸 를 신혼생활용품으로 사용 해본 솔직한 후기 입니당 신혼집을 꾸리면서 생활용품들을 하나하나 선택하는 게,0,0,1,0,1,0,0,0,0,0,1,Loyal
cafearticle,,헤드앤숄더 두피 토탈 솔루션 샴푸 쿨 멘솔 헤드앤숄더 두피 토탈 솔루션 샴푸 쿨 멘솔은 오랜 시간 동안 사용 자 후기 를 통해 검증된 제품으로 두피에 자극 없이 건강한 상태를 유지,0,0,1,1,0,0,0,0,0,1,0,Passive User
cafearticle,,헤드앤숄더 가려운 두피케어 린스 850ml 자연스럽게 헤드앤숄더 가려운 두피케어 린스 850ml를 접하게 되었어요 이 제품을 사용 한 후 후기 와 사용 방법과 일상 속에서의 활용법,0,0,1,0,0,0,0,0,0,0,0,Passive User
cafearticle,,헤드앤숄더 가려운 두피 케어 두피 트리트먼트 후기 에서도 많은 분들이 가려움 완화와 두피 건강 개선 에 큰 도움을 받았다고 하더라고요 저는 매일 샴푸 마무리하며 지인에게 추천받아 ,0,0,1,0,0,0,0,0,0,1,1,Passive User
cafearticle,,헤드앤숄더 가려운 두피 케어 샴푸 그러던 중 친구가 추천해준 헤드앤숄더 가려운 두피 케어 샴푸 를 사용 하게 되었는데 정말 후기 가 좋아서 기대를 하게 되었어요 처음 샴푸 를 사용,0,0,1,0,0,0,0,0,0,1,1,Passive User
cafearticle,,지긋지긋한 두피 가려움과의 작별 헤드앤숄더 가려운 두피 케어 샴푸 가 가져온 기적 이 좋은 경험을 저만 알고 있기 아까워서 이렇게 길게 후기 를 남깁니다 꼭 한 번 사용 해보시고 ,0,0,1,1,0,0,0,0,0,1,0,Passive User
cafearticle,,헤드앤숄더 가려운 샴푸 amp 두피케어 트리트먼트 세트 그러던 중에 친구가 이 헤드앤숄더 가려운 샴푸 와 두피케어 트리트먼트 세트를 추천해줬어요 후기 와 사용 기를 찾아보니 두피를,0,0,1,0,0,0,1,0,0,1,1,Passive User
cafearticle,,헤드앤숄더 2in1 가려운 두피케어 컨디셔너 겸용 샴푸 상쾌한향 그러던 차에 지인 분이 추천해준 것이 바로 헤드앤숄더 2in1 가려운 두피케어 샴푸 였어요 후기 와 사용 기를 찾아,0,0,1,0,1,0,0,0,0,0,1,Loyal
cafearticle,,헤드앤숄더 가려운두피케어 샴푸 처음에는 제품이 효과가 있을까 하는 기대반 걱정반이었지만 사용 후에 정말로 놀라운 변화가 있었어요 이번 후기 에서는 제가 경험한 솔직한 이야기를 들려,0,0,1,0,0,0,0,0,0,0,0,Passive User
cafearticle,,헤드앤숄더 2in1 가려운 두피 케어 샴푸 컨디셔너 겸용 없이 사용 할 수 있다는 점이 마음에 들었어요 혹시 여러분도 두피 가려움 때문에 고민하고 계시다면 이 제품이 정말 좋은 선,0,0,1,1,0,0,0,0,0,1,0,Passive User
cafearticle,,헤드앤숄더 클리니컬 스트렝스 어떤지 특화된 샴푸 가 필요하다고 생각했어요ㅠㅠㅠ 혹시 헤드앤숄더 클리니컬 스트렝스 사용 하시면서 식습관이나 중에 헤드앤숄더 클리니컬 스트렝스 써보신 ,0,0,1,0,0,0,0,0,0,0,0,Passive User
cafearticle,,다운펌 후 2주차에 비듬 나오는 분들 추천 관리법 내돈내산 후기 입니다 저 같은 경우 다운펌 할 때 15 28일차 평소 쓰던 샴푸 만 으로 2달 사용 해봤습니다 효과가 꽤 괜찮은듯,0,0,1,0,1,0,0,0,0,0,1,Loyal
cafearticle,,헤드앤숄더 프로페셔널 비듬 가려움 어드밴스드 샴푸 사용 후기 헤드앤숄더 프로페셔널 비듬 가려움 어드밴스드 샴푸 사용 후기 두피 건강은 모발 건강만큼이나 중요하다고 늘 생각하고 있어,0,0,1,1,0,0,0,0,0,1,0,Passive User
cafearticle,,헤드앤숄더 프로페셔널 어떤가요ㅠ 그래서 샴푸 를 바꿔야 하나 고민하다가 헤드앤숄더 프로페셔널을 보게 됐어요 사실 헤드앤숄더 는 예전에 혹시 헤드앤숄더 프로페셔널 사용 해보신 분들 ,0,0,1,1,0,0,0,0,0,1,0,Passive User
cafearticle,,신혼생활 서비스용품 헤드엔숄더 클리니컬 스트렝스 비듬 오일컨트롤 샴푸 오일컨트롤 샴푸 후기 입니다 두피상태가 기름이 많이 지는 지루성두피염이 있으면 추천드려요 남편이 두피에 기름이,0,0,1,0,0,1,0,0,0,1,1,Passive User
cafearticle,,헤드앤숄더 클리니컬 쓰시는분 최근에 헤드앤숄더 클리니컬 샴푸 를 보게 됐어요 처음엔 탈모 또는 민감성 두피용이라는 말 듣고 기대했는데 혹시 사용 해보신 분들 중에 민감성 두피 비듬,0,0,1,1,0,0,0,0,0,1,0,Passive User
cafearticle,,헤드앤숄더 프로페셔널 뭐죠 싶어서 헤드앤숄더 프로페셔널 후기 좀 찾아봤는데 별점 낮은 후기 들 보면 피부염처럼 더 심해졌다는 분들도 쓰여요ㅠㅠ 헤드앤숄더 프로페셔널 포함해서 웬만한,0,0,1,0,0,0,0,0,0,0,0,Passive User
cafearticle,,아마존에서 헤드앤숄더 크리니컬 샴푸 왔어요 쇼핑몰 아마존 미국 브랜드 헤드앤숄더 제품명 크리니컬 비듬 샴푸 외 가격 배송비 무배 저 이거 쓰고나서 니조랄 샴푸 사용 안한지 오래이고,0,0,1,0,0,0,0,1,1,1,1,Passive User
cafearticle,,헤드앤숄더 클리니컬 효과 있나요 비듬 샴푸 여러개 써봤는데 큰 효과를 못봐서 이번엔 헤드앤숄더 클리니컬로 제대로 해결해보려고 하는데 실제로 써보신 분들 후기 가 듣고 싶어요 처음엔,0,0,1,0,0,0,0,0,0,0,0,Passive User
cafearticle,,헤드앤숄더 스트렝스 허무 ㅠㅠ 괜찮고 사용후기 도 좋은거 같아서 한번 써보기로 햇어요 헤드앤숄더 스트렝스가 클리니컬 등급이라서 일반 샴푸 보다 셀레늄 성분이 더 많이 들어잇고 헤드,0,0,1,0,0,0,1,0,0,0,0,Passive User
cafearticle,,헤드앤숄더 쿨멘솔 샴푸 속상ㅠ 헤드앤숄더 쿨멘솔 샴푸 사용 해보신 분 계신가요 헤드앤숄더 쿨멘솔 샴푸 원래 이런가요 두피도 나이가 나서 샴푸 할 때마다 신경쓰이더라구요ㅠ 1점 후기,0,0,1,0,0,0,0,0,0,0,0,Passive User
cafearticle,,데일리 PICK 헤드앤숄더 토탈 솔루션 가려운 두피 케어 샴푸 프리지아향 후기 남성 기준 데일리 PICK 헤드앤숄더 토탈 솔루션 가려운 두피 케어 샴푸 프리지아향 후기 남성 기준 ,0,0,1,0,0,0,0,0,0,0,0,Passive User
cafearticle,,과다피지문제 지루성피부염 두피염 탈모용 샴푸 효과 보신 분 이소티논 효과 보신 분 아무 도움이나 조 근데 헤드앤숄더 샴푸 가 후기 는 많은 것 같은데 발암물질이 있다는 얘기가 있어,0,0,1,0,0,0,0,0,0,0,0,Passive User
cafearticle,,헤드앤숄더 스트렝스 효과 느끼신 분 있나요 헤드앤숄더 스트렝스가 모근 강화에 좋다는 후기 를 봐서 믿고 써보는 중인데 저한텐 아직 큰 변화는 모르겠어요 요즘 두피도 민감하고 각질도,0,0,1,0,0,0,1,0,0,0,0,Passive User
cafearticle,,안티트로 샴푸 두피 고민 끝낼 수 있을까요 솔직 사용 후기 많은 분들이 안티트로 샴푸 하면 떠올리는 브랜드가 있죠 바로 헤드앤숄더 인데요 이번에 제가 사용 해 본 프로페셔널 안티 ,0,0,1,1,0,0,0,1,1,1,0,Active Switcher
cafearticle,,헤드앤숄더 쿨멘솔 샴푸 추천 가려움과 비듬 완화 후기 이 제품을 추천하는 이유와 이처럼 헤드앤숄더 쿨멘솔 샴푸 는 가려운 두피와 비듬 샴푸 두피 진정에 효과적인 제품으로 많은 후기,0,0,1,0,0,0,0,0,0,1,1,Passive User
cafearticle,,헤드앤숄더 가려운 두피케어 후기 로 두피 고민 해결하세요 오늘은 이 제품의 추천 이유와 후기 사용 기를 자연스럽게 나누고 싶어요 구매하러가기 왜 헤드앤숄더 가려운 두피케어 샴푸 를,0,0,1,0,0,0,0,0,0,1,1,Passive User
cafearticle,,헤드앤숄더 딥클린 샴푸 추천 비듬 가려움 해결 후기 그러던 차에 친구가 추천한 제품이 바로 헤드앤숄더 딥클린 샴푸 였어요 후기 와 사용 기를 찾아보고 제품의 뛰어난 딥클린 효과와 ,0,0,1,0,0,0,0,0,0,1,1,Passive User
cafearticle,,헤드앤숄더 가려운 두피케어 샴푸 850ml 2개 비듬 샴푸 가려움 두피진정 8 헤드앤숄더 가려운 두피케어 샴푸 850ml는 두피의 가려움과 비듬 고민을 효과적으로 해결하는 제품으로,0,0,1,0,0,0,0,0,0,1,1,Passive User
cafearticle,,이 샴푸 진짜 대박이에요 예전에 두피각질때문에 샴푸 추천해달라는 글을 쓴적이 있어요ㅎㅎㅎ 그때 두 분이 이 샴푸 를 추천해 주셨는데 진짜 효과 짱이에요 그때 바로 구입해서 지금까지,0,0,1,0,1,0,0,0,0,0,1,Loyal
cafearticle,,3월 7일 김해점 쇼핑 후기 입니다 헤드앤숄더 쿨멘솔 샴푸 17 990 4 000 13 990 어제 간만에 아들이랑 쇼파에서 놀다가 머리를 들춰볼 일이 하나는 차콜 이고 하나는 검,0,0,1,0,0,0,0,0,0,0,0,Passive User
cafearticle,,믿고쓰는 샴푸바 잇템 후기 보니 요녀석이 가장 잘팔리네요 제품정보 amp 후기 3526 뷰카 클래식 어성초 블랙 차콜 비누 레몬버베나향 100g 10개 16 900원 제품정보 제품,0,0,1,0,0,0,0,0,0,0,0,Passive User
cafearticle,,SNS에서도 난리났대요 가성비템 샴푸바 베스트아이템 꼼꼼히 비교해보세요 블랙 차콜 비누 레몬버베나향 100g 10개 19 000원 상세정보 amp 후기 404 헤드앤숄더 가려운 두,0,0,1,0,0,0,0,1,0,0,0,Passive User
cafearticle,,사용 후기 가 좋았던 가성비템 샴푸바 꿀템정보 소개함니당 추천합니다 상세정보 amp 후기 11 뷰카 클래식 어성초 블랙 차콜 비누 레몬버베나향 100g 10개 16 900원 상세정,0,0,1,0,1,0,0,0,0,0,1,Loyal
cafearticle,,인기아이템 노스페이스아노락 제품 후기 보기 사용기한 상품상세참조 두피타입 일반두피 옵션 헤드앤숄더 클래식 클린 안티 레드 차콜 린제이 프리미엄 진주 모델링팩 1kg 최저가 1390,0,0,1,0,0,0,0,0,0,0,0,Passive User
cafearticle,,다시 없을 가격대 그랑데 건조기 21kg 암막 차콜 신세계TV쇼핑 삼성 그랑데 AI 세탁기 건조기 세트 WF24T9500KE DV17T9720SE 최저가 3039000원 0개를 주,0,0,1,0,0,0,0,0,0,0,0,Passive User
cafearticle,,금주의 핫딜 비스포크 인덕션 다크 차콜 최저가 12500원 최대 625원 적립 구매회원 18분이상이 5 0평점을 주었습니다 제품 0평점을 주었습니다 제품 후기 보기 사용기한 상세참,0,0,1,0,0,0,0,0,0,0,0,Passive User
cafearticle,,망설이다 늦는 손난로 핫팩 충전 휴대용 0평점을 주셨습니다 제품 후기 보기 옵션 헤드앤숄더 Clinical Strength 지루 피부염 샴푸 2팩 다크 차콜 최저가 12500원 최,0,0,1,0,0,0,0,0,0,0,0,Passive User
cafearticle,,99 소장각 자동차핸들커버 친구가 좋다는데 0개를 주셨습니다 상품 후기 보기 옵션 오리지널 헤드앤숄더 클리니컬 스트렝스 비듬 샴푸 코타 차콜 한미 365 눈건강 루테인 60캡슐 2,0,0,1,0,0,0,0,0,0,0,0,Passive User
cafearticle,,꿀템 레드루트섬유유연제 범퍼시트 차콜 그레이 노스페이스키즈 아동 리모 플리스 자켓 NJ4FL52T_CAM 역대급 가격 106200원 최대 5 0평점을 주셨습니다 제품 후기 보기 두,0,0,1,0,0,0,0,0,0,0,0,Passive User
cafearticle,,수요일밤 구매시 타프스크린 0평점을 주었습니다 상품 후기 보기 옵션 오리지널 헤드앤숄더 클리니컬 스트렝스 비듬 샴푸 2종 차콜 AC845009 최저가 179000원 최대 1 790,0,0,1,0,0,0,0,0,0,0,0,Passive User
cafearticle,,꿀템 버버리가방 0평점을 주었습니다 상품 후기 보기 EMF 인증여부 EMF 인증 옵션 더안 EMF 차콜 그레이트리 캠핑 이라운드몰 미국 헤드앤숄더 클리니컬 스트렝스 비듬 샴푸 70,0,0,1,0,0,0,0,0,0,0,0,Passive User
cafearticle,,망설이게 되는 2인용 소파베드 친구가 좋다는데 욜로 차콜 1 1 휴대용 칫솔살균기3 0 USB충전식 최저가 51800원 실구매자 13분이상이 5 0개를 0개를 주셨습니다 상품 후기,0,0,1,0,0,0,0,0,0,0,0,Passive User
cafearticle,,주말전까지만 끌로에향수 0개를 주었습니다 상품 후기 보기 EMF 인증여부 EMF 인증 옵션 더안 EMF 차콜 그레이트리 캠핑 Shoulders 헤드앤숄더 클리니컬 스트랭스 댄드러프,0,0,1,0,0,0,0,0,0,0,0,Passive User
cafearticle,,불금에는 이거 디스커버리백팩 0평점을 주었습니다 제품 후기 보기 옵션 더안 무자계 1인용 캠핑 전기요 DHP 5160 차콜 다이아 0평점을 주었습니다 제품 후기 보기 사용기한 상품,0,0,1,0,0,0,0,0,0,0,0,Passive User
cafearticle,,화제집중 lg에어컨 0개를 주었습니다 제품 후기 보기 옵션 베딩라인 등받이 삼각 등쿠션 모던체크 차콜 머슬테크 1개 헤드앤숄더 비듬 샴푸 지루성두피 가려운두피 샴푸 amp 컨디셔널,0,0,1,0,0,0,0,0,0,0,0,Passive User
cafearticle,,리뷰 인텔 LGA 1150 상품 후기 보기 지역 구분 대구 경북 소상공인 옵션 마틸라 세이브 M2 침대패드 차콜 x2개 헤드앤숄더 딥 클린 샴푸 최저가 12960원 최대 648원 ,0,0,1,0,0,0,0,0,0,0,0,Passive User
cafearticle,,망설이게 되는 뉴질랜드 초록홍합 10000 0개를 주었습니다 상품 후기 보기 옵션 Head u0026 Shoulders Clinical Strength Shampoo 47oz 헤드,0,0,1,0,0,0,0,0,0,0,0,Passive User
cafearticle,,다시 없을 가격대 폴로모자 회전형 차콜 블랙 HAR382854NEXT 352SU 외장하드케이스 도시바외장하드 외장하드4tb ssd외장하드 제품 후기 보기 구매옵션 프라다 사피아노 ,0,0,1,0,0,0,0,0,0,0,0,Passive User
cafearticle,,인기아이템 실내슬리퍼 세트 차콜 크림 실내슬리퍼 상품에 대해서 잘 보셨나요 추가로 최근 인기 많으면서 최저가 0개를 주셨습니다 제품 후기 보기 옵션 헤드앤숄더 클리니컬 스트렝스 비,0,0,1,0,0,0,0,0,0,0,0,Passive User
cafearticle,,스와로브스키목걸이 잘 아는 분 0평점을 주셨습니다 제품 후기 보기 옵션 Head u0026Shoulder 헤드앤숄더 클리니컬 스트랭스 비듬 캠핑용전기장판 차콜 그레이트리 캠핑전기매,0,0,1,0,0,0,0,0,0,0,0,Passive User
cafearticle,,최저가 하트 틀 구매할 수 있는 곳 0평점을 주었습니다 상품 후기 보기 옵션 듀플렉스 대용량 초음파 가습기 DP 9970UH 헤드앤숄더 코타 차콜 시스맥스 마이룸 멀티박스 중형 역,0,0,1,0,0,0,0,0,0,0,0,Passive User
cafearticle,,금주의 핫딜 손난로 핫팩 하루온 상품 후기 보기 신축성 유무 신축성 있음 팬츠 핏 일자조거핏 소재 면97 스판3 색상계열 차콜 2pk 헤드앤숄더 클리니컬 스트렝스 샴푸 23 7oz,0,0,1,0,0,0,0,0,0,0,0,Passive User
cafearticle,,품절대란제품 차박텐트 0평점을 주셨습니다 상품 후기 보기 두피타입 비듬샴푸 옵션 w 헤드앤숄더 클리니컬 스트렝쓰 아이보리 차콜 스타 써모스 보온병 풀패키지 선물용 보냉병 텀블러 최,0,0,1,0,0,0,0,0,0,0,0,Passive User
cafearticle,,망설이게 되는 하만카돈 AURA STUDIO 3 블루투스 스피커 0개를 주셨습니다 제품 후기 보기 옵션 JBL Tune 120 TWS 블루투스 무선 이어폰 블랙 헤드앤숄더 후기 보,0,0,1,0,0,0,0,0,0,0,0,Passive User
cafearticle,,망설이다 늦는 빼빼로 혼합 40 분리형 차콜 Apple 아이폰 12 Pro Max 지금 최저가 1630000원 구매회원 26분이상이 5 0평점을 0평점을 주셨습니다 제품 후기 보기,0,0,1,0,0,0,0,0,0,0,0,Passive User
cafearticle,,불금에는 이거 psp 4 컨트롤러 와이프가 대만족 0개를 주셨습니다 제품 후기 보기 옵션 뉴포뮬라 헤드앤숄더 클리니컬 스트렝스 비듬샴푸 시트 차콜 멜로스타 아포아룸 헤이든 선염 방,0,0,1,0,0,0,0,0,0,0,0,Passive User
cafearticle,,구매1순위 팁토이조이 상품 후기 보기 커튼종류 암막 옵션 끌래망스 내추럴 암막 콤비블라인드 차콜 삼성 RF85T911135 MADU 헤드앤숄더 클리니컬 스트렝스 비듬샴푸 400ml,0,0,1,1,0,0,0,0,0,1,0,Passive User
cafearticle,,품절대란제품 핸드폰소독기 제품 후기 보기 옵션 1등급 5도어 삼성 BESPOKE 냉장고 RF85A92K1AP 전자레인지 상_화이트 하_ 차콜 0개를 주셨습니다 제품 후기 보기 옵션,0,0,1,0,0,0,0,0,0,0,0,Passive User
cafearticle,,99 소장각 양털 후리스 구매할 수 있는 곳 0개를 주셨습니다 상품 후기 보기 사용기한 상품 상세페이지 참조 옵션 헤드앤숄더 클리니컬 케이스 차콜 블랙 낚시 지금 최저가 61600,0,0,1,0,0,0,0,0,0,0,0,Passive User
cafearticle,,화요일 구매시 남성 가을 자켓 목록 아이보리 차콜 스타 Mercedes Benz C Class E Class S Class GLC Class Maybach 독일 오리지널 자동차 향,0,0,1,0,0,0,0,0,0,0,0,Passive User
cafearticle,,주말전까지만 비틀즈 lp판 제품 후기 보기 옵션 덕스듀시스 애플펜슬 수납 도모 스마트 태블릿 케이스 차콜 블랙 키스미 SIF PC14NX 헤드앤숄더 딥 클린 샴푸 최저가격 1296,0,0,1,0,0,0,0,0,0,0,0,Passive User
cafearticle,,남자조거팬츠 만족합니다 제품 후기 보기 신축성 유무 신축성 있음 팬츠 핏 일자조거핏 소재 면97 스판3 색상계열 차콜 0개를 주었습니다 제품 후기 보기 사용기한 상품 상세페이지 참,0,0,1,0,0,0,0,0,0,0,0,Passive User
cafearticle,,순비기 0평점을 주셨습니다 상품 후기 보기 옵션 헤드앤숄더 클리니컬 스트랭스 비듬 가려움 완화 시트 차콜 멜로스타 잭앤질 새틴장식 로퍼 플랫슈즈 JA0145 최저가 35200원 최,0,0,1,1,0,0,0,0,0,1,0,Passive User
cafearticle,,품절재입고 메디니스 온열 손마사지기 모두 좋아하던데요 린제이 차콜 매직 겔 모델링팩 550g 최저가격 19800원 최대 990원 적립 구매자 22분께서 5 0평점을 상품 후기 보기,0,0,1,0,0,0,0,0,0,0,0,Passive User
cafearticle,,컴투게더 강추상품 리뷰모음 장점 단점 비용 비법 전문가가 추천하는 컴투게더 이번 기회에 구매추천드려 포텐샤샴푸 헤드앤숄더 샴푸 관련 영상 베스트인기 리스트 인기BEST 1 DVD ,0,0,1,0,1,0,0,0,0,0,2,Loyal
cafearticle,,인기아이템 접이식매트리스 뒤 차콜 화이트 삼성전자 삼성 비스포크 김치냉장고 RQ48T94C1AP 무료배송 최저가 2390810원 최대 50 0개를 주셨습니다 상품 후기 보기 옵션 ,0,0,1,1,0,0,0,0,0,1,0,Passive User
cafearticle,,구매1순위 침대협탁 구매할 수 있는 곳 0개를 주었습니다 제품 후기 보기 EMF 인증여부 EMF 인증 옵션 더안 EMF 차콜 그레이트리 캠핑 1개 헤드앤숄더 클리니컬 스트렝스 비듬,0,0,1,0,0,0,0,0,0,0,0,Passive User
cafearticle,,품절대란제품 차이슨 헤어드라이기 세트 차콜 그레이 배터리 자동차 방전 점프 스타터 12V 배터리 20000mAh 최저가 38100원 최대 1 905원 0개를 주었습니다 상품 후기 ,0,0,1,0,0,0,0,0,0,0,0,Passive User
cafearticle,,금주의 핫딜 갤럭시 버즈 프로 단품 헤드앤숄더 가려운 두피 케어 샴푸 최저가 6680원 최대 334원 적립 리뷰어 16분이상이 5 0평점을 주셨습니다 제품 후기 보기 EMF 인증여,0,0,1,0,0,0,0,0,0,0,0,Passive User
cafearticle,,수요일밤 구매시 휴대용분유케이스 랭킹 0평점을 주셨습니다 상품 후기 보기 옵션 뉴포뮬라 헤드앤숄더 클리니컬 스트렝스 비듬샴푸 일체형 차콜 그레이 로로얼로이 여성 골프 소매 포인트 ,0,0,1,0,0,0,0,0,0,0,0,Passive User
cafearticle,,주목해야할 그린핑거 선스틱 코스트코 재입고되었습니다 0개를 주셨습니다 제품 후기 보기 옵션 Head u0026Shoulder 헤드앤숄더 클리니컬 스트랭스 비듬 린제이 차콜 매직 겔,0,0,1,0,0,0,0,0,0,0,0,Passive User
cafearticle,,인기아이템 자전거바람막이 0개를 주었습니다 상품 후기 보기 두피타입 지성두피 옵션 Head u0026 Shoulders 헤드앤숄더 참조 색상계열 차콜 옵션 크록스 본사 아동 바야밴,0,0,1,0,0,0,0,0,0,0,0,Passive User
cafearticle,,혹시 아이폰12 0개를 주셨습니다 상품 후기 보기 옵션 Head u0026Shoulder 헤드앤숄더 클리니컬 스트랭스 비듬 원목상판 차콜 브라운 박스미포함 닥터포헤어 폴리젠 플러스,0,0,1,0,0,0,0,0,0,0,0,Passive User
cafearticle,,화제집중 abc 포마드 0평점을 주었습니다 상품 후기 보기 제조국 한국 옵션 체리나무 범퍼더블매트 차콜 하기스 0평점을 주었습니다 상품 후기 보기 옵션 헤드앤숄더 Head and ,0,0,1,0,0,0,0,0,0,0,0,Passive User
cafearticle,,소장각 랑방에끌라드아르페쥬 0평점을 주었습니다 제품 후기 보기 구매옵션 NEW 헤드앤숄더 클리니컬 스트렝스 비듬 가려움 일체형 차콜 그레이 미니골드 김천쥬얼리 14K 베이직 16m,0,0,1,1,0,0,0,0,0,1,0,Passive User
cafearticle,,주목할 아이템 하츠 렌지후드 i60 베개커버 차콜 그레이 킨더 초콜릿 50g 10개 역대급 가격 11500원 최대 575원 적립 리뷰어 19분이상이 상품 후기 보기 사용기한 상세페,0,0,1,0,0,0,0,0,0,0,0,Passive User
cafearticle,,다시못만날 가격 뷔스티에원피스 알아줘요 05L 9개 헤드앤숄더 비듬 샴푸 지루성두피 가려운두피 샴푸 amp 컨디셔널 모음 최저가 23900원 최대 1 제품 후기 보기 신축성 유무 ,0,0,1,0,0,0,0,0,0,0,0,Passive User
cafearticle,,금주의 핫딜 유아할로윈코스튬 판매처 떴습니다 0개를 주었습니다 상품 후기 보기 옵션 헤드앤숄더 클리니컬 스트렝스 비듬 오일 컨트롤 샴푸 원형러그 차콜 디베아 무선청소기 NEW X1,0,0,1,0,0,0,0,0,0,0,0,Passive User
cafearticle,,망설이다 늦는 빼빼로 막대 0평점을 주었습니다 상품 후기 보기 구성 본품 헤어케어 타입 두피관리 모발타입 손상모발 두피타입 일반두피 구매옵션 헤드앤숄더 클리니컬 스트렝스 비듬샴푸 ,0,0,1,1,0,0,0,0,0,1,0,Passive User
cafearticle,,불금에는 이거 단모 고양이 샴푸 0평점을 주었습니다 제품 후기 보기 두피타입 지성두피 옵션 헤드앤숄더 클리니컬 스트렝스 베개세트 차콜 그레이 늘봄마켓 E2 기모노 코스튬 일본옷 코,0,0,1,0,0,0,0,0,0,0,0,Passive User
cafearticle,,가격정보 종근당 칼슘 앤 마그네슘 비타민D 아연 180정 2개 강추합니당 프리미엄 차콜 미네랄 마스크팩 10개입 1박스 후기 갯수 4966 10 570원 로켓배송 상품 보러가기 4,0,0,1,0,1,0,0,0,0,0,1,Loyal
cafearticle,,추천 베스트 헤드앤숄더 가려운 두피 케어 샴푸 1200ml 1개 강추합니당 com vp products 4946372 50 헤드앤숄더 쿨 멘솔 샴푸 850ml 3개 후기 갯수 26,0,0,1,0,1,0,0,0,0,0,2,Loyal
cafearticle,,불금에는 이거 실내슬리퍼 인기 목록 세트 차콜 크림 홈슬리퍼 층간소음 거실실내화 푹신한 실내슬리퍼 거실화 최저가 6900원 최대 0평점을 주셨습니다 상품 후기 보기 옵션 헤드 앤 ,0,0,1,0,0,0,0,0,0,0,0,Passive User
cafearticle,,품절재입고 설화수클렌징오일 상품 후기 보기 옵션 브레인포 휴대용 접이식 자전거 주문선택 헤드앤숄더 클리니컬 스트렝스 트루디 차콜 가화홈시스 기본형 3단 수납바구니 옷걸이 행거 N3,0,0,1,0,0,0,0,0,0,0,0,Passive User
cafearticle,,주말전까지만 레고듀플로 알아줘요 0평점을 주셨습니다 상품 후기 보기 옵션 Head u0026Shoulder 헤드앤숄더 클리니컬 스트랭스 비듬 회전형 차콜 블랙 wasak 마트로시카,0,0,1,0,0,0,0,0,0,0,0,Passive User
cafearticle,,품절임박 삼성 김치냉장고 스탠드형 327리터 1등급 0개를 주었습니다 상품 후기 보기 옵션 헤드앤숄더 클리니컬 스트랭스 비듬 가려움 완화 샴푸 상품 후기 보기 설치 형태 사각 렉타,0,0,1,1,0,0,0,0,0,1,0,Passive User
cafearticle,,금주의 핫딜 미스디올블루밍부케 0개를 주셨습니다 상품 후기 보기 옵션 Head u0026 Shoulders Clinical Strength Shampoo 27oz 헤드앤숄더 원목상,0,0,1,0,0,0,0,0,0,0,0,Passive User
cafearticle,,인기아이템 브라렛 Shampoo 헤드앤숄더 클리니컬 스트렝스 비듬 샴푸 23 7oz 700mL 2팩 역대급 가격 88400원 최대 4 420원 적립 0개를 주었습니다 상품 후기 보,0,0,1,0,0,0,0,0,0,0,0,Passive User
cafearticle,,꿀템 수제 빼빼로 완제품 블랙 차콜 최저가 31000원 최대 310원 적립 총 11분이 5 0평점을 주셨습니다 상품 후기 보기 0평점을 주셨습니다 상품 후기 보기 두피타입 지성두피,0,0,1,0,0,0,0,0,0,0,0,Passive User
cafearticle,,폴로양말 0평점을 주셨습니다 상품 후기 보기 옵션 헤드앤숄더 클리니컬 스트렝스 비듬 오일 컨트롤 침구세트 차콜 닌텐도 슈퍼마리오 마리오 파티 아일랜드 투어 온라인 코드 게임 역대급,0,0,1,0,0,0,0,0,0,0,0,Passive User
cafearticle,,망설이게 되는 과학놀이 WF24A9500KW DV19A9740CW 헤드앤숄더 클리니컬 스트렝스 댄드러프 비듬샴푸 오리지널 400ml 최저가 19500원 제품 후기 보기 신축성 유무,0,0,1,0,0,0,0,0,0,0,0,Passive User
cafearticle,,꿀템 실내슬리퍼 0평점을 주었습니다 상품 후기 보기 옵션 헤드앤숄더 클리니컬 스트랭스 비듬 가려움 완화 코타 차콜 코타 화이트 아던샵 속눈썹펌 단품재료 역대급 가격 15000원 최,0,0,1,1,0,0,0,0,0,1,0,Passive User
cafearticle,,리뷰 언더아머 드로즈 팬티 0개를 주었습니다 상품 후기 보기 색상계열 차콜 계열 제조년도 20년 사용계절 여름용 하의 1개 헤드앤숄더 클리니컬 스트렝스 비듬 오일 컨트롤 샴푸 40,0,0,1,0,0,0,0,0,0,0,0,Passive User
cafearticle,,인기상품 브로앤팁스 네버오일리 올인원 스킨케어 120ml 1개 초이스 com vp products 1180237 16 알엔더블유 프리미엄 차콜 미네랄 마스크팩 10개입 1박스 co,0,0,1,0,0,0,0,0,0,0,0,Passive User
cafearticle,,망설이다 늦는 아이패드 8세대 레드 차콜 다이아큐브 아이패드 갤럭시탭 태블릿 PC 저반사 사각사각 종이질감 시력보호 0개를 주셨습니다 제품 후기 보기 옵션 헤드앤숄더 클리니컬 스트,0,0,1,1,0,0,0,0,0,1,0,Passive User
cafearticle,,네일흡진기 2p 차콜 디지털빌리지 귀걸이 반지 악세사리 보관함 보석함 정리함 그레이 지금 최저가 12900원 최대 0개를 주셨습니다 제품 후기 보기 두피타입 지성두피 옵션 Head,0,0,1,0,0,0,0,0,0,0,0,Passive User
cafearticle,,화요일 구매시 강아지방석 패드 차콜 데일리라이크 봉봉 스텐 식판 세트 지금 최저가 27360원 최대 1 368원 적립 총 26분께서 0개를 주셨습니다 제품 후기 보기 옵션 헤드앤숄,0,0,1,0,0,0,0,0,0,0,0,Passive User
cafearticle,,화요일 구매시 아디다스여성골프모자 0개를 주었습니다 상품 후기 보기 원산지 상품 상세설명 참조 단계 4단계 옵션 임페리얼드림XO 분유 4단계 800g 12개 헤드앤숄더 가려운 두피,0,0,1,0,0,0,0,0,0,0,0,Passive User
cafearticle,,구매1순위 에코버 식기세척기 세제 참숯 차콜 구이용 마이띠유 비장탄 최저가 13190원 최대 660원 적립 실구매자 29분이상이 5 0평점을 주었습니다 제품 후기 보기 옵션 헤드앤,0,0,1,0,0,0,0,0,0,0,0,Passive User
cafearticle,,리뷰 캠핑전기장판 0평점을 주었습니다 상품 후기 보기 옵션 헤드앤숄더 2개 클리니컬 스트렝스 비듬 샴푸 700ml 세트 차콜 그레이 베비언스 킨더밀쉬 1단계 24입 200ml 최저,0,0,1,0,0,0,0,0,0,0,0,Passive User
cafearticle,,망설이다 늦는 스피루리나 참조 헤드앤숄더 클리니컬 스트렝스 댄드러프 비듬샴푸 오리지널 400ml 최저가 19500원 최대 195원 적립 후기 보기 옵션 삼성전자 비스포크 슈드레서 ,0,0,1,0,0,0,0,0,0,0,0,Passive User
cafearticle,,추천 리스트 에뛰드하우스 립 앤 아이 리무버 320ml 1개 어떠세요 com vp products 5455561365 4 헤드앤숄더 딥 클린 샴푸 1200ml 1개 후기 갯수 45,0,0,1,0,1,0,0,0,0,0,1,Loyal
cafearticle,,화제집중 ts염색약 0개를 주셨습니다 제품 후기 보기 옵션 나인티원 럭셔리 대리석 테이블 네일샵 패턴 골드 네일아트 80cm 싱글 테이블 헤드앤숄더 클리니컬 스트렝스 비듬샴푸 40,0,0,1,1,0,0,0,0,0,1,0,Passive User
cafearticle,,카페홈 0개를 주었습니다 상품 후기 보기 음반 형태 LP 옵션 비틀즈 폴 매카트니 Paul McCartney Flaming Pie 3 LP 이라운드몰 미국 헤드앤숄더 클리니컬 스트,0,0,1,0,0,0,0,0,0,0,0,Passive User
cafearticle,,혹시 20대 가을 원피스 베개솜 차콜 효도라디오 USB_사랑의콜센타103곡 음반 트로트 미스터트롯 임영웅 영탁 이찬원 김호중 0개를 주셨습니다 제품 후기 보기 옵션 헤드앤숄더 클리,0,0,1,0,0,0,0,0,0,0,0,Passive User
cafearticle,,금주의 핫딜 샘소나이트캐리어 0개를 주셨습니다 제품 후기 보기 옵션 헤드앤숄더 클리니컬 스트렝스 비듬 지루성두피 샴푸 세트 차콜 이지앤 국산 포대기 수제누빔 순면 5부포대기 역대급,0,0,1,0,0,0,0,0,0,0,0,Passive User
cafearticle,,찬스아이템 반스 신랑이 만족해요 회전형 차콜 블랙 맥북 케이스 47종 모음 맥북프로 에어 레티나 등 역대급 가격 18900원 최대 945원 상품 후기 보기 사용기한 상세페이지참조 ,0,0,1,0,0,0,0,0,0,0,0,Passive User
cafearticle,,주목할 아이템 비듬샴푸 헤드앤숄더 딥 클린 샴푸 최저가 18730원 최대 936원 적립 실구매자 201분이상이 4 4평점을 주셨습니다 상품 후기 보기 유통기한 사용기한 표시의무 대,0,0,1,0,0,0,0,0,0,0,0,Passive User
cafearticle,,99 소장각 신일건조기3kg빨래 0개를 주었습니다 상품 후기 보기 두피타입 건성두피 옵션 헤드앤숄더 클리니컬 스트렝스 EMF 차콜 그레이트리 캠핑 전기매트 JJ 2020 최저가 1,0,0,1,0,0,0,0,0,0,0,0,Passive User
cafearticle,,주말전까지만 필립스 스팀다리미 신랑이 만족해요 화이트 헤드앤숄더 딥 클린 샴푸 최저가격 18730원 최대 936원 적립 구매회원 19분께서 5 0개를 0개를 주셨습니다 상품 후기 ,0,0,1,0,0,0,0,0,0,0,0,Passive User
cafearticle,,99 소장각 남자가죽자켓 0평점을 주셨습니다 상품 후기 보기 반지 사이즈 1호 옵션 디엘제이 14k실반지 레이어드 열송이 민자 큐빅 컷팅 물결 반지 헤드앤숄더 클리니컬 스트렝스 댄,0,0,1,0,0,0,0,0,0,0,0,Passive User
cafearticle,,꿀템 골든구스키즈 0개를 주셨습니다 제품 후기 보기 옵션 NEW 헤드앤숄더 클리니컬 스트렝스 비듬 가려움 완화 베개커버 차콜 그레이 골든구스G31KS301 U8 골든구스RE28KS,0,0,1,1,0,0,0,0,0,1,0,Passive User
cafearticle,,최저가 비틀즈 lp판 소파 차콜 다크그레이 아트조이 DIY 보석십자수 30 x 40 cm 최저가격 12900원 최대 129원 적립 실구매자 0평점을 주셨습니다 제품 후기 보기 옵션,0,0,1,1,0,0,0,0,0,1,0,Passive User
cafearticle,,암막 롤스크린 0평점을 주었습니다 제품 후기 보기 사용기한 상세페이지참조 두피타입 일반두피 옵션 Head u0026 Shoulders Clinical Strength Shampoo,0,0,1,0,0,0,0,0,0,0,0,Passive User
cafearticle,,망설이다 늦는 샴푸의자 0평점을 주셨습니다 제품 후기 보기 성별 여아 최소연령 7세 시리즈 프렌즈 옵션 레고 프렌즈 하트레이크 시티 병원 41394 혼합 색상 헤드앤숄더 클리니컬 ,0,0,1,0,0,1,0,0,0,0,0,Passive User
cafearticle,,화제집중 신발주머니 0개를 주셨습니다 제품 후기 보기 두피타입 비듬샴푸 옵션 w 헤드앤숄더 클리니컬 스트렝쓰 암막 차콜 케이맥스 갤럭시 S20FE 5G 클리어핏 투명 하드케이스 역,0,0,1,0,0,0,0,0,0,0,0,Passive User
cafearticle,,주말전까지만 클로렐라 코타 차콜 3켤레 UV강력탈취 최저가 990000원 최대 49 500원 적립 구매자 26분이상이 5 0개를 0개를 주셨습니다 제품 후기 보기 구매옵션 제이디몰,0,0,1,0,0,0,0,0,0,0,0,Passive User
cafearticle,,구매1순위 자동차시트커버 베개커버 차콜 그레이 역대급 가격 39990원 최대 2 000원 적립 구매자 27분이 5 0평점을 주셨습니다 0평점을 주셨습니다 상품 후기 보기 옵션 제이,0,0,1,0,0,0,0,0,0,0,0,Passive User
cafearticle,,주말전까지만 미구하라 퍼스트 에센스 퓨어 차콜 아디다스골프 남성골프화 스파이크리스 F35409 아디크로스 바운스2 지금 최저가 94050원 제품 후기 보기 옵션 비쉐르 물결 헤이드,0,0,1,0,0,0,0,0,0,0,0,Passive User
cafearticle,,헤드쿨 히트리스트 리뷰모음 단점 장점 비용 정복 절대 후회안하는 헤드쿨 맘에 쏙 드네요 4위 헤드앤숄더 쿨 멘솔 샴푸 850ml 10개 69 500원 상품구매 및 후기 판매추천 5,0,0,1,0,0,0,0,0,0,1,1,Passive User
cafearticle,,지성두피이신분들 샴푸 어떤거 쓰시나요 어렸을 때부터 지성두피라 샴푸는 항상 지성두피샴푸는 쓰는데 요즘들어 두피 자극도 많이 되고 머리카락도 푸석해지는거 같아서요ㅠ 지성두피이신분들 ,0,0,1,1,0,0,0,0,0,1,0,Passive User
cafearticle,,비듬이 너무 심하네요 비듬이 왜이리 많아졌을까요 ㅠ 머리는 매일 감는데 샴푸 문제인건지 저녁만되면 엄청 떨어져요 ㅠㅠ 스트레스 너무 받네요,0,0,1,0,0,0,0,0,0,0,0,Passive User
cafearticle,,중학생남아 떡진머리 샴푸 머쓰세요 아이들꺼천연쓰다가 어른샴푸쓰는데도ㅠㅠ 비듬은 없는데 그냥 더러워보여요,0,0,1,0,0,0,0,0,0,0,0,Passive User
cafearticle,,니조랄 쓰고 비듬 더생기는데 우째요 쓰기 전보다 더 폭발하는데 이거 그냥 쓰지 말까요 처방 받아서 일주일째 쓰는중인데 니조랄 좋댔는데 ㅜㅜㅜ,0,0,1,1,0,1,0,1,1,1,0,Active Switcher
cafearticle,,두피 가려움증 어떻게 해야하나요 두피가 지성도아니고 비듬도 없어요 피부는 많이 건성이구요 최근들어서 이상하게 두피가 이유없이 막 가려워요 머리감고 말린 직후에도요 괄사로 두피를 맛,0,0,1,1,0,0,0,0,0,1,0,Passive User
cafearticle,,헤드앤숄더 클리니컬 스트렝스 환장 ㅠㅠ 좋아졌다가 더 안좋아지니까 마음이 진짜 많이 무너졌어요ㅠㅠ 뭘 믿고 써야할지 모르겠고 또 시도하기도 무서워요 지금은 헤드앤숄더 클리니컬 스트,0,0,1,0,0,0,0,0,0,1,1,Passive User
cafearticle,,지루성 두피염 원인 뭘해줘야 지루성 두피염 원인 대체 뭘까요 도대체 뭘 해줘야 나아질지 감이 1도 안잡히니까 케어하기 더 힘들어요 처음에는 그냥 두피에 비듬처럼 각질이 자주 생기고,0,0,1,0,0,0,0,0,0,0,0,Passive User
cafearticle,,헤드앤숄더 샴푸 쓰시는분 댓글좀 달아주세요 예전에 이제품 썼을때 비듬이 많이 생겼던걸로 기억하는데 지인집에서 샤워하려니 얘가 있더라구요 근데 그 때 쓰던거랑 다르게 얘는 머리도 안,0,0,1,0,0,0,0,0,0,0,0,Passive User
cafearticle,,지방 섭취 하면서 머리 기름도 증가한 걸까요 처음에는 지루성 두피염 또는 곰팡이 증상이 때문인가 해서 니조랄 헤드앤숄더 를 써봐도 낫질 않더라고요 매일 씻을때 애벌1회 본샴푸1회 ,0,0,1,1,0,0,0,1,1,1,0,Active Switcher
cafearticle,,헤드앤숄더 가려운두피 왜 전 효과가 ㅜㅜ 좋다는 헤드앤숄더 로 바꿔봤거든요 주변에서도 효과 봤다는 사람 많고 두피 케어 쪽에서는 꽤 유명해서 기대 혹시 헤드앤숄더 성분이 저랑 안 ,0,0,1,1,0,0,1,0,0,1,0,At-risk
cafearticle,,미용실에서 쓰는 샴푸요 시중 마트에 파는 샴푸랑 미용실에서 쓰는 샴푸는 다르긴 다른가요 아기 낳고나서 두피타입이 바뀐건지 비듬이 너무 잘 생기고 그래서 비듬샴푸로 유명하다는거 다 ,0,0,1,0,0,0,0,0,0,0,0,Passive User
cafearticle,,머리 가렵고 비듬ㅠㅠ 갑자기 머리가 가렵고 비듬이 많이 떨어져요ㅜ 기름도 많이 지구요 도와주세요 어떻게 해야하나요 샴푸는 헤드앤숄더 하늘색 좋다그래서 바꿨어요,0,0,1,0,0,0,0,0,0,0,0,Passive User
cafearticle,,초등학생 샴푸 추천좀 해주세요 아기때부터 무스텔라만 썼는데 요즘에 자꾸 정수리 부분에 각질인지 비듬인지 전혀 안그랬는데 생기더라고요 샴푸 추천부탁드립니다,0,0,1,0,1,0,0,0,0,0,1,Loyal
cafearticle,,매일머리감는데 간지럽고 비듬있으신분 그게 전대요 감고 머리 두피쪽 잘말려도 다시 간지러워요 지성두피샴푸 시중에 파는거쓰고있구요 간지러운거참고 매일감아서인듯해서 2틀견디면 자다가도 ,0,0,1,0,0,0,0,0,0,0,0,Passive User
cafearticle,,청소년 비듬샴푸 추천 부탁요 예전에 한 번 사서 효과 본 거 있는데 이름이 기억이 안나요 파란색이었는데 ㅜ ㅋㅋㅋㅋ 써보고 진짜 효과 본 거 있으시면 추천 좀 해 주세요 장유율하맘,0,0,1,0,1,0,0,0,0,0,1,Loyal
cafearticle,,두피 각질비듬 알려주세요 두피 각질비듬없었는데 몇주전부터 계속 두피에 각질이랑 비듬이 있는데 깨끗히 헹궈도 생기네요 말릴때 자연건조하는데 드라이기로 바짝 말려야할까요 건조해서인지 ,0,0,1,0,0,0,0,0,0,0,0,Passive User
cafearticle,,예비초3인데 머리 비듬이 생겼어요 샴푸때문 일까요 아직 머리냄새나거나 기름지는건 없는데 어제보니 비듬이 꽤 생겼더라고요 아토팜 약산성샴푸 쓰고 있는데 샴푸가 안맞는 걸까요 아님 제,0,0,1,0,0,0,1,0,0,0,0,Passive User
cafearticle,,초등 남자 아이 머리 비듬 과 냄새 남자 아이 키우면서 샴푸도 비누도 많이 안쓰면서 살았는데요 와 사춘기 호르몬 강력하네요 냄새가 나기 시작하고 한나절만 지나도 떡지기 시작하고 그,0,0,1,0,0,0,0,0,0,0,0,Passive User
cafearticle,,초등 샴푸 남자 아이가 올해 11살되는데요 계속 잘쓰던 키즈 샴푸가 전혀 세척이 안되는 기분이예요 요즘 부쩍 비듬이 엄청 나요 혹시 11살 남자 아이들 샴푸 뭐 사용하시나요,0,0,1,0,0,0,0,0,0,0,0,Passive User
cafearticle,,지루성두피 피부염땜에 어제 피부과 전문의 있는곳 갔는데요 샴푸는 뭐 쓰냐길래 헤드앤숄더 직구요 했더니 그건 용케 잘 찾으셨네 하심 ㅋㅋㅋㅋㅋㅋㅋㅋㅋ 샴푸하나 줄테니 퐁당퐁당으로 쓰,0,0,1,0,0,1,0,0,0,0,0,Passive User
cafearticle,,헤드앤숄더 스트렝스샴푸 모낭염에도 효과있을까요 고2아들 지루성두피염과 모낭염있어서 두피 붉고 긁으니 딱지생기고 미노씬 안먹으면 하얀 노란색에가까운 모낭염도있는데 이샴푸 효과있을까요,0,0,1,0,1,1,0,0,0,0,1,Loyal
cafearticle,,비듬샴푸 계속 써도 괜찮나요 남편이랑 샴푸 같이쓰다가 남편이 비듬인지 뭔지 검은색 옷 입으면 자꾸 흰가루 가 떨어지길래 헤드앤숄더 그 샴푸를 꾀 썼거든요 쓰니까 괜찮아졌고 대용량 ,0,0,1,0,0,0,0,0,0,0,0,Passive User
cafearticle,,중2 제가 어떻게 대처 해야 할까요 지루성 피부염이라서 그런지 비듬이 많이 생기더라고요 친구들이 비듬가지고 좀 놀린다고 해서 도와줘야 할것 같은데 헤드앤숄더 썻는데 효과가 없었어요,0,0,1,0,0,0,0,0,0,0,0,Passive User
cafearticle,,8월 13일 세종점 후기 8 9 헤드앤숄더 쿨멘솔 샴푸 17 990 3 600 오랜만에 구입해봤는데 예전에는 이거로 머리 감으면 두피가 버터 13 690 커클랜드 버터 먹다가 요거,0,0,1,0,0,0,0,0,0,0,0,Passive User
cafearticle,,요즘같이 더운날엔 쿨링부스터 추천해요 저 이번에 머리 비듬때문에 샴푸 바꿨거든요 요즘같이 자외선 진짜 쨍쨍한날에는 모자 안쓰면 뭔가 두피도 많이 따갑고 드라이기 넘 더워서 머리 대,0,0,1,0,1,0,0,0,0,0,1,Loyal
cafearticle,,비듬샴푸 추천 해주세요ㅜㅜ 예비신랑이 검은옷을 입으면 비듬이 너무 보여요ㅜㅡㅜ 샴푸 선물할까하는데 써보셨거나 선물해보신 분 있나요,0,0,1,0,1,0,0,0,0,0,1,Loyal
cafearticle,,초등아이 머리냄새랑 두피 비듬이 생겼어요 날이 더워서 그런건지 저희 아이가 급속도로 크고 있기도 하지만 머리 냄새가 너무 많이 나요 하 정말 비듬도 생겼고 마주할때마다 심란한데 어,0,0,1,0,0,0,0,0,0,0,0,Passive User
cafearticle,,머리가려움증 피부근염으로 1년 6개월차입니다 근육은 점점 증상이 좋아져 일상생활 잘 하고 있어요 그중 아직까지 제일 불편한점은 얼굴피부 안좋은것과 또 하나는 머리 가려움증 두피각질,0,0,1,1,0,0,0,0,0,1,0,Passive User
cafearticle,,두피냄새 비듬샴푸 추천좀해주세요 광고사절이예요 갑자기 기름도 많아지고 정수리냄새랑 비듬도 생겨서 진짜 써보고 괜찮았던제품 추천좀 해주세요,0,0,1,0,1,0,0,0,0,0,1,Loyal
cafearticle,,임산부 비듬 지루성 gt 헤드앤숄더 샴푸 써도되나요 원래도 지성이었지만 임신후엔 비듬이 말도 못하게 늘어났어요 ㅠㅠㅠ 샴푸를 찾아보는데 헤드앤숄더 써도될꺼요,0,0,1,0,0,0,0,0,0,0,0,Passive User
cafearticle,,비듬샴푸 써보신 거 중에 검색해보니 헤드앤숄더 클리니컬 스트렝스 녹색 보라색 니조랄이 그나마 효과가 직빵인 거 같은데 혹시 써보신 분들 중에서 어떤걸 추천하시나용 헤드앤숄더 는 녹,0,0,1,0,0,0,0,1,1,1,1,Passive User
cafearticle,,혹 지루성 두피이신 분 계실까요 먹는 약은 굳이라며 안 주셧고요 근데 헤드앤숄더 스트렝스로 다 잡앗거든요 각질이나 딱지 다 사라지고 그냥 두피로 돌아왓는데 그 샴푸가 임산부한테 안,0,0,1,0,0,0,1,0,0,0,0,Passive User
cafearticle,,아토피아이 건조두피 샴푸 바꿨어요 환절기에 이어 겨울까지 두피건조함 계속 되길래 제로이드 루트힐 썼는데 이제 사춘기에 들어서서인지 정수리 유분과 냄새를 잡질 못하고 각질도 여전하더,0,0,1,0,0,0,0,0,0,0,0,Passive User
cafearticle,,건조하고 가려운 두피를 가진 남편을 위해 헤드앤숄더 건성 두피 케어 샴푸로 바꿨어요 세계 판매 1위 글로벌 샴푸 헤드앤숄더 의 신제품 헤드앤숄더 건성 두피 케어 샴푸 2021년 7,0,0,1,0,0,0,0,0,0,0,0,Passive User
cafearticle,,청소년 아이들 비듬관리 사춘기소녀를 모시고 살고있는 엄마입니다 자기는 잘 씻는다고 하는데 왜이리 비듬이 심해지는지 혹시 청소년 아이들 비듬관리는 어찌 해주고 계신지 궁금합니다 진정,0,0,1,0,0,0,0,0,0,0,0,Passive User
cafearticle,,아이들 언제까지 키즈샴푸 쓰세요 15년생 2학년 우리 아들 올 여름부터 정수리 냄새가 나는듯하여 저랑 같이 아모스나 헤드앤숄더 쓰거든요 친구가 애는 애꺼 써야한다고 호르몬에 안좋다,0,0,1,0,0,0,0,0,0,0,0,Passive User
cafearticle,,초고학년 비듬에 효과있는 샴푸 찾아보니 헤드앤숄더 가 좋다는 댓글을 많이 봤는데요 종류가 많은데 어떤 제품인가요 쿨 멘솔인가요 아님 딥클린,0,0,1,0,1,0,0,0,0,0,1,Loyal
cafearticle,,헤드앤숄더 비듬샴푸 추천 약산성 비교 사용 후기 비교 뒷기약가 좋긴 하겠지만 손수 이렇게 써보니까 똑똑히 좋다는 걸 느끼는 지금 향수 대신 해서 이것만 쓸 듯요 트리트먼트 이용량 ,0,0,1,0,0,0,1,1,0,1,1,Passive User
cafearticle,,두피 가려움 때문에 고민이라면 헤드앤숄더 토탈 솔루션으로 해결해봤어요 그래서 제가 직접 사용해 헤드앤숄더 토탈 솔루션 샴푸를 바탕으로 두피 가려움 관리 방법부터 제품 뜨거운 물 대,0,0,1,1,0,0,0,1,0,2,0,Passive User
cafearticle,,아이 비듬 어떻게 해야할까요 좋다는 비싼 샴푸도 써보고 어린이 비듬샴푸 검색해서 이것저것 쓰고 있는데 더 심해지는거같기도 하고 걱정이네요 긁거나 지루성은 아닌것같고 단순 각질 같아,0,0,1,0,0,0,0,0,0,0,0,Passive User
cafearticle,,아이들 샴푸 아이들 샴푸 뭐 쓰시나요 아이들한테서 비듬이 생겨서요 ㅠㅠ 진짜 고민이에요 써 보신것 중에 추천해주고 싶은게 있으시면 댓글 부탁드립니다,0,0,1,0,1,0,0,0,0,0,1,Loyal
cafearticle,,헤드앤숄더 클리니컬 스트렝스 쓰신분 결정하고 싶어요 혹시 써보시고 도움 받으신 분들 계시면 경험담 공유해주세요 아니면 헤드앤숄더 클리니컬 스트렝스 대신 다른 관리 방법도 알고 싶어,0,0,1,1,0,0,0,1,0,1,0,Passive User
cafearticle,,헤드앤숄더 스트렝스 탈모에도 도움 될까요 헤드앤숄더 스트렝스 샴푸가격이 훨씬 저렴해서 고민이 되네요 스트렝스 대신 약용샴푸를 사용하는 게 맞을지 지루성 두피염 때문에 탈모진행 속도,0,0,1,1,0,0,0,1,0,1,0,Passive User
cafearticle,,지성두피 샴푸 ㅜㅜ 프레시팝 모히또 샴푸 헤드앤숄더 딥클린 약국 샴푸나 한살림 두피샴푸도 기름기 쏙 빠진다는 후기들이 많더라고요 정말 기름기 확 잡히는 지성샴푸 추천 실사용해보고 ,0,0,1,0,1,0,0,0,0,0,1,Loyal
cafearticle,,아이도 니조랄 써도 될까요 광고사양 지금 헤드앤숄더 지성두피용 쓰는데도 비슷해서 남편이 니조랄 사다가 머리감겨주라는데 아이가 써도 되나요 그거 엄청 자극되는거 아니에요 두피가 기름,0,0,1,1,0,0,0,1,1,2,0,Active Switcher
cafearticle,,헤드앤숄더 클리니컬 스트렝스 질문요 그래서 지푸라기라도 잡는 심정으로 알아보다가 헤드앤숄더 클리니컬 스트렝스라는 제품을 발견했는데요 헤드앤숄더 클리니컬 스트렝스 직접 써보신 분들 ,0,0,1,0,1,0,0,0,0,0,1,Loyal
cafearticle,,손절 과연 언제하는게 좋을까 손절마지막편 헤드앤숄더 정수리 매수 쌍봉 두번째 꼭지 매수 9 매도해야되는데 매수버튼 잘못 눌렀을 때 누가 대신 해주는 것이 아니라 내손으로 직접 손절,0,0,1,1,0,0,0,1,0,1,0,Passive User
cafearticle,,지루성두피염 샴푸나 효과좋은제품 추천 마구해주세요 겨울만되면 이러는데 이게 건성이라그런줄 알앗더니 찾아보니 지루성두피염 같아요 니조랄 헤드앤숄더 써봤는데 일시적이었어요 흑흑,0,0,1,0,0,1,0,1,1,1,1,Passive User
cafearticle,,지성두피 샴푸 ㅜㅜ 프레시팝 모히또 샴푸 헤드앤숄더 딥클린 약국 샴푸나 한살림 두피 샴푸도 기름기 쏙 빠지는다는 후기들이 많네요 정말 기름기 확 잡히는 지성샴푸 추천 실사용 해보고,0,0,1,0,1,0,0,0,0,0,1,Loyal
cafearticle,,260107라방 무엇이든 물어보세요 번역 그 대신 비행기 안에서 저를 막거나 어디 건물 입구 같은 데서 기다리고 있다가 막는 건 절대 하지 마세요 그래서 일단 헤드앤숄더 같은 제품,0,0,1,1,0,0,0,1,0,1,0,Passive User
cafearticle,,혹시 비듬 ㅠ 지난달부터 머리가 미친듯이 가렵더니 비듬이 ㅠ 머리 만질때마다 우수수ㅠ 검정색옷은 잘대 못입고 이런적이 없었는데 정말 멘붕입니다 비듬샴푸 사서 쓰고 있는데 효과도 없,0,0,1,0,0,0,0,0,0,0,0,Passive User
cafearticle,,두피 가려움증 어떻게 해야하나요 두피가 지성도아니고 비듬도 없어요 피부는 많이 건성이구요 최근들어서 이상하게 두피가 이유없이 막 가려워요 머리감고 말린 직후에도요 괄사로 두피를 맛,0,0,1,1,0,0,0,0,0,1,0,Passive User
cafearticle,,실리콘프리샴푸 5가지 두피 건강 끝 자연을 담은 듯한 편안함 인공적인 향 대신 은은하고 자연스러운 향으로 샴푸하는 시간마저 힐링이 됩니다 특히 헤드앤숄더 프로페셔널 안티 댄드러프 ,0,0,1,1,0,0,0,1,0,1,0,Passive User
cafearticle,,도표 헤드앤숄더 두피 토탈 솔루션 쿨 멘솔 샴푸 두피 케어와 시원한 청량감 두피 관리에 신경 쓰는 분들에게 적합한 헤드앤숄더 두피 토탈 솔루션 쿨 멘솔 샴푸는 쿨링감과 세정력을 남,0,0,1,1,0,0,0,1,0,1,0,Passive User
cafearticle,,초등여아비듬문제 안녕하세요 초5 여아 엄마입니다 아이가 호르몬이 많아져서 그런지 비듬이 너무 많이 보여요 ㅠㅠ 비듬샴푸를 쓰는데도 없어지질 않네요 ㅠㅠ 혹시 경험있으신 선배맘님들 ,0,0,1,0,1,0,0,0,0,0,1,Loyal
cafearticle,,두피 가려움 샴푸 니조랄 효과 있었던 후기 그때는 헤드앤숄더 클리니컬 스트렝스를 직구로 구매해서 써봤는데 기대했던 효과는 딱히 없었습니다 두피 약국에서 바로 살 수 있다는 걸 알고,0,0,1,1,0,0,0,1,1,3,0,Active Switcher
cafearticle,,코스코 신제품 내 기준 어떤 맛일까 상당히 호기심 나네요 ㅋㅋㅋ 페퍼로니 피자 크리스피라는데 피자 먹는 대신 다이어트 용으로 비듬하면 헤드앤 숄더 샴푸만 알았던 저에게 신세계네여 ,0,0,1,1,0,0,0,1,0,1,0,Passive User
cafearticle,,헤드앤숄더 클리니컬 스트렝스 클린한 두피가 필요할 때 딱 한 번 조심해서 씁니다 답답하고 자꾸 염증처럼 가렵고 열도 올라오는 느낌이 드는 요즘 같은 떄 오랜만에 헤드앤숄더 클리니컬,0,0,1,1,0,0,0,1,0,2,0,Passive User
cafearticle,,육퇴 후 머리관리하기 대신 헤어식초 쓰고 있어요 쓰는 중에 업로드 됐네요ㅠ 헤드앤숄더 탈탈털어쓰고 샘플까지 뒤집어 쓰고 잏는 실사진ㅋㅋ 올영에서 샀는데 샴푸 후 두피에 고루 발라주,0,0,1,1,0,0,0,1,0,1,0,Passive User
cafearticle,,11번가 아마존 헤드앤숄더 클리니컬 스트렝스 쿨링 샴푸 400ml 2개 27 370원 두피가 가려워서 예전부터 살려고 보고 있었는데 가격이 3만원 밑으로 내려가지 않아서 안사다가 ,0,0,1,1,0,0,0,0,0,1,0,Passive User
cafearticle,,헤드앤숄더 스트렝스 놉 헤드앤숄더 스트렝스보면 두피염 다 잡아줄 것처럼 알리는데 제 두피는 완전 난리도 아니었네요ㅠ휴 이제 다시 어떤 샴푸를 써야 할지도 모르겠어요 헤드앤숄더 스트,0,0,1,1,0,0,0,1,0,1,0,Passive User
cafearticle,,헤드앤숄더 스트렝스 효과X ㅠㅠ 헤드앤숄더 스트렝스 끊고나서도 며칠간은 계속 아팠거든요 이제 순한 샴푸만 써도 따갑고 예민해진것 같아요ㅠㅠ 혹시 헤드앤숄더 스트렝스 대신 에 저같은,0,0,1,1,0,0,0,1,0,1,0,Passive User
cafearticle,,헤드앤숄더 클리니컬 스트렝스 재사용 후기 항생제 말고 현실적인 대안 병원에서는 여전히 항생제 처방 외에는 뾰족한 해결책이 없는 상황이라 약 대신 해줄 수 있는 건 결국 샴푸 관리뿐,0,0,1,1,0,1,0,1,0,1,0,At-risk
cafearticle,,바디브 약산성 자연유래 샴푸 온 가족의 두피 고민을 해결 첫 번째 사용 후 큰아들이 quot 엄마 이 샴푸 괜찮은 것 같아 quot 라고 해서 놀랐답니다 비듬 도 조금씩 줄어드는 ,0,0,1,0,1,0,1,0,0,0,1,Loyal
cafearticle,,마운자로 부작용으로 탈모도 생긴다는데 어떡해요 ㅠ 비듬 같은 것도 자주 생기고 간지러운 날도 많아요 머리숱도 많이 줄었어요 특히 빛 받으면 속이 다 두피 관리 루틴도 찾아보고 있고,0,0,1,1,0,0,0,0,0,1,0,Passive User
cafearticle,,지루성피부염 연고 바르면 효과있나요 비듬 처럼 각질이 올라오기 시작하는 거에요 특히 헤어라인 쪽이 유독 심한데 머리 감고 몇 시간만 지나면 떡이 지구요 머리카락도 무서울 정도로 빠,0,0,1,0,0,1,0,0,0,1,1,Passive User
cafearticle,,바디브 약산성 샴푸 1000ml 대용량 비듬 케어 사용후기 com a epuagN 이 포스팅은 쿠팡 파트너스 활동의 일환으로 이에 따른 일정액의 수수료를 제공받습니다 오늘의 추천 ,0,0,1,0,1,0,1,0,0,0,1,Loyal
cafearticle,,약산성 비듬샴푸추천 추천 그래서 여름 되기 전에 비듬샴푸추천 제품을 제대로 찾아봐야겠다 싶었어요 그렇게 고른게 비듬샴푸추천 엘릭 샴푸였는데요 비듬샴푸추천 알아보니까 청소년 비듬은 ,0,0,1,0,1,0,1,0,0,0,1,Loyal
cafearticle,,얼룩조릿대 효능 직접 경험해보고 정리한 리얼 후기 평소에 머리를 감고 나서도 자꾸만 가렵고 비듬 처럼 각질이 어깨 위로 툭툭 떨어지길래 단순히 샴푸 가 안 직접 경험한 3주간의 피,0,0,1,0,1,0,1,0,0,0,1,Loyal
cafearticle,,라보에이치 댄드러프클리닉 비듬 두피 각질 케어 샴푸 후기 이 샴푸 하나로 두피와 모발을 동시에 챙길 수 있으니 정말 효율적이더라고요 정리하자면 비단 비듬 만 걱정인 분이 아니라 두,0,0,1,0,1,0,0,0,0,0,1,Loyal
cafearticle,,quot 봄만 되면 한 움큼씩 quot 봄철 탈모가 심해지는 진짜 이유 3가지와 예방법 두피가 가렵거나 비듬 이 갑자기 늘었다 3개 이상 해당 시 전문가의 도움이 필요합니다 논문으,0,0,1,0,1,1,0,0,0,0,1,Loyal
cafearticle,,다운 펌 비듬 에 좋은 두피 제품 그리고 항상 아침 저녁 약산성 샴푸 바디워시 클렌징 폼으로로 머리 gt 몸 gt 얼굴순 진행 후 찬 바람으로 부위만 비듬 이 생깁니다 ㅠㅠ 이러한,0,0,1,0,1,0,1,0,0,0,1,Loyal
cafearticle,,헤드앤숄더 토탈 솔루션 가려운 두피 케어 샴푸 가려움 비듬 한 번에 해결 com 2b89tqkc 헤드앤숄더 토탈 솔루션 가려운 두피 케어 샴푸 가려움 비듬 한 번에 해결 안녕하세요,0,0,1,0,0,0,0,0,0,1,1,Passive User
cafearticle,,헤드앤숄더 쿨멘솔 샴푸 시원한 두피 케어와 풍부한 청량감 두피 트러블 완화에 뛰어난 효과 특허받은 케라틴 관리 성분이 비듬 과 가려움을 부드럽게 잡아줍니다 추천 상품 혜택 안내 추,0,0,1,1,0,0,1,0,0,2,1,At-risk
cafearticle,,지루성두피염병원 큰일이에요 혹시 지루성두피염병원 가보신분 계신가요 저 지루성두피염때문에 어렵게 예약해서 병원 다녀왔는데 효과를 전혀 못보고 오히려 상태가 더 안좋아져서요ㅠ 어떻게해,0,0,1,0,0,1,0,0,0,0,0,Passive User
cafearticle,,N단독 대용량 닥터그루트 클리니컬 릴리프 지루성 두피용 약산성 샴푸 10초 워터 스케일러 샴푸 2 STEP 최 자연스럽게 추천 하는 닥터그루트 클리니컬 릴리프 샴푸 혹시 피부가 민,0,0,1,0,1,0,1,0,0,0,1,Loyal
cafearticle,,BALLVIC 볼빅 세보 샴푸 병원 샴푸 지루성 비듬 각질 이건 어때요 진짜 효과를 보는 볼빅 세보 샴푸 지루성 비듬 각질 걱정을 끝내다 155 790원 이 샴푸 를 사용한 이후로,0,0,1,0,1,1,0,0,0,0,1,Loyal
cafearticle,,아토팜 매터니티 케어 스칼프 테라피 샴푸 트리트먼트 세트 꼼꼼하게 비교해봤어요 편안한 두피 케어와 건강한 출산을 위한 아토팜 매터니티 케어 스칼프 테라피 샴푸 트리트먼트 세트 35,0,0,1,0,0,0,0,1,0,1,1,Passive User
cafearticle,,엘라스틴 시그니처 두피 앤 손상 클리닉 샴푸 후기 비듬 도 눈에 띄게 줄어들었어요 이 정도 효과면 정말 만족스러웠습니다 엘라스틴 시그니처 두피 앤 손상 클리닉 약산성 샴푸 는 제 ,0,0,1,0,1,0,1,0,0,0,1,Loyal
cafearticle,,사춘기 샴푸 막막ㅠ 같아요 비듬 도 조금씩 보이는 수준이 아니라 눈에 띄게 떨어질 때가 많아서 학교에서 친구들이 가까이 오면 사춘기 샴푸 있으시면 추천 좀 부탁드려요 아니면 사춘기,0,0,1,0,1,0,0,0,0,0,1,Loyal
cafearticle,,다낭 베트남 쇼핑 리스트 자세 정보 한시장 롯데마트 약국 완벽 정리 아래 추천 제품들은 개인적인 사용 경험을 바탕으로 정리한 것이며 각자 필요에 따라 4 058원 비듬 전용 한방 ,0,0,1,0,1,0,0,0,0,0,1,Loyal
cafearticle,,다운 펌 이후 비듬 그리고 항상 아침 저녁 약산성 샴푸 바디워시 클렌징 폼으로로 머리 gt 몸 gt 얼굴순 진행 후 찬 바람으로 드라이를 해주고 있습니다 그릭고 약 7 10일 뒤에,0,0,1,0,0,0,1,0,0,0,0,Passive User
cafearticle,,헤드앤숄더 비듬샴푸 추천 약산성 비교 사용 후기 헤드앤숄더 비듬샴푸 추천 약산성 비교 사용 후기 사실 큰 샴푸를 굴절해 본 1인 이참에 산 상품 너무 뜻에 드는데요 우선 페로몬 향,0,0,1,0,1,0,1,1,0,0,1,Loyal
cafearticle,,안양탈모 평촌에서 괜찮은곳 최근 들어 머리카락이 눈에 띄게 가늘어지고 비듬 까지 생기는 것 같아 고민 끝에 안양탈모 관리로 유명한 안양탈모 예방을 위해 단순히 샴푸 를 바꾸는 것만,0,0,1,0,0,0,0,0,0,0,0,Passive User
cafearticle,,BALLVIC 볼빅 세보 샴푸 병원 샴푸 지루성 비듬 각질 핫딜 비교 추천 꾸준히 사용하면 비듬 과 각질 세상에서 벗어날 수 있답니다 사용 후기 100 추천 하는 제품이에요 이 샴,0,0,1,0,1,1,0,1,0,0,1,Loyal
cafearticle,,두피에 카페인 들어간 샴푸 는 써도될까요 제가 초기에 너무 건조해져서 비듬 이 많이생겼었어요 두피크리닉 받으러갔다가 아베다거 추천 받아서 쓰고있는데 스칼프 기능있고 시원하고 이게 ,0,0,1,0,1,0,0,0,0,0,1,Loyal
cafearticle,,지루성두피염병원 어때요 특히 정수리 쪽이 가렵고 비듬 도 많이 생기는데 혹시 이런 증상 겪어보신 분 계신가요 친구가 그러는데 샴푸 도 여러 개 바꿔봤는데 오히려 더 가려운 것 같기,0,0,1,0,0,1,0,0,0,0,0,Passive User
cafearticle,,지루성두피염피부과 가게 되면 주변에서 두피가 가렵고 비듬 이 생기면서 머리카락이 빠진다고 하던데 저도 비슷한 증상이 있어서 샴푸 만 바꿔도 나아질 수 있을지 아니면 전문적인 관리가,0,0,1,0,0,1,0,0,0,0,0,Passive User
cafearticle,,고양이샤푸 쉬즈곤 부스트 샴푸 캣 저자극 애플 블라썸향으로 부드럽게 부스트 샴푸 캣 저자극 애플 블라썸향은 고양이샤푸 중에서도 뛰어난 품질을 자랑해요 유통기한이 넉넉해 사용하기도 ,0,0,1,0,0,0,0,0,0,1,1,Passive User
cafearticle,,용닥터 샴푸 400 ml 본사정품 지루성두피 탈모 완화 기능성 샴푸 스칼프 볼륨 카페인 샴푸 지긋지긋했 탈모 고민으로 스트레스받으시는 분들 저처럼 지루성 두피로 고생하시는 분들께 ,0,0,1,0,1,0,0,0,0,0,1,Loyal
cafearticle,,요즘 반응 좋은 샴푸 댄트롤 비듬샴푸 프레쉬애플 3개 820ml 핫딜 비교 추천 신뢰와 추천 사용자들이 증명하는 효과 직접 사용 후기를 검색해보니 많은 사람들이 이미 프레쉬애플 비,0,0,1,0,1,0,1,1,0,0,1,Loyal
cafearticle,,핫딜 오르보닉 약산성 천연 샴푸 비듬 유래 두피 지루성 피부염 민감한 지성 두피 가려움 추천 상품 핫딜 오르보닉 약산성 천연 샴푸 비듬 유래 두피 지루성 피부염 민감한 지성 두피 ,0,0,1,0,0,0,1,0,0,1,1,Passive User
cafearticle,,두피가려움 ㅜㅜ 그래서 샴푸 도 이것저것 바꿔봤는데 딱히 맞는 걸 아직 못 찾았어요 ㅜㅜ 예전엔 비듬 도 좀 있었고 요즘 머리 감고 6 8시간 정도 지나면 다시 슬슬 간지럽고 각질,0,0,1,1,0,0,0,0,0,3,0,Passive User
cafearticle,,세바메드 샴푸 비듬 방지 샴푸 사용 후기 결론적으로 세바메드 샴푸 비듬 방지 샴푸 는 비듬 으로 고민하는 분들에게 추천 할 수 있는 제품이에요 자극 없이 사용할 수 있고 비듬 방지,0,0,1,0,0,0,0,0,0,1,1,Passive User
cafearticle,,비듬 탈모 연관성 있나요 주변에서는 비듬샴푸 쓰라고 하던데 그것만으로 충분할까요 아니면 뭔가 더 해야하는건지 비듬 탈모 생기기 전에 미리 케어하고 싶은데 요즘 거울 보면서 머리숱도,0,0,1,0,0,0,0,0,0,0,0,Passive User
cafearticle,,두피 건선 증상인가요 떨어지고 비듬 처럼 하얀 가루가 계속 생겨요 두피 건선 증상인지 궁금한데 혼자서는 잘 모르겠더라구요 생겨요 샴푸 를 순한 걸로 바꿔봤는데도 별로 나아지는 느낌,0,0,1,1,0,0,0,0,0,2,0,Passive User
cafearticle,,닥터그루트 클리니컬 릴리프 지루성 두피용 샴푸 사용 후기 또 비듬 도 줄어든 것 같아서 기분이 정말 좋았어요 평소에는 가려움증도 있었는데 이 샴푸 를 사용한 후에는 분들에게 추천 ,0,0,1,0,0,0,0,0,0,1,1,Passive User
cafearticle,,펄케어 헤어프로 두피 마사지기 리뷰 봄철 두피 고민 해결 환절기만 되면 어김없이 찾아오는 두피 가려움과 잦은 비듬 때문에 고민이신 분들 IPX5 방수 등급으로 샴푸 중에도 안심하고,0,0,1,1,0,0,0,0,0,1,0,Passive User
cafearticle,,두피 가려움 샴푸 추천 받고 싶은데 어떤 게 좋을까요 처음에는 그냥 피로 때문이겠지 싶어서 무시했는데 샤워하고 나서도 계속 긁게 되고 비듬 도 생기더라고요 두피 가려움 샴푸 추천 ,0,0,1,0,0,0,0,0,0,1,1,Passive User
cafearticle,,머리 비듬 없애는법 진짜 궁금합니다 샴푸 도 여러 개 바꿔봤는데 별로 나아지는 게 없어서요 머리 감고 나서도 두피가 간지럽고 긁으면 또 하얗게 일어나는데 이거 정상인가요 주변에서 ,0,0,1,1,0,0,0,0,0,1,0,Passive User
cafearticle,,두피 건강을 위한 적절한 수분 공급 방법 두피는 피부의 일부로 수분이 부족할 경우 가려움증 비듬 탈모 등의 문제가 발생할 수 있습니다 따라서 샴푸 후 두피에 수분을 공급할 수 있는,0,0,1,1,0,0,0,0,0,1,0,Passive User
cafearticle,,Magazine 내 대가리는 소중하니까 탈모 관리템 추천 zip 물론 비듬 지루성 두피염이 있다면 케토코나졸 샴푸 약용 샴푸 를 가장 먼저 적용해야 하는게 맞습니다 하지만 보조적으,0,0,1,0,1,0,0,0,0,0,1,Loyal
cafearticle,,쉬즈곤 부스트 샴푸 로 아이 위한 최고의 고양이샤푸 선택 비듬 관리가 필요한 아이들에게 이 쉬즈곤 부스트 샴푸 캣 저자극 애플 블라썸향을 강력 추천 해요 민감한 아이도 쓸 수 있는,0,0,1,0,0,0,0,0,0,1,1,Passive User
cafearticle,,지루성 두피염 냅뒀다가 대머리 될 뻔 했어요 처음에는 저도 다른 분들처럼 그냥 단순하게 비듬 이 좀 생긴 줄 알고 시중에서 파는 독한 비듬 샴푸 들을 사다 썼어요 그런데 시간이 지,0,0,1,0,0,0,0,0,0,0,0,Passive User
cafearticle,,바이아우어 81만PPM 맥주효모 대용량 비듬 탈모 샴푸 1017ml 선택 가이드 바이아우어 81만PPM 맥주효모 대용량 비듬 탈모 샴푸 1017ml 선택 가이드 왜 바이아우어 81,0,0,1,0,1,0,0,0,0,0,1,Loyal
cafearticle,,건조한 두피에 비듬 전용 세정제 사용해도 괜찮을까요 비듬 전용 제품을 한번 써보려고 하는데요 세정력이 너무 강해서 수분을 다 빼앗아 오히려 상태가 더 악화된다는 말을 들었습니다 정,0,0,1,1,0,0,0,0,0,1,0,Passive User
cafearticle,,니조랄 가격 진짜ㅠ 염증이 심해서 손만 닿아도 따갑고 아프고ㅠ 가려움이랑 비듬 도 심하고 뾰루지때문에 제대로 감지를 약용 샴푸 를 알게 됐거든요 약국마다 니조랄 가격이 다르다길래 ,0,0,1,1,0,0,0,1,1,3,0,Active Switcher
cafearticle,,헤드앤숄더 클리니컬 스트렝스 왜이러죠 원래 두피가 좀 민감한 편이긴 했거든요 근데 최근에 갑자기 상태가 안좋아져가지고ㅠ 비듬 이 장난아니게 이게 항진균 샴푸 인데 주성분인 황화셀레,0,0,1,1,0,1,1,0,0,1,0,At-risk
cafearticle,,비듬 없애는 방법 진짜 간절해요ㅠ 진짜로 효과 좋은 비듬 없애는 방법 없을까요 요즘 비듬 때문에 스트레스가 너무 심해서 이렇게 글까지 그래서 약용 샴푸 쪽으로도 알아보다가 니조랄 ,0,0,1,1,0,0,0,1,1,1,0,Active Switcher
cafearticle,,청소년 비듬샴푸 왜이래요 청소년 비듬샴푸 뭘 써야할지 너무 고민이네요ㅠ 요즘 아이 두피 때문에 계속 신경이 쓰여서 글 남겨봐요 중학생 남자아이인데 사춘기 들어서면서부터 정수리 냄새,0,0,1,1,0,0,0,0,0,1,0,Passive User
cafearticle,,두피 뒤집어지고 가려웠는데 순한 샴푸 로 광명 찾았어요 블루라이프 샴푸 추천 받아서 반신반의하며 썼는데 진짜 광명 찾은 기분이네요 이게 두피 유수분 밸런스를 맞춰줘서 그런지 한 2,0,0,1,0,1,0,0,0,0,1,2,Loyal
cafearticle,,중학생 아들내미 정수리 냄새랑 딱지 다 고쳤어요 떨어지던 비듬 도 엄청 많이 사라졌어요 어릴 때부터 두피 관리 잘해줘야 나중에 머리 덜 빠진다고 해서 탈모 예방 차원으로 저도 같이,0,0,1,0,1,0,0,0,0,0,2,Loyal
cafearticle,,환절기라 비듬 폭발 ㅠㅠ 카페활동 친목 수다글 없이 업체 추천 및 후기글만 작성시 글삭제 및 정지될수 있습니다 회원님들 글에 댓글 쥐구멍에 숨고 싶었네요 ㅜㅜ 혹시 비듬 에 효과 ,0,0,1,0,1,0,0,0,0,0,1,Loyal
cafearticle,,바디브 약산성 천연 샴푸 체험기 가성비도 좋은 것 같고 특히 두피가 민감한 분들에게 적극 추천 하고 싶어요 저 같은 경우는 이제 이 샴푸 없이는 못 살 것 같아요 사용한 지 한 달,0,0,1,0,1,0,1,0,0,0,1,Loyal
cafearticle,,달리프 베러 루트 스칼프 두피 앰플 제 두피를 살린 아이템 사용 방법도 간단해서 샴푸 후 두피에 적당량을 분사하고 가볍게 마사지해 주기만 하면 됐어요 저처럼 예전처럼 잦은 각질이나,0,0,1,0,0,0,0,0,0,0,0,Passive User
cafearticle,,우르오스 스칼프 샴푸 500ml 남성 두피 고민을 위한 스마트한 데일리 케어 가이드 평소 두피의 과도한 유분기와 비듬 으로 고민이 많으셨던 분들께 추천 드립니다 자극이 적고 순한 ,0,0,1,0,0,0,1,0,0,1,1,Passive User
cafearticle,,향 좋은 샴푸 브랜드 추천 비교 후기 지속력 성분 정리 향 좋은 샴푸 브랜드 추천 비교 후기 지속력 성분 정리 머리 냄새 오랫시간 멋진 냄새만 나게 해주는 거 뭐 또한 일반 향 내,0,0,1,0,1,0,1,1,0,0,1,Loyal
cafearticle,,사춘기 비듬샴푸 추천 좀 해주세요 아이가 중2가 되더니 갑작스레 비듬 으로 고민이 이만저만이 아닙니다 좋다는 샴푸 를 이것 저것 다 바꿔봤는데도 효과가 잘 없어서 아이가 미칠라고 ,0,0,1,0,1,0,0,0,0,0,1,Loyal
cafearticle,,르뱅나튀렐 약산성 유기농 천연 아로마 샴푸 실제 사용 후기 유기농 샴푸 를 쓰고 나서는 훨씬 편안해졌어요 과도한 유분이나 비듬 으로부터 해방된 기분이죠 게다가 추천 과 신뢰를 보내,0,0,1,0,1,0,1,0,0,0,1,Loyal
cafearticle,,올리브영 비듬샴푸 추천 받아보신 분 계신가요 친구한테 물어보니 두피 관리가 중요하다면서 올리브영 비듬샴푸추천 을 해주더라구요 근데 종류가 너무 많아서 뭘 써야 할지 모르겠습니다 두,0,0,1,0,1,0,0,0,0,0,1,Loyal
cafearticle,,각질 샴푸 추천 해주세요 두피에 각질이 있어서 비듬 처럼 날려요ㅜㅜ 순하다는 샴푸 다 사용해도 괜찮아 지지 않네요 혹시 추천 해주실 제품 있을까요ㅜㅜ 머리도 없고 두피도 다 보이고,0,0,1,0,1,0,0,0,0,0,1,Loyal
cafearticle,,지루성 두피 샴푸 유목민이에요 감아도 간지럽고 미치겠어요 추천 좀 해주세요 ㅜㅜ 헤드앤숄더 방기원 각종 좋다는거 써봐도 정착을 하지 못했어요,0,0,1,0,1,0,0,0,0,0,2,Loyal
cafearticle,,모두바른 임산부 샴푸 1개 800ml 비교해봤어요 꾸준히 쓰면 부드럽고 풍성한 모발은 물론 피로감도 한층 덜 느껴지니 정말 추천 하고 싶어요 사용 후 느껴지는 놀라운 변화 솔직 후,0,0,1,0,0,0,0,1,0,1,1,Passive User
cafearticle,,앙방 여성 샴푸 1 위 향기좋은 샴푸 비듬 단백질 대용량 샴푸 향수 향기 퍼퓸 약산성 샴푸 에끌라 드 라일락향 이 샴푸 를 적극 추천 해 드리고 싶어요 넉넉한 대용량과 무료배송 혜,0,0,1,0,1,0,1,0,0,0,1,Loyal
cafearticle,,STEAMBASE 티트리 스칼프 워터 스케일러 250ml 1개 리뷰 두피 열감과 가려움을 산뜻하게 잠재운 루틴 샴푸 전 3분 답답했던 두피가 먼저 숨을 쉬기 시작했어요 샴푸 만으로,0,0,1,1,0,0,0,0,0,1,0,Passive User
cafearticle,,그래비티 기능성 탈모 샴푸 두피클리닉 헤어리프팅 엑스 트라 스트 롱 스트롱 카이스트 리뷰 하루 종일 산뜻 비듬 처럼 일어나는 부분도 눈에 띄게 줄어들어 옷깃 신경 쓸 일이 적어졌어,0,0,1,0,0,0,0,0,0,1,1,Passive User
cafearticle,,르뱅나튀렐 약산성 유기농 천연 아로마 샴푸 를 사야하는 이유 매일 사용하는 제품으로 인해 두피가 가렵거나 비듬 이 늘었고 모발도 쉽게 푸석푸석해졌죠 하지만 이 유기농 천연 아로마 ,0,0,1,0,1,0,1,0,0,0,1,Loyal
cafearticle,,닥터포헤어 폴리젠 비듬 각질케어 샴푸 프레시아로마향 추천 하는 이유 믿을 수 있는 제품 사용자들의 좋은 후기와 추천 많은 사용자들이 입을 모아 추천 하는 제품이 바로 이 닥터포헤어,0,0,1,0,1,0,0,0,0,0,1,Loyal
cafearticle,,오프온 지루성두피염 볼륨 탈모완화 올리브영 비듬 예방 약산성 비건 남자여자 B7블랙빈 쿨 샴푸 개인적 경험 오프온 지루성두피염 볼륨 탈모완화 올리브영 비듬 예방 약산성 비건 남자여,0,0,1,0,1,1,1,0,0,0,1,Loyal
cafearticle,,이스터 스칼프 솔루션 지루성 두피 샴푸 1개 500ml 써보니 다르네요 평소에 두피 가려움과 비듬 때문에 힘들었는데 이 샴푸 는 자극 없이 자연 성분으로 두피를 진정시켜주는 두피 ,0,0,1,1,0,0,1,0,0,2,1,At-risk
cafearticle,,다운펌 후 비듬 각질 해결 방법좀요 이대로는 안 되겠다 싶어서 비듬 샴푸 로 바꿔보고 두피열 내린다고 쿨링 샴푸 도 써봤는데 그때뿐이더라고요 피부과 가서 약도 타다 발라봤는데 바를,0,0,1,0,0,1,0,0,0,0,0,Passive User
cafearticle,,처음 사도 좋은 TS 지디 샴푸 포보이 추천 하는 이유 관리하는 즐거움과 더 건강한 머리 상태 이 모든 것을 경험할 수 있으니 정말 추천 하고 싶어요 왜 이 느낌 비듬 과 가려움이,0,0,1,0,0,0,0,0,0,1,1,Passive User
cafearticle,,남편 비듬 샴푸 정착해서 너무 속 시원해요 맘카페 추천 받고 블루라이프 샴푸 로 바꿔줬어요 근데 이거 진짜 물건인 게 한 2주 정도 꾸준히 쓰니까 눈에 띄게 비듬 도 많이 사라지고,0,0,1,0,1,0,0,0,0,0,2,Loyal
cafearticle,,지루성두피 샴푸 좋은 거 알려주세요 지루성두피 샴푸 두피에 비듬 이랑 가려움이 심해져서 지루성두피 샴푸 찾고 있어요ㅠ 예전엔 이런 증상이 지루성두피 샴푸 부터 시도해보려고 해요 성,0,0,1,1,0,0,1,0,0,2,1,At-risk
cafearticle,,니조랄 샴푸 왜이러죠 니조랄 샴푸 처방받아서 써봤는데 오히려 두피가 더 뒤집어져서 글올려봐요ㅠ 어릴때부터 두피가 좀 예민한 편이긴 했거든요 뾰루지도 가끔 올라오고 비듬 도 생기는 ,0,0,1,1,0,1,0,1,1,3,0,Active Switcher
cafearticle,,웰코스 뮤겐스 게츠 컨디셔닝 로션 500ml 500g 5개 꼼꼼하게 비교해봤어요 특히 비듬 과 가려움증이 줄고 머리카락이 더 건강하고 윤기 있게 변했어요 자연 유래 성분이 든 제품,0,0,1,0,0,0,1,1,0,1,1,Passive User
cafearticle,,센스 있게 고르는 클로란 피오니 샴푸 400ml 스칼프 두피 비듬샴푸 구매 후기 리뷰 추천 당신의 두피 고민 클로란 피오니 샴푸 가 해결해 드립니다 26 900원 진짜로 차별화된 ,0,0,1,0,1,0,0,0,0,0,1,Loyal
cafearticle,,니조랄 약국 사는게 가능한가요 두피가 자꾸 가렵고 비듬 도 많이 생겨서 피부과 가봤더니 지루성 두피염이라고 하더라구요 의사 선생님이 니조랄 샴푸 를 추천 해 주셔서 니조랄 약국에서,0,0,1,0,0,1,0,1,1,1,1,Passive User
cafearticle,,건성 비듬샴푸 좋은 거 알려주세요 생활습관을 바꿔야 하는 건지 아니면 다른 관리법이 있는 건지요 병원에 가보는 것도 생각해봤는데 일단 집에서 할 수 있는 것부터 시작해보고 싶어요 ,0,0,1,0,1,1,0,0,0,0,1,Loyal
cafearticle,,임신 중 샴푸 태아에게 괜찮을까요 성분 amp 샴푸 순위 총정리 2026 ver 임신 전보다 건조하거나 빨리 기름지다거나 각질 비듬 이 생기는 등 다양한 트러블 현상을 겪을 수 있,0,0,1,0,0,0,1,0,0,1,1,Passive User
cafearticle,,머리 비듬 없애는법 알려주세요ㅠ 하는데 그게 샴푸 만으로 가능한 건지 아니면 다른 관리도 같이 해야 하는 건지 궁금하고 머리 비듬 없애는법 관련 정보 아니어도 됩니다 숱이 점점 줄,0,0,1,0,1,0,0,0,0,0,1,Loyal
cafearticle,,비듬샴푸 사춘기라 비듬 이 생기네요 효과본 샴푸 나 약 같은거 추천 부탁합니다,0,0,1,0,1,0,0,0,0,0,1,Loyal
cafearticle,,바액 헤어리페어9 어드밴스드 리바이탈 샴푸 500ml 비듬 예방 가려움완화 탈모증상완화 풍성한거품 약산 바액 헤어리페어9 어드밴스드 리바이탈 샴푸 500ml 비듬 예방 가려움완화 ,0,0,1,0,0,0,1,0,0,1,1,Passive User
cafearticle,,클로란 샴푸 비교 추천 두피 고민 맞춤 선택 가이드 네틀 과도한 피지 분비로 떡지는 두피에 추천 피지 흡착 효과가 뛰어난 네틀 추출물이 함유되어 샴푸 후 두피 고민 비듬 가려움 탈,0,0,1,0,0,0,0,1,0,1,1,Passive User
cafearticle,,닥터블레이즈 탈모 샴푸 추천 지루성 두피 고민 해결 분들께 추천 합니다 잦은 염색이나 펌으로 두피가 민감해진 분 과도한 스트레스로 두피 트러블이 잦은 분 출산 후 탈모로 고민하는 ,0,0,1,1,0,0,0,0,0,2,1,Passive User
cafearticle,,메르필 샴푸 약산성 두피 샴푸 추천 비듬 가려움 이제 안녕 이런 분들께 추천 합니다 잦은 염색이나 펌으로 두피가 민감해진 분 비듬 가려움 뾰루지 등 지루성 두피염으로 고생하는 분 ,0,0,1,1,0,0,1,0,0,2,1,At-risk
cafearticle,,이스터 스칼프 솔루션 지루성 두피 샴푸 1개 500ml 이건 어때요 이 샴푸 는 자연유래 성분이 가득 들어 있어 피부에 자극 없이 깔끔하게 세정됩니다 특히 지루성 두피에 좋은 성분,0,0,1,1,0,0,1,0,0,2,0,At-risk
cafearticle,,품절주의 오르보닉 천연 샴푸 약산성 비듬 지성 두피 가려운 계면활성제없는 비교 분석해봤어요 처음 사용하는 제품이라면 소량으로 먼저 테스트해보고 이상이 없을 때 꾸준히 사용하는 것을,0,0,1,0,1,0,1,1,0,0,1,Loyal
cafearticle,,지아자 샴푸 산양유 단백질 비듬샴푸 솔직후기 두피 진정 amp 비듬 완화 잦은 염색이나 펌 스트레스 등으로 민감해진 두피를 진정시키고 비듬 완화에도 지아자 산양유 단백질 샴푸 는 ,0,0,1,0,1,0,0,0,0,0,1,Loyal
cafearticle,,지아자 향좋은 산양유 단백질 샴푸 향좋은 사춘기 청소년 두피 비듬샴푸 400ml 3개 구매 후기 자주 비듬 이 고민이거나 향기 좋은 샴푸 를 찾는 분들에게 강력히 추천 하고 싶어요,0,0,1,0,1,0,0,0,0,0,1,Loyal
cafearticle,,브리오뎀 두피 컨디셔너 추천 비듬 과 탈모 고민 해결 산뜻한 사용감 멘톨 성분이 함유되어 샴푸 후 상쾌하고 청량한 느낌을 선사합니다 끈적임 없이 산뜻하게 브리오뎀 두피 컨디셔너는 ,0,0,1,0,0,0,1,0,0,1,1,Passive User
cafearticle,,브리오뎀 샴푸 탈모 비듬 샴푸 추천 두피 고민 해결 두피 자극 테스트 완료 9가지 유해 성분 무첨가 이런 분들께 추천 합니다 잦은 염색이나 펌으로 두피가 민감해지신 분 비듬 과 두,0,0,1,1,0,0,1,0,0,2,1,At-risk
cafearticle,,쉬즈곤 부스트 샴푸 캣으로 아이 피부 건강하게 케어해요 비듬 때문에 고생하거나 예민한 아이를 키우는 집사님들께 이 쉬즈곤 부스트 샴푸 캣을 자신 있게 추천 해요 고양이샤푸 종류가 ,0,0,1,0,1,0,0,0,0,0,1,Loyal
cafearticle,,클로란 피오니 두피팩 150ml 2개 추천 하는 이유 간편하게 샴푸 후 두피 전체에 골고루 발라주기만 하면 끝 사용하고 나면 두피가 산뜻하고 촉촉해져서 탈모와 두피 가려움 비듬 등,0,0,1,0,0,0,0,0,0,1,1,Passive User
cafearticle,,샴푸추천 잘말려도 간지럽고 비듬 이생기는것 같아 계속 샴푸 트리트먼트를 바꾸어 보는데도 그대로여서 혹 이런경우 있으신분 계신지 여쭤보아요 ㅜㅜ 미용실에서 판매하는 겸용 샴푸 가 괜,0,0,1,0,0,0,0,0,0,1,1,Passive User
cafearticle,,추천 요즘 난리 난 케라시스 데일리 두피 케어 샴푸 직접 써보니 다르네요 또한 특정 두피 고민이 있다면 탈모 기능성 비듬 완화 기능성 등 기능성 샴푸 를 고려해 보는 것도 좋은 방,0,0,1,0,1,0,0,0,0,0,1,Loyal
cafearticle,,지아자 향좋은 산양유 단백질 샴푸 향좋은 사춘기 청소년 두피 비듬샴푸 400ml 3개 만족도 높음 특히 사춘기 청소년이나 두피에 비듬 이 고민인 분들에게 정말 추천 드리고 싶은 제,0,0,1,0,1,0,1,0,0,0,1,Loyal
cafearticle,,닥터방기원 댄드러프 비듬 케어 탈모 샴푸 추천 예민한 두피를 편안하게 리셋해준 대용량 케어 검은 옷 입는 날에도 어깨를 당당하게 펴게 된 변화 비듬 샴푸 는 효과가 느린 경우가 많,0,0,1,0,0,0,0,0,0,1,1,Passive User
cafearticle,,비듬 없애는 방법 궁금 비듬 없애는 방법 찾아보니까 샴푸 를 바꿔보라고 해서 약국에서 파는 것도 써보고 두피 전용 제품도 써봤는데 처음엔 좀 나아지는가 싶다가 다시 원점으로 돌아오,0,0,1,0,0,0,0,0,0,0,0,Passive User
cafearticle,,머리 비듬 없애는 방법 효과 보신 분 있나요 약국에서 파는 비듬 샴푸 도 써보고 머리 감는 횟수도 늘려봤는데 별로 나아지지 않아요 오히려 너무 자주 감으니까 두피가 더 건조해진 것,0,0,1,1,0,0,0,0,0,1,0,Passive User
cafearticle,,머리 비듬없애는 법 진짜 궁금합니다 샴푸 도 여러 개 바꿔봤는데 별로 나아지는 게 없어서요 머리 감고 나서도 두피가 간지럽고 긁으면 또 하얗게 일어나는데 이거 정상인가요 주변에서 ,0,0,1,1,0,0,0,0,0,1,0,Passive User
cafearticle,,비듬 없애는 방법 진짜 간절해요ㅠ 진짜로 효과 좋은 비듬 없애는 방법 없을까요 요즘 비듬 때문에 스트레스가 너무 심해서 이렇게 글까지 그래서 약용 샴푸 쪽으로도 알아보다가 니조랄 ,0,0,1,1,0,0,0,1,1,1,0,Active Switcher
cafearticle,,머리 비듬없애는 법 알려주세요ㅠ 머리 비듬없애는 법 중에서 약용 샴푸 같은 거 쓰면 두피 자극은 없는지도 걱정되더라구요 제가 원래 두피가 좀 예민한 편이라서 강한 성분 쓰면 오히려,0,0,1,1,0,0,1,0,0,1,0,At-risk
cafearticle,,머리 비듬없애는 법 뭐가 있어요 머리 비듬없애는 법 찾아보면서 이것저것 다 해봤는데도 계속 생기더라고요 샴푸 바꿔보고 린스도 써보고 두피 마사지도 해봤는데 왜 이렇게 안 없어지는 ,0,0,1,0,0,0,0,0,0,0,0,Passive User
cafearticle,,비듬 없애는 방법 궁금 비듬 없애는 방법 찾아보니까 샴푸 를 바꿔보라고 해서 약국에서 파는 것도 써보고 두피 전용 제품도 써봤는데 처음엔 좀 나아지는가 싶다가 다시 원점으로 돌아오,0,0,1,0,0,0,0,0,0,0,0,Passive User
cafearticle,,비듬 없애는 방법 알려주세요 해봤는데 비듬 없애는 방법 찾기가 정말 쉽지 않네요 ㅜㅜ 친구들한테 물어보니까 어떤 친구는 샴푸 바꿨다고 하고 어떤 친구는 영양제 먹는다는데 저는 뭘 ,0,0,1,0,0,0,0,0,0,0,0,Passive User
cafearticle,,머리 비듬없애는 법 궁금해요ㅠ 머리 비듬없애는 법으로는 비듬 전용 샴푸 도 써봤고 식초 헹굼도 해봤거든요 그런데 잠깐 나아지는 것 같다가도 며칠 지나면 다시 원래대로 돌아가더라구요,0,0,1,0,0,0,0,0,0,0,0,Passive User
cafearticle,,머리 비듬 힘드네요ㅠ 머리 비듬 없애는 방법 잘 아시는 분 계신가요ㅠ 원래도 건조하면 가끔 생기긴 했는데 요즘은 남들 눈에 보일 머리 비듬 없애보려고 두피관리샵가서 스케일링도 받아,0,0,1,0,0,0,0,0,0,0,0,Passive User
cafearticle,,비듬 없앨 수 있는 방법 없을까요 가려움도 같이 있어서 자꾸 긁게 되는데 회사에서는 괜히 눈치 보이고 사람들이 지저분하게 볼까 봐 더 신경 쓰여요ㅠ 지금 상태가 기름진 비듬 은 아,0,0,1,1,0,0,0,0,0,1,0,Passive User
cafearticle,,헤드앤숄더 비듬 샴푸 탈모에도 도움이 될까요 ㅠ 요즘 머리 감을 때마다 배수구에 머리카락이 너무 많이 쌓여서 걱정이에요 가르마 쪽 두피도 예전보다 많이 비쳐 보이는 것 같고 정수리,0,0,1,0,0,0,0,0,0,0,0,Passive User
cafearticle,,두피 비듬 없애는 법 정말 효과 있는 방법 있을까요 처음엔 단순히 샴푸 를 바꿔보면 될 줄 알았는데 비듬 전용 샴푸 를 써봐도 몇 일 지나면 다시 생기더라구요 두피 비듬 없애는 법,0,0,1,0,0,0,0,0,0,0,0,Passive User
cafearticle,,두피 비듬 어떻게 없애나요ㅠ 두피 비듬 없애는 방법 웬만한거 다해본거같아요 관리샵 가서 스케일링도 받아보고 병원가서 약용 샴푸 도 써봤는데 호전이 전혀 안되고있어요 약 썼을때는 비,0,0,1,0,0,1,0,0,0,0,0,Passive User
cafearticle,,비듬 없애는 방법 뭐가 있나요ㅠ 오히려 자극강한 약용 샴푸 라 그런지 두피가 더 예민해져서 없던 뾰루지까지 올라오더라구요 ㅠ 더 심해질까봐 무서워서 지금은 중단했어요ㅠ 비듬 없애는,0,0,1,1,0,0,0,0,0,3,0,Passive User
cafearticle,,머리 비듬없애는 법 너무 급해요ㅠ 머리 비듬없애는 법 해보려고 해도 확실히 나아지는 느낌이 없어서 더 불안해요 이거 계속 방치하면 더 심해질까봐 걱정되고요ㅠ 혹시 제대로 효과 본 ,0,0,1,0,0,0,0,0,0,0,0,Passive User
cafearticle,,비듬없애는샴푸 써도 계속 생겨요ㅜㅜ 비듬 때문에 이것저것 알아보다가 비듬없애는샴푸 로 바꿨는데도 계속 떨어져요 감을 때는 괜찮은데 말리고 나면 어깨에 하얗게 떨어져 있는 거 보면 ,0,0,1,0,0,0,0,0,0,0,0,Passive User
cafearticle,,머리 비듬 없애는 법 공유해 주세요 비듬 없애는 법으로 비듬 샴푸 도 써봤는데 처음엔 좀 나았다가 또 다시 생기더라구요 친구들한테 물어보니까 두피가 건조해서 그렇다는 얘기도 있고 ,0,0,1,0,0,0,0,0,0,0,0,Passive User
cafearticle,,비듬 없애는 방법 샴푸 로 정말 해결되나요 비듬 없애는 방법 샴푸 알아보던중에 이게 맞나 싶습니다 여러종류 탈모약 찾아서 먹어봤는데 제일 심한 문제는 가르마 탈모인데 이게 거울을 ,0,0,1,0,0,0,0,0,0,0,0,Passive User
cafearticle,,지루성피부염 치료 방법과 생활관리 이렇게 장기관리해야 하는 이유 일반치료 한의학적 치료 두피 비듬 이나 얼굴의 붉은기 각질이 반복적으로 나타난다면 지루성피부염을 치료 핵심 목표 피,0,0,1,0,0,1,0,0,0,0,0,Passive User
cafearticle,,마포불광동지루성피부염한의원 두피만인 줄 알았는데 얼굴까지 나타날 수 있을까요 마포 불광동에서 지루성피부염 때문에 고민하는 분들 중에는 처음에는 비듬 이 많아졌나 싶거나 두피가 각질,0,0,1,0,1,0,0,0,0,0,1,Loyal
cafearticle,,비듬 없애는 방법 꿀팁 부탁해요ㅠ 요즘 머리에 자꾸 흰가루 떨어져서 너무 스트레스에요ㅠ 비듬 없애는 방법 이것저것 찾아보고 베개커버도 자주 빨고 샴푸 도 엄청 꼼꼼히 헹구고 트린트,0,0,1,0,0,0,0,0,0,0,0,Passive User
cafearticle,,은평구 두피가려움 관리 하얗게 일어나는 각질은 왜 생길까요 단순 비듬 이라고 생각하시지만 실제로 두피를 자세히 보면 그보다 더 깊은 이유가 숨어 있는 경우가 무조건 없애는 것이 아,0,0,1,1,0,0,0,0,0,1,0,Passive User
cafearticle,,머리 비듬없애는 법 꼭 알아야겠죠 저는 진짜 매일 검은 옷 입기가 무서울 정도로 비듬 이 심한데요 샴푸 바꿔보고 이것저것 다 해봐도 도통 머리 비듬없애는 법 찾다가 두피 스케일링이,0,0,1,0,0,0,0,0,0,0,0,Passive User
cafearticle,,수원지루성피부염 세안과 샴푸 보습부터 천천히 점검해봅시다 세안을 해도 금방 코 옆이 붉어지고 머리를 막 감았는데도 다시 가렵고 두피에 비듬 처럼 떨어지는 각질이 그래서 만약 본 질,0,0,1,0,0,1,0,0,0,0,0,Passive User
cafearticle,,비듬 없애는 방법 잘 아시는분ㅠ 병원가서 약용 샴푸 도 써봤는데 약 쓸때만 잠깐 괜찮다가 끊으면 바로 재발하고 완전히 사라지진 않아요 어차피 병원약은 내성때문에 오래쓰지도 못한다는,0,0,1,0,0,1,0,0,0,0,0,Passive User
cafearticle,,비듬없애는 방법 확실히 알고는 하시나요 비듬없애는 방법은 두피 자극 없는 비듬 샴푸 라고 할 수 있어요 원래 비듬 샴푸 로 유명한 헤 amp 숄도 쓰고 니X랄도 쓰고 다 해봤는데요,0,0,1,1,0,0,0,0,0,1,0,Passive User
cafearticle,,머리 비듬 각질 없애는 법 이 정도면 병원 가야 하나요 샴푸 도 순한 걸로 바꿔보고 머리 감는 횟수도 줄여봤는데 전혀 나아지지 않더라고요 오히려 각질 덩어리가 더 커져서 검은 옷 ,0,0,1,0,0,1,0,0,0,0,0,Passive User
cafearticle,,오산지루성두피염 일시적인 비듬 인 줄 알았는데 계속 가렵고 붉어지는 이유 힘들어하시면서도 quot 샴푸 가 안 맞나 보다 quot 정도로 여기며 샴푸 를 교체하며 관리를 마무리하는,0,0,1,0,0,1,0,0,0,0,0,Passive User
cafearticle,,비듬 없애는 방법 드디어 알았어요 근데 창피한 게 진짜 큼 ㅠ 비듬 없애는 방법들을 찾아보면서 비듬 샴푸 에 좋다는 샴푸 를 한 5가지 정도 샀었는데 확실히 두피 당기는 느낌이 덜,0,0,1,1,0,0,0,0,0,1,0,Passive User
cafearticle,,비듬없애는 방법 찾다가 정착한 샴푸 후기 이 샴푸 는 약산성이라 그런지 비듬없애는 방법으로 찾던 두피 균형 느낌이 들었어요 제가 만족했던 이유는 이런 특징 때문 같아요 블랙 캐비어,0,0,1,0,1,0,1,0,0,0,1,Loyal
cafearticle,,두피 각질 때문에 검은 옷을 못입었어요 ㅠ 비듬 샴푸 유명한거 다 써봤는데 어떤건 오히려 더 건조해서 머리감자마자 비듬 폭발 ㅠㅠ 그러다 찾아보니까 각질 없애는 게 중요한게 아니라,0,0,1,0,0,0,1,0,0,0,0,Passive User
cafearticle,,머리 비듬 때문에 검은 옷 못입어요 머리 비듬 이 너무 심해서 검은 옷 입으면 다 보여요 ㅋㅋㅋ 니조랄 샴푸 써봤는데 효과가 잘 모르겠어요 머리 비듬 없애는 방법 좀 알려주세요,0,0,1,1,0,0,0,1,1,1,0,Active Switcher
cafearticle,,비듬 없애는 샴푸 추천 진짜 효과 있는 거 있을까요 비듬 없애는 샴푸 추천 알아보던중에 이게 맞나 싶습니다 여러종류 탈모약 찾아서 먹어봤는데 제일 심한 문제는 가르마 탈모인데 이게,0,0,1,0,1,0,0,0,0,0,1,Loyal
cafearticle,,운동x 비듬 이 너무 심각해요 비듬 없애는 법 아시는 분 계세요 지루성 두피염인건지 진짜 비듬 이랑 두피각질이 장난아니네요 샴푸 도 그대로예요 안 바꿨습니다ㅠㅠ 혹시 저처럼 고생하,0,0,1,1,0,0,0,0,0,1,0,Passive User
cafearticle,,비듬 없애는 방법 근본 원인부터 해결해야 합니다 치료 전 24 12 07 치료 후 25 02 11 치료 전 뒷머리와 헤어라인에 노란 각질과 각질 심함 두피 붉고 염증 치료 후 두피,0,0,1,0,0,1,0,0,0,0,0,Passive User
cafearticle,,지루성 피부염 증상 반복돼요 주변 사람들한테 물어보기도 좀 그렇고 혼자 고민만 하다가 여기 글 올려봅니다 ㅋㅋ 머리 감을 때도 두피가 따갑거나 뭔가 하얀 비듬 같은 게 떨어지는데 ,0,0,1,0,0,0,0,0,0,0,0,Passive User
cafearticle,,머리 비듬 없애는 법 이렇게 해도 안 없어지시나요 인터넷에서 머리 비듬 없애는 법 찾아보면서 케토코나졸 샴푸 랑 티트리 오일까지 써봤는데도 계속 생기네요 머리 비듬 없애는 법 알아,0,0,1,0,0,0,0,0,0,0,0,Passive User
cafearticle,,비듬 없애는 방법 효과적인 것좀요 대로 비듬 없애는 데 집중하려고 샴푸 부터 순한 걸로 바꿔봤어요 세정력이 너무 강하면 오히려 비듬 생기기 쉽다고 해서 성분을 하나하나 따져가며 골,0,0,1,1,0,0,1,0,0,1,0,At-risk
cafearticle,,비듬 없애는 방법 절실해요ㅠ 약용 샴푸 를 써보라고 하고 또 어떤 분은 천연 재료로 팩을 해보라고 조언해주시기도 하고요 그런데 비듬 없애는 방법 중에서 정말 효과 본 분들이 계신지,0,0,1,0,0,0,0,0,0,0,0,Passive User
cafearticle,,비듬 없애는 방법 아시는분 계세요 비듬 없애는 방법 들을 찾아보면 전용 샴푸 쓰라는 말이 제일 많이 나오는데 이미 두 가지나 바꿔봤지만 별 차이를 못 느꼈어요 샴푸 를 바꿀 때마다,0,0,1,0,0,0,0,0,0,0,0,Passive User
cafearticle,,두피 각질 비듬 없애는 녹차 소금 스크럽 만들기 집에 있는 재료로 두피 스케일링 하고 싶다면 녹차 가루와 고운 소금을 1대 1로 섞고 샴푸 나 오일을 조금 넣어 스크럽제를 만들어보,0,0,1,0,0,0,0,0,0,0,0,Passive User
cafearticle,,두피에 좋은 샴푸 추천좀 해주세요 ㅠㅠ 비듬 신경쓰면 탈모 걱정되고 둘다 잡은거 없나요 비듬 샴푸 쓰면 탈모 샴푸 가 아니고 탈모 샴푸 사서 쓰고있는데 비듬 이 생겨요 아놔 진짜 ,0,0,1,0,1,0,0,0,0,0,1,Loyal
cafearticle,,고양이 비듬 없애는 방법 알려주세요 ㅠㅠ 가습기는 무조건 필요한거같고 미스트는 있어요 ㅠㅠ,0,0,1,0,0,0,0,0,0,0,0,Passive User
cafearticle,,비듬없애는 방법 도대체 뭐가 맞는 건지 모르겠어요ㅠ 비듬없애는 방법 도대체 뭐가 맞는 건지 모르겠어요ㅠ 요즘 진짜 거울 볼 때마다 스트레스가 장난 아니에요 아침에 머리 감고 드라이,0,0,1,0,0,0,0,0,0,0,0,Passive User
cafearticle,,비듬없애는샴푸 뭐가 맞는 걸까요ㅠㅠ 비듬없애는샴푸 뭐가 맞는 걸까요ㅠㅠ 두피가 계속 뒤집어져요 요즘 두피 때문에 진짜 스트레스가 너무 심해요 머리 감고 나오면 그때만 잠깐 괜찮은데,0,0,1,0,0,0,0,0,0,0,0,Passive User
cafearticle,,정수리 냄새 컷 quot 오후만 되면 떡지는 머리 quot 멘솔 쿨링으로 두피 열 내리고 비듬 싹 잡은 미쟝센 샴푸 정 두피 샴푸 비듬 샴푸 샴프 린스 탈모 미쟝센 샴푸 두피 샴푸,0,0,1,0,1,0,0,0,0,0,1,Loyal
cafearticle,,두피각질 없애는 생활습관과 음식 관리 팁 뭉치면서 비듬 처럼 보일 수 있습니다 2 건조한 두피 잦은 염색 펌 뜨거운 바람 드라이 겨울철 건조한 환경은 두피 수분을 빼앗습니다 3 잘,0,0,1,0,0,0,0,0,0,0,0,Passive User
cafearticle,,비듬 없애는 방법 좋은 팁이라도 ㅠ 단순히 비듬 문제일까 아니면 두피 컨디션이 나빠진 신호일까 고민 중입니다 ㅜ 비듬 을 줄이려면 두피를 과하게 건조시키지 말아야 한다 비듬 없애는,0,0,1,0,0,0,0,0,0,0,0,Passive User
cafearticle,,비듬 없애는 방법 괜찮은거 있나요ㅠㅠ 그래서 비듬 없애는 방법 계속 찾아보는 중인데 샴푸 바꾸라는 글도 있고 두피 보습하라는 말도 있고 도대체 뭐가 맞는 건지 모르겠네요 비듬 없애,0,0,1,0,0,0,0,0,0,0,0,Passive User
cafearticle,,이번달 BOGO에 도테라 샴푸 가 떳네요 도테라 샴프에 티트리랑 로즈마리 오일 넣어서 샴푸 했더니 비듬 도 싹 사라지고 두피 가라움증도 천연 샴푸 아이들이사용해도좋은천연 샴푸 10,0,0,1,0,0,0,0,0,0,0,0,Passive User
cafearticle,,샴푸 바꿨더니 비듬 사라졌어요 약산성 샴푸 로 바꿨는데 확실히 달라요 두피 가려움도 없어졌고요 비듬 고민이신 분들 샴푸 바꿔보세요 ㅎㅎ,0,0,1,0,1,0,1,0,0,1,2,Loyal
cafearticle,,탈모 초기증상 관리방법이 따로 있을까요 일단 스트레스를 줄이고 비듬 없애는 샴푸 쓰는 것부터 해보려는데 이게 맞는 방향일지도 잘 모르겠어요 탈모 초기증상 관리 혼자 고민만 하다가는,0,0,1,0,0,0,0,0,0,0,0,Passive User
cafearticle,,머리 비듬없애는 법 효과 좋은거 없을까요 인터넷에 머리 비듬없애는 법 검색해보니까 두피 스케일링이나 약용 샴푸 이야기가 많길래 저도 따라 해봤어요 쓰는 동안은 좀 괜찮아지는 느낌이,0,0,1,0,0,0,0,0,0,0,0,Passive User
cafearticle,,비듬없애는 방법 뭐가 답인가요ㅠㅠ 검색해서 비듬없애는 방법 이것저것 찾아보고 두피 스케일링도 받아보고 샴푸 도 바꿔봤는데 그때뿐이고 다시 돌아와요 건조한 건지 지루성인지 스트레스 ,0,0,1,0,0,0,0,0,0,0,0,Passive User
cafearticle,,수원지루성피부염 증상 두피에 나타났을 때 관리방법 억지로 없애는 데 집중하기보다 왜 두피가 계속 붉어지고 예민해지는지 그 원인을 차분히 살펴볼 필요가 있습니다 1 머리가 가렵고 갑,0,0,1,0,0,0,0,0,0,0,0,Passive User
cafearticle,,이거 하나로 모든 고민 해결 2026년 02월 계속해서 비듬 없애는 방법을 찾던 중에 저랑 비슷한 고민을 가졌었는데 이거 하나로 해결했다는 샴푸 하나만으로도 비듬 스트레스에서 벗어,0,0,1,0,0,0,0,0,0,0,0,Passive User
cafearticle,,비듬없애는 방법 있긴 한가요ㅠ 비듬없애는 방법 검색하면 진짜 수백 가지가 나오잖아요 약국 비듬 샴푸 도 써봤고 니조랄도 써봤고 티트리 오일 넣은 것도 써봤는데 그때만 잠깐 괜찮고 ,0,0,1,1,0,0,0,1,1,1,0,Active Switcher
cafearticle,,두피 스케일링 2026년 02월 40일 모발 비듬 없애는 방법에 대한 고민도 점점 동탄두피관리 답답했던 머릿속 두피스케일링 해결 두피스케일링 두피 팩을 씻어주기 위해서 샴푸 를 테,0,0,1,0,0,0,0,0,0,0,0,Passive User
cafearticle,,머리 비듬없애는 방법 어떤게 좋을까요 비듬없애는 방법 찾아보면서 샴푸 도 엄청 바꿔봤거든요 약국에서 파는 것부터 인터넷에서 유명하다는 것까지 이것저것 사봤는데 괜찮아지는 듯 하더니,0,0,1,0,0,0,0,0,0,0,0,Passive User
cafearticle,,비듬 없애는 방법 알려주세요 아침에 머리 감고 나가도 점심때 되면 또 생겨요 건조한 날씨에는 더더욱 두피가 가려워서 긁으면 긁을수록 하얀 가루가 우수수 떨어지고 있는데요 진짜 비듬,0,0,1,0,0,0,0,0,0,0,0,Passive User
cafearticle,,대용량 샴푸 추천 비듬 없애는 효과 후기 3 1 살림백서 대용량 샴푸 1000ml 약산성 천연지수81 비듬 민감성 베이비향 지성 구매하러가기 자연에서 찾은 비결 3 1 살림백서 대,0,0,1,0,1,0,1,0,0,0,1,Loyal
cafearticle,,비듬없애는 방법 꼭 좀 알려주세요 비듬 은 대체 어떻게 없애는 건가요 ㅠ 매일 샴푸 써서 머리 감고 하루도 안거르는데도 거울 보면 비듬 이 그대로에요 깔끔한거 좋아해서 더 스트레스,0,0,1,1,0,0,0,0,0,1,0,Passive User
cafearticle,,등업신청합니다 비듬 샴푸 두피문신 피나스테리드 헤어트리트먼트 머리빨리기르는법 두피괄사 미녹시딜여자 모발이식비용 비듬없애는 방법 정수리탈모 헤어토닉 두피가려움 두피영양제 탈모영양제 ,0,0,1,1,0,1,0,0,0,1,0,At-risk
cafearticle,,겨울철 두피 각질 집에서 쉽게 없애는 5가지 방법 겨울철 두피 각질 집에서 쉽게 없애는 5가지 방법 1 겨울철 두피 각질 왜 더 심해질까 추운 날씨에 비듬 전용 샴푸 를 쓰고 있는,0,0,1,0,0,0,1,0,0,0,0,Passive User
cafearticle,,시험 기간에 잠 줄이면 생기는 일 2026년 01월 비듬 없애는 샴푸 비듬 생기는 이유 머리 문제 극뽁 시험기간에 머리 안감고 가도 주변에서 눈치도 못챌 수준이고 찐친들은 이런 저,0,0,1,0,0,0,0,0,0,0,0,Passive User
cafearticle,,개 비듬 완전 신기한데 어떻게 없애는 거예요 그리고 개 비듬 없애는 방법도 완전 궁금해요 어떻게 하면 되는 건가요 일단 제가 알아본 걸로는 목욕을 그리고 목욕할 때도 미지근한 물로,0,0,1,0,0,0,0,0,0,0,0,Passive User
cafearticle,,비교우드qi4d 정보 수십 년간 축적된 헤드앤숄더만의 독자적인 비듬 관리 기술력이 이 쿨 멘솔 샴푸 에도 듬뿍 담겨 있습니다 눈에 보이는 비듬 을 없애는 것은 물론 비듬 과 가려움,0,0,1,1,0,0,0,1,0,1,0,Passive User
cafearticle,,머리 두피 건선 단순한 비듬 인 줄 알고 그냥 넘겼다면 비듬 은 두피가 건조하거나 피지가 많을 때 생기며 대부분 샴푸 관리나 생활습관 개선으로 호전됩니다 반면 한의학적 치료의 목표,0,0,1,0,0,1,0,0,0,0,0,Passive User
cafearticle,,비듬 없애는 방법 궁금해요ㅜ 비듬 없애는 방법 웬만한거 다 해본거같아요 관리샵가서 스케일링도받아보고 병원가서 약용 샴푸 도 써봤는데 잠깐만 좋아지다가 다시 재발하고 오히려 자극 세,0,0,1,1,0,1,0,0,0,1,0,At-risk
cafearticle,,비듬 없애는 방법 찾아서 비듬 없애는 방법 찾아보면서 하나씩 해보고 있어요 두피 스케일링도 따로 해보고 샴푸 도 바꿔보고 하는데 요즘 너무 춥고 건조해서 그런건지 두피 가렵고 비듬,0,0,1,0,0,0,0,0,0,0,0,Passive User
cafearticle,,지성 두피를 위한 최적의 선택 살림백서 약산성 샴푸 그런데 검색해 보니 이 샴푸 는 유칼립투스를 함유하고 있어서 비듬 을 없애는 데 효과적이라는 리뷰를 봤어요 심지어 무실리콘이어서,0,0,1,0,0,0,1,0,0,0,0,Passive User
cafearticle,,머리 비듬없애는 법 진짜 부탁드려요 머리 비듬없애는 법 아는 분 없을까요 요즘 이거 때문에 계속 검색만 하고있어요 ㅠ 갑자기 비듬 이 생기기 이상하게 비듬 만 생기니까 도대체 이유,0,0,1,0,0,0,0,0,0,0,0,Passive User
cafearticle,,머리 감아도 하루만 지나면 다시 생기는 비듬 진짜 이유는 따로 있더라구요 그래서 오늘은 머리 비듬 없애는 방법 정리해 볼께요 어떻게 관리해야 하는지 제 경험도 섞어서요 이걸 모르고,0,0,1,0,0,0,0,0,0,0,0,Passive User
cafearticle,,진짜 개운한 게 뭔지 경험해 보세요 2026년 01월 품절되기 전에 보기 review 비듬 없애는 방법 자극없이 개운한 메다비타 리바이탈 10 특히나 메다비타처럼 두피컨디션을 바꿔,0,0,1,1,0,0,0,0,0,1,0,Passive User
cafearticle,,강아지 비듬 없애는 방법 좀 알려주세요 샴푸 를 바꿔야 할지 탄산스파도 좋다는 말 있던데 괜찮을지 오메가3 좋다는 말도 있고 해보시고 강아지 비듬 에 효과 보신 분들 계신다면 댓글,0,0,1,0,0,0,0,0,0,0,0,Passive User
cafearticle,,0원으로 머리 비듬 1주일만에 없애는 법 생겼다고 비듬 샴푸 사는데 나의 생각은 갑자기 비듬 이 생긴다면 생활습관에서 나온 문제점인것 같음 아니면 샴푸 를 다른걸로 바꿨다던가 아님,0,0,1,0,0,0,0,0,0,0,0,Passive User
cafearticle,,외출할때 아이라이너 추천 더엔비피미니핑거라이너 다른글보기 애쉬그레이 염색 유지법 뿌리탈색 주기와 보색 샴푸 활용 꿀팁 총정리 지루성 두피염 비듬 없애는 법 두피 각질 가려움,0,0,1,0,0,0,0,0,0,1,1,Passive User
cafearticle,,비듬 없애는 방법 제발 부탁드려요ㅠ 혹시 비듬 없애는 방법들중에 확실하게 효과있던 분들 계실까요 꼭 샴푸 가 아니더라도 도움됐던 관리나 습관이 있다면 간절하게 따라하고싶어요 ㅠㅠ ,0,0,1,0,1,0,0,0,0,0,1,Loyal
cafearticle,,머리 비듬 제거방법 답답해서 정말 급해요ㅜ ㅠㅠ 머리를 덜말렸나 싶어서 신경 써서 말려봐도 결과는 비슷 ㅠㅠ 시간 지나면 다시 말짱도로묵이네요 그래서 요즘은 머리 비듬 제거방법만 ,0,0,1,0,0,0,0,0,0,0,0,Passive User
cafearticle,,임산부 머리 비듬없애는 법 다들 어떻게 관리하시나요 비듬 이 계속 보여서 신경이 많이 쓰이네요 임신 전에는 이런 적이 거의 없었는데 호르몬 때문인지 두피가 건조한 건지 각질처럼 우,0,0,1,0,0,0,1,0,0,0,0,Passive User
cafearticle,,두피각질 없애는 방법좀 두피ㅠ 왜그리 각질이생기는지 비듬 도아니고 각질이뭘써야 없어질까요ㅠ스트레스네요,0,0,1,0,0,0,0,0,0,0,0,Passive User
cafearticle,,머리 비듬없애는 법 공유해주세요 ㅜㅜ 비듬 이 생기니까 옷 색부터 조심하게 되고 사람 많은 데서 괜히 위축돼요 ㅜㅜ 샴푸 를 자주 해도 잠깐뿐이고 하루만 지나면 다시 생겨요 ㅜㅜ ,0,0,1,0,0,0,0,0,0,0,0,Passive User
cafearticle,,모두발라 두피스케일러 후기 비듬 없애는 비법 모두발라 두피스케일러 150ml 두피열 스케일링 비듬 각질 두피팩 스크럽 탈모 스켈링 영양제 구매하러가기 샴푸 전에 적당량을 두피에 도,0,0,1,0,0,0,0,0,0,0,0,Passive User
cafearticle,,머리 비듬없애는 법 있나요 ㅠ 머리 비듬없애는 법만 계속 검색하게 돼요 샴푸 도 바꿔보고 두피에 좋다는 것도 써봤는데 잠깐 괜찮아지는 듯하다가 다시 반복되니까 점점 더 불안해져요 ,0,0,1,0,0,0,0,0,0,0,0,Passive User
cafearticle,,지루성두피염 원인 만성화되는 이유와 대응 전략 붉어집니다 샴푸 를 바꿀 때마다 잠깐 좋아졌다가 다시 돌아와요 이처럼 진료실에 오시는 많은 분들이 지루성두피염 원인에 대해 고민하십니,0,0,1,0,0,1,0,0,0,1,1,Passive User
cafearticle,,광주두피 각질 염증 가려움 균형이 무너지는 까닭 이 균은 피지를 분해하며 부산물을 남기는데 이것이 광주두피 세포를 자극해 심한 가려움과 비듬 을 맑고 건강한 광주두피를 유지하는 것,0,0,1,1,0,0,0,0,0,2,0,Passive User
cafearticle,,비듬 제거 팁 비듬 없애는 머리감기 팁 비듬 없애는 머리감기 방법을 찾기 위한 효과적인 샴푸 선택법은 다음과 같습니다 성분 체크하기 먼저 샴푸 의 성분을 확인하세요 비듬 예방에 효,0,0,1,0,0,0,1,0,0,0,0,Passive User
cafearticle,,비듬 없애는 방법 두피 문제 근본부터 관리하세요 비듬 없애는 방법_1 가장 중요한 샴푸 습관 가장 먼저 점검해야 할 건 역시 샴푸 방법입니다 하루 1회 정도가 적당하며 물은 미지근,0,0,1,0,0,0,0,0,0,0,0,Passive User
cafearticle,,모집종료 머리 몸에 벤 불냄새 캠핑다녀와서 싹 없애는 샴푸 바디워시 모집합니다 때 두피냄새제거 비듬 제거 샴푸 머리떡질때 바디워시 필수 태그 봄포레 바디워시추천 약산성바디워시 체취,0,0,1,0,1,0,1,0,0,0,1,Loyal
cafearticle,,정수리냄새 없애는 법 아시는 분 댓츠미 각질이나 비듬 냄새는 계속해서 생길 수 있대요 그래서 정수리냄새 관리를 위한 템을 찾으면서 두피 진정 케어까지 해줄 수 있는 걸로 정했는데요,0,0,1,0,0,0,0,0,0,0,0,Passive User
cafearticle,,겨울철 비듬 없애는 법 좀ㅠㅠ ㅠㅠ 비듬 때문에 하루 종일 머리 신경 쓰는 것도 지치네요 샴푸 를 바꿔야 하나 싶어서 이것저것 찾아봤는데 좋다는 말도 많고 안 맞았다는 말도 많아서,0,0,1,0,0,0,0,0,0,0,0,Passive User
cafearticle,,두피 각질 없애는 팁 비밀이 있을까요 많은 사람들이 두피의 건강을 간과하다가 비듬 이나 가려움증으로 고생합니다 사실 두피 각질을 관리하는 법을 잘 알고 있다면 이런 고민에서 벗어날,0,0,1,1,0,0,0,0,0,1,0,Passive User
cafearticle,,비듬없애는 법 있을까요 머리를 매일 감아도 비듬 이 생겨서 좀 창피한 느낌이네요 흰머리가 나서 그런지 머리가 가려워서 조금만 긁으면 비듬 이 생기니 머리를 아예 안만지려고 해요 검,0,0,1,0,0,0,0,0,0,0,0,Passive User
cafearticle,,비듬 없애는 방법 공유 비듬 없애는 방법 두피가 건조한데 또 기름은 잘지고 비듬 이 머리를 감아도 계속 생겨서 비듬 샴푸 를 써도 차도가 없었거든요 오히려 자극만 오는 느낌 과에가,0,0,1,1,0,0,0,0,0,1,0,Passive User
cafearticle,,비듬없애는 법 남표니 비듬 때문에 미치겠네요,0,0,1,0,0,0,0,0,0,0,0,Passive User
cafearticle,,비에티 내츄럴 향기좋은 미용실 약산성 샴푸 1000ml 리턴20ml 단백질 퍼퓸 지성 건성 머리 비듬 무실리콘 정 비에티 내츄럴 향기좋은 미용실 약산성 샴푸 1000ml 리턴20m,0,0,1,1,0,0,1,0,0,1,0,At-risk
cafearticle,,비듬 없애는 방법 제발 ㅠㅠ 검색해 보니까 샴푸 말고 다른 관리법도 있는 것 같던데 확실하게 비듬 없애는 방법 아시는 분 공유 좀 부탁드립니다 이러다 대인기피증 걸릴 것 같아요 살,0,0,1,0,0,0,0,0,0,0,0,Passive User
cafearticle,,두피열 탈모생겨요 두피열 내리는 방법 로마린 샴푸 각질 비듬 케어 센시디움 샴푸 민감두피 붉은 두피 뉴트리모 트리트먼트 손상모 com ryul0104 223243342590 Cel,0,0,1,0,0,0,0,0,0,0,0,Passive User
cafearticle,,지루성피부염 연고 바르면 효과있나요 원래도 두피 가 좀 예민한 편이긴 했는데 최근 들어서 급 붉은기가 심해졌구요 비듬처럼 각질 이 올라오기 피부과 가보니 지루성피부염 이라고 해서 ,0,0,1,1,0,1,0,0,0,2,1,At-risk
cafearticle,,바디브 약산성 샴푸 1000ml 대용량 비듬케어 사용후기 약산성 샴푸 는 두피 밸런스를 맞춰줘서 건조함이나 각질 케어에 도움이 된다고 하더라구요 바디브 샴푸 는 자극적이지 않으면서,0,0,1,1,0,0,1,0,0,1,0,At-risk
cafearticle,,헤드앤숄더 가려운 두피 케어 트리트먼트 1 1L 1개 리뷰 두피 가려움과 건조함을 동시에 편안하게 잡아준 심해져서 각질 이 더 신경 쓰였어요 이 제품을 루틴으로 넣고 나서는 건조함,0,0,1,1,0,0,0,0,0,1,0,Passive User
cafearticle,,헤드앤숄더 프로페셔널 가려운 두피 케어 샴푸 300ml 2개 리뷰 꾸준히 쓸수록 가려움과 각질 이 편안해진 일주일 만에 어깨 위 하얀 각질 이 줄어든 순간 진짜 안도했어요 아이들이,0,0,1,1,0,0,0,0,0,1,0,Passive User
cafearticle,,머리 감아도 건성 두피각질 왜 생기죠 두피 마사지나 오일 같은 거 써보신 분 있으세요 아니면 샴푸 말고 다른 방법으로 건성 두피각질 개선하신 분 계신가요 진짜 이대로 가다간 머리숱,0,0,1,0,0,0,0,0,0,0,0,Passive User
cafearticle,,약산성 비듬 샴푸 추천 추천 요즘 들어 아이 머리에서 자꾸 하얀 각질 이 보이기 시작했어요 ㅜㅜ 처음엔 단순히 건조한 건가 싶었는데 아이가 비듬 샴푸 추천 엘릭을 직접 써보니까 확,0,0,1,0,1,0,1,0,0,0,1,Loyal
cafearticle,,얼룩조릿대 효능 직접 경험해보고 정리한 리얼 후기 평소에 머리를 감고 나서도 자꾸만 가렵고 비듬처럼 각질 이 어깨 위로 툭툭 떨어지길래 단순히 샴푸 가 안 맞나 생각했거든요 그런데,0,0,1,0,0,0,0,0,0,0,0,Passive User
cafearticle,,라보에이치 댄드러프클리닉 비듬 두피 각질 케어 샴푸 후기 오늘은 제가 최근에 사용해본 라보에이치 댄드러프클리닉 비듬 두피 각질 케어 약산성 샴푸 리필팩에 대한 솔직한 후기를 남겨보,0,0,1,0,0,0,1,0,0,0,0,Passive User
cafearticle,,아기 두피 좀 봐주세요ㅠㅠ 51일차 아기 피부염인지 단순 각질 인지 모르겠어요ㅠㅠㅠ 빨갛진 않고 하얗게 비듬들이 엄청 많이 생겼어요ㅠㅠ 원래 물로만 감겨주다가 비듬생긴거 보고 무스,0,0,1,0,0,0,0,0,0,0,0,Passive User
cafearticle,,교대헤드스파 모에코의원의 체계적인 탈모 두피 관리 헤드스파 로 시작하세요 급한 마음에 유명하다는 샴푸 로 바꾸거나 영양제를 챙겨 먹어보지만 기대만큼의 변화를 느끼지 못해 육안으로 ,0,0,1,0,0,0,0,0,0,0,0,Passive User
cafearticle,,두피 건조증때문에 정말 미치겠는데 혹시 저만 그런가요 처음엔 그냥 샴푸 가 안 맞나 싶어서 바꿔봤는데도 똑같더라구요 머리 말리고 나면 두피 건조증 때문인지 각질 이 하얗게 일어나는,0,0,1,0,0,0,0,0,0,0,0,Passive User
cafearticle,,머리 비듬 없애는 방법 효과 보신 분 있나요 단순히 샴푸 를 제대로 안 해서 그런가 싶었는데 점점 심해지더라구요 검은 옷 입으면 어깨에 하얀 각질 들이 비듬 샴푸 도 써보고 머리 ,0,0,1,1,0,0,0,0,0,1,0,Passive User
cafearticle,,두피각질 때문에 고민인데 관리법 아시나요 주변에서는 두피각질 전용 샴푸 나 스케일링을 받아보라고 하던데 병원에서 하는 건지 미용실에서 하는 건지도 헷갈리고 가격도 궁금하더라구요 그,0,0,1,0,0,1,1,0,0,0,0,Passive User
cafearticle,,임산부 두피 가려움 비듬 저만 이런가요 앞머리 쪽만 집중적으로 간지럽습니다 샴푸 도 이것저것 바꿔봤는데 큰 효과를 못 봤어요 혹시 저와 비슷한 증상 겪으셨던 분 계실까요 어떻게 해,0,0,1,1,0,0,0,0,0,1,0,Passive User
cafearticle,,임산부 샴푸 뭐 써야할까요 하얗게 각질 떨어지는데 진짜 민망하고 짜증나고 그러네요ㅠㅠ 어쩔 수 없다는 거 알아도 뭔가 몸이 변해가는 것 같아서 속상해요 ㅜㅜ 머리는 비듬가득이고 남,0,0,1,0,0,0,0,0,0,0,0,Passive User
cafearticle,,BALLVIC 볼빅 세보 샴푸 병원 샴푸 지루성 비듬 각질 이건 어때요 진짜 효과를 보는 볼빅 세보 샴푸 지루성 비듬 각질 걱정을 끝내다 155 790원 이 샴푸 를 사용한 이후로,0,0,1,0,1,1,0,0,0,0,1,Loyal
cafearticle,,두피각질 원인 정말 알고싶습니다ㅠㅠ 스트레스에요ㅠ 두피각질 원인 정말 궁금해서 미칠노릇이네요ㅠㅠ 샴푸 도 이것저것 바꿔봤는데 딱히 효과도 없고요 너무 답답한 마음만 계속 드네요ㅠ ,0,0,1,0,0,0,0,0,0,0,0,Passive User
cafearticle,,머리 두피각질 때문에 탈모가 더 심해지는 건가요 요즘 정수리 쪽이 좀 휑하다 싶었는데 거울로 자세히 보니까 머리 두피각질 이 엄청 많더라고요 샴푸 하고 나서도 금방 또 생기고 가려,0,0,1,0,0,0,0,0,0,0,0,Passive User
cafearticle,,머리비듬 각질 난리났어요ㅠㅠ 진짜 요즘 거울 보면 머리비듬만 보여서 너무 스트레스에요ㅠ 지루성 두피 염 생기고나서부터 각질 이 계속 떨어지고 옷이나 베개커버 같은데 묻고 진짜 미치,0,0,1,0,0,1,0,0,0,0,0,Passive User
cafearticle,,지성 두피 인데 하루 1 2번 감아도 기름져요 지성 두피 라 하루에 한번씩 혹은 두번씩 감아야하니까 샴푸 가 금방금방 줄어들더라구요 ㅠㅠㅠ 그래서 샴푸 를 ㄷㅇㅅ 같은 데서 저렴한,0,0,1,0,0,0,0,0,0,0,0,Passive User
cafearticle,,울산지루성 두피 염 피부 상태만으로 알기 어려운 부분까지 차오르거나 각질 이 계속 발생한다면 지루성 두피 염을 의심해보셔야 해요 이는 피지선이 발달한 부위에 주로 단순 관리로는 한,0,0,1,0,0,0,0,0,0,0,0,Passive User
cafearticle,,계절바뀌면서 두피각질 이 ㅠㅠ 그전에는 클리니컬 주황색 샴푸 썼구요 유분도 많아서 정수리는 냄새랑 기름이 잘지는데 관자놀이나 목덜미쪽은 각질 이 심해요 광고없이 정말 효과보신 샴푸,0,0,1,0,1,0,0,0,0,0,1,Loyal
cafearticle,,두피 각질 제거 오일 써보신 분 어떠셨나요 처음엔 그냥 비듬인 줄 알았는데 점점 각질 이 심해지면서 머리카락까지 빠지기 시작하더라구요 샴푸 도 바꿔보고 두피 마사지도 해봤는데 별로,0,0,1,1,0,0,0,0,0,1,0,Passive User
cafearticle,,샴푸 유목민들 모이세요 TS 신상 블랙캐비어 출시했어요 그동안 좋다는 샴푸 다 써봤지만 이번에 체험단으로 미리 만난 더블랙 샴푸 가 정점이네요 ㅋㅋ 염색모발색상유지부터 두피각질 개,0,0,1,0,0,0,0,0,0,0,0,Passive User
cafearticle,,TS신상 더블랙트러플 샴푸 후기 두피 가 워낙 건조하고 예민해서 자꾸 긁게 되고 어두운 옷 입으면 어깨에 각질 떨어질까 봐 신경 쓰였거든요 ㅠㅠ 이번에 TS에서 새로 나온 프리미엄,0,0,1,0,0,0,0,0,0,0,0,Passive User
cafearticle,,다운 펌 이후 비듬 그리고 항상 아침 저녁 약산성 샴푸 바디워시 클렌징 폼으로로 머리 gt 몸 gt 얼굴순 진행 후 찬 바람으로 드라이를 해주고 있습니다 그릭고 약 7 10일 뒤에,0,0,1,0,0,0,1,0,0,0,0,Passive User
cafearticle,,헤드앤숄더 비듬 샴푸 추천 약산성 비교 사용 후기 청소년 지성 두피 중요 성여러분들 알아보기 예민한 두피 에도 걱정 없이 쓸 수 있다고하시는 약산성 헤드앤숄더 비듬 샴푸 밸런스 지,0,0,1,0,0,0,1,1,0,1,1,Passive User
cafearticle,,BALLVIC 볼빅 세보 샴푸 병원 샴푸 지루성 비듬 각질 핫딜 비교추천 155 790원 진짜 효과를 느낄 수 있었던 병원 샴푸 같은 전문 케어 평소 지루성 두피 염과 비듬 각질 ,0,0,1,0,1,1,0,1,0,0,1,Loyal
cafearticle,,두피각질 원인이 뭘까요 동안은 두피각질 원인을 없애보려고 순한 샴푸 로 바꿔서 써봤어요 그런데 별로 나아지는 느낌이 없고 오히려 더 심해진 것 같기도 하구요 혹시 잘못된 방법으로 ,0,0,1,1,0,0,0,0,0,1,0,Passive User
cafearticle,,유세린 더모 카필레르 카밍 우레아 샴푸 사용 후기 샴푸 를 사용한 후 몇 주가 지나면서 두피 와 머릿결 모두 건강해진 느낌이 들었어요 비듬이 줄어들고 두피 의 각질 도 많이 개선되,0,0,1,0,0,0,0,0,0,0,0,Passive User
cafearticle,,헤드앤숄더 두피 토탈 솔루션 딥클린 샴푸 후기 두피 가 깨끗해지면서 피지나 각질 도 많이 줄어들었고 머릿결도 전에 비해 확실히 건강해 보였어요 이전에는 약간의 기름기가 남아 있어서,0,0,1,0,0,0,0,0,0,0,0,Passive User
cafearticle,,두피 건선 치료 어떻게 하시나요 머리 감고 나면 하얗게 일어나는 각질 들 때문에 정말 스트레스받고 있습니다 처음엔 단순 비듬인 줄 샴푸 도 여러 개 바꿔봤는데 오히려 더 건조해지는,0,0,1,0,0,1,0,0,0,0,0,Passive User
cafearticle,,헤드앤숄더 건성 두피 케어 샴푸 코코넛 플로럴향 가성비 실화 솔직 리뷰 공유합니다 만약 저처럼 두피 가 쉽게 건조해지고 각질 이 고민이라면 보습 성분이 풍부하게 함유된 제품을 선택,0,0,1,0,0,0,1,0,0,0,0,Passive User
cafearticle,,헤드앤숄더 건성 두피 케어 샴푸 코코넛 플로럴향 어떤 게 좋을까 꼼꼼 비교 리뷰 이렇게 헤드앤숄더 건성 두피 케어 샴푸 코코넛 플로럴향을 소개해드렸는데요 건조함 때문에 두피 가려움,0,0,1,1,0,0,0,1,0,1,0,Passive User
cafearticle,,비듬 탈모 연관성 있나요 요즘 들어 비듬이 갑자기 생기기 시작했어요 원래는 두피 가 깨끗한 편이었는데 최근에 비듬 탈모 같은게 걱정되서 불안하더라구요 샤워할때 머리 감으면서 보니까,0,0,1,0,0,0,0,0,0,0,0,Passive User
cafearticle,,안티트로 샴푸 후기 용 그리고 이거 때문에 탈모도 많이 올라오는것 같아서요ㅠ 카페 내에서도 안티트로 샴푸 얘기도 되게 많고 좀 찾아보니까 성분도 괜찮고 후기 도 되게 좋아서 한번 ,0,0,1,1,0,0,1,1,1,2,0,Active Switcher
cafearticle,,지루성두피염 샴푸 어쩌죠 아무래도 제 두피가 예민한 편이라 더 안 좋게 반응한 것 같아요 저만 이런 건가 싶어서 지루성두피염 샴푸 후기 찾아보니 별점 낮은 리뷰 중에 저처럼 지루성,0,0,1,0,0,1,0,0,0,0,0,Passive User
cafearticle,,헤드앤숄더 쿨멘솔 샴푸 속상ㅠ 나서 샴푸 할 때마다 신경쓰이더라구요ㅠ 1점 후기 뒤늦게 보니까 저처럼 두피 예민한 분들은 헤드앤숄더 쿨멘솔 샴푸 는 아무래도 제 두피엔 잘 안 맞는,0,0,1,0,0,0,0,0,0,0,0,Passive User
cafearticle,,안티트로샴푸 두피 고민 끝낼 수 있을까요 솔직 사용 후기 많은 분들이 안티트로샴푸 하면 떠올리는 브랜드가 있죠 바로 헤드앤숄더인데요 이번에 헤드앤숄더 샴푸 를 쓰고 나서 훨씬 개운,0,0,1,1,0,0,0,1,1,1,0,Active Switcher
cafearticle,,안티트로 샴푸 내돈내산 지루성 두피 효과 후기 할인 링크 그러다 후기 평점이 워낙 높길래 반신반의하며 안티트로 샴푸 를 써봤는데요 지금은 한 달 넘게 사용 중인데 안티트로 샴푸 효,0,0,1,1,0,0,0,1,1,1,0,Active Switcher
cafearticle,,후기 작성합니다 좋아지는 중 감사드려요 샴푸 두피건선 저는 소금이 들어간 샴푸 티트로 오일 믹싱해서 두피 세척을 합니다 그리고 주 3회는 헤드앤숄더 직구 제품 사용 두피가 정말 너,0,0,1,0,0,0,0,0,0,0,0,Passive User
cafearticle,,안티트로 샴푸 내돈내산 후기 효과 성분 부작용 사용법 가격 정보 알아보기 안티트로 샴푸 내돈내산 후기 효과 성분 부작용 사용법 가격 정보를 소개해 드릴게요 안티트로 샴푸 는 지루성,0,0,1,1,0,0,1,1,1,4,0,Active Switcher
cafearticle,,안티트로 샴푸 어때요 안티트로 샴푸 가 두피염특화 샴푸 라고 요즘 여기저기서 보이더라구요 후기 도좋고 그래도 혹시 불안해서 써보신분 계시면 후기 좀 부탁드려요 효과 좀 있나요 있다,0,0,1,1,0,0,0,1,1,1,0,Active Switcher
cafearticle,,안티트로 샴푸 사라마라 부탁드려요ㅠ 여드름이 종종 올라와가지고 고민하고 있었는데 지인이 좋은 샴푸 있다고 안티트로 샴푸 추천해줬는데 효과 없는 샴푸 너무 많았어서 ㅠㅠ 고민중 실제,0,0,1,0,0,0,0,1,1,1,1,Passive User
cafearticle,,지루성두피 염병원 큰일이에요 혹시 지루성두피 염병원 가보신분 계신가요 저 지루성두피 염때문에 어렵게 예약해서 병원 다녀왔는데 효과를 전혀 못보고 오히려 상태가 더 안좋아져서요ㅠ 어,0,0,1,0,0,1,0,0,0,0,0,Passive User
cafearticle,,지루성두피 염 에스로반 연고도 크게 효과가 없을 때는 아마 quot 두피 에 뭔가 났는데 빨갛고 진물도 나는 것 같아서 quot 약국에서 추천 받으셨거나 예전에 피부 트러블 꾸준히,0,0,1,0,0,1,0,0,0,1,1,Passive User
cafearticle,,BALLVIC 볼빅 세보 샴푸 병원 샴푸 지루성 비듬 각질 이건 어때요 거짓 없는 제품 내 두피 와 피부에 딱 맞는 강력한 기능성 볼빅 세보 샴푸 는 지루성 피부염과 비듬 각질 효,0,0,1,0,1,1,0,0,0,0,1,Loyal
cafearticle,,BALLVIC 볼빅 세보 샴푸 병원 샴푸 지루성 비듬 각질 핫딜 비교 추천 두피 고민으로부터 벗어나고 싶은 분들께 강력 추천 합니다 지금 바로 건강한 두피 를 위한 첫걸음 시작하세,0,0,1,0,1,1,0,1,0,0,1,Loyal
cafearticle,,지루성두피 염병원 어때요 샴푸 도 여러 개 바꿔봤는데 오히려 더 가려운 것 같기도 하고 두피 가 붉어진 느낌도 들어요 거울 보면서 지루성두피 염병원 추천 도 받고 싶고 집에서 할 ,0,0,1,0,1,1,0,0,0,0,1,Loyal
cafearticle,,지루성두피 염피부과 가게 되면 지루성두피 염피부과에서 진료받으신 분들 중에 실제로 개선된 경험 있으신가요 샴푸 만 바꿔도 나아질 수 지루성두피 염피부과에서 추천 받은 제품 써보신 ,0,0,1,0,1,1,0,0,0,0,1,Loyal
cafearticle,,용닥터 샴푸 400 ml 본사정품 지루성두피 탈모 완화 기능성 샴푸 스칼프 볼륨 카페인 샴푸 지긋지긋했 저처럼 지루성 두피 로 고생하시는 분들께 정말 강력 추천 해 드리고 싶어요 ,0,0,1,0,1,0,0,0,0,0,1,Loyal
cafearticle,,핫딜 오르보닉 약산성 천연 샴푸 비듬 유래 두피 지루성 피부염 민감한 지성 두피 가려움 추천 상품 핫딜 오르보닉 약산성 천연 샴푸 비듬 유래 두피 지루성 피부염 민감한 지성 두피 ,0,0,1,0,0,0,1,0,0,1,1,Passive User
cafearticle,,Magazine 내 대가리는 소중하니까 탈모 관리템 추천 zip 물론 비듬 지루성 두피 염이 있다면 케토코나졸 샴푸 약용 샴푸 를 가장 먼저 적용해야 하는게 맞습니다 하지만 보조적,0,0,1,0,1,0,0,0,0,0,1,Loyal
cafearticle,,니조랄 가격 진짜ㅠ 지루성두피 염 심한 상태로 오래가면 모근까지 영향줘서 탈모 빨라진다는 말도 봤는데 진짜인가봐요ㅠ 안그래도 숱이 많은편도 아닌데 이 나이에 탈모까지 오면 진짜 어,0,0,1,1,0,0,0,1,1,1,0,Active Switcher
cafearticle,,헤드앤숄더 클리니컬 스트렝스 왜이러죠 혹시 지루성두피 염인가 싶어서 이것저것 검색하다가 헤드앤숄더 클리니컬 스트렝스를 알게됐거든요 비슷하게 두피 뒤집어졌다는 분들이 꽤 많더라구요 ,0,0,1,0,0,1,1,0,0,0,0,Passive User
cafearticle,,탈모약 처방 없이 국내에서 살 방법은 정말 없을까요 탈모 샴푸 탈모클리닉 프로페시아 탈모관리 여성탈모 미녹시딜 아보다트 피나스테리드 두타스테리드 두피 열 정수리탈모 M자탈모 비오틴,0,0,1,0,0,1,0,0,0,0,0,Passive User
cafearticle,,머리 감아도 가려운데 혹시 지루성두피 염피부과 가보셨나요 샴푸 를 바꿔봐도 소용이 없고 머리 감고 나서도 금방 또 가려워지더라고요 특히 정수리 쪽이 제일 심한데 지루성두피 염피부과,0,0,1,0,1,1,0,0,0,0,1,Loyal
cafearticle,,두피 열 스프레이 효과 진짜 있나요 추천 부탁드려용 찾아보니까 두피 열이 지루성두피 염이나 탈모 원인이 될 수도 있다 해서 식겁했네요ㅠㅠ 안 그래도 요즘 관리실 가서 두피 케어도 ,0,0,1,0,1,0,0,0,0,0,1,Loyal
cafearticle,,지루성 두피 샴푸 유목민이에요 감아도 간지럽고 미치겠어요 추천 좀 해주세요 ㅜㅜ 헤드앤숄더 방기원 각종 좋다는거 써봐도 정착을 하지 못했어요,0,0,1,0,1,0,0,0,0,0,2,Loyal
cafearticle,,오프온 지루성두피 염 볼륨 탈모완화 올리브영 비듬예방 약산성 비건 남자여자 B7블랙빈 쿨 샴푸 개인적 경험 오프온 지루성두피 염 볼륨 탈모완화 올리브영 비듬예방 약산성 비건 남자여,0,0,1,0,1,0,1,0,0,0,1,Loyal
cafearticle,,이스터 스칼프 솔루션 지루성 두피샴푸 1개 500ml 써보니 다르네요 두피 문제로 고민하는 분들께 자신 있게 추천 할 수 있어요 두피 문제 해결의 핵심 강력한 지루성 두피 샴푸 의,0,0,1,0,0,0,1,0,0,1,1,Passive User
cafearticle,,지성 두피샴푸 로 바꿔야 할까요 머리감고 드라이하는거 똑같은데도 요즘 들어 머리가 더 빨리 기름지는 느낌이라서요 샴푸 는 마트에서 파는거 두세개정도 돌아가면서 쓰고 있는데 지성 두,0,0,1,0,0,0,0,0,0,0,0,Passive User
cafearticle,,남편 비듬 샴푸 정착해서 너무 속 시원해요 저희 남편이 스트레스받으면 정수리에 각질이 엄청 생기고 기름져서 맨날 긁적거렸거든요 병원 가니까 지루성 두피 염 증상이라길래 맘카페 추천,0,0,1,0,1,1,0,0,0,0,2,Loyal
cafearticle,,지루성두피샴푸 좋은 거 알려주세요 있는데 추천 해주실 만한 게 있을까요 그런데 지루성두피샴푸 만으로 해결이 될지도 의문이에요 두피 상태가 전반적으로 안 좋아진 것 같아서 종합적인 ,0,0,1,0,1,0,0,0,0,0,1,Loyal
cafearticle,,더비솔액 미치겠네요 혹시 지루성두피 염인가 싶어서 병원까지 다녀왔어요ㅠ 병원에서 더비솔액 처방받아서 써봤는데 바르고 있을때는 좀 가라앉는 느낌이 들긴 했거든요 근데 끊고 나니까 오,0,0,1,1,0,1,0,0,0,1,0,At-risk
cafearticle,,니조랄 약국 사는게 가능한가요 두피 가 자꾸 가렵고 비듬도 많이 생겨서 피부과 가봤더니 지루성 두피 염이라고 하더라구요 의사 선생님이 니조랄 샴푸 를 추천 해 주셔서 니조랄 약국에,0,0,1,0,0,1,0,1,1,1,1,Passive User
cafearticle,,머리비듬없애는법 알려주세요ㅠ 약용 샴푸 같은 거 매일 써도 되는 건지 아니면 일주일에 몇 번만 쓰는 게 맞는 건지도 잘 모르겠고 머리비듬없애는법 계속 찾아보니까 지루성두피 염이랑 ,0,0,1,0,0,0,0,0,0,0,0,Passive User
cafearticle,,아기 지루성두피 염 피부염 있으셨던분 ㅠㅠ 아기 지루성두피 염같은 피부염 증상 완화에 효과 보신 방법이나 샴푸 있으면 추천 부탁드려요 아 참 그리고 피부 예민한 아기 키우시는분들 ,0,0,1,0,1,0,0,0,0,0,1,Loyal
cafearticle,,닥터블레이즈 탈모 샴푸 추천 지루성 두피 고민 해결 추천 합니다 잦은 염색이나 펌으로 두피 가 민감해진 분 과도한 스트레스로 두피 트러블이 잦은 분 출산 후 탈모로 고민하는 임산부,0,0,1,1,0,0,0,0,0,2,1,Passive User
cafearticle,,메르필 샴푸 약산성 두피샴푸 추천 비듬 가려움 이제 안녕 이런 분들께 추천 합니다 잦은 염색이나 펌으로 두피 가 민감해진 분 비듬 가려움 뾰루지 등 지루성 두피 염으로 고생하는 분,0,0,1,1,0,0,1,0,0,2,1,At-risk
cafearticle,,이스터 스칼프 솔루션 지루성 두피샴푸 1개 500ml 이건 어때요 강력 추천 저처럼 지루성 두피 로 고민하는 분들이라면 작심하고 써보세요 확실한 효과에 감탄하실 거예요 천연 유효 ,0,0,1,0,1,0,1,0,0,0,1,Loyal
cafearticle,,샴푸추천 잘말려도 간지럽고 비듬이생기는것 같아 계속 샴푸 트리트먼트를 바꾸어 보는데도 그대로여서 혹 이런경우 있으신분 계신지 여쭤보아요 ㅜㅜ 미용실에서 판매하는 겸용 샴푸 가 괜찮,0,0,1,0,0,0,0,0,0,1,1,Passive User
cafearticle,,낫포헤어 NOT4HAIR 지루성두피 염 사용 전후 비교 후기 정리해서 공유 추천 대상 이 샴푸 는 지루성 두피 염으로 고생하시는 분들 두피 뾰루지나 여드름 문제를 겪고 있는 분들 ,0,0,1,0,0,0,1,1,0,1,1,Passive User
cafearticle,,지루성두피 염 탈모 샴푸 두피 집중케어 암라리치 실사용 후기 체감 위주로 정리 두피 보호 천연 샴푸 모발건강 탈모관리 두피 케어 두피 청결 민감성 두피 두피 진정 샴푸추천 모발케어,0,0,1,0,0,0,1,0,0,1,1,Passive User
cafearticle,,오프온 지루성두피 염 볼륨 탈모완화 올리브영 비듬예방 약산성 비건 남자여자 B7블랙빈 쿨 샴푸 써보고 느낀 쿨 샴푸 써보고 느낀 점 지루성두피 염과 볼륨 탈모 걱정 해결책을 찾았어,0,0,1,0,1,0,1,0,0,0,1,Loyal
cafearticle,,샴푸 프란츠 멜리케어 스칼프 클리어 한동안 써본 후기 포인트만 정리 프란츠 샴푸 멜리케어 스칼프케어 탈모완화 지루성두피 염 두피 케어 샴푸추천 탈모 샴푸 두피 건강 두피 관리 지성,0,0,1,0,0,0,0,0,0,1,1,Passive User
cafearticle,,지성 두피 지루성두피 염 탈모 샴푸 구매 전 참고 후기 사용 전 참고 추천 대상 이 샴푸 는 지성 두피 로 인해 고민이 많으신 분들 지루성 두피 염으로 인한 불편함을 겪고 계신 분,0,0,1,0,1,0,0,0,0,0,1,Loyal
cafearticle,,두피 케어 지루성두피 염 샴푸 할랄 비건 며칠 써본 후기 구매 전 보면 좋아요 추천 대상 이 샴푸 는 특히 지루성 두피 염으로 고생하는 분들 탈모 예방이 필요한 분들 그리고 순한 ,0,0,1,0,1,0,0,0,0,0,1,Loyal
cafearticle,,샴푸 데일리케어 지루성 두피 염 비듬 리얼 사용 후기 알아두면 좋은 점 두피 건강 헤어케어 비듬해결 저자극 샴푸 민감성 두피 지루성 피부염 두피 진정 비듬예방 샴푸추천 건강한 두피,0,0,1,1,0,0,1,0,0,2,1,At-risk
cafearticle,,두피 케어 지루성두피 염 샴푸 할랄 비건 구매 전 살펴본 후기 한눈에 정리 추천 대상 루토닉스 마이크로바이오 샴푸 는 지루성 두피 염으로 인한 가려움증과 염증으로 고생하시는 분들 ,0,0,1,1,0,0,0,0,0,2,1,Passive User
cafearticle,,비젤리프 폴리코 탈모 샴푸 솔직 사용 후기 구매 전 가볍게 참고 손상모케어 비듬케어 지성 두피 헤어세트 모발강화 비건 샴푸 천연 샴푸 모발영양 비듬완화 지루성두피 탈모관리 두피 진,0,0,1,0,1,0,0,0,0,0,1,Loyal
cafearticle,,지루성두피 염 샴푸 1황 등극 제품 정보 푼다 상태일수록 관리 방향을 단순하게 가져가는 게 중요한 것 같아요 저처럼 트러블 반복되시는 분들은 지루성두피 염 샴푸 선택할 때 향료 없,0,0,1,1,0,0,0,0,0,2,1,Passive User
cafearticle,,BALLVIC 볼빅 세보 샴푸 병원 샴푸 지루성 비듬 각질 이건 알아야 해요 두피 에도 부담 없이 사용할 수 있어 믿고 계속 쓰게 됐죠 피부과 전문의 추천 제품답게 효과도 뛰어나고,0,0,1,0,1,1,0,0,0,0,1,Loyal
cafearticle,,오프온 지루성두피 염 볼륨 탈모완화 올리브영 비듬예방 약산성 비건 남자여자 B7블랙빈 쿨 샴푸 선택 가이드 오프온 지루성두피 염 볼륨 탈모완화 올리브영 비듬예방 약산성 비건 남자여,0,0,1,0,1,0,1,0,0,0,1,Loyal
cafearticle,,4주만에 개선 보넬리 지루성 두피 비듬 각질 약산성 샴푸 추천 리스트 진짜 써본 사람의 후기 싶으시다면 한번쯤 눈여겨보시는 것을 추천 해 드려요 꾸준한 관리와 올바른 제품 선택이 ,0,0,1,0,1,0,1,0,0,0,1,Loyal
cafearticle,,지루성두피 질문드립니다 지루성두피 혹시 해결되신 회원님들 계실까요 피부과 가서 약도 받아먹고 했는데 그때뿐이지 잘 안낫네요 샴푸 같은 걸로 해결이 되는건지,0,0,1,0,0,1,0,0,0,0,0,Passive User
cafearticle,,핀페시아 정품 의심돼서 국산 카피약 추천 좀 받을 수 있을까요 탈모 샴푸 탈모클리닉 프로페시아 탈모관리 여성탈모 미녹시딜 아보다트 피나스테리드 두타스테리드 두피 열 정수리탈모 M자,0,0,1,0,1,1,0,0,0,0,1,Loyal
cafearticle,,지루성 두피 문제 이스터 스칼프 솔루션 샴푸 로 해결했어요 지루성 두피 문제로 고민하시는 분들께 꼭 추천 하고 싶어요 마지막으로 이스터 스칼프 솔루션 지루성 두피샴푸 를 통해 제 ,0,0,1,0,1,0,0,0,0,0,1,Loyal
cafearticle,,대박 추천 릴리이브 스칼프턴 시카 PDRN 앰플 모낭염 지루성두피 염 두피 스케일링 100ml 1개 리뷰와 추천 대박 추천 릴리이브 스칼프턴 시카 PDRN 앰플 모낭염 지루성두피 ,0,0,1,0,1,0,0,0,0,0,1,Loyal
youtube,,약당당x블루라이프 샴푸 두피 예민하신 분들 무설페이트 블루라이프 샴푸 꼭 써보세요 지금 프로필링크에서 최저가 혜택 진행중입니다 무설페이트 자연 유래 성분 지루성 두피염 비듬 뾰루지,1,0,0,1,0,0,1,0,0,1,0,At-risk
youtube,,설페이트는 오히려 수십년간 인증된 가장 안전한 세정성분임 헤숄 쓰십쇼 피앤지가 괜히 초대기업이 아님,1,0,0,0,0,0,1,0,0,0,0,Passive User
youtube,,두피 한동안 뒤집어져서 난리났었는데 헤드엔숄더랑 두피밸런서 쓰고 싹 깨끗해짐,1,0,0,0,0,0,0,0,0,0,0,Passive User
youtube,,헤드엔숄더 진짜 좋은데 돌고돌아서 항상 이걸로 쓰게된다는 간증이 진짜 많죠ㅎㅎ 지루성두피의 구원템,1,0,0,0,0,0,0,0,0,0,0,Passive User
youtube,,헤드앤숄더로 갈아탈때마다 두피여드름 남,1,0,0,1,0,0,0,1,0,1,0,Passive User
youtube,,헤숄 1주일에 2 3번정도는 써주는거 좋아용 보라색 그리고 샴푸후에 무조건 자생 두피토너 써주세요 두피도 피부라 자극없이 관리해야하는데 샴푸 바꿔 쓴다고 소용없더라구요,1,0,0,1,0,0,0,0,0,2,0,Passive User
youtube,,와 비듬 샴푸로 유명해서 이거 쓰고있는데 최근에 머리에 딱지가 많이 생긴다했는데 이것 때문이네요 ㅠㅠ,1,0,0,0,0,0,0,0,0,0,0,Passive User
youtube,,지루성이나 중성두피가 아니면 설페이트 계열은 안쓰시는게 좋고 지루성이나 중성두피인데 뾰루지가 생기면 성분표에 실리콘오일 혹은 메티콘오일 성분이 적혀있으면 10에 9은 그게 문제입니,1,0,0,1,0,0,1,0,0,1,0,At-risk
youtube,,진짜 저랑 같이 지성 두피에 뾰루지 잘 나시는 분들 요즘은 킹스파워샴푸 쓰고는 저런거 싹 없어졌어요 그냥 한번 썼는데 두피가 시원하고 개운하면서 하얀 각질 비듬이 싹 다 나아버리더,1,0,0,0,1,0,1,0,0,1,2,Loyal
youtube,,아버지가 비듬 난다고 헤숄 사서 몇 달 같이 썼더니 두피 트러블 미친듯이 나는 중,1,0,0,1,0,0,0,0,0,1,0,Passive User
youtube,,저같이 비듬이 많은 사람은 헤드앤숄더ㅠ좋드라고요,1,0,0,0,0,0,0,0,0,0,0,Passive User
youtube,,헤드앤숄더 쿨멘솔 좋아요 지성두피이고 13년째 쓰는중임,1,0,0,0,0,0,0,0,0,0,0,Passive User
youtube,,비듬 많으신 분들 비듬클리너로 머리 먼저 빗어주고 헤드앤숄더 쓰니 많이 좋아졌어요 참고하세요,1,0,0,0,1,0,0,0,0,0,1,Loyal
youtube,,설페이트 없으면 세정력이 똥망임 돌고돌다가 다른것도 쓰고 싶어서 지금은 오프온샴푸 쓰는데 두피샴푸 써본중엔 세정력 좋음 헤숄은 향이 맘에 안들어서 ㅠㅠ,1,0,0,0,0,0,1,0,0,0,0,Passive User
youtube,,말로만 들어본 잇퓨 업패스트샴푸 써보고 반해서 지금 몇 통째 비워요ㅋ 머리카락 두피에 영양을 주니확실히 빨리 자라네요,1,0,0,0,0,0,0,0,0,0,0,Passive User
youtube,,비듬클리너로 머리 매일 빗어주면서 샴푸 설페이트 없는걸로 바꿨더니 효과 훨씬 더 좋았어요,1,0,0,0,0,0,1,0,0,0,0,Passive User
youtube,,저도 두피에 염증 뾰루지 잘나고 요즘은 머리가 너무 많이 빠지는거 같아서 고민이었는데 킹스파워블랙샴푸 쓰면서 두피 염증 비듬이 다 사라지더라구요 거기다 중요한건 탈모가 멈췄어요 처,1,0,0,0,0,0,0,0,0,1,1,Passive User
youtube,,두피샴푸 알아보다가 두피 건강이 안 좋으면 탈모가 온다고 하더라고요 탈모부터 지켜야겠다 생각해 모미래 핑크솔트 탈모샴푸 쓰고 있습니다 두피 정리도 잘 되고 머리카락도 덜 빠져서 미,1,0,0,0,0,0,0,0,0,1,1,Passive User
youtube,,저는 헤드앤숄더랑 퍼퓸샴푸들 쓰고 두피염 생겼어요 ㄷㄷㄷㄷ,1,0,0,0,0,0,0,0,0,0,0,Passive User
youtube,,헤드앤숄더 매일써도 비듬 많이나오던데 다른거 쓰니까 귀신같이 나음,1,0,0,1,0,0,0,0,0,1,0,Passive User
youtube,,비듬좀많다 국내시판 헤숄 지루성두피염 쿱앙에서 헤드앤숄더 스트렝스 크리니컬,1,0,0,0,0,1,0,0,0,0,0,Passive User
youtube,,동물 실험해도 소듐라우레스 설페이트는 이것은 동물들은 엄청 피부가 까졌어요 순하고 세정 잘 되는 라우릴 글루코사이드 코코글루코사이드 쓰세요 농약을 쓰고 잔류 농약 검사를 인증한지 ,1,0,0,0,0,0,1,0,0,0,0,Passive User
youtube,,헤드앤숄더쓰고 두피염증 싹나음,1,0,0,0,0,0,0,0,0,0,0,Passive User
youtube,,저 두피염증으로 진짜 고민 많이하고 샴푸썻는데 생각보다 별효과가 없더라구요 두피가 속의 문젠데 겉만 계속 씻어낸다고 효과가 없는거 같아서 식습관 생활습관 관리했구요 두피커뮤니티에서,1,0,0,0,1,0,0,0,0,0,1,Loyal
youtube,,두피염증으로 몇달 고생했는데요 두피열로 밤낮없이 가려워서 참다못해 병원가도 답이 없었음 요근래에 운동하고 식습관 고치면서 아누오틴 영양제 챙기니까 서서히 열 내려가는듯ㅠㅠ,1,0,0,0,0,1,0,0,0,0,0,Passive User
youtube,,전성분 정제수 소듐라우레스설페이트 소듐자일렌설포네이트 코카마이드엠이에이 소듐시트레이트 다이메티콘 피록톤올아민 멘톨 0 45 향료 소듐클로라이드 시트릭애씨드 소듐벤조에이트 구아하이드,1,0,0,0,0,0,1,0,0,0,0,Passive User
youtube,,결국 약산성 샴푸들은 완벽하게 기름기처리가 안되서 두피가 더 안좋아짐 그냥 헤드 앤 숄더 쓰삼 독하면 일반마트에서 못팔아 약용샴푸지,1,0,0,0,0,0,1,0,0,0,0,Passive User
youtube,,처음엔 다양한 샴푸 써보다가 가렵고 트러블 나서 아누오틴으로 바꿨어요 지금은 확실히 두피가 안정되고 빠지는 머리도 덜해져서 정착 중이에요,1,0,0,0,0,0,0,0,0,1,1,Passive User
youtube,,저 헤드엔숄더쓰고있어요 진짜좋아요ㅠ 두피너무 기름져서 보조제로 아누오틴도 같이먹고있는데 확실히 시너지가 좋더라구요,1,0,0,0,0,0,0,0,0,0,0,Passive User
youtube,,헤드엔숄더만한게 없음ㅋㅋ 아예 안쓰기는 힘듬 특히 지성두피는 극단적으로 어느 한쪽에 치우칠게 아니라 화학 계면활성제가 들어간 샴푸는 주 2ㅡ3회 정도 쓰고 나머지는 천연 계면활성제,1,0,0,0,0,0,1,0,0,0,0,Passive User
youtube,,두피관리 어떻게 해야하나 걱정되던 찰나에 아누오틴 알게 됐어요 지금은 루틴처럼 챙기고 있어요,1,0,0,0,0,0,0,0,0,0,0,Passive User
youtube,,지성 두피라 완전 끌룡,1,0,0,0,0,0,0,0,0,0,0,Passive User
youtube,,전 일반 쿨링샴푸 쓰는데 넘 시원해서 좋아요 혹시 두피에 각질 비듬 많이 생기시는 분들 꼭 두피 보습 잘 챙겨주시고 이미 생겨버린 비듬은 비듬클리너로 빗어주세요 머리카락에 붙은 비,1,0,0,0,0,0,0,0,0,0,0,Passive User
youtube,,가려움 두피 케어 진짜진짜 중요하죠 맨날 머리 벅벅 긁고ㅠㅠ 저는 두피 지성두피에 기름끼도 많아서 뾰루지도 잘 생기고 긁다보니 비듬 각질도 심해졌는데 요즘은 킹스파워샴푸 쓰고는 저,1,0,0,0,0,0,1,0,0,2,2,Passive User
youtube,,성분 잘 분석해 보세요 정말 안좋은거 들어있고 동물 실험하는 브랜드입니다 특히 소듐 라우레스 설페이트는 코코넛 유래지만 잔류 농약 검사도 한지 모르는 코코넛으로 강한 항산화 과정을,1,0,0,0,0,0,1,0,0,0,0,Passive User
youtube,,헤드앤숄더는 동물 실험한 중국의 자본주의 브랜드입니다 소듐라우레스설페이트는 실험해도 이것은 동물들은 엄청 피부가 까졌어요 순하고 세정 잘 되는 라우릴 글루코사이드 코코글루코사이드 ,1,0,0,0,0,0,1,0,0,0,0,Passive User
youtube,,진짜 간지러움 지루성두피염에 직빵임,1,0,0,0,0,1,0,0,0,0,0,Passive User
youtube,,효과는 좋은데 너무 독해서 두피가 좀 건조해지는 느낌이 있더라고요 전 쿠팡에서 산 에센테라 샴푸나 닥터포헤어 샴푸가 잘 맞았어요 비듬 완화도 완화인데 결국 두피 보습도 시켜주니 좋,1,0,0,0,0,0,0,0,0,0,0,Passive User
youtube,,몇년동안 비듬 달고 살다가 처음에 저거 일주일 쓰고 머리 털어도 비듬 안나오니까 꿈같았음ㅋ,1,0,0,0,0,0,0,0,0,0,0,Passive User
youtube,,와 진짜 말도안됌 진짜 사춘기때부터 지금까지 10년을 비듬덩어리로 살았는데 이걸로 비듬이 안나옴ㄷㄷㄷㄷ,1,0,0,0,0,0,0,0,0,0,0,Passive User
youtube,,이건 레알 강력한 비듬가지고 있는분들한테는 강력하게 효과가 있음,1,0,0,0,0,0,0,0,0,0,0,Passive User
youtube,,비듬 염증으로인한 뾰루지 때문에 샴푸 이것저걸쓰다가 이걸 우연히 발견하거 쓴 이후로는 비듬 뾰루지 사라짐 ㄹㅇ 그리고 뭐때문인지는 모르겠지만 이거쓰고나서 잔머리도 많이 남 머리감을,1,0,0,1,0,0,0,0,0,1,0,Passive User
youtube,,지루성인 사람은 꼭 보라색 쓰시길 이거랑 두피밸런서 조합으로 지루끼 싹 사라졋음요 대신 스트렝스는 황 냄새가 좀 나는게 단점임,1,0,0,1,0,0,0,1,0,1,0,Passive User
youtube,,진짜 이거쓰고 30년 고통에서 해방되었습니다 지루성 두피로 고통받는 여러분 이거 꼭 쓰세요,1,0,0,0,0,0,0,0,0,0,0,Passive User
youtube,,이거 쓰고 일주일도 안되서 극강의 가려움 염증 비듬 냄새 다 잡았어요 주변에 알려서 여럿 살렸습니다 제발 사서 쓰세요,1,0,0,1,0,0,0,0,0,1,0,Passive User
youtube,,지루성 두피염 때문에 모낭염 골아터지고 병원 한의원 안다녀본곳 없었는데 이거 한병으로 전부 사라짐 단 점점 사용빈도 줄여줘야함,1,0,0,0,0,1,0,0,0,0,0,Passive User
youtube,,6년동안 두피염 달고 살았는데 한방에 치료된 샴푸,1,0,0,0,0,1,0,0,0,0,0,Passive User
youtube,,20년 지루성 두피염으로 사회생활도 엉망이었는데 저거 쓰고 거짓말처럼 없어짐 지금 4년째 사용중이며 어느 정도 지나면 매일 사용 안해도 됨,1,0,0,0,0,0,0,0,0,0,0,Passive User
youtube,,두피가 건조하고 마른 가루비듬이 떨어지고 가려운 머리 무슨색깔 써야함,1,0,0,0,0,0,0,0,0,0,0,Passive User
youtube,,지루성 두피염땜에 가려워서 진짜 정신병걸리는 수준에 탈모도 심했는데 이샴푸 쓰고 머리 긁는일 없어짐 아직도 꾸준히 사용하고 있고 이거 없음 못살거같음,1,0,0,0,0,0,0,0,0,0,0,Passive User
youtube,,가족 새명이 지루성 두피염인데 사봐야겠네여 지루성 두피염 엉상마다 이거 추천 댓글들 있음ㅋㅋㅋ,1,0,0,0,1,0,0,0,0,0,1,Loyal
youtube,,저 샴푸는 아니지만 27년전쯤 미군부대에서 아는분이 지루성 두피염이라고 하니까 셀선블루 라는 샴푸 사다 주셨는데 그때 신세계를 만났음 셀선블루도 황하셀레늄 들어간 샴푸라,1,0,0,0,0,0,0,0,0,0,0,Passive User
youtube,,30년된 지루성두피염을 고쳣어요,1,0,0,0,0,1,0,0,0,0,0,Passive User
youtube,,와 헤드엔숄더 지짜 오랜만이다 ㅋㅋㅋㅋㅋㅋㅋㅋ 저는 지루성두피염 때문에 샴푸 찾다가 독일 아르간커넬 샴푸 쓰고 효과봤었는데 저것도 괜찮을듯하네요,1,0,0,0,1,1,0,0,0,0,1,Loyal
youtube,,이거 진짜 한방에끝남 저진짜 개심한 악질 지루성두피염이였는데 저거 한방쓰고 없어짐,1,0,0,0,0,1,0,0,0,0,0,Passive User
youtube,,두피 트러블이 심해서 두피샴푸 여러 개 써봤는데 다 안 맞았거든요 친구가 본인도 트러블 심했는데 모미래 쓰고 좋아졌다고 추천해줘서 써봤어요 살리실산이랑 덱스판테놀 들어있어서 두피 ,1,0,0,0,0,0,0,0,0,2,2,Passive User
youtube,,가려움 비듬은 좋아진다는 거 댓글 보고 이해했는데 두피 여드름도 좋아지나요 ㅠㅠ 효과 보신 분 지루성 두피염같은데 저는 가려움이랑 여드름 위주로 고민이 커요 화농성 여드름처럼 만지,1,0,0,1,0,0,0,0,0,2,0,Passive User
youtube,,진짜 우리남편 두피염 뭘써도 안낫던거 이거직구로 구매한뒤 한방에 나음 지금도 몇통씩 미리 직구로 구입해놓고 계속 씀,1,0,0,0,0,0,0,0,0,0,0,Passive User
youtube,,진짜 지루성두피염 때문에 스트레스 엄청 받아서 힘들었는데 헤드앤숄더 도움 좀 받음 근데 두피각질연화오일이 효과가 제일 좋았음 각질이 녹아 내림 ㅋㅋ,1,0,0,0,0,1,0,0,0,0,0,Passive User
youtube,,지루성두피염이나 각질 많은 사람은 일단 이거 무조건 써야함 살짝 비싸도 성능 하나는 기똥참 7년째 이거만 쓰고있음,1,0,0,0,0,1,0,0,0,0,0,Passive User
youtube,,나 20년 넘게 고생했던 지루성두피 저거하나로 일주일만에 치료됨,1,0,0,0,0,1,0,0,0,0,0,Passive User
youtube,,강추합니다 지루성두피 방치하고 17년이상 고생하다가 요번에 유튜브보고 그냥 직구해서 써봤는데 지금 5일사용 했는데 90 이상 염증기 사라지고 있는중 대만족,1,0,0,0,1,0,0,0,0,0,1,Loyal
youtube,,이거 존나 좋음 샴푸 몇번에 지루성 피부염 비듬 한큐에 해결됨 몇년째 계속 직구로 사용 중 쓸데없는 병원 처방 받아서 약구에서 샴푸 사지 마셈 다 쓸모 없음 이거 하나면 다 해결됨,1,0,0,0,0,1,0,0,0,0,0,Passive User
youtube,,지루서두피염 15년 달고 살다가 비타민c메가도즈 이후 사라졌습니다,1,0,0,0,1,0,0,0,0,0,1,Loyal
youtube,,이거 진짜 개미치긴함 지루성 피부염때문에 병원도 가보고 두피 케어도 받아봤는데 받을때만 잠시좋아지고 미칠거같았는데 저거쓰고 25년동안 안고쳐지던게 일주일만에 다나아짐,1,0,0,0,0,1,0,0,0,0,0,Passive User
youtube,,나도 엄지손톱만한 비듬이 나서 고통스러웟음 댓글 보고 속는셈치고 삿는데 한큐에 없어짐 리조랄도 다 필요없음 비싸기만 비싼데 이건 효과 대박임,1,0,0,0,0,0,0,0,0,0,0,Passive User
youtube,,저는 9년정도 지루성두피염으로 고생했구요 이거는 효과못보고 오히려 그냥 헤드앤숄더 가려움예방 샴푸쓰고 나았어요,1,0,0,1,0,1,0,0,0,1,0,At-risk
youtube,,진짜 나 지루성두피염 10년동안 개고생했는데 이샴푸쓴이후로 지루성 다날라감,1,0,0,0,0,1,0,0,0,0,0,Passive User
youtube,,이거 진짜임 나 12년간 악성 지루성 두피염이였는데 이거 하고 그냥 지루성이 되버림 대박,1,0,0,0,0,0,0,0,0,0,0,Passive User
youtube,,헤드 앤 숄더 클리니컬 스트렝스를 사서 한 달 가까이 사용했는데 비듬이 더 많아지고 머리도 많이 가려워졌네요 효과를 봤다는 분들이 정말 부럽네요 사용법을 읽어보니 머리를 감을 때마,1,0,0,0,0,0,0,0,0,0,0,Passive User
youtube,,국내에서 괜찮은 지루성 제품 찾으시면 킹스파워 추천드려요 저도 진짜 심한데 이거 쓰고나서 많이 나아졌어요 머리도 덜 떡지고 덕분에 볼륨도 살아요,1,0,0,0,1,0,0,0,0,0,2,Loyal
youtube,,지루성 두피염 그냥 병원가서 약 1달동안 먹으니깐 완치되었는데,1,0,0,0,0,1,0,0,0,0,0,Passive User
youtube,,이샴푸 진짜좋습니다 두피염 저 못고쳤는데 완치는 안되었지만 완화는 되었고 샴푸하고나서도 각질이나고 간지러울때가 있었고 간간히 심심해졌을때 피부과에서 도움받아 액체약을 머리에 바르면,1,0,0,1,0,1,1,1,1,1,0,Active Switcher
youtube,,지루성두피염에 효과 직빵이던데 머리 개기름기도싹 잡아줌,1,0,0,0,0,1,0,0,0,0,0,Passive User
youtube,,그런데 이거 설페이트 성분 들어가있던데 설페이트는 무조건 피해라고들 하던데,1,0,0,0,0,0,1,0,0,0,0,Passive User
youtube,,강력 지루성두피 반나절만 지나면 포마드 바른것 처럼 반짝이고 좀만 방치하면 모공 막아서 딱지생기고 점점 커지는데 환장함 이제품 속는셈 치고 세번만 써보면 딱지 없어지고 기름없어지는,1,0,0,0,1,0,0,0,0,0,1,Loyal
youtube,,저도 지루성 두피염 때문에 여성형 탈모왔는데 올영에 바이오틴 탈모샴푸 쓰고 많이 좋아져써요 ㅠㅠㅠㅠㅠ 헤드앤숄더랑 고민했는데 탈모엔 별로일까봐 흑흑ㅎ규ㅠㅠㅠㅠㅠㅠㅠㅠ,1,0,0,1,0,0,0,0,0,1,0,Passive User
youtube,,남편이 지루성두피에 비듬이 환장하게떨어져 헤드앤숄더 클리니컬 스트랭스 오일컨트롤인가 암튼 보라색 1개 직구해서 쓰는중인데 정말 드라마틱하게 비듬이 없어져서 좋더라구요 다좋은데 단점,1,0,0,0,0,0,0,0,0,0,0,Passive User
youtube,,두피가 간지러워서 관리해야겠다 싶어 영양제 찾다가 아누오틴 시작했어요 3주쯤 되니 덜 간지러워요,1,0,0,0,0,0,0,0,0,0,0,Passive User
youtube,,저는 직업이 요리사라가 지루성 두피염 달고 살았거든요 ㅜㅜ 맥주효모 지루염 샴푸 쓰고부터는 가려움이 없어져 신통방통했네요 결국 세정력도 중요하지만 손상 된 두피를 케어하는게 우선이,1,0,0,1,0,0,0,0,0,1,0,Passive User
youtube,,내가 거의 20년동안 검은색 옷을 입어 본적이 없음 하루 두번씩 감기도 해보고 니조랄 그리고 일반 비듬방지 샴푸 다 효과 없음 근대 아는 피부과 아줌마가 이거 쓰라고 해서 써봤는대,1,0,0,0,0,1,0,1,1,1,1,Passive User
youtube,,남편이 평생 지루성피부염으로 피부과 다니고 약먹고 다해봐도 안됐는데 이샴푸 쓰고 싹고쳐짐,1,0,0,0,0,1,0,0,0,0,0,Passive User
youtube,,정말 정말 추천 15년정도 계절마다 달고살았던 각질 덩어리 가루 가려움 짖물 지금 사용2달동안 너무 개운해지고 신세계임 물론 개인마다 차이가 있겠지만 저는 헤드엔숄더 selsun ,1,0,0,0,0,0,0,0,0,1,1,Passive User
youtube,,민감성두피는 쓰지마세요 저거 엄청강해서 홍반 올라옵니다,1,0,0,0,0,0,0,0,0,0,0,Passive User
youtube,,이걸로 30여년 비듬 해방됨,1,0,0,0,0,0,0,0,0,0,0,Passive User
youtube,,30년넘게 비듬때문에 개고생하고 인간관계도 스트레스 받았는데 클리니컬스트렝스 쓰자마자 바로 싹나음 귀신같이 놀라운건 이 샴푸를 계기로 클렌징폼 로션 싹다 한국제품 버리고 미국 제품,1,0,0,0,0,0,0,0,0,0,0,Passive User
youtube,,항상 두피제품을 비교설명해주어 탈모인들의 많은도움이되겟어요,1,0,0,0,0,0,0,1,0,0,0,Passive User
youtube,,오일컨트롤 사용하는데 볼륨은 사실 라보에이치보단 당연히 덜한데 오일컨트롤로 감으면 가려움이 사라져요 그린컬러는 가려움이 덜해지진않았음,1,0,0,1,0,0,0,0,0,1,0,Passive User
youtube,,형님 혹시 지루성두피염에 헤어팩이나 헤어토닉 관련해서도 다뤄주시면 감사하겠습니다,1,0,0,0,0,1,0,0,0,0,0,Passive User
youtube,,정수리탈모와 뒷통수까지 살짝 진행되었는데 주사치료로 효과 볼 수 있을까요,1,0,0,0,0,1,0,0,0,0,0,Passive User
youtube,,이거 물건이네 일주일 안되게 사용했는데 비듬 떨어지는 양 줄고 특히 두피를 손가락 끝으로 문질러보면 각질이 도돌도돌하게 항상 잡혔는데 없어짐ㅋㅋㅋㅋㅋㅋㅋㅋㅋㅋㅋㅋㅋㅋㅋ,1,0,0,0,0,0,0,0,0,0,0,Passive User
youtube,,클리니컬 스트렝스 주2회 쓰고 헤드엔숄더 저 제품 쓰는데 다른제품 보단 좋더라구요,1,0,0,0,0,0,0,0,0,0,0,Passive User
youtube,,용닥터님 후기보고 쿠팡주문해서 써봣는데 가려움과 비듬이 많이 줄었어요,1,0,0,1,0,0,0,0,0,1,0,Passive User
youtube,,안녕하세요 지성 건성 두피 상관없이 사용가능할까요,1,0,0,0,0,0,0,0,0,0,0,Passive User
youtube,,두피 모낭염에도 효과가있을까요,1,0,0,0,0,0,0,0,0,0,0,Passive User
youtube,,두피케어로시컷네요 써보러구요,1,0,0,0,0,0,0,0,0,0,0,Passive User
youtube,,가려운 두피 샴푸는 머리에 기름 많아도 효과가 별로인가요,1,0,0,1,0,0,0,0,0,1,0,Passive User
youtube,,마트에서도 팔거나 팔 예정일까요 클리니컬 스트렝스 단점이 성분이 강력해서 조절이 필요하단 점과 더불어 직구 외엔 방법이 없다는건데 프로페셔널 샴푸 인터넷에 사면 되지만 마트에서도 ,1,0,0,0,0,0,1,0,0,0,0,Passive User
youtube,,니조랄 프로페셔널 쓰면 비듬끝임,1,0,0,1,0,0,0,1,1,1,0,Active Switcher
youtube,,갑자기 비듬이 심해져 약국에서 파는 샴푸도 써봤지만 갈수록 심해지기만 했거든요 비듬의 삶의 질을 뚝뚝 떨어뜨렸음 그런데 이 제품 쓰고 1회만에 비듬 끝났어요 앞으로 이 제품만 쓸거,1,0,0,0,0,0,0,0,0,0,0,Passive User
youtube,,근데 궁금한게요 탈모약을 먹어서 탈모를 막아주더라도 지루성 두피염이 있으면 무의미한거 아닌가요 어차피 염증으로 머리빠지고 가늘어지니깐 그리고 두피염은 낫는병도 아니기도하고,1,0,0,0,0,0,0,0,0,0,0,Passive User
youtube,,건성두피가 써도 괜찮나요,1,0,0,0,0,0,0,0,0,0,0,Passive User
youtube,,유럽에서는 징크피리치온함유 샴푸는 판매를 못하니깐 급하게 피록톤올아민으로 대체해서 판매 불가능한 지역에 판매하는 느낌입니다 결과적으로 클리니컬스트렝스 효과가 워낙좋기 때문에 이걸 ,1,0,0,0,0,0,0,0,0,0,0,Passive User
youtube,,두피 트러블이 심해서 두피샴푸 여러 개 써봤는데 다 안 맞았거든요 친구가 본인도 트러블 심했는데 모미래 쓰고 좋아졌다고 추천해줘서 써봤어요 살리실산이랑 덱스판테놀 들어있어서 두피 ,1,0,0,0,0,0,0,0,0,2,2,Passive User
youtube,,아 지루성두피용 샴푸들 너무비싸요 ㅠㅠ,1,0,0,0,0,0,0,0,0,0,0,Passive User
youtube,,진짜 인터넷에 이상하고 비싼 샴푸 사지마시고 검증된 대기업 샴푸 쓰세요 비듬 각질 관련은 진짜 헤드앤숄더 따라올 곳이 없습니다 독보적임,1,0,0,0,0,0,0,0,0,0,0,Passive User
youtube,,뒤통수에 뾰루지가 자주나고 간지러워서 가려운 두피 써봤는데 뾰루지가 싹 사라져서 효과봤습니다 비싸도 계속 쓸것 같아요,1,0,0,0,0,0,0,0,0,1,1,Passive User
youtube,,클리니컬은 해외직구로만 구할 수 있고 세정력이 좀 강해서 부담스러웠는데 한번 속는 셈치고 써봐야겠네요,1,0,0,0,0,0,0,0,0,0,0,Passive User
youtube,,클리니컬 스트렝스 장기 3년 매일 사용자 후기 공유해 봅니다 저도 지루성 두피염이 있는데 스트렝스 유행초창기부터 효능을 봐서 계속 써왔는데 초창기 리뉴얼전 주황색부터 리뉴얼후 3가,1,0,0,1,0,0,0,1,1,2,0,Active Switcher
youtube,,클리니컬이랑 차이는 황화셀레늄의 유무 일까요 그럼 지루성 두피염 심한사람은 그냥 클리니컬 쓰는게 맞는걸까요,1,0,0,0,0,0,0,0,0,0,0,Passive User
youtube,,두피 뾰루지가 만성 질환인데 피부과에서도 완치는 안 되고 재발 된다고 하고 원인도 밝혀지지 않았다고 하고 미치겠네요 샴푸는 클록스 쓰고 더모베이트 바르고 2달에 한번 약 처방받고요,1,0,0,1,0,1,0,0,0,1,0,At-risk
youtube,,지금 탈모가 진행중인데 두피문신커버하고 나중에 더 많이 빠지면 모발이식을 생각하고 있습니다 한가지 걱정되는게 두피문신을하면 나중에 모발이식하는데 문제가 될까 걱정이됩니다 두피문신을,1,0,0,0,0,0,0,0,0,0,0,Passive User
youtube,,선생님 꼭꼭 답변좀해주세요 클리니컬스트렝스 제품 매일쓰지말고 1주에 2 3회정도 쓰라는거같은데 남은4 5일은 영상속 제품을 써도되는건가요 아니면 혼사용 하지말고 1 스트렝스 일반샴,1,0,0,0,0,0,0,0,0,0,0,Passive User
youtube,,선생님 안녕하세요 헤드앤숄더 스트렝스 제품에 셀레늄 셀파이드 요 성분이 있어서 지루성두피에 효과가 있다고 하셨는데 요 신제품에도 그 성분이 똑같이 있는걸까요 일전에 갔던 병원에서도,1,0,0,0,0,1,1,0,0,0,0,Passive User
youtube,,웬만한 지루성 두피염 샴푸를 써봤는데 거의 다 효과를 못 봤지만 헤드엔숄더 클리니컬 스트렝스 지루성두피염 직구해서 써봤는데 진짜 효과 바로 봤습니다,1,0,0,0,0,1,0,0,0,0,0,Passive User
youtube,,지루성은 오일성분 멘톨 이런 거 쥐약입니다,1,0,0,0,0,0,1,0,0,0,0,Passive User
youtube,,선생님 지루성두피염인지 모낭염인지로 괴로울 지경입니다 비듬은 거의 없고 가려움증은 참을만 하고요 뒷통수쪽 여기저기 여드름같은 뾰루지가 생기고 그 주변은 온통 피부가 붉습니다 여름철,1,0,0,1,0,1,0,0,0,2,0,At-risk
youtube,,선생님 근데 두피 케어와 비듬에 특화됐다는 건 그만큼 세정력이 좋다는 건데 이 샴푸 쓰고나서 린스는 아예 안 해줘도 되는 건가요 세정력이 너무 좋으면 머릿결이 빗자루처럼 뻣뻣해 지,1,0,0,0,0,0,0,0,0,0,0,Passive User
youtube,,혹시 이제품이 헤드앤숄더 스트렝스 이것보다 좋다고 보시나요 프로페셔널 둘중 하나 구매예정인데요 왠지 프로페셔널이 더좋아 보여서요,1,0,0,0,0,0,0,0,0,0,0,Passive User
youtube,,딸이 알려줬는데 소듐 라우레스 설페이트는 동물 실험해도 이것은 동물들은 엄청 피부가 까졌어요 순하고 세정 잘 되는 라우릴 글루코사이드 코코글루코사이드 쓰세요 농약을 쓰고 잔류 농약,1,0,0,0,0,0,1,0,0,0,0,Passive User
youtube,,클리니컬스트렝스 대체제 국내 정식 발매 헤숄 엄청 싼 대용량 찾음 헤드앤숄더 SUPER대용량 세트 엄청싼 거 제가 찾아드렸어요 이 포스팅은 쿠팡 파트너스 활동의 일환으로 이에 따른,1,0,0,0,0,0,0,0,0,0,0,Passive User
youtube,,최근 지루성 두피염으로 고통받고 있는데 너무 좋은 영상 감사합니다 덕분에 선택에 도움되었어요,1,0,0,0,0,0,0,0,0,0,0,Passive User
youtube,,지성인데 두피 뾰루지가 좀 나고 비듬도 살짝 걱정되는데 호크니 지성용만 쓰면 될까요 아니면 같이 쓸거 추천해주세요 호크니로 아침에 감으면 되나요,1,0,0,0,0,0,0,0,0,1,1,Passive User
youtube,,안녕하세요 지루성 두피있고 두피 뾰루지 도있어서 데일리로 라보에이치 샴푸쓰고 주에 두번정도 헤드앤숄더 클리니컬 스트렝스 써보려고 합니다 혹시 라보에이치가 뚜껑이 초록색 연녹색 있는,1,0,0,1,0,0,0,0,0,1,0,Passive User
youtube,,헤드앤숄더 구버전 가려운두피케어로 효과를 엄청 봤는데 3년간 데일리로 썼더니 지금 다시 각질 비듬 가려움이 심해졌습니다 직구버전 스트랭스 황화셀레늄 성분 있는거 사서 쓰면 다시 좋,1,0,0,1,0,0,1,0,0,2,0,At-risk
youtube,,건성이면 헤숄 건성두피케어 이거 쓰면 되는건가요 제 비듬이 하얗고 바싹 마른 비듬이라 건성인거 같은데 아 그리고 데일리로는 뭐가 좋을까요,1,0,0,0,0,0,0,0,0,0,0,Passive User
youtube,,지성두피이고 아침에 감고 오후 한 5 6시쯤부터 두피기름 올라오고 냄새나는데 어떤샴푸를 주로 써야할까요,1,0,0,1,0,0,0,0,0,1,0,Passive User
youtube,,라보에이치 회색 어때요 데일리로요 지성두피입니다,1,0,0,0,0,0,0,0,0,0,0,Passive User
youtube,,구버전이 가려운 두피케어용 제품맞나요 두피컨트롤 딥클린 종류가 많아서요ㅠ,1,0,0,1,0,0,0,0,0,1,0,Passive User
youtube,,호크니랑 헤드엔숄더 프로페셔널이랑 100ml당 가격은 비슷한데용,1,0,0,0,0,0,0,0,0,0,0,Passive User
youtube,,설페이트 성분이 있는 샴푸는 피하라하셨는데 의사분들도 헤드앤숄더 제품을 애용하시네요,1,0,0,0,0,0,1,0,0,0,0,Passive User
youtube,,두피 각질이 많아서 고민인데 ㅠㅠ 친구 추천받아서 아누오틴 2달 먹으니까 두피 각질 두피염 증상들이 다 날아가서 너무 좋아요 ㅎㅎ,1,0,0,0,1,0,0,0,0,0,1,Loyal
youtube,,샴푸 근본 니조랄 3 5분 하면 두피 반점 가려운 거 싹 사라지고 그거랑 사후관리로 아누오틴 먹으면 배수구 막히던 것도 사라지고 빗질할 때 덜 빠짐,1,0,0,1,0,0,0,1,1,1,0,Active Switcher
youtube,,전 다 닥터포헤어샴푸 설페이트성분이있는샴푸,1,0,0,0,0,0,1,0,0,0,0,Passive User
youtube,,두피샴푸 찾다가 영상 봤어요 두피 제대로 관리 안하면 탈모가 온다길래 어떤거 쓸지 고민하다가 친구가 추천해준 모미래 핑크솔트 탈모샴푸 쓰게 됐어요 한 달쯤 쓰니까 두피도 건강해지고,1,0,0,0,1,0,0,0,0,0,1,Loyal
youtube,,헤드앤숄더 X 지원 이벤트 1 두피관련 고민 댓글로 남기기 2 끝 유튜브 커뮤니티 5 29 당발 10명 예전부터 내 영상 봤다 나 헤드앤숄더 계속 쓰는거 알거임 ㅇㅈ 지루성두피염 ,1,0,0,0,1,1,1,0,0,0,1,Loyal
youtube,,두피 지성인 분들은 공감하실 거에요 저녁에 감아도 담날 아침에 일어나면 눈물밖에안나옴 그래서 늦게 일어나면 꼭 모자쓰고 나가고 ㅋㅋ ㅠㅠ머리 잘 떡지는 사람의 슬픔 두피각질때문에도,1,0,0,0,0,0,0,0,0,0,0,Passive User
youtube,,진짜 살면서 댓글 써본적이 손에 꼽는 사람인데 이것만큼은 모두가 알아줬으면해서 써요 헤드앤숄더 진짜 좋아요 중학생쯤부터 두피에 각질이라고 해야하나 두피껍질이 나가 떨어져서 비듬같아,1,0,0,0,0,0,0,0,0,0,0,Passive User
youtube,,와 아니 진짜로 하 저만 막 긁으면 각질나오는줄 알았는데 진짜 고민이거든요 맨날 머리 긁지도 못하고 가려워미치겟는데 진짜 너무 고민이였어서 이거한번 사서써봤는데 진짜 제 구원템이에,1,0,0,0,0,0,0,0,0,0,0,Passive User
youtube,,엄청 심한 사람은 알거에요 반나절만 지나도 머리 떡져서 한 3일4일 안감은거처럼 보이는거 저는 그게 너무 스트레스라서 학생때 점심시간에 기숙사가서 머리감고 오고 그랬어요 기름 좀 ,1,0,0,0,0,0,0,0,0,0,0,Passive User
youtube,,지성 두피인 사람이에요 저녁에 감고 자고 일어나면 떡져있고 아침에 감고 나가도 몇시간 후면 떡져요 여름되면 몸에 열도 많고 땀도 많은 체질이라 더 떡져요 임시방편으로 파우더 필수로,1,0,0,0,0,0,0,0,0,0,0,Passive User
youtube,,저도 언니 처럼 각질 많이 나왔던 사람이였습니다 2년전에 제 머리에 살짝살짝 비듬처럼 보이는 각질이 있어서 당시에 머리를 묶고 학교를 갔는데 웬 강사분께서 제 머리를 만지시면서 큰,1,0,0,0,0,0,0,0,0,0,0,Passive User
youtube,,두피에 각질 비듬 많이 생기시는 분들 꼭 두피 보습 잘 챙겨주시고 이미 생겨버린 비듬은 비듬클리너로 빗어주세요 머리카락에 붙은 비듬은 잘 안 떨어져서 비듬클리너로 빗어줘야 합니다 ,1,0,0,0,0,0,0,0,0,0,0,Passive User
youtube,,오 어쩜 저랑 똑같이 각질이 많을까요,1,0,0,0,0,0,0,0,0,0,0,Passive User
youtube,,솔직히 두피는 평소에 잘 신경 못 쓰다가 어느 날 갑자기 가려움이나 냄새 뾰루지처럼 눈에 띄는 증상이 생기면 그때서야 심각성을 느끼게 되더라고요ㅠㅠㅜㅠㅠㅜ 저는 특히 기름진 두피에,1,0,0,1,0,0,0,0,0,4,0,Passive User
youtube,,일하다가 퇴근시간만 되면 앞머리 떡지는 거 짜증나고 머리 긁으면 비듬인지 각질인지 나오는 거 진심 스트레스였어요ㅜㅜ 믿고 구매해볼게요,1,0,0,0,0,0,0,0,0,0,0,Passive User
youtube,,완전 나보고 사라고 하는 샴푸잖아 저도 건성두피인데 두피샴푸 해도 작은 각질들은 남더라고요ㅠㅠ일이 밤 12시에 끝나 씻을 시간이 없어서 하루에 한번씩 머리를 자주 못감는 저ㅠㅠ 분,1,0,0,0,0,0,0,0,0,0,0,Passive User
youtube,,저도 머리를 감았는데도 긁거나 빗으면 각질이 떨어져 나와서 너무나도 공감해요ㅜㅜㅜ 언냐가 효과가 있다고 하니까 꼭 써보고 싶어요,1,0,0,0,0,0,0,0,0,0,0,Passive User
youtube,,저 샴푸 진짜 좋아요ㅜㅜ 두피 지성이라 아침에 감아도 오후되면 떡져서 고민이었는데 저거쓰고나서 진짜 좋아졌어요,1,0,0,0,1,0,0,0,0,0,1,Loyal
youtube,,진짜 이 샴푸 너무 조은데 저 라인으로 갈아타야되겠다 ㅠ 언니 덕에 내 두피도 뽀송해졌으면 좋겠댜 진짜로,1,0,0,0,0,0,0,0,0,0,0,Passive User
youtube,,울긋불긋한 열감 두피에 하루만 안감아도 떡지는 머리 각질은 덤 게다가 아침에 감아도 자기전에 정수리 냄새가 올라오는 아주 손 많이가는 머리와 두피 때문에 고민이많은데 헤드앤숄더 프,1,0,0,1,0,0,0,0,0,1,0,Passive User
youtube,,나처럼 지성 건성인 사람은 공감할거임 이런 두피를 가지고 있으면 진짜진짜 극한을 넘나드는 중인걸 ㅠㅠㅠㅠ 아침 저녁으로 하루 두번씩 머리 감아도 기름지고 머리 잘 말리고 열심히 관,1,0,0,0,0,0,0,0,0,0,0,Passive User
youtube,,옛날부터 저 샴푸 쓰신 거 봤는데 완전 써보고 싶어요 머리를 열심히 감고 나와도 두피에 각질이 남아있고 되게 건조한데 또 다음날되면 기름져 있고ㅠㅠ 완전 유수분 밸런스가 박살난 상,1,0,0,0,0,0,0,0,0,0,0,Passive User
youtube,,3년동안 비듬으로 고생하고 있는데 영상이랑 댓글 보고 꼭 구해야겠다고 생각했어요 진짜 주위에서 저만큼 건성두피인 사람을 본 적이 없어요 ㅠㅠㅠ 진짜 머리 만지면 비듬 생겨서 못만지,1,0,0,0,0,0,0,0,0,0,0,Passive User
youtube,,학생인데 지성두피라 밖에만 나가면 머리가 금방떡지고 기름져저요ㅜ 헤어식초도 써보고 다른 샴푸도 써봤지만 효과가 없었다는 ㅜ 헤드엔숄더 꼭 써보고 싶어요 댓글보니 저같은 지성두피분들,1,0,0,0,0,0,0,0,0,0,0,Passive User
youtube,,친구가 추천해서 사용해봤는데 유명한건 이유가 있긴하더라구요 엄청 쿨링하고 좋은데 저는 수부지라서 각질이나 떡짐으로는 일반 샴푸랑 큰차이를 못느꼈어요 현재 맞춤형샴푸 쓰는데 이제까지,1,0,0,0,1,0,0,0,0,0,1,Loyal
youtube,,어떤 샴푸를 써도 계속 비듬 나와서 머리 말릴때도 조심해서 말리게 되고 일상생활에서도 머리는 절대 못만지게되고 머리 묶을때도 신경쓰면서 묶게 되더라구요 ㅠㅠ 근데 지원님께서 저랑 ,1,0,0,0,1,0,0,0,0,0,1,Loyal
youtube,,두피때문에 샴푸 유목생활 아직도 못끝낸사람 저요 왜 꼭 샴푸들은 처음 쓸땐 잘 맞는거같다가도 중간정도쓰면 어라 왜 갑자기 또 비듬생기고 떡지는건지ㅠㅠ 헤드앤숄더 기본라인도 써봤지만,1,0,0,0,0,0,0,0,0,0,0,Passive User
youtube,,지원님 진짜 저 떡 안지는 샴푸 필요했어요ㅠㅠ 주말 공휴일 할거 없이 매일 12시간 근무인데 퇴근하면 너무 피곤해서 아침에 더 자려고 저녁에 머리 감아도 일어나면 머리가 떡진거처럼,1,0,0,0,0,0,0,0,0,0,0,Passive User
youtube,,지성 두피라 그런지 하루만 지나도 기름지고 가끔은 머리 쪽에 트러블까지 올라와요ㅠㅠ 요새 습도도 높아서 더 끈적거리는 등 좀 신경 쓰이는데 헤드앤더 프로페셔널 오일 컨트롤 제품 한,1,0,0,1,0,0,0,0,0,1,0,Passive User
youtube,,언니랑 정말 똑같은 두피를 가지거 있는 사람이에요 건성두피를 가지고 있어서 아무리 다양한 샴푸를 써봐도 아무리 다양한 방법을 써봐도 두피 각질은 사라지지 않더라구요ㅠㅠ 거의 2년째,1,0,0,0,0,0,0,0,0,1,1,Passive User
youtube,,지성두피로 살아간지 2n년차 ts부터 갈아치운 삼푸만 20브랜드가 넘습니다 8시간만 지나도 떡지고요 긴 생머리 분들은 아실텐데 떡지는 것도 땀에 쩔은 것 마냥 착 붙어서 꾀죄죄해보,1,0,0,0,1,0,0,0,0,0,1,Loyal
youtube,,지루성두피염으로 매일감아도 각질이떨어져요ㅜㅜ 근데 금방또 기름집니다 그나마 헤드앤숄더 오리지널로 버티는데 여름이다가오니 각질 반나절기름 폭팔이네요ㅜㅜ 주변에서 껍데기같은거 떼주고그,1,0,0,0,1,1,0,0,0,0,1,Loyal
youtube,,두피에 안나던 뾰루지랑 비듬이 요새 너무 고민이었는데 이런 샴푸추천영상이 뜨다니 너무 나에게 필요한 샴푸얌 프로페셔널 헤드앤숄더 당장 써보고싶어,1,0,0,0,0,0,0,0,0,1,1,Passive User
youtube,,매일 감아도 막 떡지고 지원님처럼 각질이 계속 나와요ㅠㅠ 그래서 머리에 손도 못댐ㅋ 또 파우더 쓰면 너무 비듬 같고ㅠㅠ 해드앤숄더에 대해 많이 알고 싶어요 해드앤숄더 제품 꼭 써보,1,0,0,0,0,0,0,0,0,0,0,Passive User
youtube,,와 대박 전에 비듬걱정 많았을때 알았다라면 지금도 마찬가지기에 쓰기 좋아보이네요,1,0,0,0,0,0,0,0,0,0,0,Passive User
youtube,,저도 헤드앤숄더 기본라인 쓰는데 오늘만해도 비듬이 썸남 만나야한단 말이야 ㅜㅜ 언니 도와줘 언니 추천템들은 다 좋아서 써보고 싶어,1,0,0,0,1,0,0,0,0,0,1,Loyal
youtube,,저도 헤드앤숄더 기본라인 사용중인데 정말 좋지만 극지성이라 비듬이 후두둑 프로패셔널 쓰며 구원받고 싶어요ㅠㅠ,1,0,0,0,0,0,0,0,0,0,0,Passive User
youtube,,헐 프로페셔널이 있었구나 전 기본 대용량 사서 쓰고 있는데 비듬은 좋아졌지만 기름이ㅠㅠ저녁만 되면 기름이 좔좔좔 프로페셔널 한 번 써봐야 겠어요,1,0,0,0,1,0,0,0,0,0,1,Loyal
youtube,,저는 고3학생인데요 진짜 하루가 채 지나기전에 반나절만되도 떡져서ㅜ항상 드라이샴푸는 필수입니다 고3이라 밤샐날도 많은데 그럴때마다 떡진거 너무 표나서 항상 놀림을 받았어요ㅜㅜㅜ 그,1,0,0,0,0,0,0,0,0,0,0,Passive User
youtube,,헐헐 이거 저도 써요ㅠㅠㅠ 진짜 저도 두피 너무 안 좋아서 옛날에는 두피에 뾰루지처럼 생기고 피도 나고 두피 막 벗겨지고 진물나오고ㅠㅠ 그러다가 피부과가서 받은 샴푸에 연고 다 써,1,0,0,1,0,1,0,0,0,2,0,At-risk
youtube,,어렸을 때 엄마가 헤드엔숄더만 집에 구비해두셨는데 나이 먹으니 올영에 익숙해져서 한국 와서는 써본적이 없네요ㅠㅠ 좋은 제품인거 깜빡하고 있었어요 비듬처럼 보일까봐 걱정이라는거 넘넘,1,0,0,0,0,0,0,0,0,0,0,Passive User
youtube,,학과 특성상 어피를 매일 해야하는데 꼬리빗으로 가르마를 탈 때마다 두피에서 각질이 진짜 못 봐주겠더라구요 ㅠㅠㅠㅠ 스프레이로 매일 코팅하니 두피도 숨을 못 쉬어서 답답하구 두피냄새,1,0,0,0,0,0,0,0,0,0,0,Passive User
youtube,,기본제품도 아주 만족하면서 썼는데 각질과 머리 떡짐을 늦추는 샴푸라니 기대되네용,1,0,0,0,0,0,0,0,0,0,0,Passive User
youtube,,머리 아침에 감아도 저녁만 되면 각질이 떨어져서 원래 이런 줄 알았더니 아니었군요 언니가 추천하니까 꼭 써보고 싶어요,1,0,0,0,1,0,0,0,0,0,1,Loyal
youtube,,헐 두피가 너무 건조해지는거같아서 걱정이었는데 써봐야겠어요 지원님 추천이면 믿을수있져 ㅋㅋ,1,0,0,0,1,0,0,0,0,0,1,Loyal
youtube,,탈색하고 두피가 너어어어어어어무 예민해지고 ㅠㅠㅠ 빗질만 해도 각질이 후두둑 떨어져서 진짜 너무너무너무 스트레스였는데 이 샴푸가 구원템이 될 거 같아서 써보고 싶네요,1,0,0,0,0,0,0,0,0,0,0,Passive User
youtube,,저녁에 감으면 다음 날에 떡지는 지성 두피 겨울엔 추운 아침마다 여름엔 아침 저녁으로 두번씩 드라이샴푸는 필수 저에게 너무나도 필요한 제품이에여,1,0,0,0,0,0,0,0,0,0,0,Passive User
youtube,,진짜 비듬 너무 고민인데 추천 곰아워요 거기다 저렇게 현실감 가득한 후기라니 믿고 살게용,1,0,0,0,1,0,0,0,0,0,1,Loyal
youtube,,개개개개극지성 두피를 가졌습니다 미용실에서도 인정한 진짜 미친 지성인데요 아무리 유명한 지성용 샴푸도 3시간 지나면 떡져서 넘 힘들어요ㅠㅠ 언니 인증 샴푸라니까 믿고 써보고싶네영,1,0,0,0,0,0,0,0,0,0,0,Passive User
youtube,,요즘 머리 각질 뻥안치고 너무 심해져서 고민이었는데 저한테 딱 맞는 제품이 나와주엇네요 ㅜㅜㅠㅠ 당장 구매갈기러가,1,0,0,0,0,0,0,0,0,0,0,Passive User
youtube,,지원님 영상 보다가 깜짝놀랐어요 저랑 두피가 똑같으세요ㅠㅠ 건성이라 각질 떨어질까봐 손도 잘 안대고 금방 떡지고ㅜㅠㅠ딱 헤드앤숄더 기본라인 쓰고있는데 프로페셔널라인이 훨씬 괜찮군요,1,0,0,0,0,0,0,0,0,0,0,Passive User
youtube,,파랑이는 두피 시원하고 초록이는 각질 비듬 완전 잘 잡혀요 둘 다 기름은 잘 잡아주는데 저는 개인적으로 초록이가 진짜 너무 좋았어서 재구매해서 쓰고잇어요,1,0,0,0,1,0,0,0,0,0,1,Loyal
youtube,,두피 브러쉬 진짜 요물임 개 시원함 저거 없으면 머리 못 감음,1,0,0,0,0,0,0,0,0,0,0,Passive User
youtube,,ㅘ 온니 두피타입 완전 공감 두피쪽 머리카락 엉켜도 괜히 비듬 나올까봐 못하는 두피 브러쉬 한동안 안썼는데 이거랑 브러쉬랑 가치 써봐야징,1,0,0,0,0,0,0,0,0,0,0,Passive User
youtube,,비듬이랑 떡짐 완전 제 고민이에요 ㅠㅠ 각질 생기고 저녁에 감으면 떡져서 자주 감아줘야돼요 이런 고민을 해결해줄 지원언니픽 샴푸라니 기대됩니당,1,0,0,0,0,0,0,0,0,0,0,Passive User
youtube,,내 머리 기름 냄새 때문에 헛구역질 나오는 사람 잇츠미 ㅋㅋㅋ 진짜 지성 두피 중의 지성 두피라서 유분이 너무 많이 올라오고 심지어 샴푸를 한 번 해서는 다 안 지워져서 애벌 샴푸,1,0,0,1,0,0,0,0,0,1,0,Passive User
youtube,,두피 지성 진짜 저녁에 감고 자도 아침에 떡져서 특히 앞머리 있는 사람은 진짜 매일매일 아침마다 머리 감아야 해서 미치도록 불편하죠ㅠㅜㅜㅠ 저 샴푸 한 번 써보고 싶네요,1,0,0,0,0,0,0,0,0,0,0,Passive User
youtube,,저도 머리 매일 감아도 비듬 안 없어져서 몇 년째 스트레스 받고 살았어요ㅠㅠ 헤드앤숄더 한번 써보고 싶네요,1,0,0,0,0,0,0,0,0,0,0,Passive User
youtube,,항상 두피에 정수리 냄새가 나고ㅠㅠ자주 떡이 져서 사람들이랑 있을때 자꾸 신경이 쓰이더라구요 저녁에 감아도 아침에 보면 다 떡져있고ㅠ 아침에 감아도 저녁되면 다 떡지고ㅠㅠㅠ너무너무,1,0,0,0,0,0,0,0,0,0,0,Passive User
youtube,,머리 제대로 안 말려서 비듬 나오는 줄 알았는데 건성피부라 그런거였군 오늘도 언니 덕분에 꿀팁 하나 얻어가용 샴푸 써봐야겠다,1,0,0,0,0,0,0,0,0,0,0,Passive User
youtube,,언니 숏츠 보고 바로 구매했어요 학생 때부터 머리 매일 감아도 비듬이 떨어져서 검은 색 옷은 피해서 입었어요 엄마가 맨날 제 두피 긁어서 비듬 떨어지면 머리 감으라고 잔소리하셨던 ,1,0,0,0,0,0,0,0,0,0,0,Passive User
youtube,,하루만 머리 안감으면 머리 가렵고 머리카락 빠지는 양도 달라요 저녁되면 떡져있는데 매일 씻으니까 두피가 너무 건조하고 각질이 비듬처럼 떨어져요 추천해주신 두피에센스 려 루트젠도 쓰,1,0,0,0,1,0,0,0,0,0,1,Loyal
youtube,,와 저 매일 머리감아야하는 수부지 두피인데 너무써보고싶어요ㅠㅠㅠ,1,0,0,0,0,0,0,0,0,0,0,Passive User
youtube,,학생이라서 아침에 머리를 깜아도 저녁엔 떡지기 일수 더라구요 완전 지성이라 쿨링감도 있는 비듬 없애주는 샴푸 찾고 있엇는데 이케 소개해주시다뇨 항상 꿀템 얻어가용ㅎㅎ,1,0,0,0,0,0,0,0,0,0,0,Passive User
youtube,,진짜 저 비듬때문에 진짜진짜 고민이었는데ㅠㅜㅠㅠㅜ 제 두피가 엄청 건조하고 비듬이 많이 나오는 타입이거든요 진짜 고민인데 역시 지원님 추천해주셔서 감사합니다,1,0,0,0,1,0,0,0,0,0,1,Loyal
youtube,,와근데 진짜 각질 나오는 것 때문에 어제 감았는데도 안 감은 줄 알까봐 엄청 스트레스였는데ㅠㅠ 효과가 진짜진짜 좋네요 대박이다,1,0,0,0,0,0,0,0,0,0,0,Passive User
youtube,,두피 지성인으로서 저녁에 감어도 아침에 떡안지는 건성인 너무 부러운 파워 두피 지성이라 아침일찍 감아도 6시 정도만 되면 바로 떡져서 헤드앤숄더 기본라인 잘쓰고 있었는데 원래도 잘,1,0,0,0,0,0,0,0,0,0,0,Passive User
youtube,,저도 건성두피인 건지 각질이 엄청 심한 편인데 감은지 하루만 돼도 가렵고 긁으면 각질 와장창이에요 ㅜ 잦은 탈염색으로 심해진 것도 같은데 두피관리 돈 주고 받기엔 좀 많이 부담스럽,1,0,0,0,0,0,0,0,0,0,0,Passive User
youtube,,혹시 올영에서 가장비싼샴푸이고 수많은 고급살롱에서 쓰이고있는 로레알 프로페셔널 앱솔루트 리페어 몰큘러샴푸도 한번 분석부탁드립니다,1,0,0,0,0,0,0,0,0,0,0,Passive User
youtube,,헤드앤숄더 가려운두피용 1년정도 썼는데 이젠 가렵더라고요 1년정도는 가렵지도 않고 머리결도 좋아요 머리도 덜빠집니다 어느 순간 두피가 민감해져서 가렵더라고요 이제는 아주 가끔만 써,1,0,0,0,0,0,0,0,0,0,0,Passive User
youtube,,전 이거 하고 두피 뒤집어지던데 원래쓰던걸로 돌아갔어요 왜그런거죠,1,0,0,0,0,0,0,0,0,0,0,Passive User
youtube,,저 샴푸를 이마에 바르는 이유는 이마에 난 곰팡이 여드름 없애려고하는거이무 말라세지아 균은 케토코나졸 성분 들어간 향산성 샴푸 바르면 회복됨 근데 그 향산성 샴푸가 대부분 비듬 지,1,0,0,0,0,0,1,0,0,0,0,Passive User
youtube,,약당당x블루라이프 샴푸 두피 예민하신 분들 무설페이트 블루라이프 샴푸 꼭 써보세요 지금 프로필링크에서 최저가 혜택 진행중입니다 무설페이트 자연 유래 성분 지루성 두피염 비듬 뾰루지,1,0,0,1,0,0,1,0,0,1,0,At-risk
youtube,,설페이트는 오히려 수십년간 인증된 가장 안전한 세정성분임 헤숄 쓰십쇼 피앤지가 괜히 초대기업이 아님,1,0,0,0,0,0,1,0,0,0,0,Passive User
youtube,,두피 한동안 뒤집어져서 난리났었는데 헤드엔숄더랑 두피밸런서 쓰고 싹 깨끗해짐,1,0,0,0,0,0,0,0,0,0,0,Passive User
youtube,,헤드엔숄더 진짜 좋은데 돌고돌아서 항상 이걸로 쓰게된다는 간증이 진짜 많죠ㅎㅎ 지루성두피의 구원템,1,0,0,0,0,0,0,0,0,0,0,Passive User
youtube,,헤드앤숄더로 갈아탈때마다 두피여드름 남,1,0,0,1,0,0,0,1,0,1,0,Passive User
youtube,,헤숄 1주일에 2 3번정도는 써주는거 좋아용 보라색 그리고 샴푸후에 무조건 자생 두피토너 써주세요 두피도 피부라 자극없이 관리해야하는데 샴푸 바꿔 쓴다고 소용없더라구요,1,0,0,1,0,0,0,0,0,2,0,Passive User
youtube,,와 비듬 샴푸로 유명해서 이거 쓰고있는데 최근에 머리에 딱지가 많이 생긴다했는데 이것 때문이네요 ㅠㅠ,1,0,0,0,0,0,0,0,0,0,0,Passive User
youtube,,지루성이나 중성두피가 아니면 설페이트 계열은 안쓰시는게 좋고 지루성이나 중성두피인데 뾰루지가 생기면 성분표에 실리콘오일 혹은 메티콘오일 성분이 적혀있으면 10에 9은 그게 문제입니,1,0,0,1,0,0,1,0,0,1,0,At-risk
youtube,,진짜 저랑 같이 지성 두피에 뾰루지 잘 나시는 분들 요즘은 킹스파워샴푸 쓰고는 저런거 싹 없어졌어요 그냥 한번 썼는데 두피가 시원하고 개운하면서 하얀 각질 비듬이 싹 다 나아버리더,1,0,0,0,1,0,1,0,0,1,2,Loyal
youtube,,아버지가 비듬 난다고 헤숄 사서 몇 달 같이 썼더니 두피 트러블 미친듯이 나는 중,1,0,0,1,0,0,0,0,0,1,0,Passive User
youtube,,저같이 비듬이 많은 사람은 헤드앤숄더ㅠ좋드라고요,1,0,0,0,0,0,0,0,0,0,0,Passive User
youtube,,헤드앤숄더 쿨멘솔 좋아요 지성두피이고 13년째 쓰는중임,1,0,0,0,0,0,0,0,0,0,0,Passive User
youtube,,비듬 많으신 분들 비듬클리너로 머리 먼저 빗어주고 헤드앤숄더 쓰니 많이 좋아졌어요 참고하세요,1,0,0,0,1,0,0,0,0,0,1,Loyal
youtube,,설페이트 없으면 세정력이 똥망임 돌고돌다가 다른것도 쓰고 싶어서 지금은 오프온샴푸 쓰는데 두피샴푸 써본중엔 세정력 좋음 헤숄은 향이 맘에 안들어서 ㅠㅠ,1,0,0,0,0,0,1,0,0,0,0,Passive User
youtube,,말로만 들어본 잇퓨 업패스트샴푸 써보고 반해서 지금 몇 통째 비워요ㅋ 머리카락 두피에 영양을 주니확실히 빨리 자라네요,1,0,0,0,0,0,0,0,0,0,0,Passive User
youtube,,비듬클리너로 머리 매일 빗어주면서 샴푸 설페이트 없는걸로 바꿨더니 효과 훨씬 더 좋았어요,1,0,0,0,0,0,1,0,0,0,0,Passive User
youtube,,저도 두피에 염증 뾰루지 잘나고 요즘은 머리가 너무 많이 빠지는거 같아서 고민이었는데 킹스파워블랙샴푸 쓰면서 두피 염증 비듬이 다 사라지더라구요 거기다 중요한건 탈모가 멈췄어요 처,1,0,0,0,0,0,0,0,0,1,1,Passive User
youtube,,두피샴푸 알아보다가 두피 건강이 안 좋으면 탈모가 온다고 하더라고요 탈모부터 지켜야겠다 생각해 모미래 핑크솔트 탈모샴푸 쓰고 있습니다 두피 정리도 잘 되고 머리카락도 덜 빠져서 미,1,0,0,0,0,0,0,0,0,1,1,Passive User
youtube,,저는 헤드앤숄더랑 퍼퓸샴푸들 쓰고 두피염 생겼어요 ㄷㄷㄷㄷ,1,0,0,0,0,0,0,0,0,0,0,Passive User
youtube,,헤드앤숄더 매일써도 비듬 많이나오던데 다른거 쓰니까 귀신같이 나음,1,0,0,1,0,0,0,0,0,1,0,Passive User
youtube,,비듬좀많다 국내시판 헤숄 지루성두피염 쿱앙에서 헤드앤숄더 스트렝스 크리니컬,1,0,0,0,0,1,0,0,0,0,0,Passive User
youtube,,동물 실험해도 소듐라우레스 설페이트는 이것은 동물들은 엄청 피부가 까졌어요 순하고 세정 잘 되는 라우릴 글루코사이드 코코글루코사이드 쓰세요 농약을 쓰고 잔류 농약 검사를 인증한지 ,1,0,0,0,0,0,1,0,0,0,0,Passive User
youtube,,헤드앤숄더쓰고 두피염증 싹나음,1,0,0,0,0,0,0,0,0,0,0,Passive User
youtube,,저 두피염증으로 진짜 고민 많이하고 샴푸썻는데 생각보다 별효과가 없더라구요 두피가 속의 문젠데 겉만 계속 씻어낸다고 효과가 없는거 같아서 식습관 생활습관 관리했구요 두피커뮤니티에서,1,0,0,0,1,0,0,0,0,0,1,Loyal
youtube,,두피염증으로 몇달 고생했는데요 두피열로 밤낮없이 가려워서 참다못해 병원가도 답이 없었음 요근래에 운동하고 식습관 고치면서 아누오틴 영양제 챙기니까 서서히 열 내려가는듯ㅠㅠ,1,0,0,0,0,1,0,0,0,0,0,Passive User
youtube,,전성분 정제수 소듐라우레스설페이트 소듐자일렌설포네이트 코카마이드엠이에이 소듐시트레이트 다이메티콘 피록톤올아민 멘톨 0 45 향료 소듐클로라이드 시트릭애씨드 소듐벤조에이트 구아하이드,1,0,0,0,0,0,1,0,0,0,0,Passive User
youtube,,결국 약산성 샴푸들은 완벽하게 기름기처리가 안되서 두피가 더 안좋아짐 그냥 헤드 앤 숄더 쓰삼 독하면 일반마트에서 못팔아 약용샴푸지,1,0,0,0,0,0,1,0,0,0,0,Passive User
youtube,,처음엔 다양한 샴푸 써보다가 가렵고 트러블 나서 아누오틴으로 바꿨어요 지금은 확실히 두피가 안정되고 빠지는 머리도 덜해져서 정착 중이에요,1,0,0,0,0,0,0,0,0,1,1,Passive User
youtube,,저 헤드엔숄더쓰고있어요 진짜좋아요ㅠ 두피너무 기름져서 보조제로 아누오틴도 같이먹고있는데 확실히 시너지가 좋더라구요,1,0,0,0,0,0,0,0,0,0,0,Passive User
youtube,,헤드엔숄더만한게 없음ㅋㅋ 아예 안쓰기는 힘듬 특히 지성두피는 극단적으로 어느 한쪽에 치우칠게 아니라 화학 계면활성제가 들어간 샴푸는 주 2ㅡ3회 정도 쓰고 나머지는 천연 계면활성제,1,0,0,0,0,0,1,0,0,0,0,Passive User
youtube,,전 저속노화샴푸랑 비울스케일러로 꾸준히 관리해주고 있어요 ㅜㅜ 두피가 많이 예미한데도 성분이 순해서 그런지 저한텐 잘 맞더라구요,1,0,0,0,0,0,1,0,0,0,0,Passive User
youtube,,비듬샴푸랑 아누오틴으로 관리 시작했어요 요즘은 머리 감을 때 손에 덜 묻어나오는 게 느껴져요,1,0,0,0,0,0,0,0,0,0,0,Passive User
youtube,,2023년 11월 현시점 추천입니다 추후 순위와 가격은 변동될 수 있습니다 상품 정보를 보기 원하시면 아래 링크를 참고하세요 1위 닥터방기원 댄드러프 비듬케어 탈모샴푸 10 960,1,0,0,0,1,0,0,0,0,0,1,Loyal
youtube,,비듬심한 친구가 있는데 이거 사주고싶어요,1,0,0,0,0,0,0,0,0,0,0,Passive User
youtube,,저도 방치하다가 머리카락 엄청 빠졌어요ㅠㅠ 이중아연 성분 찾아보고 나서야 진짜 효과 본 느낌이에요 각질도 없어지고 두피색도 맑아졌다고 해야 하나 샴푸 유목민이었는데 이제는 정착했어,1,0,0,0,1,0,1,0,0,0,1,Loyal
youtube,,요즘에 추워지면서 진짜 두피에 각질 생겨서 스트레스였는데 한스님 믿고 한번 구매해보겠습니다ㅠㅠㅠ,1,0,0,0,0,0,0,0,0,0,0,Passive User
youtube,,비듬 땜에 정신 나갈 뻔 했는데 저거 쓰자마자 2 3일 안에 비듬 진짜 싹 사라짐,1,0,0,0,0,0,0,0,0,0,0,Passive User
youtube,,비듬 진짜 스트레스라 미용실 샴푸 써보려고 알아보다가 데오아 샀는데 이것도 좋아요 실제 미용실에서 사용하는 샴푸라고 하는데 세정력도 좋고 무엇보다 향기가 미쳤음,1,0,0,0,0,0,0,0,0,0,0,Passive User
youtube,,비듬이 싹 잡하니 탈도도 잡히고 두피도 진정되고 진짜 좋아요 아누오틴 진작 먹을걸,1,0,0,0,0,0,0,0,0,0,0,Passive User
youtube,,진짜 비듬 가려움이 심해서 저속노화샴푸 스케일러로 관리중인데 요즘 그나마 좋아져서 안긁어요ㅠㅠ 맨날 손톱으로 벅벅 긁어서 피도 나고 아팠는디,1,0,0,1,0,0,0,0,0,1,0,Passive User
youtube,,샴푸외에 더 하는 두피케어 있으면 한번 모아서 추천해주세요,1,0,0,0,1,0,0,0,0,0,1,Loyal
youtube,,오 진짜 두피 상태가 많이 나아지신 듯,1,0,0,0,0,0,0,0,0,0,0,Passive User
youtube,,두피관리하느라 비오틴 들어간 제품 중에 아누오틴선택했는데 제일 깔끔하고 자극 없고 속도 편해서 꾸준히 챙기고 있어요,1,0,0,1,0,0,0,0,0,1,0,Passive User
youtube,,저도 두피샴푸 사용하면서 아누오틴 챙기는데 확실히 관리되고 머리도 덜 빠져요,1,0,0,0,0,0,0,0,0,0,0,Passive User
youtube,,말씀해주신 샴푸 방법 좋습니다 저도 그렇게 하고 있네요 제가효과본 방법 일부 추가해서 정리해보면 이렇습니다 1 머리감기 전에 빗질하기 2 미온수로 2분간 불리기 3 샴푸 도포 후 ,1,0,0,0,0,0,0,0,0,1,1,Passive User
youtube,,몇개월째 사용중인데 비듬 및 가려움 효과 없음,1,0,0,1,0,0,0,0,0,1,0,Passive User
youtube,,저도 진짜 어깨 위에 비듬 우수수 떨어질 때 완전 멘붕이었어요 두피 간지럽고 피딱지까지 생기길래 심각한 줄 알고 병원 다녀왔는데 지루성두피염이더라구요 그때부터 이중아연 들어간 샴푸,1,0,0,0,0,1,0,0,0,0,0,Passive User
youtube,,이 포스팅은 쿠팡파트너스 활동의 일환으로 이에 따른 일정액의 수수료를 제공받습니다 구매하시는 가격은 동일합니다 최대 할인율 보러가기 추천상품 구매링크 5위 Nizoral비듬 가려움,1,0,0,0,0,0,0,0,0,1,1,Passive User
youtube,,지루성 두피염으로 고통 받다가 피부과 원장님이 알려주신 방법대로 관리해서 이제 쫌 나아졌네요 ㅠㅠ 알려주신 방법 알려드릴께요 딱 3가지만 하세요 1 피지 유발 식습관 줄이기 기름진,1,0,0,0,1,1,1,0,0,0,1,Loyal
youtube,,두피 전체가 그렇진 않고 2부분 정도가 특히 심합니다 가족에게 봐달라고하니 두피가 붉다고 하고 가려운 수준은 가끔씩 엄청 가려운거 빼면 그냥 거의 안간지럽거나 참을만한 가려움인데 ,1,0,0,1,0,0,0,0,0,1,0,Passive User
youtube,,약당당x블루라이프 샴푸 두피 예민하신 분들 무설페이트 블루라이프 샴푸 꼭 써보세요 지금 프로필링크에서 최저가 혜택 진행중입니다 무설페이트 자연 유래 성분 지루성 두피염 비듬 뾰루지,1,0,0,1,0,0,1,0,0,1,0,At-risk
youtube,,설페이트는 오히려 수십년간 인증된 가장 안전한 세정성분임 헤숄 쓰십쇼 피앤지가 괜히 초대기업이 아님,1,0,0,0,0,0,1,0,0,0,0,Passive User
youtube,,두피 한동안 뒤집어져서 난리났었는데 헤드엔숄더랑 두피밸런서 쓰고 싹 깨끗해짐,1,0,0,0,0,0,0,0,0,0,0,Passive User
youtube,,헤드엔숄더 진짜 좋은데 돌고돌아서 항상 이걸로 쓰게된다는 간증이 진짜 많죠ㅎㅎ 지루성두피의 구원템,1,0,0,0,0,0,0,0,0,0,0,Passive User
youtube,,헤드앤숄더로 갈아탈때마다 두피여드름 남,1,0,0,1,0,0,0,1,0,1,0,Passive User
youtube,,헤숄 1주일에 2 3번정도는 써주는거 좋아용 보라색 그리고 샴푸후에 무조건 자생 두피토너 써주세요 두피도 피부라 자극없이 관리해야하는데 샴푸 바꿔 쓴다고 소용없더라구요,1,0,0,1,0,0,0,0,0,2,0,Passive User
youtube,,와 비듬 샴푸로 유명해서 이거 쓰고있는데 최근에 머리에 딱지가 많이 생긴다했는데 이것 때문이네요 ㅠㅠ,1,0,0,0,0,0,0,0,0,0,0,Passive User
youtube,,지루성이나 중성두피가 아니면 설페이트 계열은 안쓰시는게 좋고 지루성이나 중성두피인데 뾰루지가 생기면 성분표에 실리콘오일 혹은 메티콘오일 성분이 적혀있으면 10에 9은 그게 문제입니,1,0,0,1,0,0,1,0,0,1,0,At-risk
youtube,,진짜 저랑 같이 지성 두피에 뾰루지 잘 나시는 분들 요즘은 킹스파워샴푸 쓰고는 저런거 싹 없어졌어요 그냥 한번 썼는데 두피가 시원하고 개운하면서 하얀 각질 비듬이 싹 다 나아버리더,1,0,0,0,1,0,1,0,0,1,2,Loyal
youtube,,아버지가 비듬 난다고 헤숄 사서 몇 달 같이 썼더니 두피 트러블 미친듯이 나는 중,1,0,0,1,0,0,0,0,0,1,0,Passive User
youtube,,저같이 비듬이 많은 사람은 헤드앤숄더ㅠ좋드라고요,1,0,0,0,0,0,0,0,0,0,0,Passive User
youtube,,헤드앤숄더 쿨멘솔 좋아요 지성두피이고 13년째 쓰는중임,1,0,0,0,0,0,0,0,0,0,0,Passive User
youtube,,비듬 많으신 분들 비듬클리너로 머리 먼저 빗어주고 헤드앤숄더 쓰니 많이 좋아졌어요 참고하세요,1,0,0,0,1,0,0,0,0,0,1,Loyal
youtube,,설페이트 없으면 세정력이 똥망임 돌고돌다가 다른것도 쓰고 싶어서 지금은 오프온샴푸 쓰는데 두피샴푸 써본중엔 세정력 좋음 헤숄은 향이 맘에 안들어서 ㅠㅠ,1,0,0,0,0,0,1,0,0,0,0,Passive User
youtube,,말로만 들어본 잇퓨 업패스트샴푸 써보고 반해서 지금 몇 통째 비워요ㅋ 머리카락 두피에 영양을 주니확실히 빨리 자라네요,1,0,0,0,0,0,0,0,0,0,0,Passive User
youtube,,비듬클리너로 머리 매일 빗어주면서 샴푸 설페이트 없는걸로 바꿨더니 효과 훨씬 더 좋았어요,1,0,0,0,0,0,1,0,0,0,0,Passive User
youtube,,저도 두피에 염증 뾰루지 잘나고 요즘은 머리가 너무 많이 빠지는거 같아서 고민이었는데 킹스파워블랙샴푸 쓰면서 두피 염증 비듬이 다 사라지더라구요 거기다 중요한건 탈모가 멈췄어요 처,1,0,0,0,0,0,0,0,0,1,1,Passive User
youtube,,두피샴푸 알아보다가 두피 건강이 안 좋으면 탈모가 온다고 하더라고요 탈모부터 지켜야겠다 생각해 모미래 핑크솔트 탈모샴푸 쓰고 있습니다 두피 정리도 잘 되고 머리카락도 덜 빠져서 미,1,0,0,0,0,0,0,0,0,1,1,Passive User
youtube,,저는 헤드앤숄더랑 퍼퓸샴푸들 쓰고 두피염 생겼어요 ㄷㄷㄷㄷ,1,0,0,0,0,0,0,0,0,0,0,Passive User
youtube,,헤드앤숄더 매일써도 비듬 많이나오던데 다른거 쓰니까 귀신같이 나음,1,0,0,1,0,0,0,0,0,1,0,Passive User
youtube,,비듬좀많다 국내시판 헤숄 지루성두피염 쿱앙에서 헤드앤숄더 스트렝스 크리니컬,1,0,0,0,0,1,0,0,0,0,0,Passive User
youtube,,동물 실험해도 소듐라우레스 설페이트는 이것은 동물들은 엄청 피부가 까졌어요 순하고 세정 잘 되는 라우릴 글루코사이드 코코글루코사이드 쓰세요 농약을 쓰고 잔류 농약 검사를 인증한지 ,1,0,0,0,0,0,1,0,0,0,0,Passive User
youtube,,헤드앤숄더쓰고 두피염증 싹나음,1,0,0,0,0,0,0,0,0,0,0,Passive User
youtube,,저 두피염증으로 진짜 고민 많이하고 샴푸썻는데 생각보다 별효과가 없더라구요 두피가 속의 문젠데 겉만 계속 씻어낸다고 효과가 없는거 같아서 식습관 생활습관 관리했구요 두피커뮤니티에서,1,0,0,0,1,0,0,0,0,0,1,Loyal
youtube,,두피염증으로 몇달 고생했는데요 두피열로 밤낮없이 가려워서 참다못해 병원가도 답이 없었음 요근래에 운동하고 식습관 고치면서 아누오틴 영양제 챙기니까 서서히 열 내려가는듯ㅠㅠ,1,0,0,0,0,1,0,0,0,0,0,Passive User
youtube,,전성분 정제수 소듐라우레스설페이트 소듐자일렌설포네이트 코카마이드엠이에이 소듐시트레이트 다이메티콘 피록톤올아민 멘톨 0 45 향료 소듐클로라이드 시트릭애씨드 소듐벤조에이트 구아하이드,1,0,0,0,0,0,1,0,0,0,0,Passive User
youtube,,결국 약산성 샴푸들은 완벽하게 기름기처리가 안되서 두피가 더 안좋아짐 그냥 헤드 앤 숄더 쓰삼 독하면 일반마트에서 못팔아 약용샴푸지,1,0,0,0,0,0,1,0,0,0,0,Passive User
youtube,,처음엔 다양한 샴푸 써보다가 가렵고 트러블 나서 아누오틴으로 바꿨어요 지금은 확실히 두피가 안정되고 빠지는 머리도 덜해져서 정착 중이에요,1,0,0,0,0,0,0,0,0,1,1,Passive User
youtube,,저 헤드엔숄더쓰고있어요 진짜좋아요ㅠ 두피너무 기름져서 보조제로 아누오틴도 같이먹고있는데 확실히 시너지가 좋더라구요,1,0,0,0,0,0,0,0,0,0,0,Passive User
youtube,,헤드엔숄더만한게 없음ㅋㅋ 아예 안쓰기는 힘듬 특히 지성두피는 극단적으로 어느 한쪽에 치우칠게 아니라 화학 계면활성제가 들어간 샴푸는 주 2ㅡ3회 정도 쓰고 나머지는 천연 계면활성제,1,0,0,0,0,0,1,0,0,0,0,Passive User
youtube,,클리니컬스트렝스 대체제 국내 정식 발매 헤숄 엄청 싼 대용량 찾음 헤드앤숄더 SUPER대용량 세트 엄청싼 거 제가 찾아드렸어요 이 포스팅은 쿠팡 파트너스 활동의 일환으로 이에 따른,1,0,0,0,0,0,0,0,0,0,0,Passive User
youtube,,최근 지루성 두피염으로 고통받고 있는데 너무 좋은 영상 감사합니다 덕분에 선택에 도움되었어요,1,0,0,0,0,0,0,0,0,0,0,Passive User
youtube,,지성인데 두피 뾰루지가 좀 나고 비듬도 살짝 걱정되는데 호크니 지성용만 쓰면 될까요 아니면 같이 쓸거 추천해주세요 호크니로 아침에 감으면 되나요,1,0,0,0,0,0,0,0,0,1,1,Passive User
youtube,,안녕하세요 지루성 두피있고 두피 뾰루지 도있어서 데일리로 라보에이치 샴푸쓰고 주에 두번정도 헤드앤숄더 클리니컬 스트렝스 써보려고 합니다 혹시 라보에이치가 뚜껑이 초록색 연녹색 있는,1,0,0,1,0,0,0,0,0,1,0,Passive User
youtube,,헤드앤숄더 구버전 가려운두피케어로 효과를 엄청 봤는데 3년간 데일리로 썼더니 지금 다시 각질 비듬 가려움이 심해졌습니다 직구버전 스트랭스 황화셀레늄 성분 있는거 사서 쓰면 다시 좋,1,0,0,1,0,0,1,0,0,2,0,At-risk
youtube,,건성이면 헤숄 건성두피케어 이거 쓰면 되는건가요 제 비듬이 하얗고 바싹 마른 비듬이라 건성인거 같은데 아 그리고 데일리로는 뭐가 좋을까요,1,0,0,0,0,0,0,0,0,0,0,Passive User
youtube,,지성두피이고 아침에 감고 오후 한 5 6시쯤부터 두피기름 올라오고 냄새나는데 어떤샴푸를 주로 써야할까요,1,0,0,1,0,0,0,0,0,1,0,Passive User
youtube,,라보에이치 회색 어때요 데일리로요 지성두피입니다,1,0,0,0,0,0,0,0,0,0,0,Passive User
youtube,,구버전이 가려운 두피케어용 제품맞나요 두피컨트롤 딥클린 종류가 많아서요ㅠ,1,0,0,1,0,0,0,0,0,1,0,Passive User
youtube,,호크니랑 헤드엔숄더 프로페셔널이랑 100ml당 가격은 비슷한데용,1,0,0,0,0,0,0,0,0,0,0,Passive User
youtube,,항상 두피제품을 비교설명해주어 탈모인들의 많은도움이되겟어요,1,0,0,0,0,0,0,1,0,0,0,Passive User
youtube,,오일컨트롤 사용하는데 볼륨은 사실 라보에이치보단 당연히 덜한데 오일컨트롤로 감으면 가려움이 사라져요 그린컬러는 가려움이 덜해지진않았음,1,0,0,1,0,0,0,0,0,1,0,Passive User
youtube,,형님 혹시 지루성두피염에 헤어팩이나 헤어토닉 관련해서도 다뤄주시면 감사하겠습니다,1,0,0,0,0,1,0,0,0,0,0,Passive User
youtube,,정수리탈모와 뒷통수까지 살짝 진행되었는데 주사치료로 효과 볼 수 있을까요,1,0,0,0,0,1,0,0,0,0,0,Passive User
youtube,,이거 물건이네 일주일 안되게 사용했는데 비듬 떨어지는 양 줄고 특히 두피를 손가락 끝으로 문질러보면 각질이 도돌도돌하게 항상 잡혔는데 없어짐ㅋㅋㅋㅋㅋㅋㅋㅋㅋㅋㅋㅋㅋㅋㅋ,1,0,0,0,0,0,0,0,0,0,0,Passive User
youtube,,클리니컬 스트렝스 주2회 쓰고 헤드엔숄더 저 제품 쓰는데 다른제품 보단 좋더라구요,1,0,0,0,0,0,0,0,0,0,0,Passive User
youtube,,용닥터님 후기보고 쿠팡주문해서 써봣는데 가려움과 비듬이 많이 줄었어요,1,0,0,1,0,0,0,0,0,1,0,Passive User
youtube,,안녕하세요 지성 건성 두피 상관없이 사용가능할까요,1,0,0,0,0,0,0,0,0,0,0,Passive User
youtube,,두피 모낭염에도 효과가있을까요,1,0,0,0,0,0,0,0,0,0,0,Passive User
youtube,,두피케어로시컷네요 써보러구요,1,0,0,0,0,0,0,0,0,0,0,Passive User
youtube,,가려운 두피 샴푸는 머리에 기름 많아도 효과가 별로인가요,1,0,0,1,0,0,0,0,0,1,0,Passive User
youtube,,마트에서도 팔거나 팔 예정일까요 클리니컬 스트렝스 단점이 성분이 강력해서 조절이 필요하단 점과 더불어 직구 외엔 방법이 없다는건데 프로페셔널 샴푸 인터넷에 사면 되지만 마트에서도 ,1,0,0,0,0,0,1,0,0,0,0,Passive User
youtube,,니조랄 프로페셔널 쓰면 비듬끝임,1,0,0,1,0,0,0,1,1,1,0,Active Switcher
youtube,,갑자기 비듬이 심해져 약국에서 파는 샴푸도 써봤지만 갈수록 심해지기만 했거든요 비듬의 삶의 질을 뚝뚝 떨어뜨렸음 그런데 이 제품 쓰고 1회만에 비듬 끝났어요 앞으로 이 제품만 쓸거,1,0,0,0,0,0,0,0,0,0,0,Passive User
youtube,,근데 궁금한게요 탈모약을 먹어서 탈모를 막아주더라도 지루성 두피염이 있으면 무의미한거 아닌가요 어차피 염증으로 머리빠지고 가늘어지니깐 그리고 두피염은 낫는병도 아니기도하고,1,0,0,0,0,0,0,0,0,0,0,Passive User
youtube,,건성두피가 써도 괜찮나요,1,0,0,0,0,0,0,0,0,0,0,Passive User
youtube,,유럽에서는 징크피리치온함유 샴푸는 판매를 못하니깐 급하게 피록톤올아민으로 대체해서 판매 불가능한 지역에 판매하는 느낌입니다 결과적으로 클리니컬스트렝스 효과가 워낙좋기 때문에 이걸 ,1,0,0,0,0,0,0,0,0,0,0,Passive User
youtube,,두피 트러블이 심해서 두피샴푸 여러 개 써봤는데 다 안 맞았거든요 친구가 본인도 트러블 심했는데 모미래 쓰고 좋아졌다고 추천해줘서 써봤어요 살리실산이랑 덱스판테놀 들어있어서 두피 ,1,0,0,0,0,0,0,0,0,2,2,Passive User
youtube,,아 지루성두피용 샴푸들 너무비싸요 ㅠㅠ,1,0,0,0,0,0,0,0,0,0,0,Passive User
youtube,,진짜 인터넷에 이상하고 비싼 샴푸 사지마시고 검증된 대기업 샴푸 쓰세요 비듬 각질 관련은 진짜 헤드앤숄더 따라올 곳이 없습니다 독보적임,1,0,0,0,0,0,0,0,0,0,0,Passive User
youtube,,뒤통수에 뾰루지가 자주나고 간지러워서 가려운 두피 써봤는데 뾰루지가 싹 사라져서 효과봤습니다 비싸도 계속 쓸것 같아요,1,0,0,0,0,0,0,0,0,1,1,Passive User
youtube,,클리니컬은 해외직구로만 구할 수 있고 세정력이 좀 강해서 부담스러웠는데 한번 속는 셈치고 써봐야겠네요,1,0,0,0,0,0,0,0,0,0,0,Passive User
youtube,,클리니컬 스트렝스 장기 3년 매일 사용자 후기 공유해 봅니다 저도 지루성 두피염이 있는데 스트렝스 유행초창기부터 효능을 봐서 계속 써왔는데 초창기 리뉴얼전 주황색부터 리뉴얼후 3가,1,0,0,1,0,0,0,1,1,2,0,Active Switcher
youtube,,클리니컬이랑 차이는 황화셀레늄의 유무 일까요 그럼 지루성 두피염 심한사람은 그냥 클리니컬 쓰는게 맞는걸까요,1,0,0,0,0,0,0,0,0,0,0,Passive User
youtube,,두피 뾰루지가 만성 질환인데 피부과에서도 완치는 안 되고 재발 된다고 하고 원인도 밝혀지지 않았다고 하고 미치겠네요 샴푸는 클록스 쓰고 더모베이트 바르고 2달에 한번 약 처방받고요,1,0,0,1,0,1,0,0,0,1,0,At-risk
youtube,,지금 탈모가 진행중인데 두피문신커버하고 나중에 더 많이 빠지면 모발이식을 생각하고 있습니다 한가지 걱정되는게 두피문신을하면 나중에 모발이식하는데 문제가 될까 걱정이됩니다 두피문신을,1,0,0,0,0,0,0,0,0,0,0,Passive User
youtube,,선생님 꼭꼭 답변좀해주세요 클리니컬스트렝스 제품 매일쓰지말고 1주에 2 3회정도 쓰라는거같은데 남은4 5일은 영상속 제품을 써도되는건가요 아니면 혼사용 하지말고 1 스트렝스 일반샴,1,0,0,0,0,0,0,0,0,0,0,Passive User
youtube,,선생님 안녕하세요 헤드앤숄더 스트렝스 제품에 셀레늄 셀파이드 요 성분이 있어서 지루성두피에 효과가 있다고 하셨는데 요 신제품에도 그 성분이 똑같이 있는걸까요 일전에 갔던 병원에서도,1,0,0,0,0,1,1,0,0,0,0,Passive User
youtube,,웬만한 지루성 두피염 샴푸를 써봤는데 거의 다 효과를 못 봤지만 헤드엔숄더 클리니컬 스트렝스 지루성두피염 직구해서 써봤는데 진짜 효과 바로 봤습니다,1,0,0,0,0,1,0,0,0,0,0,Passive User
youtube,,지루성은 오일성분 멘톨 이런 거 쥐약입니다,1,0,0,0,0,0,1,0,0,0,0,Passive User
youtube,,선생님 지루성두피염인지 모낭염인지로 괴로울 지경입니다 비듬은 거의 없고 가려움증은 참을만 하고요 뒷통수쪽 여기저기 여드름같은 뾰루지가 생기고 그 주변은 온통 피부가 붉습니다 여름철,1,0,0,1,0,1,0,0,0,2,0,At-risk
youtube,,선생님 근데 두피 케어와 비듬에 특화됐다는 건 그만큼 세정력이 좋다는 건데 이 샴푸 쓰고나서 린스는 아예 안 해줘도 되는 건가요 세정력이 너무 좋으면 머릿결이 빗자루처럼 뻣뻣해 지,1,0,0,0,0,0,0,0,0,0,0,Passive User
youtube,,혹시 이제품이 헤드앤숄더 스트렝스 이것보다 좋다고 보시나요 프로페셔널 둘중 하나 구매예정인데요 왠지 프로페셔널이 더좋아 보여서요,1,0,0,0,0,0,0,0,0,0,0,Passive User
youtube,,딸이 알려줬는데 소듐 라우레스 설페이트는 동물 실험해도 이것은 동물들은 엄청 피부가 까졌어요 순하고 세정 잘 되는 라우릴 글루코사이드 코코글루코사이드 쓰세요 농약을 쓰고 잔류 농약,1,0,0,0,0,0,1,0,0,0,0,Passive User
youtube,,진짜 간지러움 지루성두피염에 직빵임,1,0,0,0,0,1,0,0,0,0,0,Passive User
youtube,,효과는 좋은데 너무 독해서 두피가 좀 건조해지는 느낌이 있더라고요 전 쿠팡에서 산 에센테라 샴푸나 닥터포헤어 샴푸가 잘 맞았어요 비듬 완화도 완화인데 결국 두피 보습도 시켜주니 좋,1,0,0,0,0,0,0,0,0,0,0,Passive User
youtube,,몇년동안 비듬 달고 살다가 처음에 저거 일주일 쓰고 머리 털어도 비듬 안나오니까 꿈같았음ㅋ,1,0,0,0,0,0,0,0,0,0,0,Passive User
youtube,,와 진짜 말도안됌 진짜 사춘기때부터 지금까지 10년을 비듬덩어리로 살았는데 이걸로 비듬이 안나옴ㄷㄷㄷㄷ,1,0,0,0,0,0,0,0,0,0,0,Passive User
youtube,,이건 레알 강력한 비듬가지고 있는분들한테는 강력하게 효과가 있음,1,0,0,0,0,0,0,0,0,0,0,Passive User
youtube,,비듬 염증으로인한 뾰루지 때문에 샴푸 이것저걸쓰다가 이걸 우연히 발견하거 쓴 이후로는 비듬 뾰루지 사라짐 ㄹㅇ 그리고 뭐때문인지는 모르겠지만 이거쓰고나서 잔머리도 많이 남 머리감을,1,0,0,1,0,0,0,0,0,1,0,Passive User
youtube,,지루성인 사람은 꼭 보라색 쓰시길 이거랑 두피밸런서 조합으로 지루끼 싹 사라졋음요 대신 스트렝스는 황 냄새가 좀 나는게 단점임,1,0,0,1,0,0,0,1,0,1,0,Passive User
youtube,,진짜 이거쓰고 30년 고통에서 해방되었습니다 지루성 두피로 고통받는 여러분 이거 꼭 쓰세요,1,0,0,0,0,0,0,0,0,0,0,Passive User
youtube,,이거 쓰고 일주일도 안되서 극강의 가려움 염증 비듬 냄새 다 잡았어요 주변에 알려서 여럿 살렸습니다 제발 사서 쓰세요,1,0,0,1,0,0,0,0,0,1,0,Passive User
youtube,,지루성 두피염 때문에 모낭염 골아터지고 병원 한의원 안다녀본곳 없었는데 이거 한병으로 전부 사라짐 단 점점 사용빈도 줄여줘야함,1,0,0,0,0,1,0,0,0,0,0,Passive User
youtube,,6년동안 두피염 달고 살았는데 한방에 치료된 샴푸,1,0,0,0,0,1,0,0,0,0,0,Passive User
youtube,,20년 지루성 두피염으로 사회생활도 엉망이었는데 저거 쓰고 거짓말처럼 없어짐 지금 4년째 사용중이며 어느 정도 지나면 매일 사용 안해도 됨,1,0,0,0,0,0,0,0,0,0,0,Passive User
youtube,,두피가 건조하고 마른 가루비듬이 떨어지고 가려운 머리 무슨색깔 써야함,1,0,0,0,0,0,0,0,0,0,0,Passive User
youtube,,지루성 두피염땜에 가려워서 진짜 정신병걸리는 수준에 탈모도 심했는데 이샴푸 쓰고 머리 긁는일 없어짐 아직도 꾸준히 사용하고 있고 이거 없음 못살거같음,1,0,0,0,0,0,0,0,0,0,0,Passive User
youtube,,가족 새명이 지루성 두피염인데 사봐야겠네여 지루성 두피염 엉상마다 이거 추천 댓글들 있음ㅋㅋㅋ,1,0,0,0,1,0,0,0,0,0,1,Loyal
youtube,,저 샴푸는 아니지만 27년전쯤 미군부대에서 아는분이 지루성 두피염이라고 하니까 셀선블루 라는 샴푸 사다 주셨는데 그때 신세계를 만났음 셀선블루도 황하셀레늄 들어간 샴푸라,1,0,0,0,0,0,0,0,0,0,0,Passive User
youtube,,30년된 지루성두피염을 고쳣어요,1,0,0,0,0,1,0,0,0,0,0,Passive User
youtube,,와 헤드엔숄더 지짜 오랜만이다 ㅋㅋㅋㅋㅋㅋㅋㅋ 저는 지루성두피염 때문에 샴푸 찾다가 독일 아르간커넬 샴푸 쓰고 효과봤었는데 저것도 괜찮을듯하네요,1,0,0,0,1,1,0,0,0,0,1,Loyal
youtube,,이거 진짜 한방에끝남 저진짜 개심한 악질 지루성두피염이였는데 저거 한방쓰고 없어짐,1,0,0,0,0,1,0,0,0,0,0,Passive User
youtube,,두피 트러블이 심해서 두피샴푸 여러 개 써봤는데 다 안 맞았거든요 친구가 본인도 트러블 심했는데 모미래 쓰고 좋아졌다고 추천해줘서 써봤어요 살리실산이랑 덱스판테놀 들어있어서 두피 ,1,0,0,0,0,0,0,0,0,2,2,Passive User
youtube,,가려움 비듬은 좋아진다는 거 댓글 보고 이해했는데 두피 여드름도 좋아지나요 ㅠㅠ 효과 보신 분 지루성 두피염같은데 저는 가려움이랑 여드름 위주로 고민이 커요 화농성 여드름처럼 만지,1,0,0,1,0,0,0,0,0,2,0,Passive User
youtube,,진짜 우리남편 두피염 뭘써도 안낫던거 이거직구로 구매한뒤 한방에 나음 지금도 몇통씩 미리 직구로 구입해놓고 계속 씀,1,0,0,0,0,0,0,0,0,0,0,Passive User
youtube,,진짜 지루성두피염 때문에 스트레스 엄청 받아서 힘들었는데 헤드앤숄더 도움 좀 받음 근데 두피각질연화오일이 효과가 제일 좋았음 각질이 녹아 내림 ㅋㅋ,1,0,0,0,0,1,0,0,0,0,0,Passive User
youtube,,지루성두피염이나 각질 많은 사람은 일단 이거 무조건 써야함 살짝 비싸도 성능 하나는 기똥참 7년째 이거만 쓰고있음,1,0,0,0,0,1,0,0,0,0,0,Passive User
youtube,,나 20년 넘게 고생했던 지루성두피 저거하나로 일주일만에 치료됨,1,0,0,0,0,1,0,0,0,0,0,Passive User
youtube,,강추합니다 지루성두피 방치하고 17년이상 고생하다가 요번에 유튜브보고 그냥 직구해서 써봤는데 지금 5일사용 했는데 90 이상 염증기 사라지고 있는중 대만족,1,0,0,0,1,0,0,0,0,0,1,Loyal
youtube,,이거 존나 좋음 샴푸 몇번에 지루성 피부염 비듬 한큐에 해결됨 몇년째 계속 직구로 사용 중 쓸데없는 병원 처방 받아서 약구에서 샴푸 사지 마셈 다 쓸모 없음 이거 하나면 다 해결됨,1,0,0,0,0,1,0,0,0,0,0,Passive User
youtube,,지루서두피염 15년 달고 살다가 비타민c메가도즈 이후 사라졌습니다,1,0,0,0,1,0,0,0,0,0,1,Loyal
youtube,,이거 진짜 개미치긴함 지루성 피부염때문에 병원도 가보고 두피 케어도 받아봤는데 받을때만 잠시좋아지고 미칠거같았는데 저거쓰고 25년동안 안고쳐지던게 일주일만에 다나아짐,1,0,0,0,0,1,0,0,0,0,0,Passive User
youtube,,나도 엄지손톱만한 비듬이 나서 고통스러웟음 댓글 보고 속는셈치고 삿는데 한큐에 없어짐 리조랄도 다 필요없음 비싸기만 비싼데 이건 효과 대박임,1,0,0,0,0,0,0,0,0,0,0,Passive User
youtube,,저는 9년정도 지루성두피염으로 고생했구요 이거는 효과못보고 오히려 그냥 헤드앤숄더 가려움예방 샴푸쓰고 나았어요,1,0,0,1,0,1,0,0,0,1,0,At-risk
youtube,,진짜 나 지루성두피염 10년동안 개고생했는데 이샴푸쓴이후로 지루성 다날라감,1,0,0,0,0,1,0,0,0,0,0,Passive User
youtube,,이거 진짜임 나 12년간 악성 지루성 두피염이였는데 이거 하고 그냥 지루성이 되버림 대박,1,0,0,0,0,0,0,0,0,0,0,Passive User
youtube,,헤드 앤 숄더 클리니컬 스트렝스를 사서 한 달 가까이 사용했는데 비듬이 더 많아지고 머리도 많이 가려워졌네요 효과를 봤다는 분들이 정말 부럽네요 사용법을 읽어보니 머리를 감을 때마,1,0,0,0,0,0,0,0,0,0,0,Passive User
youtube,,국내에서 괜찮은 지루성 제품 찾으시면 킹스파워 추천드려요 저도 진짜 심한데 이거 쓰고나서 많이 나아졌어요 머리도 덜 떡지고 덕분에 볼륨도 살아요,1,0,0,0,1,0,0,0,0,0,2,Loyal
youtube,,지루성 두피염 그냥 병원가서 약 1달동안 먹으니깐 완치되었는데,1,0,0,0,0,1,0,0,0,0,0,Passive User
youtube,,이샴푸 진짜좋습니다 두피염 저 못고쳤는데 완치는 안되었지만 완화는 되었고 샴푸하고나서도 각질이나고 간지러울때가 있었고 간간히 심심해졌을때 피부과에서 도움받아 액체약을 머리에 바르면,1,0,0,1,0,1,1,1,1,1,0,Active Switcher
youtube,,지루성두피염에 효과 직빵이던데 머리 개기름기도싹 잡아줌,1,0,0,0,0,1,0,0,0,0,0,Passive User
youtube,,그런데 이거 설페이트 성분 들어가있던데 설페이트는 무조건 피해라고들 하던데,1,0,0,0,0,0,1,0,0,0,0,Passive User
youtube,,강력 지루성두피 반나절만 지나면 포마드 바른것 처럼 반짝이고 좀만 방치하면 모공 막아서 딱지생기고 점점 커지는데 환장함 이제품 속는셈 치고 세번만 써보면 딱지 없어지고 기름없어지는,1,0,0,0,1,0,0,0,0,0,1,Loyal
youtube,,저도 지루성 두피염 때문에 여성형 탈모왔는데 올영에 바이오틴 탈모샴푸 쓰고 많이 좋아져써요 ㅠㅠㅠㅠㅠ 헤드앤숄더랑 고민했는데 탈모엔 별로일까봐 흑흑ㅎ규ㅠㅠㅠㅠㅠㅠㅠㅠ,1,0,0,1,0,0,0,0,0,1,0,Passive User
youtube,,남편이 지루성두피에 비듬이 환장하게떨어져 헤드앤숄더 클리니컬 스트랭스 오일컨트롤인가 암튼 보라색 1개 직구해서 쓰는중인데 정말 드라마틱하게 비듬이 없어져서 좋더라구요 다좋은데 단점,1,0,0,0,0,0,0,0,0,0,0,Passive User
youtube,,두피가 간지러워서 관리해야겠다 싶어 영양제 찾다가 아누오틴 시작했어요 3주쯤 되니 덜 간지러워요,1,0,0,0,0,0,0,0,0,0,0,Passive User
youtube,,저는 직업이 요리사라가 지루성 두피염 달고 살았거든요 ㅜㅜ 맥주효모 지루염 샴푸 쓰고부터는 가려움이 없어져 신통방통했네요 결국 세정력도 중요하지만 손상 된 두피를 케어하는게 우선이,1,0,0,1,0,0,0,0,0,1,0,Passive User
youtube,,내가 거의 20년동안 검은색 옷을 입어 본적이 없음 하루 두번씩 감기도 해보고 니조랄 그리고 일반 비듬방지 샴푸 다 효과 없음 근대 아는 피부과 아줌마가 이거 쓰라고 해서 써봤는대,1,0,0,0,0,1,0,1,1,1,1,Passive User
youtube,,남편이 평생 지루성피부염으로 피부과 다니고 약먹고 다해봐도 안됐는데 이샴푸 쓰고 싹고쳐짐,1,0,0,0,0,1,0,0,0,0,0,Passive User
youtube,,정말 정말 추천 15년정도 계절마다 달고살았던 각질 덩어리 가루 가려움 짖물 지금 사용2달동안 너무 개운해지고 신세계임 물론 개인마다 차이가 있겠지만 저는 헤드엔숄더 selsun ,1,0,0,0,0,0,0,0,0,1,1,Passive User
youtube,,민감성두피는 쓰지마세요 저거 엄청강해서 홍반 올라옵니다,1,0,0,0,0,0,0,0,0,0,0,Passive User
youtube,,이걸로 30여년 비듬 해방됨,1,0,0,0,0,0,0,0,0,0,0,Passive User
youtube,,30년넘게 비듬때문에 개고생하고 인간관계도 스트레스 받았는데 클리니컬스트렝스 쓰자마자 바로 싹나음 귀신같이 놀라운건 이 샴푸를 계기로 클렌징폼 로션 싹다 한국제품 버리고 미국 제품,1,0,0,0,0,0,0,0,0,0,0,Passive User
youtube,,설페이트 성분이 있는 샴푸는 피하라하셨는데 의사분들도 헤드앤숄더 제품을 애용하시네요,1,0,0,0,0,0,1,0,0,0,0,Passive User
youtube,,두피 각질이 많아서 고민인데 ㅠㅠ 친구 추천받아서 아누오틴 2달 먹으니까 두피 각질 두피염 증상들이 다 날아가서 너무 좋아요 ㅎㅎ,1,0,0,0,1,0,0,0,0,0,1,Loyal
youtube,,샴푸 근본 니조랄 3 5분 하면 두피 반점 가려운 거 싹 사라지고 그거랑 사후관리로 아누오틴 먹으면 배수구 막히던 것도 사라지고 빗질할 때 덜 빠짐,1,0,0,1,0,0,0,1,1,1,0,Active Switcher
youtube,,전 다 닥터포헤어샴푸 설페이트성분이있는샴푸,1,0,0,0,0,0,1,0,0,0,0,Passive User
youtube,,두피샴푸 찾다가 영상 봤어요 두피 제대로 관리 안하면 탈모가 온다길래 어떤거 쓸지 고민하다가 친구가 추천해준 모미래 핑크솔트 탈모샴푸 쓰게 됐어요 한 달쯤 쓰니까 두피도 건강해지고,1,0,0,0,1,0,0,0,0,0,1,Loyal
youtube,,지루성 두피염으로 고통 받다가 피부과 원장님이 알려주신 방법대로 관리해서 이제 쫌 나아졌네요 ㅠㅠ 알려주신 방법 알려드릴께요 딱 3가지만 하세요 1 피지 유발 식습관 줄이기 기름진,1,0,0,0,1,1,1,0,0,0,1,Loyal
youtube,,두피 전체가 그렇진 않고 2부분 정도가 특히 심합니다 가족에게 봐달라고하니 두피가 붉다고 하고 가려운 수준은 가끔씩 엄청 가려운거 빼면 그냥 거의 안간지럽거나 참을만한 가려움인데 ,1,0,0,1,0,0,0,0,0,1,0,Passive User
youtube,,와 탈모샴푸 쓰는데 설페이트 있어요 어쩐지 머리 겁나게 빠지더라니 버려야겠네요,1,0,0,0,0,0,1,0,0,0,0,Passive User
youtube,,티아졸리논 설페이트없는 일본 피노 헤어팩은 어떤가요 누적 9만개나 팔렸다는 알코올성분이 엄청 많턴데 실리콘 위주 성분이라더라구요 써도 좋을지 의문스럽네요,1,0,0,0,0,0,1,0,0,0,0,Passive User
youtube,,설페이트 안들어간 탈모샴푸 찾기 쉽지 않네요 싼거 사려니까 다 들어있네,1,0,0,0,0,0,1,0,0,0,0,Passive User
youtube,,진짜 제 입장에선 진작 알았으면 좋았을 정보입니다 피부과라도 진작 가볼걸 그랬어요 옛날에 ts꺼 부터 시작해서 탈모샴푸만 여러종류로 한 6년간 계속 써왔는데 언젠가부터 머리에 비듬,1,0,0,0,1,1,1,0,0,0,1,Loyal
youtube,,제가쓰던 샴푸가 단종되어 샴푸를 이것저것 다써봤지만 비듬생기고 머리빠지고 그래서 바디샴푸에 커피 알갱이 섞어서 머리를 감는데요 상쾌하고 커피향도 오래가고 머리숯도 많아지는걸 느껴서,1,0,0,0,0,0,0,0,0,0,0,Passive User
youtube,,설페이트 조심합니다,1,0,0,0,0,0,1,0,0,0,0,Passive User
youtube,,설페이트 티아졸리논,1,0,0,0,0,0,1,0,0,0,0,Passive User
youtube,,요즘 설페이트 안들어간 샴푸 많은데 20대부터 탈모인으로써 샴푸만 쓰면 안된다고 하는건 샴푸는 일단 세정이 목적인 제품입니다 두피도 피부라서 세정후에 보습이나 영양이 필요해요 두피,1,0,0,0,0,0,1,0,0,0,0,Passive User
youtube,,안녕하세요 선생님 소듐C14 16올레핀설포네이트 성분도 설페이트로 봐야하나요 영어를 한글식 표기로 해서 두개가 같은건지 다른건지 잘 모르겠네요,1,0,0,0,0,0,1,0,0,0,0,Passive User
youtube,,설페이트 졸리논 코카미도프프로필베타인 이런 성분은 피하면 좋다고 들었어요 피부 두피 지성이신 분들은 기름진 식사 줄이면 유분기 줄이는데 도움되고 두피에 염증이 많아서 아프신 분들은,1,0,0,0,0,0,1,0,0,0,0,Passive User
youtube,,저도 탈모고민때문에 이것저것 사용중인데 아누오틴은 성분이 깔끔하고 두피 열도 덜 나는 것 같아서 계속 먹게 돼요,1,0,0,0,0,0,1,0,0,0,0,Passive User
youtube,,근데 설페이트가 뻣뻣해지는건가요,1,0,0,0,0,0,1,0,0,0,0,Passive User
youtube,,처음엔 탈모샴푸 써보다가 가렵고 트러블 나서 아누오틴으로 바꿨어요 지금은 확실히 두피가 안정되고 빠지는 머리도 덜해져서 정착 중입니다,1,0,0,0,0,0,0,0,0,1,1,Passive User
youtube,,요즘 남자들한테 잘팔리는 알페신 카페인 샴푸 C1경우 카페인이 두피에 빠르게 흡수되어 모근을 직접 자극 모발 성장을 촉진 한다고 하는데 이게 과학적으로 입증된 논문이 있나요 저 샴,1,0,0,1,0,0,1,0,0,1,0,At-risk
youtube,,징크코세스 설페이트도 두피에 나쁜 계면활성제인가요 ㅜㅜ,1,0,0,0,0,0,1,0,0,0,0,Passive User
youtube,,소듐코코 설페이트도 안되는거 일까요,1,0,0,0,0,0,1,0,0,0,0,Passive User
youtube,,어쩐지 샴푸 바꿔도 효과가 없더라니 다 거짓말이었군요 샴푸 교체에 지쳐서 샴푸법 공부 많이했는데 좋다고 시도한 방법들 중 이 방법이 제일 효과 좋았네요 조심스럽게 추천드려봅니당 1,1,0,0,0,0,0,0,0,0,1,1,Passive User
youtube,,설페이트 계면 활성제 안들어간 샴푸 중에 멘톨로지꺼 쓰고 확실히 빠지는 모발 수가 줄어들었어요 쿨한 샴푸 좋아하시면 써보세요,1,0,0,0,0,0,1,0,0,0,0,Passive User
youtube,,저는 비건뷰티 달리프 애플 민트 베러루트 쿨링 스케일러 ㅡ 이거 쓰고 비듬 가려움 탈모 다 없어졌어요 두피가 편안하니까 살 거 같아요,1,0,0,0,0,0,0,0,0,1,1,Passive User
youtube,,탈모샴푸 진짜 의미없음 모근 살아있으면 두피 마사지는 도움 됩니다 샴푸는 그냥 잘 씻어내고 천연 두피토너 두피에 자극적이지 않는거 도포후 마사지 충분히 해주십시요 모근 살아있다면 ,1,0,0,1,0,0,0,0,0,1,0,Passive User
youtube,,솔직히 설페이트 있는게 더 잘맞음 ㅋㅋㅋㅋ마트용 대기업 샴푸들이 설페이트가 많은데 괜히 들어가있는게아님 그게 들어가있어야 세정이잘됨 ㅋㅋ설페이트없는 좋다고하는 샴푸쓰면 오히려 더안,1,0,0,0,0,0,1,0,0,0,0,Passive User
youtube,,설포네이트와 설페이트의 차이가 있을까요,1,0,0,0,0,0,1,0,0,0,0,Passive User
youtube,,설페이트 티아졸리논,1,0,0,0,0,0,1,0,0,0,0,Passive User
youtube,,탈모샴푸 쓰다보면 비듬이나 두피 각질 생기는 경우 많은데 그럴땐 그냥 비듬클리너 사용해서 빗어주면 돼요,1,0,0,0,0,0,0,0,0,0,0,Passive User
youtube,,맥주 샴푸 쓰고 약국에서 덱스판테놀 의약품 갖다가 쓰면 모발도 두꺼워지고 동시에 두피염이나 비듬같은 것도 좋아질까요 일석이조 가능한가요,1,0,0,0,0,0,0,0,0,0,0,Passive User
youtube,,맥주 효모가 두피에 좋다고는 들었어요 모낭활성제랑 같이 쓰면 좋다해서 고민 중인데 어떤가요,1,0,0,0,0,0,0,0,0,0,0,Passive User
youtube,,첫 번째 제품에도 설페이트 성분이,1,0,0,0,0,0,1,0,0,0,0,Passive User
youtube,,두피열감이 있고 모발이 가늘고 기름이 생깁니다,1,0,0,0,0,0,0,0,0,0,0,Passive User
youtube,,알페신 저거 파라벤 설페이트도 있고 성분 독하던데,1,0,0,0,0,0,1,0,0,0,0,Passive User
youtube,,설페이트 있다고 뭐라고들 하시는데 ㅋㅋㅋ 잘 헹구면 상관없어요,1,0,0,0,0,0,1,0,0,0,0,Passive User
youtube,,여자 정수리 탈모에도 맞나요,1,0,0,0,0,0,0,0,0,0,0,Passive User
youtube,,지성두피도 닥터라파엘써도 괜찮나요,1,0,0,0,0,0,0,0,0,0,0,Passive User
youtube,,설페이트들어있네요,1,0,0,0,0,0,1,0,0,0,0,Passive User
youtube,,설페이트 성분 안된다하셨었는데 2번째 추천 샴푸는 설페이트 성분이 있는데요,1,0,0,0,1,0,1,0,0,0,1,Loyal
youtube,,지성두피인데 닥터라파엘 샴푸 세정력 괜찮을까용 세정력 유목민이에요ㅠㅠ 현재 헤드엔숄더 오렌지색 사용중입니당,1,0,0,0,0,0,0,0,0,0,0,Passive User
youtube,,추천 감사합니다 샴푸도 한번 바꿔봐야겠네요 저는 세정에 신경 쓰면서 프로페시정도 같이 챙기고 있는데 이렇게 병행하니까 확실히 두피 상태가 더 안정되고 빠지는 양도 줄었어요 같이 병,1,0,0,0,1,0,0,0,0,0,1,Loyal
youtube,,탈모샴푸에 설페이트 없는거 찾느라 고생했는데ㅜㅜ 내가 이것땜에 두피센터에 갖다바친 돈만 얼만지ㅜㅜ 거기서 관리받고 추천받은 저속노화샴푸로 바꾸고 좀 돌아옴 ㅎ,1,0,0,0,1,0,1,0,0,0,1,Loyal
youtube,,닥터 라파알 저건 설페이트 들어가있네 덜덜,1,0,0,0,0,0,1,0,0,0,0,Passive User
youtube,,저는 여성이고 할머니께서 엄청 심한 탈모셨어요 제가 어느정도 그 유전자를 물려받아 애기도 안낳았는데 머리가 엄청 빠지더라구요 지루성 두피염에 열감있는 두피입니다 3개월 전까지만해도,1,0,0,0,1,0,0,0,0,0,1,Loyal
youtube,,제가 건성에 지루성두피염 있는데 알페신 썼다가 진짜 두피 건조하신분 진짜 쓰지마세요,1,0,0,0,0,1,0,0,0,0,0,Passive User
youtube,,이 쇼츠 보기전에 이미 알페신이랑 닥터라파엘 두가지 다 써본사람입니다 알페신은 두피가 건강한데 지성이신분들이 쓰면 좋지만 두피 상태가 안좋고 기름진 지성이신분이 쓰면 오히려 독이 ,1,0,0,0,0,0,0,0,0,1,1,Passive User
youtube,,추천감사합니다 사람마다 맞는 샴푸는 다르겠지만 세정을 제대로 안해주면 남들이 좋다고 하는 샴푸도 효과가 일시적이더라구요 저는 이렇게 해서 효과보고있습니다 1 머리감기 전에 빗질하기,1,0,0,0,0,0,0,0,0,1,1,Passive User
youtube,,라보에이치가제일괜찮음 좋은게아니라 그냥평범함 설페이트고뭐고 두피에안좋은게없음 딱히막좋은것도없지만,1,0,0,0,0,0,1,0,0,0,0,Passive User
youtube,,비듬엔 헤드앤숄더 만한게 없음,1,0,0,0,0,0,0,0,0,0,0,Passive User
youtube,,지금 헤드앤숄더 쓰고 있는데 가려움에 좋아용 근데 이건 못보던 통인데 새로 나온건가,1,0,0,1,0,0,0,0,0,1,0,Passive User
youtube,,해드엔숄더 지루성두피염에 짱좋아요 저 헤드엔숄더 두피밸런서로 한 70퍼는 깨끗해졌어요 여기저기 추천하고 다녀요,1,0,0,0,1,1,0,0,0,0,1,Loyal
youtube,,지성두피인데 샴푸는 이거 사용하고 혹시 트리트먼트는 뭘로 써야 좋을까용,1,0,0,0,0,0,0,0,0,0,0,Passive User
youtube,,두피 에센스만으로는 한계가 있어서 안쪽에서도 챙겨보자 싶어 아누오틴 시작했어요 요즘은 머리 감을 때 손에 덜 묻어나오는 게 느껴져요,1,0,0,0,0,0,0,0,0,0,0,Passive User
youtube,,제가 두피에서 시작해서 얼굴까지 번진 케이스인데ㅠㅠ 이거 써보려구요 혹시 매일 사용하시너나요,1,0,0,0,0,0,0,0,0,0,0,Passive User
youtube,,프로페셔널은 대용량이 없어서 기본을 사려하는데 기본은 어떤가요,1,0,0,0,0,0,0,0,0,0,0,Passive User
youtube,,저도 지루성 두피염이 너무 심해서 알아보다가 두피열 내려주면 많이 좋아진다고 하길래 쿨링기능 있는 머리열마사지기로 꾸준히 관리해주니까 머리열도 내려가고 지루성 두피도 눈에 띄게 좋,1,0,0,0,0,0,0,0,0,0,0,Passive User
youtube,,진짜 매번 머리 간지럽고 두피에 뾰루지 겁나 나는 데 관심 가네요,1,0,0,1,0,0,0,0,0,1,0,Passive User
youtube,,흑흑 지루성두피염 때문에 맨날 스트레스 받다가 방금 구매했습니다 저에게도 효과가 있기를 ㅠㅠㅠ,1,0,0,0,0,1,0,0,0,0,0,Passive User
youtube,,지루성두피염이었요 머리빠지는건 어떡하죠 이샴푸스면 갠찮을까요,1,0,0,0,0,1,0,0,0,0,0,Passive User
youtube,,저도 두피 케어에 관심이 많은데 좋은 제품 추천 감사합니다 저 역시 두피 지성두피에 기름끼도 많아서 뾰루지도 잘 생기고 긁다보니 비듬 각질도 심해졌는데 요즘은 킹스파워샴푸 쓰고는 ,1,0,0,0,1,0,1,0,0,1,2,Loyal
youtube,,300ml용량 맞나요 두피가 너므 가려워요 ㅠ,1,0,0,0,0,0,0,0,0,0,0,Passive User
youtube,,저도 두피 지성두피에 기름끼도 많아서 뾰루지도 잘 생기고 긁다보니 비듬 각질도 심해졌는데 요즘은 킹스파워샴푸 쓰고는 저런거 싹 없어졌어요 그냥 한번 썼는데 두피가 시원하고 개운하면,1,0,0,0,1,0,1,0,0,1,2,Loyal
youtube,,저 두피염증으로 진짜 고민 많이하고 샴푸썻는데 생각보다 별효과가 없더라구요 두피가 속의 문젠데 겉만 계속 씻어낸다고 효과가 없는거 같아서 식습관 생활습관 관리했구요 두피커뮤니티에서,1,0,0,0,1,0,0,0,0,0,1,Loyal
youtube,,동물 실험해도 소듐라우레스설페이트는 동물들은 엄청 피부가 까졌어요 순하고 세정 잘 되는 라우릴 글루코사이드 코코글루코사이드 쓰세요 농약을 쓰고 잔류 농약 검사를 인증한지 모르는 코,1,0,0,0,0,0,1,0,0,0,0,Passive User
youtube,,두피샴푸 알아보다가 두피 건강이 안 좋으면 탈모가 온다고 하더라고요 탈모부터 지켜야겠다 생각해 모미래 핑크솔트 탈모샴푸 쓰고 있습니다 두피 정리도 잘 되고 머리카락도 덜 빠져서 미,1,0,0,0,0,0,0,0,0,1,1,Passive User
youtube,,비듬에만 효과가잇나봐요 지루성두피염인데 이샴푸 두달째쓰는데 효과가 전혀없어요,1,0,0,0,0,1,0,0,0,0,0,Passive User
youtube,,두피 자극도 심한 부분도 있고 밤마다 가려움증이 있어 힘들고 그랬는데 헤드앤숄더 샴푸 써보고 증상이 완화된다고 하는 아누오틴을 시작했어요,1,0,0,1,0,0,0,0,0,2,0,Passive User
youtube,,헤드앤숄더 흰색 통만 알고 있었는데 좀 더 특화된 제품 라인이 있군요 가끔 지루성 두피염 올라오는데 하나 사둬야지 캡쳐 완료,1,0,0,1,0,0,0,0,0,1,0,Passive User
youtube,,이걸로 샴푸한 다음에 헹구면 두피가 화해져서 갠적으로 비추 여동생 샴푸 향 좋아서 몰래 쓰고 있는데 데오아 그거 괜찮더라고요,1,0,0,0,0,0,0,0,0,0,0,Passive User
youtube,,헤드앤숄더 샴푸 후기 진짜 솔직하네요 저도 사용해봤는데 요즘 핑크솔트 탈모샴푸 써보니까 두피 상태가 정말 달라지더라고요 자연스러운 성분으로 두피 건강을 유지할 수 있어서 만족스러워,1,0,0,0,1,0,1,0,0,0,1,Loyal
youtube,,지루성 두피염으로 한동안 고생했는데 데오아 샴푸로 바꾸고나서 괜찮아졌어요 두피에 자극 없는 성분으로 사용 시 불편하지 않았고 마지막까지 개운하게 세정되니까 좋더라고욯,1,0,0,1,0,0,1,0,0,1,0,At-risk
youtube,,좋은 샴푸 쓰는 건 당연히 좋습니다 근데 세정을 제대로 안해주면 일시적이더라구요 저는 이렇게 해서 좋아졌습니다 1 머리감기 전에 빗질하기 2 미온수로 2분간 불리기 3 샴푸 도포 ,1,0,0,0,1,0,0,0,0,1,2,Loyal
youtube,,가렵진않은데 두피에각질이 보여사 그것도 효과있나요,1,0,0,0,1,0,0,0,0,0,1,Loyal
youtube,,맞아 두피 흡수 난 머리 샴프하고 다시 어굴 클린징 하고 나중에 같이 헹구지,1,0,0,0,0,0,0,0,0,0,0,Passive User
youtube,,근데 니조랄에 설페이트 성분 있는데 너무 앞뒤가 다른거 아닌가요,1,0,0,1,0,0,1,1,1,2,0,Active Switcher
youtube,,니조랄이 비듬약인 줄 알았는데 두피염에도 효과가 있나보군요,1,0,0,1,0,0,0,1,1,1,0,Active Switcher
youtube,,지루성 피부염이 없어도 써도 좋을까요,1,0,0,0,0,0,0,0,0,0,0,Passive User
youtube,,저도 지루성 두피염이 심해서 탈모 관리가 진짜 힘들었거든요 두피 약하고 탈모까지 겹치신 분들은 원장님 말씀처럼 자극 없는 샴푸로 세심하게 관리하면서 영양제 같이 써보시는 거 꼭 추,1,0,0,0,0,0,0,0,0,1,1,Passive User
youtube,,니조랄이 지금도 나오는건가요 이거 고딩때 비듬 때문에 썻는데 효과직빵이었음,1,0,0,1,0,0,0,1,1,1,0,Active Switcher
youtube,,좋은 영상 감사합니다 요새 참 샤워할 때 머리카락 때문에 배수구 막히고 뚫어내느니라 짜증 났는데 니조랄 써서 5분 감으니까 가려움 없어지고 시원한데 약간 2퍼센트 모자란 느낌이더라,1,0,0,1,0,0,0,1,1,2,0,Active Switcher
youtube,,두피정수리에 진물이 나는것같아요 진물이 굳어서 떨어져 나올때도 있어요 따갑고 간지러워요이럴땐 어떻게 해야하나요 머리도 많이빠져요 헤어토닉은 잠시 즌ㅇ단해야겠죠,1,0,0,0,0,0,0,0,0,0,0,Passive User
youtube,,설페이트 안 들어 있는 걸로 추천해 주세요,1,0,0,0,1,0,1,0,0,0,1,Loyal
youtube,,지루성 두피염은 애초에 몸에 염증 수치가 높음 식습관 수면 양질의 음식 운동 등등 건강하게 만들고 니조랄 사용하면 금방 가라앉음,1,0,0,1,0,0,0,1,1,1,0,Active Switcher
youtube,,스트레스 받으면 잠 못 자고 잠 못 자면 두피 열 올라서 머리 더 빠지는 악순환 ㅠㅠ 저도 탈모 샴푸만 쓰다가 결국 수면부터 고쳤어요 자연푸릇 멜라토닌 먹고 푹 자니까 확실히 머리,1,0,0,0,0,0,0,0,0,0,0,Passive User
youtube,,니조랄이 좀 거부감 있으면 헤드앤숄더 클리니컬 스트랭스 샴푸 추천드려요 니조랄이랑 같은 향진균성이면서 향도 니조랄보다는 좋습니다,1,0,0,0,0,0,0,1,1,1,1,Passive User
youtube,,이거 ㄹㅇ 효과봄 하루만 안감아도 머리 미친듯이 가렵고 긁으면 비듬 한가득 떨어졌는데 아빠가 쓰길래 딱 한번만 써보자 해서 썼더니 원샷원킬로 두피 가려움이랑 비듬 싹 사라짐 그리고,1,0,0,1,0,0,0,1,1,2,1,Active Switcher
youtube,,저같은경우는 남자구요 여름에 지성 겨울엔 건성 인 민감성 피부인데요 약산성샴푸쓰고 행굼질만 3분 합니다 그리구 항상 드라이기로 잘 말려줍니다 이렇게만 해도 머리빠짐 반으로 줄고 오,1,0,0,0,0,0,1,0,0,0,0,Passive User
youtube,,감사합니다ㅠㅠ 지루성 두피염 엄청 심한 편이라 탈모 관리하는데 애먹고 있거든요 두피 약하고 탈모 있으신 분들은 원장님 말씀하신 샴푸로 관리하면서 천연 두피토너로 같이 관리해보세요 ,1,0,0,0,0,0,0,0,0,0,0,Passive User
youtube,,탈모샴푸 쓰면 비듬 각질 많아진다던데 그럼 그냥 샴푸 전에 비듬클리너 사용해서 머리 1번만 빗어줘도 비듬 사라져요,1,0,0,0,0,0,0,0,0,0,0,Passive User
youtube,,지루성두피염에 비듬이 정말 심했는데 아치온 현탁액 샴푸도 사용해봤는데 그닥 효과없음 병원처방 세이브스칼프였나 이것도 그냥저냥 그랬음 니조랄 구매후 주 4회 사용 1주일만사용했는데 ,1,0,0,1,0,1,0,1,1,2,0,Active Switcher
youtube,,니조랄 케토코나졸 약용 샴푸를 샀는데 여기에 소디움라우릴에테르설페이트가 들어있는데 이 성분은 피하라고 하셨던거 아닌가요 ㅠㅠ,1,0,0,1,0,0,1,1,1,1,0,Active Switcher
youtube,,잠이나 푹 자고 아누오틴 하나씩 챙기면 두피관리 끝이에요,1,0,0,0,0,0,0,0,0,0,0,Passive User
youtube,,두피가 기름지고 가려웠는데 방치했다가 머리가 빠지기 시작했어요 ㅠㅠ 급하게 찾아보다가 친언니가 모미래 핑크솔트 탈모샴푸 좋다고 해 쓰게 됐어요 4주쯤 쓰니까 두피 트러블도 없어지고,1,0,0,1,0,0,0,0,0,1,0,Passive User
youtube,,저도 지루성 탈모 앓고 있고 매일 두피 간지럽고 긁어서 머리 엄청나게 빠지는데 다른 샴푸 다 써도 니조랄 하나만큼 시원하게 해결해 주는 샴푸 없는 거 같더라고요 또 두피 혈액순환 ,1,0,0,1,0,0,0,1,1,1,0,Active Switcher
youtube,,탈모 완화엔 두피가 제일 중요하긴 하죠ㅋㅋㅋ 전 쿠팡에서 산 에센테라 샴푸 쓰는데 이거에 비타민 몇개 챙기니까 확실히 괜찮아졌어요,1,0,0,0,0,0,0,0,0,0,0,Passive User
youtube,,건선이 있는 두피인데 삼푸 추천 부탁드려요 심하게 간지럽고 건선부위가 일반 삼푸를 쓰면 따갑고 씻고 나면 두피가 얼얼하고 많이 건조한 느낌이 듭니다,1,0,0,0,1,0,0,0,0,0,1,Loyal
youtube,,전 저속노화샴푸랑 스케일러 쓰면서 관리 해주는데 확실히 두피 관리 전 후 차이가 진짜 심하긴 하더라구요 ㅠㅠ,1,0,0,0,0,0,0,0,0,0,0,Passive User
youtube,,여름에 운동시작한후로 아침저녁 두번씩 머리감다가 요즘 아침에 한번만 감거든여 겨울되면서는 아침에 한번 감는데 두피는 뾰류지도 나고 가렵고 민감해지고 더 기름지고 머리카락은 건조하고,1,0,0,0,0,0,0,0,0,0,0,Passive User
youtube,,사춘기 남학생 기름기 비듬 있으면 어떤 샴푸 추천하시나요,1,0,0,0,1,0,0,0,0,0,1,Loyal
youtube,,탈수두피와 약간의 탈모 있으면 샴푸를 교대로 쓰는건가요,1,0,0,0,0,0,0,0,0,0,0,Passive User
youtube,,두피 공부를 잘했습니다 하루에 2번 꼭 머리를 감아야 하는 극지성인데요 추천해주신 제품중 저는 어게인미쿨링은 탈모에도 ㅈㅎ나요,1,0,0,0,1,0,0,0,0,0,1,Loyal
youtube,,감사합니다 두피디바이스 뷰티디바이스도 영상한번찍어주세요,1,0,0,0,0,0,0,0,0,0,0,Passive User
youtube,,수부지두피 탈수두피 탈모 두피 삼총사 다 획득햇는대 그럼 샴푸 모써요,1,0,0,0,0,0,0,0,0,0,0,Passive User
youtube,,3일을 안감아도 기름안지는 유분 수분부족 두피 트러블 생겨봉적도 없는 사람은 어떤샴푸 써야하나여ㅠㅠㅠㅠㅠ머리감으면 두피가너무 간지러워요 오히려 안감아야 안간지러움,1,0,0,1,0,0,0,0,0,1,0,Passive User
youtube,,안녕하세요 우연히 영상 접했는데요 안그래도 아이 두피때문에 고민이 많았는데 추천 좀 받을 수 있을까요 중3 남자아이인데 두피 자체가 붉고 열감이 많고 가려움증도 심하고 무엇보다 두,1,0,0,0,0,0,0,0,0,1,1,Passive User
youtube,,나아졌다 나빠지기를 반복하는 지루성 두피에요 수분부족 간지러움 예민 두피맑음과 비비크리미 중 어느것이 좋을까요,1,0,0,0,1,0,0,0,0,0,1,Loyal
youtube,,1 45 두피에 유분이 많이 생기는 이유 2 39 기준1 두피수분장벽 3 02 기준2 계면활성제 4 22 수부지 두피 8 07 추천템1 9 03 추천템2 11 21 탈수 두피 12,1,0,0,0,1,0,1,0,0,0,2,Loyal
youtube,,지루성 두피염에 좋은 제품은 없을까요,1,0,0,0,0,0,0,0,0,0,0,Passive User
youtube,,저는 항상 머리를 하루에 두번 아침저녁으로 감아요 머리카락 너무 빠져서 이제는 아침에 한번 머리감습니다 모발이 얇고 정수리냄새가 많이 나요 머리카락도 너무 많이 빠지고 탈모 걱정됩,1,0,0,1,0,0,0,0,0,2,0,Passive User
youtube,,오늘 영상 잘보았습니다 영상을 보니 저는 수부지이면서 탈모두피인 것 같아요 추천해주신 희쌤믿고 바로 결제했었요 검색해보니 후기도 좋네요,1,0,0,0,1,0,0,0,0,0,1,Loyal
youtube,,선생님께서 사업하시는군요 탈모는 괜챦고요 ㅎ 머리 감고도 가려움이 있는데 판매하시는 수부지 두피 는 어떤지요 샴푸 후에 커티셔너는 써야하나요,1,0,0,1,0,0,0,0,0,1,0,Passive User
youtube,,안녕하세요 너무 영상들이 좋아서 바로 구독했습니다 1 11살 초5 딸 두피가 부분 빨갛고 각질도 생기고 가렵다고해요 어게인미 샴푸 같이 써도 되나요 어똔 샴푸 쓰면 좋을까요 영상에,1,0,0,0,0,0,0,0,0,0,0,Passive User
youtube,,항상 두피제품을 비교설명해주어 탈모인들의 많은도움이되겟어요,1,0,0,0,0,0,0,1,0,0,0,Passive User
youtube,,오일컨트롤 사용하는데 볼륨은 사실 라보에이치보단 당연히 덜한데 오일컨트롤로 감으면 가려움이 사라져요 그린컬러는 가려움이 덜해지진않았음,1,0,0,1,0,0,0,0,0,1,0,Passive User
youtube,,형님 혹시 지루성두피염에 헤어팩이나 헤어토닉 관련해서도 다뤄주시면 감사하겠습니다,1,0,0,0,0,1,0,0,0,0,0,Passive User
youtube,,정수리탈모와 뒷통수까지 살짝 진행되었는데 주사치료로 효과 볼 수 있을까요,1,0,0,0,0,1,0,0,0,0,0,Passive User
youtube,,이거 물건이네 일주일 안되게 사용했는데 비듬 떨어지는 양 줄고 특히 두피를 손가락 끝으로 문질러보면 각질이 도돌도돌하게 항상 잡혔는데 없어짐ㅋㅋㅋㅋㅋㅋㅋㅋㅋㅋㅋㅋㅋㅋㅋ,1,0,0,0,0,0,0,0,0,0,0,Passive User
youtube,,클리니컬 스트렝스 주2회 쓰고 헤드엔숄더 저 제품 쓰는데 다른제품 보단 좋더라구요,1,0,0,0,0,0,0,0,0,0,0,Passive User
youtube,,용닥터님 후기보고 쿠팡주문해서 써봣는데 가려움과 비듬이 많이 줄었어요,1,0,0,1,0,0,0,0,0,1,0,Passive User
youtube,,안녕하세요 지성 건성 두피 상관없이 사용가능할까요,1,0,0,0,0,0,0,0,0,0,0,Passive User
youtube,,두피 모낭염에도 효과가있을까요,1,0,0,0,0,0,0,0,0,0,0,Passive User
youtube,,두피케어로시컷네요 써보러구요,1,0,0,0,0,0,0,0,0,0,0,Passive User
youtube,,가려운 두피 샴푸는 머리에 기름 많아도 효과가 별로인가요,1,0,0,1,0,0,0,0,0,1,0,Passive User
youtube,,마트에서도 팔거나 팔 예정일까요 클리니컬 스트렝스 단점이 성분이 강력해서 조절이 필요하단 점과 더불어 직구 외엔 방법이 없다는건데 프로페셔널 샴푸 인터넷에 사면 되지만 마트에서도 ,1,0,0,0,0,0,1,0,0,0,0,Passive User
youtube,,니조랄 프로페셔널 쓰면 비듬끝임,1,0,0,1,0,0,0,1,1,1,0,Active Switcher
youtube,,갑자기 비듬이 심해져 약국에서 파는 샴푸도 써봤지만 갈수록 심해지기만 했거든요 비듬의 삶의 질을 뚝뚝 떨어뜨렸음 그런데 이 제품 쓰고 1회만에 비듬 끝났어요 앞으로 이 제품만 쓸거,1,0,0,0,0,0,0,0,0,0,0,Passive User
youtube,,근데 궁금한게요 탈모약을 먹어서 탈모를 막아주더라도 지루성 두피염이 있으면 무의미한거 아닌가요 어차피 염증으로 머리빠지고 가늘어지니깐 그리고 두피염은 낫는병도 아니기도하고,1,0,0,0,0,0,0,0,0,0,0,Passive User
youtube,,건성두피가 써도 괜찮나요,1,0,0,0,0,0,0,0,0,0,0,Passive User
youtube,,유럽에서는 징크피리치온함유 샴푸는 판매를 못하니깐 급하게 피록톤올아민으로 대체해서 판매 불가능한 지역에 판매하는 느낌입니다 결과적으로 클리니컬스트렝스 효과가 워낙좋기 때문에 이걸 ,1,0,0,0,0,0,0,0,0,0,0,Passive User
youtube,,두피 트러블이 심해서 두피샴푸 여러 개 써봤는데 다 안 맞았거든요 친구가 본인도 트러블 심했는데 모미래 쓰고 좋아졌다고 추천해줘서 써봤어요 살리실산이랑 덱스판테놀 들어있어서 두피 ,1,0,0,0,0,0,0,0,0,2,2,Passive User
youtube,,아 지루성두피용 샴푸들 너무비싸요 ㅠㅠ,1,0,0,0,0,0,0,0,0,0,0,Passive User
youtube,,진짜 인터넷에 이상하고 비싼 샴푸 사지마시고 검증된 대기업 샴푸 쓰세요 비듬 각질 관련은 진짜 헤드앤숄더 따라올 곳이 없습니다 독보적임,1,0,0,0,0,0,0,0,0,0,0,Passive User
youtube,,뒤통수에 뾰루지가 자주나고 간지러워서 가려운 두피 써봤는데 뾰루지가 싹 사라져서 효과봤습니다 비싸도 계속 쓸것 같아요,1,0,0,0,0,0,0,0,0,1,1,Passive User
youtube,,클리니컬은 해외직구로만 구할 수 있고 세정력이 좀 강해서 부담스러웠는데 한번 속는 셈치고 써봐야겠네요,1,0,0,0,0,0,0,0,0,0,0,Passive User
youtube,,클리니컬 스트렝스 장기 3년 매일 사용자 후기 공유해 봅니다 저도 지루성 두피염이 있는데 스트렝스 유행초창기부터 효능을 봐서 계속 써왔는데 초창기 리뉴얼전 주황색부터 리뉴얼후 3가,1,0,0,1,0,0,0,1,1,2,0,Active Switcher
youtube,,클리니컬이랑 차이는 황화셀레늄의 유무 일까요 그럼 지루성 두피염 심한사람은 그냥 클리니컬 쓰는게 맞는걸까요,1,0,0,0,0,0,0,0,0,0,0,Passive User
youtube,,두피 뾰루지가 만성 질환인데 피부과에서도 완치는 안 되고 재발 된다고 하고 원인도 밝혀지지 않았다고 하고 미치겠네요 샴푸는 클록스 쓰고 더모베이트 바르고 2달에 한번 약 처방받고요,1,0,0,1,0,1,0,0,0,1,0,At-risk
youtube,,지금 탈모가 진행중인데 두피문신커버하고 나중에 더 많이 빠지면 모발이식을 생각하고 있습니다 한가지 걱정되는게 두피문신을하면 나중에 모발이식하는데 문제가 될까 걱정이됩니다 두피문신을,1,0,0,0,0,0,0,0,0,0,0,Passive User
youtube,,선생님 꼭꼭 답변좀해주세요 클리니컬스트렝스 제품 매일쓰지말고 1주에 2 3회정도 쓰라는거같은데 남은4 5일은 영상속 제품을 써도되는건가요 아니면 혼사용 하지말고 1 스트렝스 일반샴,1,0,0,0,0,0,0,0,0,0,0,Passive User
youtube,,선생님 안녕하세요 헤드앤숄더 스트렝스 제품에 셀레늄 셀파이드 요 성분이 있어서 지루성두피에 효과가 있다고 하셨는데 요 신제품에도 그 성분이 똑같이 있는걸까요 일전에 갔던 병원에서도,1,0,0,0,0,1,1,0,0,0,0,Passive User
youtube,,웬만한 지루성 두피염 샴푸를 써봤는데 거의 다 효과를 못 봤지만 헤드엔숄더 클리니컬 스트렝스 지루성두피염 직구해서 써봤는데 진짜 효과 바로 봤습니다,1,0,0,0,0,1,0,0,0,0,0,Passive User
youtube,,지루성은 오일성분 멘톨 이런 거 쥐약입니다,1,0,0,0,0,0,1,0,0,0,0,Passive User
youtube,,선생님 지루성두피염인지 모낭염인지로 괴로울 지경입니다 비듬은 거의 없고 가려움증은 참을만 하고요 뒷통수쪽 여기저기 여드름같은 뾰루지가 생기고 그 주변은 온통 피부가 붉습니다 여름철,1,0,0,1,0,1,0,0,0,2,0,At-risk
youtube,,선생님 근데 두피 케어와 비듬에 특화됐다는 건 그만큼 세정력이 좋다는 건데 이 샴푸 쓰고나서 린스는 아예 안 해줘도 되는 건가요 세정력이 너무 좋으면 머릿결이 빗자루처럼 뻣뻣해 지,1,0,0,0,0,0,0,0,0,0,0,Passive User
youtube,,혹시 이제품이 헤드앤숄더 스트렝스 이것보다 좋다고 보시나요 프로페셔널 둘중 하나 구매예정인데요 왠지 프로페셔널이 더좋아 보여서요,1,0,0,0,0,0,0,0,0,0,0,Passive User
youtube,,딸이 알려줬는데 소듐 라우레스 설페이트는 동물 실험해도 이것은 동물들은 엄청 피부가 까졌어요 순하고 세정 잘 되는 라우릴 글루코사이드 코코글루코사이드 쓰세요 농약을 쓰고 잔류 농약,1,0,0,0,0,0,1,0,0,0,0,Passive User
youtube,,오늘 영상에서는 제가 실제로 써보고 효과 좋다고 느낀 두피 집중 샴푸 루틴 5단계 와 탈모랑 두피관리에 도움된 제품들 내돈내산 을 하나씩 소개 리뷰해보았어요 비싼 헤어케어제품부터 ,1,0,0,0,1,0,0,0,0,0,2,Loyal
youtube,,전 알갱이 없는 스케일러로 관리 해주고 있는데 두피 관리는 필수인 거 같아요,1,0,0,0,0,0,0,0,0,0,0,Passive User
youtube,,말씀하신대로 모발 이식 후에 관리가 더 중요하더라고요 ㅠㅠ 탈모가 있어서 머리 빠짐이 있어서 힘들었는데 다행히 피부과 원장님이 알려주신대로 관리하니깐 이제 쫌 살 것 같더라고요 ㅠ,1,0,0,0,0,1,0,0,0,0,0,Passive User
youtube,,헤어토닉 라우쉬 제품의 정확한 명칭 알려주세용 수분진정인지 두피안티에이징인지,1,0,0,0,0,0,0,0,0,0,0,Passive User
youtube,,20대 중반부터 30대 초반까지 탈모로 고생해온 사람으로써 이거 보시는 분들이 현명한 선택 하시길바래요 저는 안써본 제품이 없고 안해본 관리 치료가 없을정도로 탈모를 극복하기 위해,1,0,0,0,0,1,0,0,0,1,1,Passive User
youtube,,저도 모발이식 할려구요 저도 얼마전까지 머리감을때마다 배수구에 시커멓게 머리빠지고 머리가늘고 정수리 점점 벌어져서 진짜 가발써야하나 절망햇는데 요즘 킹스파워샴푸 쓰고부터 머리가 안,1,0,0,0,0,0,1,0,0,0,0,Passive User
youtube,,안녕하세요 디렉터파이입니다 업로드 이후 리뉴얼된 바디브 샴푸는 계면활성제와 클림바졸 항균 성분은 유사 세정과 방부 성분이 변경되었습니다 세정력 강화를 위해 점도 제형 안정화를 위한,1,0,0,1,0,0,1,0,0,2,1,At-risk
youtube,,다들 좋은 샴푸보다 자기 두피상태가 어떤지 파악하는게 가장 중요한것 같아요 이번 영상은 정말 두피상태에 따라 더 세분화하고 더 꼼꼼히 만드신게 보여서 얼마나 애쓰셨는지 영상 보면서,1,0,0,0,0,0,0,0,0,0,0,Passive User
youtube,,흑흑 드디어 떴다 ㅠ_ㅠ 이것만 기다렸어요 지루성 두피염 진짜 지긋지긋해,1,0,0,0,0,0,0,0,0,0,0,Passive User
youtube,,진짜 자기 두피 상태를 알고 써야 좋은것도 잘받는거 같아요 ㅎㅎ 요즘 머리가 좀 빠져서 걱정이였는데 나인밀라 맥주효모 샴푸 한번 써봐야겠네요 ㅎㅎ,1,0,0,0,0,0,0,0,0,0,0,Passive User
youtube,,감사합니다 지루성두피때문에 힘들었는데 영상보고 구매합니다 효과 있기를 바랍니다,1,0,0,0,0,0,0,0,0,0,0,Passive User
youtube,,드디어ㅜ 지루성두피염인 저와 탈모예방 원하는 엄마를 위해 사러갑니당 감사해요 흑 참 혹시 염색약은 리스트에 없을까요 ㅠ,1,0,0,0,0,1,0,0,0,0,0,Passive User
youtube,,샴푸 영상이 올라왔네요 기다렸습니다 항상 샴푸 영상만은 처음부터 끝까지 꼼꼼하게 보고 구매하고 있습니다 항상 도움이 많이 됩니다 지루성 두피염있던 제가 여러 샴푸를 찾으며 헤매이다,1,0,0,0,1,0,0,0,0,1,2,Loyal
youtube,,제 두피가 지루성두피인줄 알았는데 영상보니까 여드름성같기도 하고 민감성같기도 해요,1,0,0,0,0,0,0,0,0,0,0,Passive User
youtube,,디파님 샴푸영상이라 그런지 머릿결도 스타일도 넘 예뻐요 지성두피 2인과 같이 살고 있는데 땀 많이 흘리는 날은 하루 두번 감아야 할 만큼 기름진 두피들이라 오늘 영상 정말 큰 도움,1,0,0,0,1,0,0,0,0,0,1,Loyal
youtube,,탈모약과 두피면역개선이 중요하더라구요 1 탈모약은 매일 먹는다 2 머리는 매일 저녁에 감는다 3 유산소 운동 30분이상 주 3회 진행해서 열발산을 한다 4 유제품 섭취를 줄인다 탈,1,0,0,0,0,0,0,0,0,0,0,Passive User
youtube,,이때까지 봐온 영상중 제일 공감되고 도움되는 영상입니다 제가 말한 샴푸가 3가지나 나와서 괜히 막 뿌듯하고 그래여 비록 탑오브 탑은 아닙니다ㅋㅋㅋㅋ 일단 저는 하나의 샴푸를 계속해,1,0,0,0,0,0,0,0,0,0,0,Passive User
youtube,,디파님 감사합니다 출산하고 두피 너무 민감해져서 샴푸 찾고 있었는데 추천해주신 아미노산샴푸 쓰고 두피가 편안해졌어요 ㅜㅜ,1,0,0,0,1,0,0,0,0,0,1,Loyal
youtube,,디파님 ㅠㅠ 아침 저녁으로 모두 머리 감는 거 괜찮을까요 저녁에 감고 자는 게 두피에 좋은데 스타일링 때문에 아침에도 머리를 감게 되네요,1,0,0,0,0,0,0,0,0,0,0,Passive User
youtube,,지루성두피염 트리트먼트도 같이 부탁드려요ㅠㅠㅠ,1,0,0,0,0,1,0,0,0,0,0,Passive User
youtube,,지성두피 냄새제거 탈모예방 샴푸는 없을까요 ㅠㅠ,1,0,0,0,0,0,0,0,0,0,0,Passive User
youtube,,닥터지 두피샴푸 썼는데 뾰루지 계속나고 머리가 많이 엉키더라구요,1,0,0,1,0,0,0,0,0,1,0,Passive User
youtube,,가려움이나 비듬 각질은 없는데 머리카락이 빨리 기름져요 머리카락도 얇구요 이러면 어떤 샴푸를 써아죠,1,0,0,1,0,0,0,0,0,1,0,Passive User
youtube,,언니 두피세럼이 실제로 효과있는지도 알려주세요오,1,0,0,0,1,0,0,0,0,0,1,Loyal
youtube,,두피 가려움증으로 디파님이 추천해주신 닥터지 두피랩 샴푸 꾸준히 사용중인데 시원하고 너무 좋아요 안그래도 샴푸 다 떨어져서 구매해야하는데 이번 영상에서 지루성두피로 추천해주신 바디,1,0,0,0,0,0,0,0,0,1,1,Passive User
youtube,,좋은 정보 감사합니다 지루성 두피염하고 탈모로 힘들었었는데 ㅠ 말씀하신 정보들하고 성분들 고려해서 샴푸 쓰면서 피부과 원장님이 알려주신 방법으로 관리하니깐 탈모하고 지루성 두피염 ,1,0,0,0,1,1,1,0,0,0,1,Loyal
youtube,,좋은 템들만 가득해서 뭘 살지가 고민이네요 리뷰 너무너무 감사합니다 저같은 경우는 지금 킹스파워 샴푸 쓰고있어요 뭘 써도 효과 잘 못 보고 떡지고 정수리 냄새나고ㅠㅠ 그래서 이것저,1,0,0,0,1,0,0,0,0,0,1,Loyal
youtube,,저 두피는 맨날 붉고 각질에 지루성 두피에 온갖 안좋은 두피 상태 때문에 스트레스 받던 남성인데 바디브 미오 샴푸 이거 쓰니까 진짜 진짜 좋아졌습니다 샴푸 뭐 살까 고민하다가 이 ,1,0,0,0,1,0,0,0,0,0,1,Loyal
youtube,,바디브 가성비 엄청 좋은데 TOP OF TOP이라니 근데 리뉴얼 됐나봐요ㅠㅠ 소듐 설페이트 들어가있고 전성분도 꽤 달라졌네요ㅠㅠㅠ,1,0,0,0,0,0,1,0,0,0,0,Passive User
youtube,,건성에 겨울에만 특히 비듬이 생기는 두피에는 뭐가 좋을까요 비듬에 유명한 헤드앤숄더 제품은 써도 괜찮은 성분 구성일까요 저희 엄마가 고민이신데 헤드앤숄더를 쓰시는 게 걱정돼서요ㅠㅠ,1,0,0,0,0,0,1,0,0,0,0,Passive User
youtube,,저처럼 오후만 되면 정수리에 기름 올라오는 분들 계신가요 두피 스케일러도 효과 없는 제 저주받은 정수리 아도르 샴푸 한번 써볼게요 ㅜㅜ 혹시 악지성 극지성 악악지성인 분들 샴푸 추,1,0,0,0,0,0,0,0,0,1,1,Passive User
youtube,,디파님이 소개는 않했지만 바이오가 샴푸는 지성용두피 탈모샴푸로 사용하기 좋습니다 3년 이상 사용한 것 같아요 임신 하고 나서는 성분착한 순한샴푸고르다가 어게인미샴푸로 갈아탔어요 모,1,0,0,1,0,0,1,1,0,1,0,At-risk
youtube,,저는 라보에치 쓰면서 좀 두피 진정도 되고 시원한 느낌이 있어서 좋았던거 같아요 라보에치 사용한지는 몇 달 됐는데 샴푸하고 두취밸런서로 잘 헹궈주면서 같이 사용하니깐 피지나 잔여물,1,0,0,0,0,0,0,0,0,0,0,Passive User
youtube,,지성 반대인 진짜 찐 건성 두피인들을 위한 꿀템도 한 번 다뤄주세요,1,0,0,0,0,0,0,0,0,0,0,Passive User
youtube,,라우쉬는 정말 노노 두피가 더 건조해지고 비듬이 더 생겼어요,1,0,0,0,0,0,0,0,0,0,0,Passive User
youtube,,메모하며 영상 시청 했습니다 두피세럼도 계속 발랐는데 끊어야 겠네요 선생님 말씀 들어보니 일리가 있어요 늘 좋은 영상 감사드려요,1,0,0,0,0,0,0,0,0,0,0,Passive User
youtube,,와ㅎㅎ 최고세요 감사합니다 올영만 이용해서 꼭 필요했는데 원래 라보쓰고 있었어서 괜히 뿌듯하네요 두피스케일러 바로 사러갑니다ㅎㅎ,1,0,0,0,0,0,0,0,0,0,0,Passive User
youtube,,감사합니다 리뷰 때문에 협찬 안받는다는거보고 믿고 삽니다 두피스케일링 처음 알앗어요 너무 감사해요,1,0,0,0,0,0,0,0,0,0,0,Passive User
youtube,,20 28 개빡쳐 지금까지 두피에 붓듯이 사용햤는데 아,1,0,0,0,0,0,0,0,0,0,0,Passive User
youtube,,그래비티샴푸 최근에 쓰고있는데 더 기대되네요 정수리 모발이 가늘어져서 고민이였는데 믿고 꾸준히 더 써야되겠어요 풍성한모발 될때까지,1,0,0,0,0,0,0,0,0,0,0,Passive User
youtube,,그래비티 샴푸성분중 소듐c 14 16올레산설포네이트 계면 활성제는 비교적 안전하지만 민감성 지성두피에는 자극이 있어 주의해야 됨 나는 퓨라도르 퓨라도어 샴푸 씁니다,1,0,0,1,0,0,1,1,0,1,0,At-risk
youtube,,닥터포헤어 두피 스케일러 라는 단어 자체를 닥터포헤어가 만들었음,1,0,0,0,0,0,0,0,0,0,0,Passive User
youtube,,두피스케일러 샴푸하고 사용해야나요 샴푸없이 스케일러만 해도될까요,1,0,0,0,0,0,0,0,0,0,0,Passive User
youtube,,영상 잘 봤습니다 근데 두피 스케일 한후 아무것도 안 발라도 되나요,1,0,0,0,0,0,0,0,0,0,0,Passive User
youtube,,미녹시딜을 바르면 두피가 가렵더라고요 ㅠ 해결 방법은 없을걸까요,1,0,0,0,0,0,0,0,0,0,0,Passive User
youtube,,두피 스케일링 마사지를 직접 보여주셔서 이해가 잘되었어요,1,0,0,0,0,0,0,0,0,0,0,Passive User
youtube,,지루성 두피염을 달고 다니는 사람을 위한 올리브영 샴푸는 뭐가 있을까요,1,0,0,0,0,0,0,0,0,0,0,Passive User
youtube,,두피 스케일링은 샴푸 대신 하면 되나요,1,0,0,1,0,0,0,1,0,1,0,Passive User
youtube,,16 04 지성두피인 사람한테는 데일리로 써도 무방할까요,1,0,0,0,0,0,0,0,0,0,0,Passive User
youtube,,선생님 저는 여자이고요 1 2년종도 부터 정수리 탈모가 보이고 머리 카락이 너무가늘고 머리를 소가락으로 빛질을하면 두피모발이 다 빠질것같아 빛질도 산살하고있습니다ㅠㅠ 그래서 선생님,1,0,0,0,0,1,0,0,0,0,0,Passive User
youtube,,저는 아로마티카두피클린져 썼는데 바꿔봐야겠네요 포인트모은다고 틱톡을 켜놓고 있는데 선생님 동영상 보는데 틱톡에서도 선생님 동영상이 하하하,1,0,0,0,0,0,0,0,0,0,0,Passive User
youtube,,두피마사지기는 효과가 있나요,1,0,0,0,0,0,0,0,0,0,0,Passive User
youtube,,선생님 추천 제품이 영상하고 현재 판매되는 제품이 성분이 다른점이 있네요 유튜브 보고 낮에 올리브영가서 그로우어스 씨솔트 테라피 두피스케일러 EX 2박스 구입해서 왔는데요 지금 판,1,0,0,0,1,0,1,0,0,0,1,Loyal
youtube,,라보에이치쓰고 두피근처 두피에 뾰루지 나서 당근했어요,1,0,0,1,0,0,0,0,0,1,0,Passive User
youtube,,봄이오다하는 두피스케일링 헤어토닉 있는데 이거 한번 봐주실수 있나요 스케일링 토닉이래서 매일 쓰고 있는데 괜찮은지 모르겠어요,1,0,0,0,0,0,0,0,0,0,0,Passive User
youtube,,스케일러 제품이 궁금 했는데 그로우어스 씨솔트 두피 스케일러 제품은 현재 올리브 영 에서 검색 해보니 소듐클로라이드 456 300ppm 해수 97ppm 으로 변경 된것 같습니다 그,1,0,0,0,0,0,1,0,0,0,0,Passive User
youtube,,두피스케일러는 남성용이에요,1,0,0,0,0,0,0,0,0,0,0,Passive User
youtube,,Mts 치료받고 있는 중인데 두피스케일러 사용해도 되나요,1,0,0,0,0,1,0,0,0,0,0,Passive User
youtube,,샘 오늘도 핵심내용들로 빼곡 근데 샘 구독자 중 지루성두피인 남성 탈모환자들이 대부분이겠지만 저같은 완경후 탈모걱정 여성분들도 많을 듯요 전 건조두피 모발 탈모걱정 여성인데 우리들,1,0,0,0,1,0,1,0,0,0,1,Loyal
youtube,,환절기만 되면 두피가 건조해지면서 머리가 빠지기 시작했어요 ㅠㅠ 맘카페에서 모미래 핑크솔트 탈모샴푸 추천받아서 쓰고 있는데 두피 보습도 되고 탈모 케어도 돼요 건조하면 두피가 약해,1,0,0,0,1,0,0,0,0,0,1,Loyal
youtube,,샴푸를 한가지만 쓰지마시고 모발용 두피용 몇개 따로 두고 돌아가며 쓰시는 게 좋고 애벌샴푸하고 한번 더 샴푸하시는 게 좋습니다 이건 탈모가 아니어도 저 방법 쓰시는게 두피건강에 조,1,0,0,0,0,0,0,0,0,0,0,Passive User
youtube,,라보H 쓰고 두피 개망가짐 ㅅㅂ,1,0,0,0,0,0,0,0,0,0,0,Passive User
youtube,,진짜 그래비티 샴푸랑 닥터 포 헤어 샴푸 다 써봤는데 오히려 머리가 더 빠지더라고요 ㅠㅠ 알고 봤더니 지성 두피 전용 샴푸가 아니라고 탈모 병원 원장님께서 말씀하시더라고요 다행히 ,1,0,0,0,1,1,0,0,0,0,1,Loyal
youtube,,올리브영 원장님 추천템 스케일링 5 48 원장님 추천템 1 그로우어스 씨솔트 테라피 두피 스케일러 EX 8 26 원장님 추천템 2 닥터포헤어 폴리젠 씨솔트 스케일러 9 50 두피 ,1,0,0,0,1,0,0,0,0,0,1,Loyal
youtube,,댓글보니 신뢰성 너무없으시네 라보H 사용하고 저 건강한 두피에서 간지러움에 뾰루지나고 지성으로 바뀌었습니다 완전 인생 최악샴푸에요,1,0,0,1,0,0,0,0,0,2,0,Passive User
youtube,,영상 설명 듣고 나니까 이해가 잘 되네요 저도 아누오틴 먹은지 몇 주 됐는데 두피 관리하는 느낌이라 꾸준히 먹어보는 중입니다,1,0,0,0,0,0,0,0,0,0,0,Passive User
youtube,,저거 클로란 제품 되게 좋아요 쿠팡에서 에센테라 샴푸 어노브 트리트먼트 클로란 세럼 이렇게 쓰는데 모발 두피 다 되게 좋아지는게 느껴지더라고요ㅎㅎ,1,0,0,0,0,0,0,0,0,0,0,Passive User
youtube,,비듬이랑 각질 많으신 분들 비듬클리너 써보세요 ㅎㅎ,1,0,0,0,0,0,0,0,0,0,0,Passive User
youtube,,이브로쉐ㅠ헤어식초 뚫고 올라오는 내 두피냄새 강력해 ㅠㅠ흑흑,1,0,0,1,0,0,0,0,0,1,0,Passive User
youtube,,오 두피세럼은 첨들어봐요 전 두피토닉쓰는데 ㅎㅎ 닥터시드 블랙빈꺼 쿨링감 대박이에여 ㅋㅎ,1,0,0,0,0,0,0,0,0,0,0,Passive User
youtube,,붙임머리를 헤서 두피 탄력 잡고 싶은데 혹시 셋 중에 하나만 추천하자면 어떤거 추천하시나요,1,0,0,0,1,0,0,0,0,0,1,Loyal
youtube,,저도 두피 쪽이 휑해 보여서 스트레스였는데 잔나앰플 사용하고 나서는 조금씩 채워지는게 보이더라고요 ㅎㅎ 게다가 두피 진정까지 같이 돼 너무 만족하고 있어요 저처럼 빈약한 헤어라인이,1,0,0,0,0,0,0,0,0,0,0,Passive User
youtube,,맞아요 전 두피 세럼 쓴 지 2일 차인데 전 이마쪽이 비어있어서 근데 진짜 세럼 뿌리는데 잔머리 자랐어요 효과 있는 건 확실해요,1,0,0,0,0,0,0,0,0,0,0,Passive User
youtube,,헤어식초 진짜 좋아요 킹스파워 샴푸 같이 쓰면 더 좋아요 지성두피라 안 그래도 머리 떡지는데 정수리냄새까지 심지어 두피예민이라 아무거나 쓰면 뾰루지도 올라오고ㅠㅠ 킹스파워 샴푸로 ,1,0,0,1,0,0,0,0,0,3,0,Passive User
youtube,,지성두피인데 이브로쉐 좋대서 써봤다가 ㅠㅠ 향도 넘 좋고 사용 후 약간 상쾌한것도 맘에 들었는데 저한텐 뭔가 안맞았는지 두피에 약간 통증이 있었어요ㅠ 안맞는데도 정 쓰고싶으면 마사,1,0,0,0,0,0,0,0,0,0,0,Passive User
youtube,,탈모에도 괜찮나여 두피예민해서ㅜ,1,0,0,0,0,0,0,0,0,0,0,Passive User
youtube,,그로우어스 샴푸는 지성두피한테 추천안합니다 지금 사용중인데 저녁되면 기름지고 냄새 올라와요,1,0,0,0,1,0,0,0,0,0,1,Loyal
youtube,,두피세럼 정수리냄새나 두피냄새에도 효과잇나요 ㅜ식초랑 저샴푸써도 냄새가나드라구요,1,0,0,0,0,0,0,0,0,0,0,Passive User
youtube,,두피 세럼 효과가 두피 수분 보충인가요,1,0,0,0,0,0,0,0,0,0,0,Passive User
youtube,,우와 제품들이 신기하고 한번 써보고 싶을 정도네요 ㅎㅎ 머리 빠지면 정말 곤욕스러울 정돈데 두피탈모샴푸 사용하고 아누오틴도 성분 효과가 좋은거라 하여 챙기며 해요,1,0,0,0,0,0,1,0,0,0,0,Passive User
youtube,,두피가 지성이세요,1,0,0,0,0,0,0,0,0,0,0,Passive User
youtube,,좋은 탈모샴푸를 만나 유익했어요 잘 참고해서 건강한 두피를 위해 노력할게요,1,0,0,0,0,0,0,0,0,0,0,Passive User
youtube,,탈모 샴푸 알아봤는데 아쉽지만 다른 탈모에 좋은 제품 알아봐야겠네요 기존에 쓰던 거는 아누오틴 미녹시딜 있는데 두게 다 쓰니 확실히 머리카락 유지 두피염 치료는 돼서 좋더라고요,1,0,0,0,0,1,0,0,0,0,0,Passive User
youtube,,헤드앤숄더 비듬제거샴푸는 어떤가요,1,0,0,0,0,0,0,0,0,0,0,Passive User
youtube,,전 저속노화제품 쓰명서 예방 하고 있어요ㅠ 저속노화가 두피 노화를 멈추게 하는거더라구요 드피 노화가 오면 탈모도 오고 얼굴피부도 늙는,1,0,0,0,0,0,0,0,0,0,0,Passive User
youtube,,중요한건 진짜 샴푸후 두피를 완전히 말려야 합니다 그래야 균이나 곰팡이가 없어지고 더이상 머리털이 안빠지게 됩니다 머리털이 더 나는것도 중요하지만서도 안빠지는것이 더 중요합니다 저,1,0,0,0,0,1,1,0,0,0,0,Passive User
youtube,,예전엔 관리샵만 열심히 다니면 해결될 줄 알았는데 지나고 보니까 집에서 쓰는 관리가 더 크더라고요 병원 상담받을 때 들었던 각질 얘기도 이제야 와닿아서 샴푸 선택 기준이 완전히 바,1,0,0,1,0,1,0,0,0,1,0,At-risk
youtube,,설명 들으니까 왜 두피 혈액순환이 중요한지 알겠네요 저도 아누오틴 먹기 시작했는데 모발 관리할 때 도움이 되는 느낌이라 계속 챙기는 중입니다,1,0,0,0,0,0,0,0,0,0,0,Passive User
youtube,,20년된 지루성 두피염 헤드앤숄더 클리니컬 스트렝스 요거쓰고 고쳣네요,1,0,0,0,0,0,0,0,0,0,0,Passive User
youtube,,샴푸를 고를 때 무엇을 먼저 봐야 하는지 기준을 분명하게 짚어주셔서 인상적이었습니다 체감이나 가격보다 두피 환경과 자극 여부를 먼저 고려하는 관점이 왜 중요한지 잘 전달되는 영상이,1,0,0,1,0,0,0,0,0,1,0,Passive User
youtube,,정수리는 진짜 관리 싸움이라 생각해요 샴푸 바꿔보고 비오틴도 해봤는데 저는 큰 도움은 못 받았고 결국 약을 규칙적으로 복용하면서 두피활자력에 집중했을 때 흐름이 달라졌습니다 카페인,1,0,0,1,0,0,0,1,0,1,0,Passive User
youtube,,작년 봄부터 꾸준히 잘 사용하던 탈모샴푸가 이번 겨울철에 접어들고나서 두피건조 각질유발을 하는 것 같아서 여러 샴푸 바꿔보다가 아기들 사용하는 보습감 좋은 올인원 워시를 샴푸 대용,1,0,0,0,1,0,1,0,0,0,1,Loyal
youtube,,진짜 탈모 방지용 샴푸는 저같이 두피염 앓고 있는 사람들한테는 말장난 제품인 거 같습니다 5년 동안 두피염 달고 산 결과 먹는 게 제일 중요한 거 같고 제가 그나마 효과 보는 제품,1,0,0,0,0,0,0,0,0,0,0,Passive User
youtube,,샴푸 하나만 바꿔도 두피 느낌이 달라지는 경우가 있더라고요,1,0,0,0,0,0,0,0,0,0,0,Passive User
youtube,,두피센터 원장님이 저속노화샴푸 추천 해주신 걸로 관리 중인데 저 제품도 궁금하네영,1,0,0,0,1,0,0,0,0,0,1,Loyal
youtube,,비오틴 들어간 샴푸 좋기는한데 샴푸는 아무래도 씻겨 내려가는거기 때문에 충분하게 흡수하기에는 조금 어려워요 ㅠ 비오틴 들어간 샴푸만으로 복구 안되시는 분들은 반 드시 모낭활성제 한,1,0,0,0,0,0,1,0,0,0,0,Passive User
youtube,,와 세상에 이런 샴푸가있었네요 저도 미라클님과 비슷한 두피 모발인 사람인데 저는 요즘 킹스파워샴푸를 쓰면서 탈모 고민이 싹 다 없어졌어요 천연 폴리페놀 성분으로 머리색은 짙어져서 ,1,0,0,0,1,0,1,0,0,0,2,Loyal
youtube,,각질 폭탄 시절이 생각나서 영상을 멍하게 봤는데 저는 뭐든 써봐도 해결이 안 돼서 관리비만 계속 나갔어요ㅠㅠ 그러다 이름이 계속 보여서 핑크솔트 탈모샴푸 써봤는데 각질이 줄어서 신,1,0,0,0,0,0,1,0,0,0,0,Passive User
youtube,,두피에 비듬이랑 각질 많으신 분들은 머리 감기 전에 비듬클리너로 몇 번만 빗어줘도 비포애프터가 확실히 다릅니다 ㅋ,1,0,0,0,0,0,0,0,0,0,0,Passive User
