source,date,query,raw_text,unigram,bigram,unibi_mix,adj_noun,video_title,likes,churn_score,churn_signals,positive_score,positive_signals,net_signal,signal_type,competitor_mentioned
blog,2026-04-15,헤드앤숄더 후기,헤드앤숄더 퍼퓸 프레쉬 샴푸 직접 써보고 생각이 바뀐 이유 알고리즘이 추천해준 구성과 첫인상 사실 인스타에서 누가 헤드앤숄더 샴푸가 세정력 끝판왕이라고 헤드앤숄더 퍼퓸 프레쉬 샴푸는 향기가 생각보다 은은해서 좋았고 딥클린은 진짜 두피 속까지 뽀득하게,"['퍼퓸', '프레쉬', '알고리즘', '구성', '첫인상', '인스타', '세정', '끝판왕', '퍼퓸', '프레쉬', '향기', '클린']","['퍼퓸_프레쉬', '프레쉬_알고리즘', '알고리즘_구성', '구성_첫인상', '첫인상_인스타', '인스타_세정', '세정_끝판왕', '끝판왕_퍼퓸', '퍼퓸_프레쉬', '프레쉬_향기', '향기_클린']","['퍼퓸', '프레쉬', '알고리즘', '구성', '첫인상', '인스타', '세정', '끝판왕', '퍼퓸', '프레쉬', '향기', '클린', '퍼퓸_프레쉬', '프레쉬_알고리즘', '알고리즘_구성', '구성_첫인상', '첫인상_인스타', '인스타_세정', '세정_끝판왕', '끝판왕_퍼퓸', '퍼퓸_프레쉬', '프레쉬_향기', '향기_클린']",[],,,0,[],1,['추천'],1,긍정,False
blog,2026-04-14,헤드앤숄더 후기,연남 미용실 에이노이헤어 연남점 시그니처 클리닉 받고 온 후기 마포 연남 미용실 에이노이헤어 연남점 시그니처 클리닉 받고 온 후기 땡하 안녕하세요 땡글이입니다 제가 최근 지인의 추천을 받고 헤드앤숄더 샴푸로 바꿨는데 두피에 좋은 샴푸는 머릿결에 안 좋다고,"['연남', '미용실', '에이노이헤어', '연남점', '시그니처', '클리닉', '마포', '연남', '미용실', '에이노이헤어', '연남점', '시그니처', '클리닉', '땡글이', '지인', '머릿결']","['연남_미용실', '미용실_에이노이헤어', '에이노이헤어_연남점', '연남점_시그니처', '시그니처_클리닉', '클리닉_마포', '마포_연남', '연남_미용실', '미용실_에이노이헤어', '에이노이헤어_연남점', '연남점_시그니처', '시그니처_클리닉', '클리닉_땡글이', '땡글이_지인', '지인_머릿결']","['연남', '미용실', '에이노이헤어', '연남점', '시그니처', '클리닉', '마포', '연남', '미용실', '에이노이헤어', '연남점', '시그니처', '클리닉', '땡글이', '지인', '머릿결', '연남_미용실', '미용실_에이노이헤어', '에이노이헤어_연남점', '연남점_시그니처', '시그니처_클리닉', '클리닉_마포', '마포_연남', '연남_미용실', '미용실_에이노이헤어', '에이노이헤어_연남점', '연남점_시그니처', '시그니처_클리닉', '클리닉_땡글이', '땡글이_지인', '지인_머릿결']",[],,,0,[],1,['추천'],1,긍정,False
blog,2026-04-14,헤드앤숄더 후기,지루성 두피염 15년차의 내돈내산 샴푸 추천 리스트 올리브영 등 목차는 제 기준 가려움증 개선에 도움줬던 샴푸 순서대로 라보에이치 샴푸 헤드앤숄더 샴푸 괜찮아지셨다는 후기 를 보고 뭔가 너무 신빙성 있는 후기 라서 바로 구매하게 된 제품입니다 이름은,"['지루', '리스트', '올리브', '기준', '가려움증', '개선', '도움', '순서', '에이치', '신빙']","['지루_리스트', '리스트_올리브', '올리브_기준', '기준_가려움증', '가려움증_개선', '개선_도움', '도움_순서', '순서_에이치', '에이치_신빙']","['지루', '리스트', '올리브', '기준', '가려움증', '개선', '도움', '순서', '에이치', '신빙', '지루_리스트', '리스트_올리브', '올리브_기준', '기준_가려움증', '가려움증_개선', '개선_도움', '도움_순서', '순서_에이치', '에이치_신빙']",[],,,1,['가려움'],1,['추천'],0,중립,False
blog,2026-04-14,헤드앤숄더 후기,헤드앤숄더 토탈 솔루션 샴푸 솔직 후기 두피열까지 잡아줌 그래서 고민 끝에 선택한 제품이 바로 헤드앤숄더 토탈 솔루션 가려운 두피 케어 샴푸예요 워낙 판매량도 많고 후기 도 좋아서 이건 한번 써보자 하고 구매하게 되었어요 구매 이유 환절기,"['토탈', '솔루션', '고민', '선택', '토탈', '솔루션', '케어', '판매량', '환절기']","['토탈_솔루션', '솔루션_고민', '고민_선택', '선택_토탈', '토탈_솔루션', '솔루션_케어', '케어_판매량', '판매량_환절기']","['토탈', '솔루션', '고민', '선택', '토탈', '솔루션', '케어', '판매량', '환절기', '토탈_솔루션', '솔루션_고민', '고민_선택', '선택_토탈', '토탈_솔루션', '솔루션_케어', '케어_판매량', '판매량_환절기']",[],,,0,[],0,[],0,중립,False
blog,2026-04-14,헤드앤숄더 후기,두피가 가려운 원인과 일상 대처법 알아보기 가려움을 해결을 33 헤드앤숄더 가려운 두피 케어 두피 트리트먼트 400ml 1개 122 938개 후기 상품특징 가려운 두피 진정 효과 비듬 완화 성분 사용 두피 트리트먼트 타입 케어 후 개선 감각 투명 크림 제형 사용 Best,"['원인', '일상', '대처법', '해결', '케어', '트리트먼트', '특징', '진정', '효과', '비듬', '완화', '성분', '트리트먼트', '타입', '케어', '개선', '감각', '투명', '크림', '제형']","['원인_일상', '일상_대처법', '대처법_해결', '해결_케어', '케어_트리트먼트', '트리트먼트_특징', '특징_진정', '진정_효과', '효과_비듬', '비듬_완화', '완화_성분', '성분_트리트먼트', '트리트먼트_타입', '타입_케어', '케어_개선', '개선_감각', '감각_투명', '투명_크림', '크림_제형']","['원인', '일상', '대처법', '해결', '케어', '트리트먼트', '특징', '진정', '효과', '비듬', '완화', '성분', '트리트먼트', '타입', '케어', '개선', '감각', '투명', '크림', '제형', '원인_일상', '일상_대처법', '대처법_해결', '해결_케어', '케어_트리트먼트', '트리트먼트_특징', '특징_진정', '진정_효과', '효과_비듬', '비듬_완화', '완화_성분', '성분_트리트먼트', '트리트먼트_타입', '타입_케어', '케어_개선', '개선_감각', '감각_투명', '투명_크림', '크림_제형']",[],,,1,['가려움'],0,[],-1,이탈위험,False
blog,2026-04-13,헤드앤숄더 후기,오래 쓰는 헤드앤숄더 두피 토탈 솔루션 딥클린 샴푸 1 2L 오래 쓰는 헤드앤숄더 두피 토탈 솔루션 딥클린 샴푸 1 2L 1개 사용하기 편한 제품 헤드앤숄더 두피 세브란스에이투 전용목장 단백우유 180ml 24개 믿을 수 있는 전문가 추천과 고객들의 생생 후기,"['토탈', '솔루션', '클린', '토탈', '솔루션', '클린', '세브란스', '에이', '전용', '목장', '단백', '우유', '전문가', '고객']","['토탈_솔루션', '솔루션_클린', '클린_토탈', '토탈_솔루션', '솔루션_클린', '클린_세브란스', '세브란스_에이', '에이_전용', '전용_목장', '목장_단백', '단백_우유', '우유_전문가', '전문가_고객']","['토탈', '솔루션', '클린', '토탈', '솔루션', '클린', '세브란스', '에이', '전용', '목장', '단백', '우유', '전문가', '고객', '토탈_솔루션', '솔루션_클린', '클린_토탈', '토탈_솔루션', '솔루션_클린', '클린_세브란스', '세브란스_에이', '에이_전용', '전용_목장', '목장_단백', '단백_우유', '우유_전문가', '전문가_고객']",[],,,0,[],1,['추천'],1,긍정,False
blog,2026-04-13,헤드앤숄더 후기,두피 스케일링 끝판왕 헤드앤숄더 딥클린 샴푸로 고민 끝 두피 스케일링을 받은 듯 개운함을 선사하는 헤드앤숄더 두피 토탈 솔루션 샴푸 딥클린 을 소개합니다 두피 고민 끝 산뜻함 유지 실제로 여러 사용 후기 를 보면 기존에 사용하던 샴푸로 해결되지 않았던,"['스케일링', '끝판왕', '클린', '고민', '스케일링', '선사', '토탈', '솔루션', '클린', '소개', '고민', '유지', '해결']","['스케일링_끝판왕', '끝판왕_클린', '클린_고민', '고민_스케일링', '스케일링_선사', '선사_토탈', '토탈_솔루션', '솔루션_클린', '클린_소개', '소개_고민', '고민_유지', '유지_해결']","['스케일링', '끝판왕', '클린', '고민', '스케일링', '선사', '토탈', '솔루션', '클린', '소개', '고민', '유지', '해결', '스케일링_끝판왕', '끝판왕_클린', '클린_고민', '고민_스케일링', '스케일링_선사', '선사_토탈', '토탈_솔루션', '솔루션_클린', '클린_소개', '소개_고민', '고민_유지', '유지_해결']",[],,,0,[],0,[],0,중립,False
blog,2026-04-13,헤드앤숄더 후기,두피 묵은 답답함 끝 딥클린의 시원한 해답 헤드앤숄더 매일 머리를 감아도 찝찝하거나 가려움을 느끼신다면 오늘 소개해 드릴 헤드앤숄더 두피 토탈 솔루션 유지된다는 후기 가 많습니다 만약 두피 각질이나 비듬으로 인해 스트레스를 받고 계신다면 이 샴푸의,"['클린', '해답', '소개', '토탈', '솔루션', '유지', '각질', '비듬', '스트레스']","['클린_해답', '해답_소개', '소개_토탈', '토탈_솔루션', '솔루션_유지', '유지_각질', '각질_비듬', '비듬_스트레스']","['클린', '해답', '소개', '토탈', '솔루션', '유지', '각질', '비듬', '스트레스', '클린_해답', '해답_소개', '소개_토탈', '토탈_솔루션', '솔루션_유지', '유지_각질', '각질_비듬', '비듬_스트레스']",[],,,1,['가려움'],0,[],-1,이탈위험,False
blog,2026-04-13,헤드앤숄더 후기,헤드 엔 숄더 샴푸 추천 BEST3 비듬 고민 끝 삶의 질 수많은 제품 중에서도 특히 인기가 많고 후기 가 검증된 헤드 엔 숄더 샴푸 인기 품목 TOP 3를 꼼꼼하게 비교해 드릴게요 여러분의 두피 상태에 딱 맞는 제품을 찾아보세요 1 헤드앤숄더 클리니컬 스트렝스,"['헤드', '비듬', '고민', '인기', '검증', '헤드', '인기', '품목', '비교', '상태', '클리니컬', '스트렝스']","['헤드_비듬', '비듬_고민', '고민_인기', '인기_검증', '검증_헤드', '헤드_인기', '인기_품목', '품목_비교', '비교_상태', '상태_클리니컬', '클리니컬_스트렝스']","['헤드', '비듬', '고민', '인기', '검증', '헤드', '인기', '품목', '비교', '상태', '클리니컬', '스트렝스', '헤드_비듬', '비듬_고민', '고민_인기', '인기_검증', '검증_헤드', '헤드_인기', '인기_품목', '품목_비교', '비교_상태', '상태_클리니컬', '클리니컬_스트렝스']",[],,,0,[],1,['추천'],1,긍정,False
blog,2026-04-13,헤드앤숄더 후기,헤드앤숄더 쿨멘솔 샴푸로 가려운 두피를 시원하게 진정시키기 마지막으로 헤드앤숄더 쿨멘솔 샴푸는 가격 대비 성능이 우수해 가성비가 뛰어납니다 많은 소비자들이 긍정적인 후기 를 남기고 있으며 실제 사용 후 두피 건강이 개선된 사례도 많습니다 비듬과 가려움으로,"['진정', '마지막', '대비', '성능', '우수', '가성비', '소비자', '긍정', '실제', '건강', '개선', '사례', '비듬']","['진정_마지막', '마지막_대비', '대비_성능', '성능_우수', '우수_가성비', '가성비_소비자', '소비자_긍정', '긍정_실제', '실제_건강', '건강_개선', '개선_사례', '사례_비듬']","['진정', '마지막', '대비', '성능', '우수', '가성비', '소비자', '긍정', '실제', '건강', '개선', '사례', '비듬', '진정_마지막', '마지막_대비', '대비_성능', '성능_우수', '우수_가성비', '가성비_소비자', '소비자_긍정', '긍정_실제', '실제_건강', '건강_개선', '개선_사례', '사례_비듬']",[],,,1,['가려움'],0,[],-1,이탈위험,False
blog,2026-04-13,헤드앤숄더 후기,쿠팡 골드박스 모음 할인율 대박 상품들 2026 04 13 홈스타락스와세제 헤드앤숄더 두피토 부케가르니모이스 그린핑거촉촉한자 순수한면제로생리 긍정적 후기 요약 깨끗한나라 순수시그니처 화장지는 100 천연펄프로 만들어진 3겹의 두루마리,"['골드', '박스', '모음', '홈스타락스', '세제', '두피토', '부케가르니모이스', '그린핑거', '순수', '면제', '생리', '긍정', '요약', '나라', '순수시그니처', '화장지', '천연', '펄프', '두루마리']","['골드_박스', '박스_모음', '모음_홈스타락스', '홈스타락스_세제', '세제_두피토', '두피토_부케가르니모이스', '부케가르니모이스_그린핑거', '그린핑거_순수', '순수_면제', '면제_생리', '생리_긍정', '긍정_요약', '요약_나라', '나라_순수시그니처', '순수시그니처_화장지', '화장지_천연', '천연_펄프', '펄프_두루마리']","['골드', '박스', '모음', '홈스타락스', '세제', '두피토', '부케가르니모이스', '그린핑거', '순수', '면제', '생리', '긍정', '요약', '나라', '순수시그니처', '화장지', '천연', '펄프', '두루마리', '골드_박스', '박스_모음', '모음_홈스타락스', '홈스타락스_세제', '세제_두피토', '두피토_부케가르니모이스', '부케가르니모이스_그린핑거', '그린핑거_순수', '순수_면제', '면제_생리', '생리_긍정', '긍정_요약', '요약_나라', '나라_순수시그니처', '순수시그니처_화장지', '화장지_천연', '천연_펄프', '펄프_두루마리']",[],,,0,[],0,[],0,중립,False
blog,2026-04-13,헤드앤숄더 후기,헤드앤숄더 두피 토탈 딥클린 850ml 6개 실사용 후기 효과 헤드앤숄더 특유 성분으로 비듬 가려움 완화 도움 꾸준히 쓰면 확실히 줄어드는 느낌 4 거품 잘 남 소량으로도 거품 풍성 세정력 대비 사용감 부드러운 편 사용하기 편한 타입 5,"['토탈', '클린', '효과', '특유', '성분', '비듬', '완화', '도움', '느낌', '거품', '소량', '거품', '풍성', '세정', '대비', '타입']","['토탈_클린', '클린_효과', '효과_특유', '특유_성분', '성분_비듬', '비듬_완화', '완화_도움', '도움_느낌', '느낌_거품', '거품_소량', '소량_거품', '거품_풍성', '풍성_세정', '세정_대비', '대비_타입']","['토탈', '클린', '효과', '특유', '성분', '비듬', '완화', '도움', '느낌', '거품', '소량', '거품', '풍성', '세정', '대비', '타입', '토탈_클린', '클린_효과', '효과_특유', '특유_성분', '성분_비듬', '비듬_완화', '완화_도움', '도움_느낌', '느낌_거품', '거품_소량', '소량_거품', '거품_풍성', '풍성_세정', '세정_대비', '대비_타입']",[],,,1,['가려움'],0,[],-1,이탈위험,False
blog,2026-04-13,헤드앤숄더 후기,헤드앤숄더 지성샴푸 한달 써본 내돈내산 후기 헤드앤숄더 지성샴푸 헤드앤숄더 지성샴푸로 유명한 제품 사용해봤어요 저는 지성두피라서 비듬 머리 킹스파워샴푸 사용해본 후기 근데 써보니까 느낌이 확 달랐어요 처음 며칠은 솔직히 긴가민가했는데,"['지성', '지성', '유명', '지성두피', '비듬', '킹스', '파워', '느낌', '처음', '며칠']","['지성_지성', '지성_유명', '유명_지성두피', '지성두피_비듬', '비듬_킹스', '킹스_파워', '파워_느낌', '느낌_처음', '처음_며칠']","['지성', '지성', '유명', '지성두피', '비듬', '킹스', '파워', '느낌', '처음', '며칠', '지성_지성', '지성_유명', '유명_지성두피', '지성두피_비듬', '비듬_킹스', '킹스_파워', '파워_느낌', '느낌_처음', '처음_며칠']",[],,,0,[],0,[],0,중립,False
blog,2026-04-12,헤드앤숄더 후기,지루성두피 샴푸 추천 직접 써본 9가지 비교 유목민 후기 광고 내돈내산 후기 1 Head amp Shoulders 클리니컬 스트렝스 헤드앤숄더 지루성두피 샴푸로 유명해서 직구까지 해서 사용 간지러움은 확실히 덜한 느낌 있음 근데 드라마틱한 개선은 없음,"['지루', '비교', '유목민', '클리니컬', '스트렝스', '지루성두', '유명', '직구', '느낌', '개선']","['지루_비교', '비교_유목민', '유목민_클리니컬', '클리니컬_스트렝스', '스트렝스_지루성두', '지루성두_유명', '유명_직구', '직구_느낌', '느낌_개선']","['지루', '비교', '유목민', '클리니컬', '스트렝스', '지루성두', '유명', '직구', '느낌', '개선', '지루_비교', '비교_유목민', '유목민_클리니컬', '클리니컬_스트렝스', '스트렝스_지루성두', '지루성두_유명', '유명_직구', '직구_느낌', '느낌_개선']",[],,,0,[],1,['추천'],1,긍정,False
blog,2026-04-11,헤드앤숄더 후기,좁쌀여드름 모낭염 응급처치 방법 식염수팩 에크린 겔 판테놀 두피 가려움 gt 헤드앤숄더 댄드러프 샴푸 다들 추천하는 이유가 있다 3번 썼는데 정말 최고의 샴푸 식염수팩 후기 빠른 진정에 도움 식염수 드레싱 효과 있느냐 가격 대비 효과 있구요 저는 에크린겔 사용,"['좁쌀여드름', '모낭염', '응급', '처치', '방법', '식염수', '에크린', '판테놀', '댄드러프', '최고', '식염수', '진정', '도움', '식염수', '드레싱', '효과', '대비', '효과', '에크린겔']","['좁쌀여드름_모낭염', '모낭염_응급', '응급_처치', '처치_방법', '방법_식염수', '식염수_에크린', '에크린_판테놀', '판테놀_댄드러프', '댄드러프_최고', '최고_식염수', '식염수_진정', '진정_도움', '도움_식염수', '식염수_드레싱', '드레싱_효과', '효과_대비', '대비_효과', '효과_에크린겔']","['좁쌀여드름', '모낭염', '응급', '처치', '방법', '식염수', '에크린', '판테놀', '댄드러프', '최고', '식염수', '진정', '도움', '식염수', '드레싱', '효과', '대비', '효과', '에크린겔', '좁쌀여드름_모낭염', '모낭염_응급', '응급_처치', '처치_방법', '방법_식염수', '식염수_에크린', '에크린_판테놀', '판테놀_댄드러프', '댄드러프_최고', '최고_식염수', '식염수_진정', '진정_도움', '도움_식염수', '식염수_드레싱', '드레싱_효과', '효과_대비', '대비_효과', '효과_에크린겔']",[],,,1,['가려움'],1,['추천'],0,중립,False
blog,2026-04-10,헤드앤숄더 후기,한국 남성이 꼭 써야 하는 탈모 샴푸 추천 남성 후기 개수 최다 수준 2 라보에이치 탈모증상완화 샴푸 진정베이스 특징 과다 피지 조절 건성 각질 비듬형 두피 추천 1 헤드앤숄더 두피 강화형 클리니컬 스트렝스 특징 비듬 각질 개선 효과,"['한국', '남성', '탈모', '남성', '개수', '최다', '수준', '라보', '에이치', '탈모', '증상', '완화', '진정', '베이스', '특징', '과다', '피지', '조절', '건성', '각질', '비듬', '강화', '클리니컬', '스트렝스', '특징', '비듬', '각질', '개선', '효과']","['한국_남성', '남성_탈모', '탈모_남성', '남성_개수', '개수_최다', '최다_수준', '수준_라보', '라보_에이치', '에이치_탈모', '탈모_증상', '증상_완화', '완화_진정', '진정_베이스', '베이스_특징', '특징_과다', '과다_피지', '피지_조절', '조절_건성', '건성_각질', '각질_비듬', '비듬_강화', '강화_클리니컬', '클리니컬_스트렝스', '스트렝스_특징', '특징_비듬', '비듬_각질', '각질_개선', '개선_효과']","['한국', '남성', '탈모', '남성', '개수', '최다', '수준', '라보', '에이치', '탈모', '증상', '완화', '진정', '베이스', '특징', '과다', '피지', '조절', '건성', '각질', '비듬', '강화', '클리니컬', '스트렝스', '특징', '비듬', '각질', '개선', '효과', '한국_남성', '남성_탈모', '탈모_남성', '남성_개수', '개수_최다', '최다_수준', '수준_라보', '라보_에이치', '에이치_탈모', '탈모_증상', '증상_완화', '완화_진정', '진정_베이스', '베이스_특징', '특징_과다', '과다_피지', '피지_조절', '조절_건성', '건성_각질', '각질_비듬', '비듬_강화', '강화_클리니컬', '클리니컬_스트렝스', '스트렝스_특징', '특징_비듬', '비듬_각질', '각질_개선', '개선_효과']",[],,,0,[],1,['추천'],1,긍정,False
blog,2026-04-10,헤드앤숄더 후기,헤드앤숄더 비듬샴푸 병행관리 비듬러의 변화 후기 그래서 비듬 관련해서 뭐가 유명한가 알아보니까 헤드앤숄더 비듬샴푸가 유명 하더라고요 근데 어떤 이렇게 후기 를 적어볼게요 이 브랜드 샴푸 한번도 안써본 분들은 아마 없을거라고 생각하는데요,"['비듬', '병행', '관리', '비듬러', '변화', '비듬', '유명', '비듬', '유명']","['비듬_병행', '병행_관리', '관리_비듬러', '비듬러_변화', '변화_비듬', '비듬_유명', '유명_비듬', '비듬_유명']","['비듬', '병행', '관리', '비듬러', '변화', '비듬', '유명', '비듬', '유명', '비듬_병행', '병행_관리', '관리_비듬러', '비듬러_변화', '변화_비듬', '비듬_유명', '유명_비듬', '비듬_유명']",[],,,0,[],0,[],0,중립,False
blog,2026-04-10,헤드앤숄더 후기,요즘 쓰는 샴푸 후기 헤드앤숄더 가려운 두피 케어 1 2L 요즘 쓰는 샴푸 후기 헤드앤숄더 가려운 두피 케어 1 2L 사용 후기 두피 가려움 샴푸 추천 요즘 날씨 바뀌면서 그런지 두피가 계속 간지럽더라구요 원래 이런 적 거의 없었는데 갑자기 비듬도,"['케어', '케어', '날씨', '비듬']","['케어_케어', '케어_날씨', '날씨_비듬']","['케어', '케어', '날씨', '비듬', '케어_케어', '케어_날씨', '날씨_비듬']",[],,,1,['가려움'],1,['추천'],0,중립,False
blog,2026-04-09,헤드앤숄더 후기,결산 코덕이 끝까지 쓴 제품들 재구매템 비추천 솔직 후기 헤어 amp 바디 amp 클렌징 공병템 헤드 amp 숄더 두피 토탈 솔루션 가려운 두피 케어 샴푸 두피 가려움이랑 위의 헤드앤숄더 샴푸를 일주일에 5 6번 사용한다면 해당 샴푸는 일주일에 1 2번 사용 또는 하루에 머리 2번,"['결산', '바디', '클렌징', '공병', '헤드', '토탈', '솔루션', '케어', '일주일', '해당', '일주일', '하루']","['결산_바디', '바디_클렌징', '클렌징_공병', '공병_헤드', '헤드_토탈', '토탈_솔루션', '솔루션_케어', '케어_일주일', '일주일_해당', '해당_일주일', '일주일_하루']","['결산', '바디', '클렌징', '공병', '헤드', '토탈', '솔루션', '케어', '일주일', '해당', '일주일', '하루', '결산_바디', '바디_클렌징', '클렌징_공병', '공병_헤드', '헤드_토탈', '토탈_솔루션', '솔루션_케어', '케어_일주일', '일주일_해당', '해당_일주일', '일주일_하루']",[],,,1,['가려움'],2,"['재구매', '추천']",1,긍정,False
blog,2026-04-09,헤드앤숄더 후기,헤드앤숄더 비듬 샴푸로 밤에 머리 감기 정착한 이야기 그런데 이번에 회사 동료한테 추천받고 헤드앤숄더 비듬 샴푸로 바꿨는데 이거 진짜 물건이더라구요 오로지 내 아침 잠 10분을 사수하겠다 는 일념 하나로 믿고 써봤습니다 ㅎㅎ 일주일 써본 리얼 후기,"['비듬', '정착', '이야기', '이번', '회사', '동료', '비듬', '물건', '아침', '사수', '일념', '일주일', '리얼']","['비듬_정착', '정착_이야기', '이야기_이번', '이번_회사', '회사_동료', '동료_비듬', '비듬_물건', '물건_아침', '아침_사수', '사수_일념', '일념_일주일', '일주일_리얼']","['비듬', '정착', '이야기', '이번', '회사', '동료', '비듬', '물건', '아침', '사수', '일념', '일주일', '리얼', '비듬_정착', '정착_이야기', '이야기_이번', '이번_회사', '회사_동료', '동료_비듬', '비듬_물건', '물건_아침', '아침_사수', '사수_일념', '일념_일주일', '일주일_리얼']",[],,,0,[],2,"['정착', '추천']",2,긍정,False
blog,2026-04-09,헤드앤숄더 후기,헤드앤숄더 레몬 샴푸 솔직 후기 상큼한 여름 두피 케어 추천 이전 글 보기 헤드앤숄더 유칼립투스 후기 그래서 이번에 헤드앤숄더 레몬 샴푸로 바꿔봤는데 상큼한 레몬향과 부드러운 머스크향이 어우러져 여름 데일리 샴푸로 딱이더라고요 헤드앤숄더 레몬 샴푸는,"['레몬', '여름', '케어', '이전', '유칼립투스', '이번', '레몬', '레몬', '머스크', '여름', '데일리', '레몬']","['레몬_여름', '여름_케어', '케어_이전', '이전_유칼립투스', '유칼립투스_이번', '이번_레몬', '레몬_레몬', '레몬_머스크', '머스크_여름', '여름_데일리', '데일리_레몬']","['레몬', '여름', '케어', '이전', '유칼립투스', '이번', '레몬', '레몬', '머스크', '여름', '데일리', '레몬', '레몬_여름', '여름_케어', '케어_이전', '이전_유칼립투스', '유칼립투스_이번', '이번_레몬', '레몬_레몬', '레몬_머스크', '머스크_여름', '여름_데일리', '데일리_레몬']",[],,,0,[],1,['추천'],1,긍정,False
blog,2026-04-08,헤드앤숄더 후기,철산탈모 닥터모락 광명철산점 두피관리 재방문 후기 관리전후 기존에 제게 맞지않는 헤드앤 숄더 비듬샴푸를 쓰고있었는데 그게 자극되서 두피는 붉어지고 세정은 제대로 되지않아 샴푸도 추천해주시고 생활습관도 바로 잡아 주셨어요 관리만 하고 끝나는 게,"['철산', '탈모', '닥터모락', '광명철산점', '관리', '방문', '관리', '전후', '헤드', '비듬', '자극', '세정', '생활', '습관', '관리']","['철산_탈모', '탈모_닥터모락', '닥터모락_광명철산점', '광명철산점_관리', '관리_방문', '방문_관리', '관리_전후', '전후_헤드', '헤드_비듬', '비듬_자극', '자극_세정', '세정_생활', '생활_습관', '습관_관리']","['철산', '탈모', '닥터모락', '광명철산점', '관리', '방문', '관리', '전후', '헤드', '비듬', '자극', '세정', '생활', '습관', '관리', '철산_탈모', '탈모_닥터모락', '닥터모락_광명철산점', '광명철산점_관리', '관리_방문', '방문_관리', '관리_전후', '전후_헤드', '헤드_비듬', '비듬_자극', '자극_세정', '세정_생활', '생활_습관', '습관_관리']",[],,,1,['자극'],1,['추천'],0,중립,False
blog,2026-04-08,헤드앤숄더 후기,헤드앤숄더 클리니컬 스트렝스 어드밴스드 오일 컨트롤 비듬 헤드앤숄더 클리니컬스트렝스 비듬샴푸추천 지루성두피염샴푸 내돈내산 후기 헤드앤숄더 주황색 정수리냄새샴푸 지성두피샴푸 셀레늄설파이드 직구샴푸추천 헤드앤숄더 오일컨트롤,"['클리니컬', '스트렝스', '어드밴스드', '오일', '컨트롤', '비듬', '클리니컬스트렝스', '비듬', '지루성두피염샴푸', '주황색', '정수리', '냄새', '지성두피샴푸', '셀레늄설파이드', '직구', '오일', '컨트롤']","['클리니컬_스트렝스', '스트렝스_어드밴스드', '어드밴스드_오일', '오일_컨트롤', '컨트롤_비듬', '비듬_클리니컬스트렝스', '클리니컬스트렝스_비듬', '비듬_지루성두피염샴푸', '지루성두피염샴푸_주황색', '주황색_정수리', '정수리_냄새', '냄새_지성두피샴푸', '지성두피샴푸_셀레늄설파이드', '셀레늄설파이드_직구', '직구_오일', '오일_컨트롤']","['클리니컬', '스트렝스', '어드밴스드', '오일', '컨트롤', '비듬', '클리니컬스트렝스', '비듬', '지루성두피염샴푸', '주황색', '정수리', '냄새', '지성두피샴푸', '셀레늄설파이드', '직구', '오일', '컨트롤', '클리니컬_스트렝스', '스트렝스_어드밴스드', '어드밴스드_오일', '오일_컨트롤', '컨트롤_비듬', '비듬_클리니컬스트렝스', '클리니컬스트렝스_비듬', '비듬_지루성두피염샴푸', '지루성두피염샴푸_주황색', '주황색_정수리', '정수리_냄새', '냄새_지성두피샴푸', '지성두피샴푸_셀레늄설파이드', '셀레늄설파이드_직구', '직구_오일', '오일_컨트롤']",[],,,0,[],1,['추천'],1,긍정,False
blog,2026-04-08,헤드앤숄더 후기,지루성 두피염 병원 샴푸 후기 니조랄 헤드앤숄더 조합과 니조랄 amp 헤드앤숄더 클리니컬 스트렝스 주 2 4회 사용 특히 헤드앤숄더 주황색 통은 각질 잡는 좋다 병원 사온 샴푸 스프레디 사용 후기 병원에서 받아온 제품들을 40일간 써봤다 스카칼프마스터,"['지루', '병원', '조합', '니조랄', '클리니컬', '스트렝스', '주황색', '각질', '병원', '스프', '레디', '병원', '스카칼프', '마스터']","['지루_병원', '병원_조합', '조합_니조랄', '니조랄_클리니컬', '클리니컬_스트렝스', '스트렝스_주황색', '주황색_각질', '각질_병원', '병원_스프', '스프_레디', '레디_병원', '병원_스카칼프', '스카칼프_마스터']","['지루', '병원', '조합', '니조랄', '클리니컬', '스트렝스', '주황색', '각질', '병원', '스프', '레디', '병원', '스카칼프', '마스터', '지루_병원', '병원_조합', '조합_니조랄', '니조랄_클리니컬', '클리니컬_스트렝스', '스트렝스_주황색', '주황색_각질', '각질_병원', '병원_스프', '스프_레디', '레디_병원', '병원_스카칼프', '스카칼프_마스터']",[],,,1,['니조랄'],0,[],-1,이탈위험,True
blog,2026-04-08,헤드앤숄더 후기,지성 두피라면 이 샴푸 무조건 써보세요 헤드앤숄더 차콜 헤드앤숄더 차콜 샴푸인데 숯 성분이 들어 있어서 그런지 세정력이 확실히 좋은 느낌이에요 후기 랑 가격 비교해보고 선택하는 게 좋더라고요 구매 링크 바로가기 이,"['지성', '조건', '성분', '세정', '느낌', '비교', '선택']","['지성_조건', '조건_성분', '성분_세정', '세정_느낌', '느낌_비교', '비교_선택']","['지성', '조건', '성분', '세정', '느낌', '비교', '선택', '지성_조건', '조건_성분', '성분_세정', '세정_느낌', '느낌_비교', '비교_선택']",[],,,0,[],0,[],0,중립,False
blog,2026-04-07,헤드앤숄더 후기,헤드앤숄더 차콜 샴푸 800ml 2개 사용 후기 헤드앤숄더 차콜 샴푸 800ml 2개 구성은 두피 관리용 샴푸를 찾는 분들께 꽤 반가운 제품이더라고요 헤드앤숄더 차콜샴푸 두피샴푸 대용량샴푸 가성비샴푸 데일리샴푸 상쾌한샴푸 샴푸추천,"['구성', '관리', '용량', '가성비', '데일리']","['구성_관리', '관리_용량', '용량_가성비', '가성비_데일리']","['구성', '관리', '용량', '가성비', '데일리', '구성_관리', '관리_용량', '용량_가성비', '가성비_데일리']",[],,,0,[],1,['추천'],1,긍정,False
blog,2026-04-07,헤드앤숄더 후기,헤드앤숄더 비듬샴푸 제대로된 병행 관리 TIP 전체적으로 볼 때 헤드앤숄더 샴푸 후기 의 경우 비듬 각질 가려음 같이 두피에 자주 생기는 문제를 잡아주기 좋은 것 같아요 어니스트맘 샴푸는 강력한 자극 혹은 즉각적인 변화 보단 매일 관리하는 샴푸로,"['비듬', '병행', '관리', '전체', '비듬', '각질', '문제', '어니스트맘', '자극', '즉각', '변화', '관리']","['비듬_병행', '병행_관리', '관리_전체', '전체_비듬', '비듬_각질', '각질_문제', '문제_어니스트맘', '어니스트맘_자극', '자극_즉각', '즉각_변화', '변화_관리']","['비듬', '병행', '관리', '전체', '비듬', '각질', '문제', '어니스트맘', '자극', '즉각', '변화', '관리', '비듬_병행', '병행_관리', '관리_전체', '전체_비듬', '비듬_각질', '각질_문제', '문제_어니스트맘', '어니스트맘_자극', '자극_즉각', '즉각_변화', '변화_관리']",[],,,1,['자극'],0,[],-1,이탈위험,False
blog,2026-04-06,헤드앤숄더 후기,쿠팡리뷰 헤드앤숄더 두피 토탈 솔루션 샴푸 쿨 멘솔 1 2L 1개 솔직 후기 평소 두피가 예민한 편이라 비듬과 가려움이 고민이었는데 두피 케어용 샴푸라서 quot 쿠팡리뷰 쿠팡 후기 내돈내산 내돈내산 후기 쿠팡내돈내산 쿠팡내돈내산 후기 상품평 사용 후기,"['리뷰', '토탈', '솔루션', '평소', '비듬', '고민', '케어', '리뷰', '쿠팡내돈내산', '쿠팡내돈내산']","['리뷰_토탈', '토탈_솔루션', '솔루션_평소', '평소_비듬', '비듬_고민', '고민_케어', '케어_리뷰', '리뷰_쿠팡내돈내산', '쿠팡내돈내산_쿠팡내돈내산']","['리뷰', '토탈', '솔루션', '평소', '비듬', '고민', '케어', '리뷰', '쿠팡내돈내산', '쿠팡내돈내산', '리뷰_토탈', '토탈_솔루션', '솔루션_평소', '평소_비듬', '비듬_고민', '고민_케어', '케어_리뷰', '리뷰_쿠팡내돈내산', '쿠팡내돈내산_쿠팡내돈내산']",[],,,1,['가려움'],0,[],-1,이탈위험,False
blog,2026-04-05,헤드앤숄더 후기,비듬제거빗 찾다가 정착한 비듬 클리너 참빗 솔직 후기 비듬제거빗 찾다가 정착한 비듬 클리너 참빗 솔직 후기 저는 솔직히 검정색 티를 잘 못입었어요 블랙 비듬샴푸로 바꾸면 해결되겠지 싶어서 헤드앤숄더 도 써봤고 약국에서 파는 비듬 전용 제품 니조랄 같은,"['비듬', '제거', '정착', '비듬', '클리너', '비듬', '제거', '정착', '비듬', '클리너', '검정', '블랙', '비듬', '해결', '비듬', '전용', '니조랄']","['비듬_제거', '제거_정착', '정착_비듬', '비듬_클리너', '클리너_비듬', '비듬_제거', '제거_정착', '정착_비듬', '비듬_클리너', '클리너_검정', '검정_블랙', '블랙_비듬', '비듬_해결', '해결_비듬', '비듬_전용', '전용_니조랄']","['비듬', '제거', '정착', '비듬', '클리너', '비듬', '제거', '정착', '비듬', '클리너', '검정', '블랙', '비듬', '해결', '비듬', '전용', '니조랄', '비듬_제거', '제거_정착', '정착_비듬', '비듬_클리너', '클리너_비듬', '비듬_제거', '제거_정착', '정착_비듬', '비듬_클리너', '클리너_검정', '검정_블랙', '블랙_비듬', '비듬_해결', '해결_비듬', '비듬_전용', '전용_니조랄']",[],,,1,['니조랄'],1,['정착'],0,중립,True
blog,2026-04-05,헤드앤숄더 후기,편리한 기능 헤드앤숄더 두피 토탈 솔루션 샴푸 애플 프레쉬 헤드앤숄더 애플프레쉬 샴푸 850ml X 3개 개인 테스트 후기 효과 진짜 좋아요 저는 피부가 예민해서 향이 강하거나 화학 성분이 많은 제품은 피했었어요 그런데 헤드앤숄더 애플 프레쉬는 자연 성분으로 만든,"['편리', '기능', '토탈', '솔루션', '애플', '프레쉬', '애플프레쉬', '개인', '테스트', '효과', '피부', '화학', '성분', '애플', '프레쉬', '자연', '성분']","['편리_기능', '기능_토탈', '토탈_솔루션', '솔루션_애플', '애플_프레쉬', '프레쉬_애플프레쉬', '애플프레쉬_개인', '개인_테스트', '테스트_효과', '효과_피부', '피부_화학', '화학_성분', '성분_애플', '애플_프레쉬', '프레쉬_자연', '자연_성분']","['편리', '기능', '토탈', '솔루션', '애플', '프레쉬', '애플프레쉬', '개인', '테스트', '효과', '피부', '화학', '성분', '애플', '프레쉬', '자연', '성분', '편리_기능', '기능_토탈', '토탈_솔루션', '솔루션_애플', '애플_프레쉬', '프레쉬_애플프레쉬', '애플프레쉬_개인', '개인_테스트', '테스트_효과', '효과_피부', '피부_화학', '화학_성분', '성분_애플', '애플_프레쉬', '프레쉬_자연', '자연_성분']",[],,,0,[],0,[],0,중립,False
blog,2026-04-04,헤드앤숄더 후기,헤드앤숄더 클리니컬 스트렝스 지성 두피 샴푸 추천 subId 13652930 지긋지긋한 지성 두피의 비듬과 유분을 한번에 잡아주는 강력한 솔루션 헤드앤숄더 클리니컬 스트렝스 오일컨트롤 샴푸 사용 후기 날씨가 조금만 더워져도 슬슬 걱정되는 게 있죠 바로 오후만,"['클리니컬', '스트렝스', '지성', '지성', '비듬', '유분', '솔루션', '클리니컬', '스트렝스', '오일', '컨트롤', '날씨', '조금', '걱정', '오후']","['클리니컬_스트렝스', '스트렝스_지성', '지성_지성', '지성_비듬', '비듬_유분', '유분_솔루션', '솔루션_클리니컬', '클리니컬_스트렝스', '스트렝스_오일', '오일_컨트롤', '컨트롤_날씨', '날씨_조금', '조금_걱정', '걱정_오후']","['클리니컬', '스트렝스', '지성', '지성', '비듬', '유분', '솔루션', '클리니컬', '스트렝스', '오일', '컨트롤', '날씨', '조금', '걱정', '오후', '클리니컬_스트렝스', '스트렝스_지성', '지성_지성', '지성_비듬', '비듬_유분', '유분_솔루션', '솔루션_클리니컬', '클리니컬_스트렝스', '스트렝스_오일', '오일_컨트롤', '컨트롤_날씨', '날씨_조금', '조금_걱정', '걱정_오후']",[],,,0,[],1,['추천'],1,긍정,False
blog,2026-04-03,헤드앤숄더 후기,머리 계속 가려운 사람들 이거 쓰면 달라집니다 오늘은 수많은 후기 로 검증된 쿠팡 가려운 두피 amp 탈모 케어 샴푸 BEST 3를 꼼꼼하게 비교해 드립니다 비듬 amp 쿨링 종결 헤드앤숄더 토탈 솔루션 가려운 두피 케어 샴푸 1 2L 2개 답답한 두피를 뻥 뚫어주는,"['검증', '탈모', '케어', '비교', '비듬', '종결', '토탈', '솔루션', '케어']","['검증_탈모', '탈모_케어', '케어_비교', '비교_비듬', '비듬_종결', '종결_토탈', '토탈_솔루션', '솔루션_케어']","['검증', '탈모', '케어', '비교', '비듬', '종결', '토탈', '솔루션', '케어', '검증_탈모', '탈모_케어', '케어_비교', '비교_비듬', '비듬_종결', '종결_토탈', '토탈_솔루션', '솔루션_케어']",[],,,0,[],0,[],0,중립,False
blog,2026-04-03,헤드앤숄더 후기,헤드앤숄더 비듬샴푸 이거 하나만 쓰겠다고요 제 첫 도전은 유명한 헤드앤숄더 비듬샴푸였는데요 비듬할 때 바로 생각나는 제품이며 워낙 대중성이 않을 정도로 많이 깔끔해졌는데요 이상 비듬 관리 후기 마무리할게요,"['비듬', '도전', '유명', '비듬', '비듬', '대중', '이상', '비듬', '관리', '마무리']","['비듬_도전', '도전_유명', '유명_비듬', '비듬_비듬', '비듬_대중', '대중_이상', '이상_비듬', '비듬_관리', '관리_마무리']","['비듬', '도전', '유명', '비듬', '비듬', '대중', '이상', '비듬', '관리', '마무리', '비듬_도전', '도전_유명', '유명_비듬', '비듬_비듬', '비듬_대중', '대중_이상', '이상_비듬', '비듬_관리', '관리_마무리']",[],,,0,[],0,[],0,중립,False
blog,2026-04-03,헤드앤숄더 후기,아로마티카 샴푸 ts 비듬 브러쉬 헤드앤숄더 아로마티카 샴푸 ts 비듬 브러쉬 헤드앤숄더 아로마티카의 샴푸 사용 후기 최근에 아로마티카의 샴푸를 사용해보게 되었는데요 비듬 문제로 고민하시는 분들에게 정말 추천하고,"['아로마', '비듬', '브러쉬', '아로마', '비듬', '브러쉬', '아로마티카', '아로마티카', '비듬', '문제', '고민']","['아로마_비듬', '비듬_브러쉬', '브러쉬_아로마', '아로마_비듬', '비듬_브러쉬', '브러쉬_아로마티카', '아로마티카_아로마티카', '아로마티카_비듬', '비듬_문제', '문제_고민']","['아로마', '비듬', '브러쉬', '아로마', '비듬', '브러쉬', '아로마티카', '아로마티카', '비듬', '문제', '고민', '아로마_비듬', '비듬_브러쉬', '브러쉬_아로마', '아로마_비듬', '비듬_브러쉬', '브러쉬_아로마티카', '아로마티카_아로마티카', '아로마티카_비듬', '비듬_문제', '문제_고민']",[],,,0,[],1,['추천'],1,긍정,False
blog,2026-04-03,헤드앤숄더 후기,미녹시딜 amp 탈모약 2개월 후기 정수리 탈모 quot 쉐딩 현상 탈출 quot 그리고 최근에 샴푸를 헤드앤숄더 로 갈아탔습니다 샴푸 자체가 탈모를 직접 치료한다기보다는 두피 다음 기록 보기 미녹시딜 amp 탈모약 3개월 후기 정수리 탈모 quot 쉐딩 현상 극복 quot 이전 기록 보기 미녹시딜,"['미녹시딜', '탈모', '정수리', '탈모', '쉐딩', '현상', '탈출', '자체', '탈모', '치료', '다음', '기록', '미녹시딜', '탈모', '정수리', '탈모', '쉐딩', '현상', '극복', '이전', '기록', '보기', '미녹시딜']","['미녹시딜_탈모', '탈모_정수리', '정수리_탈모', '탈모_쉐딩', '쉐딩_현상', '현상_탈출', '탈출_자체', '자체_탈모', '탈모_치료', '치료_다음', '다음_기록', '기록_미녹시딜', '미녹시딜_탈모', '탈모_정수리', '정수리_탈모', '탈모_쉐딩', '쉐딩_현상', '현상_극복', '극복_이전', '이전_기록', '기록_보기', '보기_미녹시딜']","['미녹시딜', '탈모', '정수리', '탈모', '쉐딩', '현상', '탈출', '자체', '탈모', '치료', '다음', '기록', '미녹시딜', '탈모', '정수리', '탈모', '쉐딩', '현상', '극복', '이전', '기록', '보기', '미녹시딜', '미녹시딜_탈모', '탈모_정수리', '정수리_탈모', '탈모_쉐딩', '쉐딩_현상', '현상_탈출', '탈출_자체', '자체_탈모', '탈모_치료', '치료_다음', '다음_기록', '기록_미녹시딜', '미녹시딜_탈모', '탈모_정수리', '정수리_탈모', '탈모_쉐딩', '쉐딩_현상', '현상_극복', '극복_이전', '이전_기록', '기록_보기', '보기_미녹시딜']",[],,,1,['갈아탔'],0,[],-1,이탈위험,False
blog,2026-04-02,헤드앤숄더 후기,비듬샴푸 헤드앤숄더 가려운 두피케어 샴푸 850ml 민감성 오늘 소개할 제품은 바로 헤드앤숄더 가려운 두피케어 샴푸 850ml인데 많은 분들이 비듬 샴푸 부문에서 특히 지루성 두피염으로 고생하는 분들도 가려움 진정에 도움을 받았다는 후기 들이 눈에 띄어요,"['비듬', '케어', '소개', '케어', '비듬', '부문', '지루', '고생', '진정', '도움']","['비듬_케어', '케어_소개', '소개_케어', '케어_비듬', '비듬_부문', '부문_지루', '지루_고생', '고생_진정', '진정_도움']","['비듬', '케어', '소개', '케어', '비듬', '부문', '지루', '고생', '진정', '도움', '비듬_케어', '케어_소개', '소개_케어', '케어_비듬', '비듬_부문', '부문_지루', '지루_고생', '고생_진정', '진정_도움']",[],,,1,['가려움'],0,[],-1,이탈위험,False
blog,2026-04-02,헤드앤숄더 후기,초등학생 정수리 냄새 샴푸 추천 후기 마트에서 쉽게 구매할 수 있는 헤드앤숄더 케라시스 닥터그루트부터 로마 샴푸 아로마키타 아이들 사용 후기 정수리 냄새 두피 유분 기존 단백질 샴푸 사용 중 두피 유분감 있는 모습 아이들 기준에서,"['초등학생', '정수리', '냄새', '마트', '케라시스', '닥터그루트', '로마', '아로마키타', '아이', '정수리', '냄새', '유분', '단백질', '유분', '모습', '아이', '기준']","['초등학생_정수리', '정수리_냄새', '냄새_마트', '마트_케라시스', '케라시스_닥터그루트', '닥터그루트_로마', '로마_아로마키타', '아로마키타_아이', '아이_정수리', '정수리_냄새', '냄새_유분', '유분_단백질', '단백질_유분', '유분_모습', '모습_아이', '아이_기준']","['초등학생', '정수리', '냄새', '마트', '케라시스', '닥터그루트', '로마', '아로마키타', '아이', '정수리', '냄새', '유분', '단백질', '유분', '모습', '아이', '기준', '초등학생_정수리', '정수리_냄새', '냄새_마트', '마트_케라시스', '케라시스_닥터그루트', '닥터그루트_로마', '로마_아로마키타', '아로마키타_아이', '아이_정수리', '정수리_냄새', '냄새_유분', '유분_단백질', '단백질_유분', '유분_모습', '모습_아이', '아이_기준']",[],,,0,[],1,['추천'],1,긍정,False
blog,2026-04-02,헤드앤숄더 후기,헤드앤숄더 오일컨트롤 지성샴푸 써본 진짜 후기 헤드앤숄더 지성샴푸로 유명한 헤드앤숄더 오일컨트롤 사용해봤어요 지성두피 헤드 핸 숄더 지성샴푸 사용 저는 지성두피예요 비듬이나 두피에 기름기가 느껴지는게 싫어서 헤드앤숄더 지성샴푸를 얼마전까지,"['오일', '컨트롤', '지성', '지성', '유명', '오일', '컨트롤', '지성', '헤드', '숄더', '지성', '지성두피', '비듬', '기름', '지성', '얼마']","['오일_컨트롤', '컨트롤_지성', '지성_지성', '지성_유명', '유명_오일', '오일_컨트롤', '컨트롤_지성', '지성_헤드', '헤드_숄더', '숄더_지성', '지성_지성두피', '지성두피_비듬', '비듬_기름', '기름_지성', '지성_얼마']","['오일', '컨트롤', '지성', '지성', '유명', '오일', '컨트롤', '지성', '헤드', '숄더', '지성', '지성두피', '비듬', '기름', '지성', '얼마', '오일_컨트롤', '컨트롤_지성', '지성_지성', '지성_유명', '유명_오일', '오일_컨트롤', '컨트롤_지성', '지성_헤드', '헤드_숄더', '숄더_지성', '지성_지성두피', '지성두피_비듬', '비듬_기름', '기름_지성', '지성_얼마']",[],,,0,[],0,[],0,중립,False
blog,2026-03-31,헤드앤숄더 후기,내돈내산 헤드앤숄더 오일컨트롤 샴푸 후기 내돈내산 헤드앤숄더 오일컨트롤 샴푸 후기 슬슬 날도 풀리면서 얼굴에 기름지는데 두피도 기름져서 끈적이고 제대로 안씻으면 손이 기름져서 앞머리 더 떡지니 샴푸로 손씻는데 이번에 헤드앤 숄도,"['오일', '컨트롤', '오일', '컨트롤', '얼굴', '기름', '앞머리', '떡지니', '이번', '헤드']","['오일_컨트롤', '컨트롤_오일', '오일_컨트롤', '컨트롤_얼굴', '얼굴_기름', '기름_앞머리', '앞머리_떡지니', '떡지니_이번', '이번_헤드']","['오일', '컨트롤', '오일', '컨트롤', '얼굴', '기름', '앞머리', '떡지니', '이번', '헤드', '오일_컨트롤', '컨트롤_오일', '오일_컨트롤', '컨트롤_얼굴', '얼굴_기름', '기름_앞머리', '앞머리_떡지니', '떡지니_이번', '이번_헤드']",[],,,0,[],0,[],0,중립,False
blog,2026-03-30,헤드앤숄더 후기,지루성 두피염 치료 후기 병원 처방 세이브 스칼프 2종 받았어요ㅠ 헤드앤숄더 녹차실감 샴푸를 써봤지만 해결이 안 돼서 결국 병원에 방문했고 먹는 약과 사용 후기 1주차 가려움이 조금씩 줄어들고 두피 열감이 덜해졌어요 2주차 비듬이 눈에 띄게 줄고,"['지루', '치료', '병원', '처방', '세이브', '스칼프', '녹차실감', '해결', '병원', '방문', '조금', '비듬']","['지루_치료', '치료_병원', '병원_처방', '처방_세이브', '세이브_스칼프', '스칼프_녹차실감', '녹차실감_해결', '해결_병원', '병원_방문', '방문_조금', '조금_비듬']","['지루', '치료', '병원', '처방', '세이브', '스칼프', '녹차실감', '해결', '병원', '방문', '조금', '비듬', '지루_치료', '치료_병원', '병원_처방', '처방_세이브', '세이브_스칼프', '스칼프_녹차실감', '녹차실감_해결', '해결_병원', '병원_방문', '방문_조금', '조금_비듬']",[],,,1,['가려움'],0,[],-1,이탈위험,False
blog,2026-03-30,헤드앤숄더 후기,2026년 3월 넷째주 일상 원래 쓰던 헤드앤숄더 보라색 샴푸가 두피를 건조하게 만드는 것 같아서 다른걸 써보고자 시켰다 자세한 후기 는 아래 참조 2026 03 28 7시 30분에 수지마리아 갔다가,"['건조', '아래', '참조', '수지마리아']","['건조_아래', '아래_참조', '참조_수지마리아']","['건조', '아래', '참조', '수지마리아', '건조_아래', '아래_참조', '참조_수지마리아']",[],,,0,[],0,[],0,중립,False
blog,2026-03-30,헤드앤숄더 후기,샴푸 추천 헤드앤숄더 프로페셔널 유칼립투스 내돈내산 사용 후기 있는 헤드앤 숄더 프로페셔널 가려운 두피케어 유칼립투스 향 리뷰를 가져왔습니다 저의 경우 이 사용 후기 가장 만족스러웠던 점은 가려움증 완화 입니다 지루성두피염 특성상 머리가 간지러워 손이 가곤,"['프로페셔널', '유칼립투스', '헤드', '프로페셔널', '케어', '유칼립투스', '리뷰', '만족', '가려움증', '완화', '지루성두피염', '특성']","['프로페셔널_유칼립투스', '유칼립투스_헤드', '헤드_프로페셔널', '프로페셔널_케어', '케어_유칼립투스', '유칼립투스_리뷰', '리뷰_만족', '만족_가려움증', '가려움증_완화', '완화_지루성두피염', '지루성두피염_특성']","['프로페셔널', '유칼립투스', '헤드', '프로페셔널', '케어', '유칼립투스', '리뷰', '만족', '가려움증', '완화', '지루성두피염', '특성', '프로페셔널_유칼립투스', '유칼립투스_헤드', '헤드_프로페셔널', '프로페셔널_케어', '케어_유칼립투스', '유칼립투스_리뷰', '리뷰_만족', '만족_가려움증', '가려움증_완화', '완화_지루성두피염', '지루성두피염_특성']",[],,,1,['가려움'],1,['추천'],0,중립,False
blog,2026-03-29,헤드앤숄더 후기,헤드앤숄더 쿨멘솔 샴푸 두피 가려움 해결 후기 헤드앤숄더 쿨멘솔 샴푸 두피 가려움 해결 후기 안녕하세요 여러분 오늘은 제가 정말 꾸준히 몇 달 동안 사용해보고 너무 좋아서 강력 추천하고 싶은 제품이 있어서 호다닥 달려왔어요 바로 헤드앤숄더,"['해결', '해결', '동안', '강력', '호다닥']","['해결_해결', '해결_동안', '동안_강력', '강력_호다닥']","['해결', '해결', '동안', '강력', '호다닥', '해결_해결', '해결_동안', '동안_강력', '강력_호다닥']",[],,,1,['가려움'],1,['추천'],0,중립,False
blog,2026-03-29,헤드앤숄더 후기,헤드앤숄더 850ml 쿨멘솔샴푸 사용 후기 헤드앤숄더 850ml 쿨멘솔샴푸 사용 후기 특징으로 꼽히는 쿨멘솔샴푸는 두피를 시원하게 하는 효과가 좋아요 특히 여름철이나 땀이 많을 때 더 유용하더라구요 헤드앤숄더 850ml 쿨멘솔샴푸는 대용량이라,"['특징', '효과', '여름철', '유용', '용량']","['특징_효과', '효과_여름철', '여름철_유용', '유용_용량']","['특징', '효과', '여름철', '유용', '용량', '특징_효과', '효과_여름철', '여름철_유용', '유용_용량']",[],,,0,[],0,[],0,중립,False
blog,2026-03-29,헤드앤숄더 후기,헤드앤숄더 토탈 솔루션 가려운두피케어 샴푸 두피가 계속 간질간질해서 헤드앤숄더 가려운 두피 케어 샴푸 유칼립투스 향 입니다 실제로 사용 후기 핵심 1 가려움 개선 효과 이건 확실히 체감됩니다 머리 감고 나면 긁고 싶은,"['토탈', '솔루션', '케어', '케어', '유칼립투스', '핵심', '개선', '효과', '체감']","['토탈_솔루션', '솔루션_케어', '케어_케어', '케어_유칼립투스', '유칼립투스_핵심', '핵심_개선', '개선_효과', '효과_체감']","['토탈', '솔루션', '케어', '케어', '유칼립투스', '핵심', '개선', '효과', '체감', '토탈_솔루션', '솔루션_케어', '케어_케어', '케어_유칼립투스', '유칼립투스_핵심', '핵심_개선', '개선_효과', '효과_체감']",[],,,1,['가려움'],0,[],-1,이탈위험,False
blog,2026-03-28,헤드앤숄더 후기,헤드앤숄더 쿨멘솔 가려움 탈출 후기 헤드앤숄더 쿨멘솔 가려움 탈출 후기 안녕하세요 여러분 오늘은 정말 정말 소개하고 싶었던 제품이 있어서 들고 왔어요 바로 헤드앤숄더 쿨멘솔 샴푸인데요 N개월 넘게 사용해보니 이거 진짜 없으면 안,"['쿨멘솔', '탈출', '쿨멘솔', '탈출', '소개']","['쿨멘솔_탈출', '탈출_쿨멘솔', '쿨멘솔_탈출', '탈출_소개']","['쿨멘솔', '탈출', '쿨멘솔', '탈출', '소개', '쿨멘솔_탈출', '탈출_쿨멘솔', '쿨멘솔_탈출', '탈출_소개']",[],,,1,['가려움'],0,[],-1,이탈위험,False
blog,2026-03-28,헤드앤숄더 후기,비듬 샴푸 추천 어깨 위 하얀 눈 고민인 지성 두피를 위한 직구 필수템 헤드앤숄더 클리니컬 스트렝스 보라색 후기 강력한 가려움 해소를 원한다면 헤드앤숄더 클리니컬 스트렝스 직구 를 추천합니다 셀레늄 설파이드 성분이 들어있어 기름진 두피와 정수리 냄새,"['비듬', '어깨', '고민', '지성', '직구', '필수', '클리니컬', '스트렝스', '해소', '클리니컬', '스트렝스', '직구', '레늄', '설파이드', '성분', '정수리', '냄새']","['비듬_어깨', '어깨_고민', '고민_지성', '지성_직구', '직구_필수', '필수_클리니컬', '클리니컬_스트렝스', '스트렝스_해소', '해소_클리니컬', '클리니컬_스트렝스', '스트렝스_직구', '직구_레늄', '레늄_설파이드', '설파이드_성분', '성분_정수리', '정수리_냄새']","['비듬', '어깨', '고민', '지성', '직구', '필수', '클리니컬', '스트렝스', '해소', '클리니컬', '스트렝스', '직구', '레늄', '설파이드', '성분', '정수리', '냄새', '비듬_어깨', '어깨_고민', '고민_지성', '지성_직구', '직구_필수', '필수_클리니컬', '클리니컬_스트렝스', '스트렝스_해소', '해소_클리니컬', '클리니컬_스트렝스', '스트렝스_직구', '직구_레늄', '레늄_설파이드', '설파이드_성분', '성분_정수리', '정수리_냄새']",[],,,1,['가려움'],1,['추천'],0,중립,False
blog,2026-03-27,헤드앤숄더 후기,헤드앤숄더 샴푸 BEST 3 가려운 두피 완벽 케어 추천 줄어든다는 후기 가 많아요 저도 테스트해봤는데 세정력은 강한 편인데 두피가 건조해지지 않고 오히려 산뜻함이 오래가서 만족스러웠어요 지금 바로 확인해보세요 오늘 소개해드린 헤드앤숄더 샴푸,"['완벽', '케어', '테스트', '세정', '건조', '만족', '확인', '소개']","['완벽_케어', '케어_테스트', '테스트_세정', '세정_건조', '건조_만족', '만족_확인', '확인_소개']","['완벽', '케어', '테스트', '세정', '건조', '만족', '확인', '소개', '완벽_케어', '케어_테스트', '테스트_세정', '세정_건조', '건조_만족', '만족_확인', '확인_소개']",[],,,0,[],1,['추천'],1,긍정,False
blog,2026-03-27,헤드앤숄더 후기,두피 가려움 해결 헤드앤숄더 가려운 두피 케어 후기 quot N년째 신랑과 큰따님이 사용중이신 헤드앤숄더 샴푸에요 요즘 환절기라 그런지 저도 머리를 감아도 환절기엔 헤드앤숄더 가려운 두피 케어 샴푸를 쓴답니다 제가 써보니까 확실히 가려움은 많이,"['해결', '케어', '신랑', '따님', '환절기', '환절기', '케어']","['해결_케어', '케어_신랑', '신랑_따님', '따님_환절기', '환절기_환절기', '환절기_케어']","['해결', '케어', '신랑', '따님', '환절기', '환절기', '케어', '해결_케어', '케어_신랑', '신랑_따님', '따님_환절기', '환절기_환절기', '환절기_케어']",[],,,1,['가려움'],0,[],-1,이탈위험,False
blog,2026-03-26,헤드앤숄더 후기,건성 각질 두피 헤어케어템 추천 VS 비추천 제품 분들은 제 루틴대로 한번 해보셔도 좋을 거 같아요 찐찐찐 후기 였답니다 건성두피 각질두피 헤어플러스 헤어팩추천 두피헤어팩 두피트리트먼트 헤드앤숄더 샴푸 더마팩토리괄사 리노이아트리트먼트,"['건성', '각질', '헤어케어템', '루틴', '찐찐찐', '건성', '각질', '플러스', '트리트먼트', '더마팩토리괄사', '리노이아', '트리트먼트']","['건성_각질', '각질_헤어케어템', '헤어케어템_루틴', '루틴_찐찐찐', '찐찐찐_건성', '건성_각질', '각질_플러스', '플러스_트리트먼트', '트리트먼트_더마팩토리괄사', '더마팩토리괄사_리노이아', '리노이아_트리트먼트']","['건성', '각질', '헤어케어템', '루틴', '찐찐찐', '건성', '각질', '플러스', '트리트먼트', '더마팩토리괄사', '리노이아', '트리트먼트', '건성_각질', '각질_헤어케어템', '헤어케어템_루틴', '루틴_찐찐찐', '찐찐찐_건성', '건성_각질', '각질_플러스', '플러스_트리트먼트', '트리트먼트_더마팩토리괄사', '더마팩토리괄사_리노이아', '리노이아_트리트먼트']",[],,,0,[],1,['추천'],1,긍정,False
blog,2026-03-26,헤드앤숄더 후기,올리브영 골드의 내돈내산 진심담은 후기 지금부터 올리브영 내돈내산 후기 시작합니다 그로우어스 데미지 테라피 리페어 클리닉 헤어팩 아님 헤드앤숄더 쿨멘솔 샴푸 여름에 이놈 없음 안됨 내 두피 남극만들어줌 ㄳ해요 미쟝센,"['올리브', '골드', '진심', '지금', '올리브', '시작', '그로우어스', '데미지', '테라피', '페어', '클리닉', '여름', '남극', '해요', '미쟝센']","['올리브_골드', '골드_진심', '진심_지금', '지금_올리브', '올리브_시작', '시작_그로우어스', '그로우어스_데미지', '데미지_테라피', '테라피_페어', '페어_클리닉', '클리닉_여름', '여름_남극', '남극_해요', '해요_미쟝센']","['올리브', '골드', '진심', '지금', '올리브', '시작', '그로우어스', '데미지', '테라피', '페어', '클리닉', '여름', '남극', '해요', '미쟝센', '올리브_골드', '골드_진심', '진심_지금', '지금_올리브', '올리브_시작', '시작_그로우어스', '그로우어스_데미지', '데미지_테라피', '테라피_페어', '페어_클리닉', '클리닉_여름', '여름_남극', '남극_해요', '해요_미쟝센']",[],,,0,[],0,[],0,중립,False
blog,2026-03-26,헤드앤숄더 후기,헤드앤숄더 쿨멘솔 샴푸 가려운 두피에 시원한 진정 효과가 요즘 두피가 자꾸 간지럽고 불편해서 헤드앤숄더 쿨멘솔 샴푸를 사용해봤어요 평소 가려움 때문에 고생하는 분들에게 도움이 될까 싶어서 소개해드리려고 해요 직접 써본 후기 로 간단하게 장점을,"['진정', '효과', '불편', '쿨멘솔', '평소', '고생', '도움', '소개', '장점']","['진정_효과', '효과_불편', '불편_쿨멘솔', '쿨멘솔_평소', '평소_고생', '고생_도움', '도움_소개', '소개_장점']","['진정', '효과', '불편', '쿨멘솔', '평소', '고생', '도움', '소개', '장점', '진정_효과', '효과_불편', '불편_쿨멘솔', '쿨멘솔_평소', '평소_고생', '고생_도움', '도움_소개', '소개_장점']",[],,,1,['가려움'],0,[],-1,이탈위험,False
blog,2026-03-25,헤드앤숄더 후기,헤드앤숄더 쿨 멘솔 샴푸 1 2L 솔직 후기 두피 냄새 비듬 헤드앤숄더 쿨 멘솔 샴푸 1 2L 솔직 후기 여름만 되면 두피가 답답하고 땀이 차면서 가려움까지 느껴지시죠 특히 남편이나 중학생 아이들 보면 두피 냄새 기름짐 때문에 고민이 많으실 거예요 그래서,"['냄새', '비듬', '여름', '남편', '중학', '아이', '냄새', '고민']","['냄새_비듬', '비듬_여름', '여름_남편', '남편_중학', '중학_아이', '아이_냄새', '냄새_고민']","['냄새', '비듬', '여름', '남편', '중학', '아이', '냄새', '고민', '냄새_비듬', '비듬_여름', '여름_남편', '남편_중학', '중학_아이', '아이_냄새', '냄새_고민']",[],,,1,['가려움'],0,[],-1,이탈위험,False
blog,2026-03-24,헤드앤숄더 후기,good hair 헤어제품 추천 후기 는 스토어팜 판매자 페이지 후기 외에는 없는 듯함 ㄹㅇ 좋음 정말 좋음 사실 이름도 없는 염색모가 아니고 할인을 많이 한다치면 이 제품도 사볼만함 4 헤드앤숄더 클리니컬 스트렝스 샴푸 최강,"['스토어', '판매자', '페이지', '염색', '클리니컬', '스트렝스', '최강']","['스토어_판매자', '판매자_페이지', '페이지_염색', '염색_클리니컬', '클리니컬_스트렝스', '스트렝스_최강']","['스토어', '판매자', '페이지', '염색', '클리니컬', '스트렝스', '최강', '스토어_판매자', '판매자_페이지', '페이지_염색', '염색_클리니컬', '클리니컬_스트렝스', '스트렝스_최강']",[],,,0,[],1,['추천'],1,긍정,False
blog,2026-03-24,헤드앤숄더 후기,헤드앤숄더 딥클린 샴푸 두피 가려움과 비듬 고민에 딱 맞는 선택 평소 지성 두피라서 깔끔하게 씻기는 샴푸를 찾고 있었는데 직접 써본 후기 를 공유해드릴게요 가볍고 산뜻한 느낌으로 소개해볼게요 두피 가려움이 확실히 줄어드는 느낌이에요 헤드앤숄더 딥클린 샴푸를,"['클린', '비듬', '고민', '선택', '평소', '지성', '공유', '느낌', '소개', '느낌', '클린']","['클린_비듬', '비듬_고민', '고민_선택', '선택_평소', '평소_지성', '지성_공유', '공유_느낌', '느낌_소개', '소개_느낌', '느낌_클린']","['클린', '비듬', '고민', '선택', '평소', '지성', '공유', '느낌', '소개', '느낌', '클린', '클린_비듬', '비듬_고민', '고민_선택', '선택_평소', '평소_지성', '지성_공유', '공유_느낌', '느낌_소개', '소개_느낌', '느낌_클린']",[],,,1,['가려움'],0,[],-1,이탈위험,False
blog,2026-03-23,헤드앤숄더 후기,지루성두피염 어떻게 해결했는가 자세와 샴푸 리얼 후기 이다 진짜 헤드앤숄더 써보세요 강추합니다 사실 그렇다 핵심적인 것만 적었는데 1번 2번만 제대로 하고 쓰면 100 빠르게 났는다고 본다 헤드앤숄더 구매링크 모아 놓을게요,"['지루성두피염', '해결', '자세', '리얼', '핵심']","['지루성두피염_해결', '해결_자세', '자세_리얼', '리얼_핵심']","['지루성두피염', '해결', '자세', '리얼', '핵심', '지루성두피염_해결', '해결_자세', '자세_리얼', '리얼_핵심']",[],,,0,[],1,['강추'],1,긍정,False
blog,2026-03-23,헤드앤숄더 후기,헤드앤숄더 딥클린 샴푸 850ml 두피 가려움과 비듬케어에 딱 요즘 두피가 자꾸 가렵고 비듬 때문에 스트레스였는데요 헤드앤숄더 딥클린 샴푸를 써보게 되어 소개해드리려고 해요 평소 지성 두피라 고민이 많았는데 이 제품이 꽤 만족스러웠답니다 가볍게 사용 후기,"['클린', '비듬', '케어', '비듬', '스트레스', '클린', '소개', '평소', '지성', '고민', '만족']","['클린_비듬', '비듬_케어', '케어_비듬', '비듬_스트레스', '스트레스_클린', '클린_소개', '소개_평소', '평소_지성', '지성_고민', '고민_만족']","['클린', '비듬', '케어', '비듬', '스트레스', '클린', '소개', '평소', '지성', '고민', '만족', '클린_비듬', '비듬_케어', '케어_비듬', '비듬_스트레스', '스트레스_클린', '클린_소개', '소개_평소', '평소_지성', '지성_고민', '고민_만족']",[],,,1,['가려움'],0,[],-1,이탈위험,False
blog,2026-03-23,헤드앤숄더 후기,비듬 샴푸 추천 쿠팡 내돈내산 아빠머리 구원템 오늘은 직접 사용해본 내돈내산 후기 솔직하게 남겨보려고 해요 구매링크 제가 구매한 제품은 헤드앤숄더 가려운 두피 케어 샴푸인데요 일단 용량부터가 진짜 큽니다 1200ml 대용량이라 한 번,"['비듬', '아빠', '구원', '케어', '용량', '용량']","['비듬_아빠', '아빠_구원', '구원_케어', '케어_용량', '용량_용량']","['비듬', '아빠', '구원', '케어', '용량', '용량', '비듬_아빠', '아빠_구원', '구원_케어', '케어_용량', '용량_용량']",[],,,0,[],1,['추천'],1,긍정,False
blog,2026-03-19,헤드앤숄더 후기,헤드앤숄더 비듬샴푸 제대로 환절기 두피 가려움 탈출 후기 헤드앤숄더 비듬샴푸 비듬샴푸추천 두피가려움 두피케어 환절기두피관리 올바른샴푸법 지성두피 비듬없애는법 샴푸 후기 홈케어 두피각질제거 정수리냄새제거,"['비듬', '환절기', '탈출', '비듬', '비듬', '케어', '환절기', '관리', '지성', '비듬', '홈케어', '각질', '제거', '정수리', '냄새', '제거']","['비듬_환절기', '환절기_탈출', '탈출_비듬', '비듬_비듬', '비듬_케어', '케어_환절기', '환절기_관리', '관리_지성', '지성_비듬', '비듬_홈케어', '홈케어_각질', '각질_제거', '제거_정수리', '정수리_냄새', '냄새_제거']","['비듬', '환절기', '탈출', '비듬', '비듬', '케어', '환절기', '관리', '지성', '비듬', '홈케어', '각질', '제거', '정수리', '냄새', '제거', '비듬_환절기', '환절기_탈출', '탈출_비듬', '비듬_비듬', '비듬_케어', '케어_환절기', '환절기_관리', '관리_지성', '지성_비듬', '비듬_홈케어', '홈케어_각질', '각질_제거', '제거_정수리', '정수리_냄새', '냄새_제거']",[],,,1,['가려움'],1,['추천'],0,중립,False
blog,2026-03-19,헤드앤숄더 후기,헤드앤숄더 딥클린 샴푸 가려움 고민 해결 후기 유튜브에서 헤드앤숄더 딥클린 샴푸 후기 를 우연히 봤는데 두피 가려움 전문 이라고 하더라고요 음 이거 괜찮을 수도 하는 마음에 바로 네이버에서 검색해서 주문했답니다 솔직히 850ml 대용량 2개 세트라,"['클린', '고민', '해결', '클린', '전문', '네이버', '검색', '주문', '용량', '세트']","['클린_고민', '고민_해결', '해결_클린', '클린_전문', '전문_네이버', '네이버_검색', '검색_주문', '주문_용량', '용량_세트']","['클린', '고민', '해결', '클린', '전문', '네이버', '검색', '주문', '용량', '세트', '클린_고민', '고민_해결', '해결_클린', '클린_전문', '전문_네이버', '네이버_검색', '검색_주문', '주문_용량', '용량_세트']",[],,,1,['가려움'],0,[],-1,이탈위험,False
blog,2026-03-19,헤드앤숄더 후기,헤드앤숄더 비듬샴푸 직접 비교해보고 느낀 차이 후기 정리 후기 비듬 때문에 고민이라면 무조건 강한 제품 찾기보다는 현재 두피 상태를 먼저 보고 맞는 비듬샴푸를 선택하는 게 훨씬 중요하더라고요 헤드앤숄더 비듬샴푸처럼 기본적인 관리용 제품도 괜찮지만,"['비듬', '비교', '차이', '정리', '비듬', '고민', '상태', '비듬', '선택', '중요', '비듬', '기본', '관리']","['비듬_비교', '비교_차이', '차이_정리', '정리_비듬', '비듬_고민', '고민_상태', '상태_비듬', '비듬_선택', '선택_중요', '중요_비듬', '비듬_기본', '기본_관리']","['비듬', '비교', '차이', '정리', '비듬', '고민', '상태', '비듬', '선택', '중요', '비듬', '기본', '관리', '비듬_비교', '비교_차이', '차이_정리', '정리_비듬', '비듬_고민', '고민_상태', '상태_비듬', '비듬_선택', '선택_중요', '중요_비듬', '비듬_기본', '기본_관리']",[],,,0,[],0,[],0,중립,False
blog,2026-03-18,헤드앤숄더 후기,헤드앤숄더 샴푸 비듬 해결부터 탈모 고민 향 총정리 안녕하세요 오늘은 비듬 샴푸 하면 가장 먼저 떠오르는 헤드앤숄더 샴푸에 대해 비듬 탈모 향까지 전부 한 번에 정리해 보려고 합니다 광고나 후기 말고 실제 기준으로 왜 유명한지 어떤 사람에게 맞는지,"['비듬', '해결', '탈모', '고민', '정리', '비듬', '비듬', '탈모', '정리', '실제', '기준', '유명']","['비듬_해결', '해결_탈모', '탈모_고민', '고민_정리', '정리_비듬', '비듬_비듬', '비듬_탈모', '탈모_정리', '정리_실제', '실제_기준', '기준_유명']","['비듬', '해결', '탈모', '고민', '정리', '비듬', '비듬', '탈모', '정리', '실제', '기준', '유명', '비듬_해결', '해결_탈모', '탈모_고민', '고민_정리', '정리_비듬', '비듬_비듬', '비듬_탈모', '탈모_정리', '정리_실제', '실제_기준', '기준_유명']",[],,,0,[],0,[],0,중립,False
blog,2026-03-18,헤드앤숄더 후기,기흥역 미용실 살롱에이 화영실장 두피 각질 클리닉 후기 우드 앤 화이트 톤의 은은한 조명까지 더해져서 밝고 따뜻한 느낌이 가득한 곳이었어요 사실은 제가 집에서 헤드앤숄더 샴푸를 사용 중인데 헤드앤숄더 는 너무 세정력이 강해서 오히려 저같이 건조한,"['기흥역', '미용실', '살롱', '화영실장', '각질', '클리닉', '우드', '화이트', '조명', '느낌', '세정', '건조']","['기흥역_미용실', '미용실_살롱', '살롱_화영실장', '화영실장_각질', '각질_클리닉', '클리닉_우드', '우드_화이트', '화이트_조명', '조명_느낌', '느낌_세정', '세정_건조']","['기흥역', '미용실', '살롱', '화영실장', '각질', '클리닉', '우드', '화이트', '조명', '느낌', '세정', '건조', '기흥역_미용실', '미용실_살롱', '살롱_화영실장', '화영실장_각질', '각질_클리닉', '클리닉_우드', '우드_화이트', '화이트_조명', '조명_느낌', '느낌_세정', '세정_건조']",[],,,0,[],0,[],0,중립,False
blog,2026-03-17,헤드앤숄더 후기,한달 후기 두피 가려움 개선 효과 있을까 우디브 두피 토너 후기 다이소 비듬 샴푸 한달 사용 후기 더마앤모어 AHA 쿨링 비듬케어 샴푸 제품은 두피 각질과 비듬 평소 헤드앤숄더 쿨 멘솔 샴푸 써본 적 있는데 그거에 비하면 훨씬 순한 느낌이다 그래서 두피가 예민한,"['개선', '효과', '우디브', '토너', '비듬', '더마앤모어', '비듬', '케어', '각질', '비듬', '평소', '느낌']","['개선_효과', '효과_우디브', '우디브_토너', '토너_비듬', '비듬_더마앤모어', '더마앤모어_비듬', '비듬_케어', '케어_각질', '각질_비듬', '비듬_평소', '평소_느낌']","['개선', '효과', '우디브', '토너', '비듬', '더마앤모어', '비듬', '케어', '각질', '비듬', '평소', '느낌', '개선_효과', '효과_우디브', '우디브_토너', '토너_비듬', '비듬_더마앤모어', '더마앤모어_비듬', '비듬_케어', '케어_각질', '각질_비듬', '비듬_평소', '평소_느낌']",[],,,1,['가려움'],0,[],-1,이탈위험,False
blog,2026-03-17,헤드앤숄더 후기,헤드앤숄더 샴푸 추천 BEST3 정수리 냄새까지 싹 잡는 꿀템 오늘은 수많은 라인업 중에서도 특히 후기 가 좋고 재구매율이 높은 헤드앤숄더 샴푸 인기 품목 BEST3를 엄선해서 소개해 드리려고 합니다 본인의 두피 타입에 맞는 제품을 찾아보세요 1 헤드앤숄더 차콜 샴푸,"['정수리', '냄새', '라인업', '인기', '품목', '엄선', '소개', '본인', '타입']","['정수리_냄새', '냄새_라인업', '라인업_인기', '인기_품목', '품목_엄선', '엄선_소개', '소개_본인', '본인_타입']","['정수리', '냄새', '라인업', '인기', '품목', '엄선', '소개', '본인', '타입', '정수리_냄새', '냄새_라인업', '라인업_인기', '인기_품목', '품목_엄선', '엄선_소개', '소개_본인', '본인_타입']",[],,,0,[],2,"['재구매', '추천']",2,긍정,False
blog,2026-03-17,헤드앤숄더 후기,송도 두피관리 모바이오 송도점에서 두피 각질관리 받았어요 송도두피관리 송도탈모 송도두피 인천두피관리 인천탈모 두피관리 후기 두피각질케어 예민성두피 지루성두피관리 두피스케일링 두피케어추천 탈모관리 두피진정 두피열관리 두피마사지 헤드 스파,"['송도', '관리', '바이오', '송도점', '각질', '관리', '송도', '관리', '송도탈모', '송도두피', '인천두피관리', '인천', '탈모', '관리', '각질', '케어', '지루', '관리', '스케일링', '케어', '탈모', '관리', '진정', '관리', '마사지', '헤드', '스파']","['송도_관리', '관리_바이오', '바이오_송도점', '송도점_각질', '각질_관리', '관리_송도', '송도_관리', '관리_송도탈모', '송도탈모_송도두피', '송도두피_인천두피관리', '인천두피관리_인천', '인천_탈모', '탈모_관리', '관리_각질', '각질_케어', '케어_지루', '지루_관리', '관리_스케일링', '스케일링_케어', '케어_탈모', '탈모_관리', '관리_진정', '진정_관리', '관리_마사지', '마사지_헤드', '헤드_스파']","['송도', '관리', '바이오', '송도점', '각질', '관리', '송도', '관리', '송도탈모', '송도두피', '인천두피관리', '인천', '탈모', '관리', '각질', '케어', '지루', '관리', '스케일링', '케어', '탈모', '관리', '진정', '관리', '마사지', '헤드', '스파', '송도_관리', '관리_바이오', '바이오_송도점', '송도점_각질', '각질_관리', '관리_송도', '송도_관리', '관리_송도탈모', '송도탈모_송도두피', '송도두피_인천두피관리', '인천두피관리_인천', '인천_탈모', '탈모_관리', '관리_각질', '각질_케어', '케어_지루', '지루_관리', '관리_스케일링', '스케일링_케어', '케어_탈모', '탈모_관리', '관리_진정', '진정_관리', '관리_마사지', '마사지_헤드', '헤드_스파']",[],,,0,[],1,['추천'],1,긍정,False
blog,2026-03-17,헤드앤숄더 후기,비듬 때문에 옷깃 하얗게 눈밭 두피 비듬 완전 제거법 7가지 헤드앤숄더 클리니컬 닥터포헤어 등이 인기예요 4 루틴 2 두피 스케일링 스크럽 각질부터 확 실제 후기 quot 옷깃 하얀가루 사라져서 자신감 폭발 quot 개인 차이 있으니 피부과 상담 후 시작하세요 11,"['비듬', '옷깃', '눈밭', '비듬', '제거', '클리니컬', '닥터포헤어', '인기', '루틴', '스케일링', '스크럽', '각질', '실제', '옷깃', '가루', '자신감', '폭발', '개인', '차이', '피부과', '상담', '시작']","['비듬_옷깃', '옷깃_눈밭', '눈밭_비듬', '비듬_제거', '제거_클리니컬', '클리니컬_닥터포헤어', '닥터포헤어_인기', '인기_루틴', '루틴_스케일링', '스케일링_스크럽', '스크럽_각질', '각질_실제', '실제_옷깃', '옷깃_가루', '가루_자신감', '자신감_폭발', '폭발_개인', '개인_차이', '차이_피부과', '피부과_상담', '상담_시작']","['비듬', '옷깃', '눈밭', '비듬', '제거', '클리니컬', '닥터포헤어', '인기', '루틴', '스케일링', '스크럽', '각질', '실제', '옷깃', '가루', '자신감', '폭발', '개인', '차이', '피부과', '상담', '시작', '비듬_옷깃', '옷깃_눈밭', '눈밭_비듬', '비듬_제거', '제거_클리니컬', '클리니컬_닥터포헤어', '닥터포헤어_인기', '인기_루틴', '루틴_스케일링', '스케일링_스크럽', '스크럽_각질', '각질_실제', '실제_옷깃', '옷깃_가루', '가루_자신감', '자신감_폭발', '폭발_개인', '개인_차이', '차이_피부과', '피부과_상담', '상담_시작']",[],,,0,[],0,[],0,중립,False
blog,2026-04-14,헤드앤숄더 샴푸 사용후기,헤드앤숄더 토탈 솔루션 샴푸 솔직 후기 두피열까지 잡아줌 바로 헤드앤숄더 토탈 솔루션 가려운 두피 케어 샴푸 예요 워낙 판매량도 많고 후기 도 좋아서 이건 모두 사용 할 수 있는 순한 제품 찾음 이 조건에 딱 맞는 제품이더라고요 사용 해본 솔직 후기 처음,"['토탈', '솔루션', '토탈', '솔루션', '케어', '판매량', '조건', '처음']","['토탈_솔루션', '솔루션_토탈', '토탈_솔루션', '솔루션_케어', '케어_판매량', '판매량_조건', '조건_처음']","['토탈', '솔루션', '토탈', '솔루션', '케어', '판매량', '조건', '처음', '토탈_솔루션', '솔루션_토탈', '토탈_솔루션', '솔루션_케어', '케어_판매량', '판매량_조건', '조건_처음']",[],,,0,[],0,[],0,중립,False
blog,2026-04-14,헤드앤숄더 샴푸 사용후기,두피가 가려운 원인과 일상 대처법 알아보기 가려움을 해결을 33 헤드앤숄더 가려운 두피 케어 두피 트리트먼트 400ml 1개 122 938개 후기 상품특징 가려운 두피 진정 제형 사용 Best 할인혜택 3 닥터방기원 클리니컬 지루성 두피용 샴푸 33 81oz 1L 1개 1개 후기 상품특징,"['원인', '일상', '대처법', '해결', '케어', '트리트먼트', '특징', '진정', '제형', '닥터방기원', '클리니컬', '지루', '특징']","['원인_일상', '일상_대처법', '대처법_해결', '해결_케어', '케어_트리트먼트', '트리트먼트_특징', '특징_진정', '진정_제형', '제형_닥터방기원', '닥터방기원_클리니컬', '클리니컬_지루', '지루_특징']","['원인', '일상', '대처법', '해결', '케어', '트리트먼트', '특징', '진정', '제형', '닥터방기원', '클리니컬', '지루', '특징', '원인_일상', '일상_대처법', '대처법_해결', '해결_케어', '케어_트리트먼트', '트리트먼트_특징', '특징_진정', '진정_제형', '제형_닥터방기원', '닥터방기원_클리니컬', '클리니컬_지루', '지루_특징']",[],,,1,['가려움'],0,[],-1,이탈위험,False
blog,2026-04-13,헤드앤숄더 샴푸 사용후기,헤드앤숄더 두피 토탈 솔루션 딥클린 샴푸 1 2L 1개 사용 하 오래 쓰는 헤드앤숄더 두피 토탈 솔루션 딥클린 샴푸 1 2L 1개 사용 하기 편한 제품 헤드앤숄더 두피 세브란스에이투 전용목장 단백우유 180ml 24개 믿을 수 있는 전문가 추천과 고객들의 생생 후기,"['토탈', '솔루션', '클린', '토탈', '솔루션', '클린', '세브란스', '에이', '전용', '목장', '단백', '우유', '전문가', '고객']","['토탈_솔루션', '솔루션_클린', '클린_토탈', '토탈_솔루션', '솔루션_클린', '클린_세브란스', '세브란스_에이', '에이_전용', '전용_목장', '목장_단백', '단백_우유', '우유_전문가', '전문가_고객']","['토탈', '솔루션', '클린', '토탈', '솔루션', '클린', '세브란스', '에이', '전용', '목장', '단백', '우유', '전문가', '고객', '토탈_솔루션', '솔루션_클린', '클린_토탈', '토탈_솔루션', '솔루션_클린', '클린_세브란스', '세브란스_에이', '에이_전용', '전용_목장', '목장_단백', '단백_우유', '우유_전문가', '전문가_고객']",[],,,0,[],1,['추천'],1,긍정,False
blog,2026-04-13,헤드앤숄더 샴푸 사용후기,두피 스케일링 끝판왕 헤드앤숄더 딥클린 샴푸 로 고민 끝 두피 스케일링을 받은 듯 개운함을 선사하는 헤드앤숄더 두피 토탈 솔루션 샴푸 딥클린 을 소개합니다 두피 고민 끝 산뜻함 유지 실제로 여러 사용 후기 를 보면 기존에 사용 하던 샴푸 로 해결되지 않았던,"['스케일링', '끝판왕', '클린', '고민', '스케일링', '선사', '토탈', '솔루션', '클린', '소개', '고민', '유지', '해결']","['스케일링_끝판왕', '끝판왕_클린', '클린_고민', '고민_스케일링', '스케일링_선사', '선사_토탈', '토탈_솔루션', '솔루션_클린', '클린_소개', '소개_고민', '고민_유지', '유지_해결']","['스케일링', '끝판왕', '클린', '고민', '스케일링', '선사', '토탈', '솔루션', '클린', '소개', '고민', '유지', '해결', '스케일링_끝판왕', '끝판왕_클린', '클린_고민', '고민_스케일링', '스케일링_선사', '선사_토탈', '토탈_솔루션', '솔루션_클린', '클린_소개', '소개_고민', '고민_유지', '유지_해결']",[],,,0,[],0,[],0,중립,False
blog,2026-04-13,헤드앤숄더 샴푸 사용후기,두피 묵은 답답함 끝 딥클린의 시원한 해답 헤드앤숄더 유지된다는 후기 가 많습니다 만약 두피 각질이나 비듬으로 인해 스트레스를 받고 계신다면 이 샴푸 의 딥클린 효과를 경험해 보시는 것을 추천합니다 꾸준히 사용 하시면 두피 고민으로부터 벗어나 자신감을,"['클린', '해답', '유지', '각질', '비듬', '스트레스', '클린', '효과', '경험', '고민', '자신감']","['클린_해답', '해답_유지', '유지_각질', '각질_비듬', '비듬_스트레스', '스트레스_클린', '클린_효과', '효과_경험', '경험_고민', '고민_자신감']","['클린', '해답', '유지', '각질', '비듬', '스트레스', '클린', '효과', '경험', '고민', '자신감', '클린_해답', '해답_유지', '유지_각질', '각질_비듬', '비듬_스트레스', '스트레스_클린', '클린_효과', '효과_경험', '경험_고민', '고민_자신감']",[],,,0,[],1,['추천'],1,긍정,False
blog,2026-04-13,헤드앤숄더 샴푸 사용후기,헤드 엔 숄더샴푸 추천 BEST3 비듬 고민 끝 삶의 질 수많은 제품 중에서도 특히 인기가 많고 후기 가 검증된 헤드 엔 숄더샴푸 인기 품목 TOP 3를 꼼꼼하게 비교해 드릴게요 여러분의 두피 상태에 딱 맞는 제품을 찾아보세요 1 헤드앤숄더 클리니컬 스트렝스,"['헤드', '비듬', '고민', '인기', '검증', '헤드', '인기', '품목', '비교', '상태', '클리니컬', '스트렝스']","['헤드_비듬', '비듬_고민', '고민_인기', '인기_검증', '검증_헤드', '헤드_인기', '인기_품목', '품목_비교', '비교_상태', '상태_클리니컬', '클리니컬_스트렝스']","['헤드', '비듬', '고민', '인기', '검증', '헤드', '인기', '품목', '비교', '상태', '클리니컬', '스트렝스', '헤드_비듬', '비듬_고민', '고민_인기', '인기_검증', '검증_헤드', '헤드_인기', '인기_품목', '품목_비교', '비교_상태', '상태_클리니컬', '클리니컬_스트렝스']",[],,,0,[],1,['추천'],1,긍정,False
blog,2026-04-13,헤드앤숄더 샴푸 사용후기,헤드앤숄더 쿨멘솔 샴푸 로 가려운 두피를 시원하게 진정시키기 마지막으로 헤드앤숄더 쿨멘솔 샴푸 는 가격 대비 성능이 우수해 가성비가 뛰어납니다 많은 소비자들이 긍정적인 후기 를 남기고 있으며 실제 사용 후 두피 건강이 개선된 사례도 많습니다 비듬과 가려움으로,"['진정', '마지막', '대비', '성능', '우수', '가성비', '소비자', '긍정', '실제', '건강', '개선', '사례', '비듬']","['진정_마지막', '마지막_대비', '대비_성능', '성능_우수', '우수_가성비', '가성비_소비자', '소비자_긍정', '긍정_실제', '실제_건강', '건강_개선', '개선_사례', '사례_비듬']","['진정', '마지막', '대비', '성능', '우수', '가성비', '소비자', '긍정', '실제', '건강', '개선', '사례', '비듬', '진정_마지막', '마지막_대비', '대비_성능', '성능_우수', '우수_가성비', '가성비_소비자', '소비자_긍정', '긍정_실제', '실제_건강', '건강_개선', '개선_사례', '사례_비듬']",[],,,1,['가려움'],0,[],-1,이탈위험,False
blog,2026-04-13,헤드앤숄더 샴푸 사용후기,쿠팡 골드박스 모음 할인율 대박 상품들 2026 04 13 베베앙 아기 물티슈는 실제 사용 후기 도 매우 긍정적입니다 많은 엄마들이 부드러운 원단과 헤드앤숄더 딥 클린은 두피 각질 제거 효과가 뛰어난 샴푸 입니다 헤드앤숄더 는 여러 가지 장점을,"['골드', '박스', '모음', '아기', '물티슈', '실제', '긍정', '엄마', '원단', '클린', '각질', '제거', '효과', '장점']","['골드_박스', '박스_모음', '모음_아기', '아기_물티슈', '물티슈_실제', '실제_긍정', '긍정_엄마', '엄마_원단', '원단_클린', '클린_각질', '각질_제거', '제거_효과', '효과_장점']","['골드', '박스', '모음', '아기', '물티슈', '실제', '긍정', '엄마', '원단', '클린', '각질', '제거', '효과', '장점', '골드_박스', '박스_모음', '모음_아기', '아기_물티슈', '물티슈_실제', '실제_긍정', '긍정_엄마', '엄마_원단', '원단_클린', '클린_각질', '각질_제거', '제거_효과', '효과_장점']",[],,,0,[],0,[],0,중립,False
blog,2026-04-13,헤드앤숄더 샴푸 사용후기,두피 토탈 솔루션 샴푸 딥클린 850ml 6개 실 사용 후기 효과 헤드앤숄더 특유 성분으로 비듬 가려움 완화 도움 꾸준히 쓰면 확실히 줄어드는 느낌 시원한 사용 감 단점 건성 두피는 건조함 가능 향 호불호 있음 순한 샴푸 는 아님 한줄,"['토탈', '솔루션', '클린', '효과', '특유', '성분', '비듬', '완화', '도움', '느낌', '단점', '건성', '건조', '가능', '호불호']","['토탈_솔루션', '솔루션_클린', '클린_효과', '효과_특유', '특유_성분', '성분_비듬', '비듬_완화', '완화_도움', '도움_느낌', '느낌_단점', '단점_건성', '건성_건조', '건조_가능', '가능_호불호']","['토탈', '솔루션', '클린', '효과', '특유', '성분', '비듬', '완화', '도움', '느낌', '단점', '건성', '건조', '가능', '호불호', '토탈_솔루션', '솔루션_클린', '클린_효과', '효과_특유', '특유_성분', '성분_비듬', '비듬_완화', '완화_도움', '도움_느낌', '느낌_단점', '단점_건성', '건성_건조', '건조_가능', '가능_호불호']",[],,,1,['가려움'],0,[],-1,이탈위험,False
blog,2026-04-13,헤드앤숄더 샴푸 사용후기,헤드앤숄더 지성 샴푸 한달 써본 내돈내산 후기 헤드앤숄더 지성 샴푸 헤드앤숄더 지성 샴푸 로 유명한 제품 사용 해봤어요 저는 지성두피라서 비듬 머리 킹스파워 샴푸 사용 해본 후기 근데 써보니까 느낌이 확 달랐어요 처음 며칠은 솔직히 긴가민가했는데,"['지성', '지성', '유명', '지성두피', '비듬', '킹스', '파워', '느낌', '처음', '며칠']","['지성_지성', '지성_유명', '유명_지성두피', '지성두피_비듬', '비듬_킹스', '킹스_파워', '파워_느낌', '느낌_처음', '처음_며칠']","['지성', '지성', '유명', '지성두피', '비듬', '킹스', '파워', '느낌', '처음', '며칠', '지성_지성', '지성_유명', '유명_지성두피', '지성두피_비듬', '비듬_킹스', '킹스_파워', '파워_느낌', '느낌_처음', '처음_며칠']",[],,,0,[],0,[],0,중립,False
blog,2026-04-12,헤드앤숄더 샴푸 사용후기,지루성두피 샴푸 추천 직접 써본 9가지 비교 유목민 후기 광고 내돈내산 후기 1 Head amp Shoulders 클리니컬 스트렝스 헤드앤숄더 지루성두피 샴푸 로 유명해서 직구까지 해서 사용 간지러움은 확실히 덜한 느낌 있음 근데 드라마틱한 개선은 없음,"['지루', '비교', '유목민', '클리니컬', '스트렝스', '지루성두', '유명', '직구', '느낌', '개선']","['지루_비교', '비교_유목민', '유목민_클리니컬', '클리니컬_스트렝스', '스트렝스_지루성두', '지루성두_유명', '유명_직구', '직구_느낌', '느낌_개선']","['지루', '비교', '유목민', '클리니컬', '스트렝스', '지루성두', '유명', '직구', '느낌', '개선', '지루_비교', '비교_유목민', '유목민_클리니컬', '클리니컬_스트렝스', '스트렝스_지루성두', '지루성두_유명', '유명_직구', '직구_느낌', '느낌_개선']",[],,,0,[],1,['추천'],1,긍정,False
blog,2026-04-11,헤드앤숄더 샴푸 사용후기,방법 식염수팩 에크린 겔 판테놀 연고 두피 가려움 샴푸 추천 3번 썼는데 정말 최고의 샴푸 헤드앤숄더 이름만 알았지 이렇게 제품력이 좋은 줄 정말로 몰랐는데 식염수팩 후기 빠른 진정에 도움 식염수 드레싱 효과 있느냐 가격 대비 효과 있구요 저는 에크린겔 사용 전,"['방법', '식염수', '에크린', '판테놀', '연고', '최고', '제품력', '식염수', '진정', '도움', '식염수', '드레싱', '효과', '대비', '효과', '에크린겔']","['방법_식염수', '식염수_에크린', '에크린_판테놀', '판테놀_연고', '연고_최고', '최고_제품력', '제품력_식염수', '식염수_진정', '진정_도움', '도움_식염수', '식염수_드레싱', '드레싱_효과', '효과_대비', '대비_효과', '효과_에크린겔']","['방법', '식염수', '에크린', '판테놀', '연고', '최고', '제품력', '식염수', '진정', '도움', '식염수', '드레싱', '효과', '대비', '효과', '에크린겔', '방법_식염수', '식염수_에크린', '에크린_판테놀', '판테놀_연고', '연고_최고', '최고_제품력', '제품력_식염수', '식염수_진정', '진정_도움', '도움_식염수', '식염수_드레싱', '드레싱_효과', '효과_대비', '대비_효과', '효과_에크린겔']",[],,,1,['가려움'],1,['추천'],0,중립,False
blog,2026-04-10,헤드앤숄더 샴푸 사용후기,한국 남성이 꼭 써야 하는 탈모 샴푸 추천 건성 각질 비듬형 두피 추천 1 헤드앤숄더 두피 강화형 클리니컬 스트렝스 특징 비듬 각질 개선 밸런싱 샴푸 특징 유분 수분 균형 조절 한국 남성 후기 다수 장기 사용 시 비듬 기름 문제 개선 한국,"['한국', '남성', '탈모', '건성', '각질', '비듬', '강화', '클리니컬', '스트렝스', '특징', '비듬', '각질', '개선', '밸런싱', '특징', '유분', '수분', '균형', '조절', '한국', '남성', '다수', '장기', '비듬', '기름', '문제', '개선', '한국']","['한국_남성', '남성_탈모', '탈모_건성', '건성_각질', '각질_비듬', '비듬_강화', '강화_클리니컬', '클리니컬_스트렝스', '스트렝스_특징', '특징_비듬', '비듬_각질', '각질_개선', '개선_밸런싱', '밸런싱_특징', '특징_유분', '유분_수분', '수분_균형', '균형_조절', '조절_한국', '한국_남성', '남성_다수', '다수_장기', '장기_비듬', '비듬_기름', '기름_문제', '문제_개선', '개선_한국']","['한국', '남성', '탈모', '건성', '각질', '비듬', '강화', '클리니컬', '스트렝스', '특징', '비듬', '각질', '개선', '밸런싱', '특징', '유분', '수분', '균형', '조절', '한국', '남성', '다수', '장기', '비듬', '기름', '문제', '개선', '한국', '한국_남성', '남성_탈모', '탈모_건성', '건성_각질', '각질_비듬', '비듬_강화', '강화_클리니컬', '클리니컬_스트렝스', '스트렝스_특징', '특징_비듬', '비듬_각질', '각질_개선', '개선_밸런싱', '밸런싱_특징', '특징_유분', '유분_수분', '수분_균형', '균형_조절', '조절_한국', '한국_남성', '남성_다수', '다수_장기', '장기_비듬', '비듬_기름', '기름_문제', '문제_개선', '개선_한국']",[],,,0,[],1,['추천'],1,긍정,False
blog,2026-04-10,헤드앤숄더 샴푸 사용후기,헤드앤숄더 비듬 샴푸 병행관리 비듬러의 변화 후기 이렇게 후기 를 적어볼게요 이 브랜드 샴푸 한번도 안써본 분들은 아마 없을거라고 생각하는데요 쿨링감까지 원해서 저는 사용 중인데 정말 대 만족중 격일 또는 애벌 샴푸 로 헤드앤숄더 비듬 샴푸 와,"['비듬', '병행', '관리', '비듬러', '변화', '쿨링감', '만족', '격일', '애벌', '비듬']","['비듬_병행', '병행_관리', '관리_비듬러', '비듬러_변화', '변화_쿨링감', '쿨링감_만족', '만족_격일', '격일_애벌', '애벌_비듬']","['비듬', '병행', '관리', '비듬러', '변화', '쿨링감', '만족', '격일', '애벌', '비듬', '비듬_병행', '병행_관리', '관리_비듬러', '비듬러_변화', '변화_쿨링감', '쿨링감_만족', '만족_격일', '격일_애벌', '애벌_비듬']",[],,,0,[],0,[],0,중립,False
blog,2026-04-10,헤드앤숄더 샴푸 사용후기,요즘 쓰는 샴푸 후기 헤드앤숄더 가려운 두피 케어 1 2L 사용 요즘 쓰는 샴푸 후기 헤드앤숄더 가려운 두피 케어 1 2L 사용후기 두피 가려움 샴푸 추천 요즘 날씨 바뀌면서 그런지 두피가 계속 간지럽더라구요 원래 이런 적 거의 없었는데 갑자기 비듬도,"['케어', '케어', '날씨', '비듬']","['케어_케어', '케어_날씨', '날씨_비듬']","['케어', '케어', '날씨', '비듬', '케어_케어', '케어_날씨', '날씨_비듬']",[],,,1,['가려움'],1,['추천'],0,중립,False
blog,2026-04-09,헤드앤숄더 샴푸 사용후기,결산 코덕이 끝까지 쓴 제품들 재구매템 비추천 솔직 후기 헤어 amp 바디 amp 클렌징 공병템 헤드 amp 숄더 두피 토탈 솔루션 가려운 두피 케어 샴푸 두피 가려움이랑 탈모완화용으로 사용 위의 헤드앤숄더 샴푸 를 일주일에 5 6번 사용 한다면 해당 샴푸 는 일주일에 1 2번 사용,"['결산', '바디', '클렌징', '공병', '헤드', '토탈', '솔루션', '케어', '탈모', '완화', '일주일', '해당', '일주일']","['결산_바디', '바디_클렌징', '클렌징_공병', '공병_헤드', '헤드_토탈', '토탈_솔루션', '솔루션_케어', '케어_탈모', '탈모_완화', '완화_일주일', '일주일_해당', '해당_일주일']","['결산', '바디', '클렌징', '공병', '헤드', '토탈', '솔루션', '케어', '탈모', '완화', '일주일', '해당', '일주일', '결산_바디', '바디_클렌징', '클렌징_공병', '공병_헤드', '헤드_토탈', '토탈_솔루션', '솔루션_케어', '케어_탈모', '탈모_완화', '완화_일주일', '일주일_해당', '해당_일주일']",[],,,1,['가려움'],2,"['재구매', '추천']",1,긍정,False
blog,2026-04-08,헤드앤숄더 샴푸 사용후기,헤드앤숄더 클리니컬 스트렝스 오일 컨트롤 비듬 샴푸 내돈내산 모발 샴푸 를 썼어요 일주일에 2 3번 쓰면 될 것 같아요 꿀팁 사용 법 주 2 3회 사용 데일리 샴푸 가 헤드앤숄더 클리니컬스트렝스 비듬 샴푸 추천 지루성두피염 샴푸 내돈내산 후기 헤드앤숄더 주황색,"['클리니컬', '스트렝스', '오일', '컨트롤', '비듬', '모발', '일주일', '데일리', '클리니컬스트렝스', '비듬', '지루성두피염', '주황색']","['클리니컬_스트렝스', '스트렝스_오일', '오일_컨트롤', '컨트롤_비듬', '비듬_모발', '모발_일주일', '일주일_데일리', '데일리_클리니컬스트렝스', '클리니컬스트렝스_비듬', '비듬_지루성두피염', '지루성두피염_주황색']","['클리니컬', '스트렝스', '오일', '컨트롤', '비듬', '모발', '일주일', '데일리', '클리니컬스트렝스', '비듬', '지루성두피염', '주황색', '클리니컬_스트렝스', '스트렝스_오일', '오일_컨트롤', '컨트롤_비듬', '비듬_모발', '모발_일주일', '일주일_데일리', '데일리_클리니컬스트렝스', '클리니컬스트렝스_비듬', '비듬_지루성두피염', '지루성두피염_주황색']",[],,,0,[],1,['추천'],1,긍정,False
blog,2026-04-08,헤드앤숄더 샴푸 사용후기,샴푸 후기 세보 샴푸 amp 세이브스칼프 스프레이 40일 사용 기 나의 샴푸 루틴이다 니조랄 amp 헤드앤숄더 클리니컬 스트렝스 주 2 4회 사용 특히 헤드앤숄더 주황색 병원 사온 샴푸 스프레디 사용 후기 병원에서 받아온 제품들을 40일간 써봤다 스카칼프마스터,"['세이브스칼프', '스프레이', '루틴', '니조랄', '클리니컬', '스트렝스', '주황색', '병원', '스프', '레디', '병원', '스카칼프', '마스터']","['세이브스칼프_스프레이', '스프레이_루틴', '루틴_니조랄', '니조랄_클리니컬', '클리니컬_스트렝스', '스트렝스_주황색', '주황색_병원', '병원_스프', '스프_레디', '레디_병원', '병원_스카칼프', '스카칼프_마스터']","['세이브스칼프', '스프레이', '루틴', '니조랄', '클리니컬', '스트렝스', '주황색', '병원', '스프', '레디', '병원', '스카칼프', '마스터', '세이브스칼프_스프레이', '스프레이_루틴', '루틴_니조랄', '니조랄_클리니컬', '클리니컬_스트렝스', '스트렝스_주황색', '주황색_병원', '병원_스프', '스프_레디', '레디_병원', '병원_스카칼프', '스카칼프_마스터']",[],,,1,['니조랄'],0,[],-1,이탈위험,True
blog,2026-04-07,헤드앤숄더 샴푸 사용후기,헤드앤숄더 차콜 샴푸 800ml 2개 사용후기 800ml 2개 구성이라 넉넉하고 실속 있게 사용 할 수 있습니다 거품과 향이 무난해서 데일리 샴푸 로 쓰기 편합니다 헤드앤숄더 차콜 샴푸 두피 샴푸 대용량 샴푸 가성비 샴푸 데일리 샴푸 상쾌한 샴푸 샴푸 추천,"['구성', '실속', '거품', '데일리', '용량', '가성비', '데일리']","['구성_실속', '실속_거품', '거품_데일리', '데일리_용량', '용량_가성비', '가성비_데일리']","['구성', '실속', '거품', '데일리', '용량', '가성비', '데일리', '구성_실속', '실속_거품', '거품_데일리', '데일리_용량', '용량_가성비', '가성비_데일리']",[],,,0,[],1,['추천'],1,긍정,False
blog,2026-04-07,헤드앤숄더 샴푸 사용후기,헤드앤숄더 비듬 샴푸 제대로된 병행 관리 TIP 하루종일 쌓인 피지 및 노폐물 땀이 많은 날에 기본적인 세정을 확실히 하는 느낌이고 2번 사용 하면 전체적으로 볼 때 헤드앤숄더 샴푸 후기 의 경우 비듬 각질 가려음 같이 두피에 자주 생기는 문제를,"['비듬', '병행', '관리', '하루', '종일', '피지', '노폐물', '기본', '세정', '느낌', '전체', '비듬', '각질', '문제']","['비듬_병행', '병행_관리', '관리_하루', '하루_종일', '종일_피지', '피지_노폐물', '노폐물_기본', '기본_세정', '세정_느낌', '느낌_전체', '전체_비듬', '비듬_각질', '각질_문제']","['비듬', '병행', '관리', '하루', '종일', '피지', '노폐물', '기본', '세정', '느낌', '전체', '비듬', '각질', '문제', '비듬_병행', '병행_관리', '관리_하루', '하루_종일', '종일_피지', '피지_노폐물', '노폐물_기본', '기본_세정', '세정_느낌', '느낌_전체', '전체_비듬', '비듬_각질', '각질_문제']",[],,,0,[],0,[],0,중립,False
blog,2026-04-06,헤드앤숄더 샴푸 사용후기,쿠팡리뷰 헤드앤숄더 두피 토탈 솔루션 샴푸 쿨 멘솔 1 2L 1개 솔직 후기 평소 두피가 예민한 편이라 비듬과 가려움이 고민이었는데 두피 케어용 샴푸 라서 기대하고 사용 해봤어요 멘솔 타입이라 샴푸 할 때 시원한 쿨링감이 확 느껴져서 특히 운동 후에 사용 하기,"['리뷰', '토탈', '솔루션', '평소', '비듬', '고민', '케어', '기대', '멘솔', '타입', '운동']","['리뷰_토탈', '토탈_솔루션', '솔루션_평소', '평소_비듬', '비듬_고민', '고민_케어', '케어_기대', '기대_멘솔', '멘솔_타입', '타입_운동']","['리뷰', '토탈', '솔루션', '평소', '비듬', '고민', '케어', '기대', '멘솔', '타입', '운동', '리뷰_토탈', '토탈_솔루션', '솔루션_평소', '평소_비듬', '비듬_고민', '고민_케어', '케어_기대', '기대_멘솔', '멘솔_타입', '타입_운동']",[],,,1,['가려움'],0,[],-1,이탈위험,False
blog,2026-04-05,헤드앤숄더 샴푸 사용후기,비듬제거빗 찾다가 정착한 비듬 클리너 참빗 솔직 후기 처음엔 당연히 샴푸 문제라고 생각했어요 비듬 샴푸 로 바꾸면 해결되겠지 싶어서 헤드앤숄더 도 써봤고 실제로 써보니 이런 점이 달랐어요 샴푸 전에 비듬클리너 사용 해서 가볍게 두피를 빗어준 다음 머리를,"['비듬', '제거', '정착', '비듬', '클리너', '처음', '문제', '비듬', '해결', '비듬', '클리너', '다음']","['비듬_제거', '제거_정착', '정착_비듬', '비듬_클리너', '클리너_처음', '처음_문제', '문제_비듬', '비듬_해결', '해결_비듬', '비듬_클리너', '클리너_다음']","['비듬', '제거', '정착', '비듬', '클리너', '처음', '문제', '비듬', '해결', '비듬', '클리너', '다음', '비듬_제거', '제거_정착', '정착_비듬', '비듬_클리너', '클리너_처음', '처음_문제', '문제_비듬', '비듬_해결', '해결_비듬', '비듬_클리너', '클리너_다음']",[],,,0,[],1,['정착'],1,긍정,False
blog,2026-04-05,헤드앤숄더 샴푸 사용후기,두피 토탈 솔루션 샴푸 애플 프레쉬 상쾌한 향 사용 하기 편한 제품 편리한 기능 헤드앤숄더 두피 토탈 솔루션 샴푸 애플 프레쉬 상쾌한 향 사용 하기 편한 제품 헤드앤숄더 애플프레쉬 샴푸 850ml X 3개 개인 테스트 후기 효과 진짜 좋아요 저는 피부가 예민해서 향이,"['토탈', '솔루션', '애플', '프레쉬', '편리', '기능', '토탈', '솔루션', '애플', '프레쉬', '애플프레쉬', '개인', '테스트', '효과', '피부']","['토탈_솔루션', '솔루션_애플', '애플_프레쉬', '프레쉬_편리', '편리_기능', '기능_토탈', '토탈_솔루션', '솔루션_애플', '애플_프레쉬', '프레쉬_애플프레쉬', '애플프레쉬_개인', '개인_테스트', '테스트_효과', '효과_피부']","['토탈', '솔루션', '애플', '프레쉬', '편리', '기능', '토탈', '솔루션', '애플', '프레쉬', '애플프레쉬', '개인', '테스트', '효과', '피부', '토탈_솔루션', '솔루션_애플', '애플_프레쉬', '프레쉬_편리', '편리_기능', '기능_토탈', '토탈_솔루션', '솔루션_애플', '애플_프레쉬', '프레쉬_애플프레쉬', '애플프레쉬_개인', '개인_테스트', '테스트_효과', '효과_피부']",[],,,0,[],0,[],0,중립,False
blog,2026-04-04,헤드앤숄더 샴푸 사용후기,헤드앤숄더 클리니컬 스트렝스 지성 두피 샴푸 추천 subId 13652930 지긋지긋한 지성 두피의 비듬과 유분을 한번에 잡아주는 강력한 솔루션 헤드앤숄더 클리니컬 스트렝스 오일컨트롤 샴푸 사용 후기 날씨가 조금만 더워져도 슬슬 걱정되는 게 있죠 바로 오후만,"['클리니컬', '스트렝스', '지성', '지성', '비듬', '유분', '솔루션', '클리니컬', '스트렝스', '오일', '컨트롤', '날씨', '조금', '걱정', '오후']","['클리니컬_스트렝스', '스트렝스_지성', '지성_지성', '지성_비듬', '비듬_유분', '유분_솔루션', '솔루션_클리니컬', '클리니컬_스트렝스', '스트렝스_오일', '오일_컨트롤', '컨트롤_날씨', '날씨_조금', '조금_걱정', '걱정_오후']","['클리니컬', '스트렝스', '지성', '지성', '비듬', '유분', '솔루션', '클리니컬', '스트렝스', '오일', '컨트롤', '날씨', '조금', '걱정', '오후', '클리니컬_스트렝스', '스트렝스_지성', '지성_지성', '지성_비듬', '비듬_유분', '유분_솔루션', '솔루션_클리니컬', '클리니컬_스트렝스', '스트렝스_오일', '오일_컨트롤', '컨트롤_날씨', '날씨_조금', '조금_걱정', '걱정_오후']",[],,,0,[],1,['추천'],1,긍정,False
blog,2026-04-03,헤드앤숄더 샴푸 사용후기,머리 계속 가려운 사람들 이거 쓰면 달라집니다 맞춰 샴푸 를 골라 쓰는 것이 매우 중요합니다 오늘은 수많은 후기 로 검증된 쿠팡 가려운 두피 amp 탈모 비듬 amp 쿨링 종결 헤드앤숄더 토탈 솔루션 가려운 두피 케어 샴푸 1 2L 2개 답답한 두피를 뻥 뚫어주는,"['중요', '검증', '탈모', '비듬', '종결', '토탈', '솔루션', '케어']","['중요_검증', '검증_탈모', '탈모_비듬', '비듬_종결', '종결_토탈', '토탈_솔루션', '솔루션_케어']","['중요', '검증', '탈모', '비듬', '종결', '토탈', '솔루션', '케어', '중요_검증', '검증_탈모', '탈모_비듬', '비듬_종결', '종결_토탈', '토탈_솔루션', '솔루션_케어']",[],,,0,[],0,[],0,중립,False
blog,2026-04-03,헤드앤숄더 샴푸 사용후기,헤드앤숄더 비듬 샴푸 이거 하나만 쓰겠다고요 헤드앤숄더 비듬 샴푸 대신 이 헤어 토닉을 사용 했을 때 시원하게 온도도 같이 줄어들면서 영양감이 보이지 않을 정도로 많이 깔끔해졌는데요 이상 비듬 관리 후기 마무리할게요,"['비듬', '비듬', '대신', '토닉', '온도', '영양', '이상', '비듬', '관리', '마무리']","['비듬_비듬', '비듬_대신', '대신_토닉', '토닉_온도', '온도_영양', '영양_이상', '이상_비듬', '비듬_관리', '관리_마무리']","['비듬', '비듬', '대신', '토닉', '온도', '영양', '이상', '비듬', '관리', '마무리', '비듬_비듬', '비듬_대신', '대신_토닉', '토닉_온도', '온도_영양', '영양_이상', '이상_비듬', '비듬_관리', '관리_마무리']",[],,,1,['대신'],0,[],-1,이탈위험,False
blog,2026-04-03,헤드앤숄더 샴푸 사용후기,아로마티카 샴푸 ts 비듬 브러쉬 헤드앤숄더 아로마티카 샴푸 ts 비듬 브러쉬 헤드앤숄더 아로마티카의 샴푸 사용 후기 최근에 아로마티카의 샴푸 를 사용 해보게 되었는데요 비듬 문제로 고민하시는 분들에게 정말 추천하고,"['아로마', '비듬', '브러쉬', '아로마', '비듬', '브러쉬', '아로마티카', '아로마티카', '비듬', '문제', '고민']","['아로마_비듬', '비듬_브러쉬', '브러쉬_아로마', '아로마_비듬', '비듬_브러쉬', '브러쉬_아로마티카', '아로마티카_아로마티카', '아로마티카_비듬', '비듬_문제', '문제_고민']","['아로마', '비듬', '브러쉬', '아로마', '비듬', '브러쉬', '아로마티카', '아로마티카', '비듬', '문제', '고민', '아로마_비듬', '비듬_브러쉬', '브러쉬_아로마', '아로마_비듬', '비듬_브러쉬', '브러쉬_아로마티카', '아로마티카_아로마티카', '아로마티카_비듬', '비듬_문제', '문제_고민']",[],,,0,[],1,['추천'],1,긍정,False
blog,2026-04-02,헤드앤숄더 샴푸 사용후기,비듬 샴푸 헤드앤숄더 가려운 두피케어 샴푸 850ml 민감성 민감한 두피를 위한 활용법 헤드앤숄더 가려운 두피케어 샴푸 를 민감한 두피에 효과적으로 사용 하려 특히 지루성 두피염으로 고생하는 분들도 가려움 진정에 도움을 받았다는 후기 들이 눈에 띄어요,"['비듬', '케어', '활용법', '케어', '효과', '지루', '고생', '진정', '도움']","['비듬_케어', '케어_활용법', '활용법_케어', '케어_효과', '효과_지루', '지루_고생', '고생_진정', '진정_도움']","['비듬', '케어', '활용법', '케어', '효과', '지루', '고생', '진정', '도움', '비듬_케어', '케어_활용법', '활용법_케어', '케어_효과', '효과_지루', '지루_고생', '고생_진정', '진정_도움']",[],,,1,['가려움'],0,[],-1,이탈위험,False
blog,2026-04-02,헤드앤숄더 샴푸 사용후기,초등학생 정수리 냄새 샴푸 추천 후기 브랜드의 샴푸 를 써봤어요 마트에서 쉽게 구매할 수 있는 헤드앤숄더 케라시스 닥터그루트부터 로마 아이들 사용 후기 정수리 냄새 두피 유분 기존 단백질 샴푸 사용 중 두피 유분감 있는 모습 아이들,"['초등학생', '정수리', '냄새', '마트', '케라시스', '닥터그루트', '로마', '아이', '정수리', '냄새', '유분', '단백질', '유분', '모습', '아이']","['초등학생_정수리', '정수리_냄새', '냄새_마트', '마트_케라시스', '케라시스_닥터그루트', '닥터그루트_로마', '로마_아이', '아이_정수리', '정수리_냄새', '냄새_유분', '유분_단백질', '단백질_유분', '유분_모습', '모습_아이']","['초등학생', '정수리', '냄새', '마트', '케라시스', '닥터그루트', '로마', '아이', '정수리', '냄새', '유분', '단백질', '유분', '모습', '아이', '초등학생_정수리', '정수리_냄새', '냄새_마트', '마트_케라시스', '케라시스_닥터그루트', '닥터그루트_로마', '로마_아이', '아이_정수리', '정수리_냄새', '냄새_유분', '유분_단백질', '단백질_유분', '유분_모습', '모습_아이']",[],,,0,[],1,['추천'],1,긍정,False
blog,2026-04-02,헤드앤숄더 샴푸 사용후기,헤드앤숄더 오일컨트롤 지성 샴푸 써본 진짜 후기 헤드앤숄더 지성 샴푸 로 유명한 헤드앤숄더 오일컨트롤 사용 해봤어요 지성두피 헤드 핸 숄더 지성 샴푸 사용 저는 지성두피예요 비듬이나 두피에 기름기가 느껴지는게 싫어서 헤드앤숄더 지성 샴푸 를 얼마전까지,"['오일', '컨트롤', '지성', '지성', '유명', '오일', '컨트롤', '지성', '헤드', '숄더', '지성', '지성두피', '비듬', '기름', '지성', '얼마']","['오일_컨트롤', '컨트롤_지성', '지성_지성', '지성_유명', '유명_오일', '오일_컨트롤', '컨트롤_지성', '지성_헤드', '헤드_숄더', '숄더_지성', '지성_지성두피', '지성두피_비듬', '비듬_기름', '기름_지성', '지성_얼마']","['오일', '컨트롤', '지성', '지성', '유명', '오일', '컨트롤', '지성', '헤드', '숄더', '지성', '지성두피', '비듬', '기름', '지성', '얼마', '오일_컨트롤', '컨트롤_지성', '지성_지성', '지성_유명', '유명_오일', '오일_컨트롤', '컨트롤_지성', '지성_헤드', '헤드_숄더', '숄더_지성', '지성_지성두피', '지성두피_비듬', '비듬_기름', '기름_지성', '지성_얼마']",[],,,0,[],0,[],0,중립,False
blog,2026-03-31,헤드앤숄더 샴푸 사용후기,내돈내산 헤드앤숄더 오일컨트롤 샴푸 후기 내돈내산 헤드앤숄더 오일컨트롤 샴푸 후기 슬슬 날도 풀리면서 얼굴에 기름지는데 두피도 기름져서 끈적이고 제대로 안씻으면 손이 기름져서 앞머리 더 떡지니 샴푸 로 손씻는데 이번에 헤드앤 숄도,"['오일', '컨트롤', '오일', '컨트롤', '얼굴', '기름', '앞머리', '떡지니', '이번', '헤드']","['오일_컨트롤', '컨트롤_오일', '오일_컨트롤', '컨트롤_얼굴', '얼굴_기름', '기름_앞머리', '앞머리_떡지니', '떡지니_이번', '이번_헤드']","['오일', '컨트롤', '오일', '컨트롤', '얼굴', '기름', '앞머리', '떡지니', '이번', '헤드', '오일_컨트롤', '컨트롤_오일', '오일_컨트롤', '컨트롤_얼굴', '얼굴_기름', '기름_앞머리', '앞머리_떡지니', '떡지니_이번', '이번_헤드']",[],,,0,[],0,[],0,중립,False
blog,2026-03-30,헤드앤숄더 샴푸 사용후기,지루성 두피염 치료 후기 병원 처방 세이브 스칼프 2종 받았어요ㅠ 헤드앤숄더 녹차실감 샴푸 를 써봤지만 해결이 안 돼서 결국 병원에 방문했고 먹는 약과 lt 스칼프 샴푸 사용 방법 gt 이 제품은 일반 샴푸 처럼 거품 내고 바로 헹구면 효과가 떨어진다고 해요,"['지루', '치료', '병원', '처방', '세이브', '스칼프', '녹차실감', '해결', '병원', '방문', '스칼프', '방법', '일반', '거품', '효과']","['지루_치료', '치료_병원', '병원_처방', '처방_세이브', '세이브_스칼프', '스칼프_녹차실감', '녹차실감_해결', '해결_병원', '병원_방문', '방문_스칼프', '스칼프_방법', '방법_일반', '일반_거품', '거품_효과']","['지루', '치료', '병원', '처방', '세이브', '스칼프', '녹차실감', '해결', '병원', '방문', '스칼프', '방법', '일반', '거품', '효과', '지루_치료', '치료_병원', '병원_처방', '처방_세이브', '세이브_스칼프', '스칼프_녹차실감', '녹차실감_해결', '해결_병원', '병원_방문', '방문_스칼프', '스칼프_방법', '방법_일반', '일반_거품', '거품_효과']",[],,,0,[],0,[],0,중립,False
blog,2026-03-30,헤드앤숄더 샴푸 사용후기,샴푸 추천 헤드앤숄더 프로페셔널 유칼립투스 내돈내산 사용후기 헤드앤 숄더 프로페셔널은 데일리로 쓰면서도 의약품에 준하는 가려움 완화 효과를 주기 때문에 유명합니다 저도 사실 기대 없이 구매했었는데 사용 을 하고 효과를 보게 되니 확실히 일반 샴푸 와는 결이,"['프로페셔널', '유칼립투스', '헤드앤', '숄더', '프로페셔널', '데일리', '의약품', '완화', '효과', '유명', '기대', '효과', '일반']","['프로페셔널_유칼립투스', '유칼립투스_헤드앤', '헤드앤_숄더', '숄더_프로페셔널', '프로페셔널_데일리', '데일리_의약품', '의약품_완화', '완화_효과', '효과_유명', '유명_기대', '기대_효과', '효과_일반']","['프로페셔널', '유칼립투스', '헤드앤', '숄더', '프로페셔널', '데일리', '의약품', '완화', '효과', '유명', '기대', '효과', '일반', '프로페셔널_유칼립투스', '유칼립투스_헤드앤', '헤드앤_숄더', '숄더_프로페셔널', '프로페셔널_데일리', '데일리_의약품', '의약품_완화', '완화_효과', '효과_유명', '유명_기대', '기대_효과', '효과_일반']",[],,,1,['가려움'],1,['추천'],0,중립,False
blog,2026-03-29,헤드앤숄더 샴푸 사용후기,헤드앤숄더 쿨멘솔 샴푸 두피 가려움 해결 후기 헤드앤숄더 쿨멘솔 샴푸 두피 가려움 해결 후기 안녕하세요 여러분 오늘은 제가 정말 꾸준히 몇 달 동안 사용 해보고 너무 좋아서 강력 추천하고 싶은 제품이 있어서 호다닥 달려왔어요 바로 헤드앤숄더,"['해결', '해결', '동안', '강력', '호다닥']","['해결_해결', '해결_동안', '동안_강력', '강력_호다닥']","['해결', '해결', '동안', '강력', '호다닥', '해결_해결', '해결_동안', '동안_강력', '강력_호다닥']",[],,,1,['가려움'],1,['추천'],0,중립,False
blog,2026-03-29,헤드앤숄더 샴푸 사용후기,헤드앤숄더 850ml 쿨멘솔 샴푸 사용 후기 헤드앤숄더 850ml 쿨멘솔 샴푸 사용 후기 특징으로 꼽히는 쿨멘솔 샴푸 는 두피를 시원하게 하는 효과가 좋아요 특히 여름철이나 땀이 많을 때 더 유용하더라구요 헤드앤숄더 850ml 쿨멘솔 샴푸 는 대용량이라,"['특징', '효과', '여름철', '유용', '용량']","['특징_효과', '효과_여름철', '여름철_유용', '유용_용량']","['특징', '효과', '여름철', '유용', '용량', '특징_효과', '효과_여름철', '여름철_유용', '유용_용량']",[],,,0,[],0,[],0,중립,False
blog,2026-03-29,헤드앤숄더 샴푸 사용후기,헤드앤숄더 토탈 솔루션 가려운두피케어 샴푸 두피가 계속 간질간질해서 헤드앤숄더 가려운 두피 케어 샴푸 유칼립투스 향 입니다 실제로 사용 해보 사용 후기 핵심 1 가려움 개선 효과 이건 확실히 체감됩니다 머리 감고 나면,"['토탈', '솔루션', '케어', '케어', '유칼립투스', '핵심', '개선', '효과', '체감']","['토탈_솔루션', '솔루션_케어', '케어_케어', '케어_유칼립투스', '유칼립투스_핵심', '핵심_개선', '개선_효과', '효과_체감']","['토탈', '솔루션', '케어', '케어', '유칼립투스', '핵심', '개선', '효과', '체감', '토탈_솔루션', '솔루션_케어', '케어_케어', '케어_유칼립투스', '유칼립투스_핵심', '핵심_개선', '개선_효과', '효과_체감']",[],,,1,['가려움'],0,[],-1,이탈위험,False
blog,2026-03-28,헤드앤숄더 샴푸 사용후기,헤드앤숄더 쿨멘솔 가려움 탈출 후기 헤드앤숄더 쿨멘솔 가려움 탈출 후기 안녕하세요 여러분 오늘은 정말 정말 소개하고 싶었던 제품이 있어서 들고 왔어요 바로 헤드앤숄더 쿨멘솔 샴푸 인데요 N개월 넘게 사용 해보니 이거 진짜 없으면 안,"['쿨멘솔', '탈출', '쿨멘솔', '탈출', '소개']","['쿨멘솔_탈출', '탈출_쿨멘솔', '쿨멘솔_탈출', '탈출_소개']","['쿨멘솔', '탈출', '쿨멘솔', '탈출', '소개', '쿨멘솔_탈출', '탈출_쿨멘솔', '쿨멘솔_탈출', '탈출_소개']",[],,,1,['가려움'],0,[],-1,이탈위험,False
blog,2026-03-28,헤드앤숄더 샴푸 사용후기,비듬 샴푸 추천 어깨 위 하얀 vs 올리브영 샴푸 완벽 가이드 오늘은 지성 비듬과 건성 비듬의 차이부터 약국용 케토코나졸 샴푸 의 진짜 사용 법까지 어깨 위 하얀 사용 가능 심한 지루성 피부염에는 한계 4 직구 필수템 헤드앤숄더 클리니컬 스트렝스 보라색 후기,"['비듬', '어깨', '올리브', '완벽', '가이드', '지성', '비듬', '건성', '비듬', '차이', '케토코나졸', '어깨', '가능', '지루', '피부염', '한계', '직구', '필수', '클리니컬', '스트렝스']","['비듬_어깨', '어깨_올리브', '올리브_완벽', '완벽_가이드', '가이드_지성', '지성_비듬', '비듬_건성', '건성_비듬', '비듬_차이', '차이_케토코나졸', '케토코나졸_어깨', '어깨_가능', '가능_지루', '지루_피부염', '피부염_한계', '한계_직구', '직구_필수', '필수_클리니컬', '클리니컬_스트렝스']","['비듬', '어깨', '올리브', '완벽', '가이드', '지성', '비듬', '건성', '비듬', '차이', '케토코나졸', '어깨', '가능', '지루', '피부염', '한계', '직구', '필수', '클리니컬', '스트렝스', '비듬_어깨', '어깨_올리브', '올리브_완벽', '완벽_가이드', '가이드_지성', '지성_비듬', '비듬_건성', '건성_비듬', '비듬_차이', '차이_케토코나졸', '케토코나졸_어깨', '어깨_가능', '가능_지루', '지루_피부염', '피부염_한계', '한계_직구', '직구_필수', '필수_클리니컬', '클리니컬_스트렝스']",[],,,0,[],1,['추천'],1,긍정,False
blog,2026-03-27,헤드앤숄더 샴푸 사용후기,헤드앤숄더 샴푸 BEST 3 가려운 두피 완벽 케어 추천 매일 사용 하기에도 부담 없답니다 지금 바로 확인해보세요 헤드앤숄더 딥클린 샴푸 850ml x 꾸준히 사용 하면 두피 기름기가 줄어들고 비듬 발생도 확실히 줄어든다는 후기 가 많아요 저도,"['완벽', '케어', '부담', '확인', '클린', '기름', '비듬', '발생']","['완벽_케어', '케어_부담', '부담_확인', '확인_클린', '클린_기름', '기름_비듬', '비듬_발생']","['완벽', '케어', '부담', '확인', '클린', '기름', '비듬', '발생', '완벽_케어', '케어_부담', '부담_확인', '확인_클린', '클린_기름', '기름_비듬', '비듬_발생']",[],,,0,[],1,['추천'],1,긍정,False
blog,2026-03-27,헤드앤숄더 샴푸 사용후기,두피 가려움 해결 헤드앤숄더 가려운 두피 케어 후기 지금까지 헤드앤숄더 샴푸 를 사용 중이에요 아무래도 여학생이다보니 교복을 입으면 비듬이 떨어질수가 있는데 이거를 사용 하면 간지럽지도 않아서 비듬 발생도 낮에는 없다고해요 헤드앤숄더 에는 맞춤별,"['해결', '케어', '지금', '여학생', '교복', '비듬', '비듬', '발생', '맞춤']","['해결_케어', '케어_지금', '지금_여학생', '여학생_교복', '교복_비듬', '비듬_비듬', '비듬_발생', '발생_맞춤']","['해결', '케어', '지금', '여학생', '교복', '비듬', '비듬', '발생', '맞춤', '해결_케어', '케어_지금', '지금_여학생', '여학생_교복', '교복_비듬', '비듬_비듬', '비듬_발생', '발생_맞춤']",[],,,1,['가려움'],0,[],-1,이탈위험,False
blog,2026-03-26,헤드앤숄더 샴푸 사용후기,건성 각질 두피 헤어케어템 추천 VS 비추천 제품 광고 아닌 찐 후기 들고 왔어요 저는 비듬보다는 각질이 많이 일어나는 건조한 두피를 가지고 있어요 유명한 헤드앤숄더 샴푸 좋다고 해서 구매해 봤는데요 솔직히 이거는 비듬이 많이 생기는 분들이 사용,"['건성', '각질', '헤어케어템', '비듬', '각질', '건조', '유명', '비듬']","['건성_각질', '각질_헤어케어템', '헤어케어템_비듬', '비듬_각질', '각질_건조', '건조_유명', '유명_비듬']","['건성', '각질', '헤어케어템', '비듬', '각질', '건조', '유명', '비듬', '건성_각질', '각질_헤어케어템', '헤어케어템_비듬', '비듬_각질', '각질_건조', '건조_유명', '유명_비듬']",[],,,0,[],1,['추천'],1,긍정,False
blog,2026-03-26,헤드앤숄더 샴푸 사용후기,올리브영 골드의 내돈내산 진심담은 후기 아님 헤드앤숄더 쿨멘솔 샴푸 여름에 이놈 없음 안됨 내 두피 남극만들어줌 ㄳ해요 미쟝센 이쯤에서 마무리 합니다 자세한 사용 후기 가 궁금하시면 댓글 남겨주세요 읽어주셔서 감사합니다,"['올리브', '골드', '진심', '여름', '남극', '해요', '미쟝센', '이쯤', '마무리', '댓글', '감사']","['올리브_골드', '골드_진심', '진심_여름', '여름_남극', '남극_해요', '해요_미쟝센', '미쟝센_이쯤', '이쯤_마무리', '마무리_댓글', '댓글_감사']","['올리브', '골드', '진심', '여름', '남극', '해요', '미쟝센', '이쯤', '마무리', '댓글', '감사', '올리브_골드', '골드_진심', '진심_여름', '여름_남극', '남극_해요', '해요_미쟝센', '미쟝센_이쯤', '이쯤_마무리', '마무리_댓글', '댓글_감사']",[],,,0,[],0,[],0,중립,False
blog,2026-03-26,헤드앤숄더 샴푸 사용후기,헤드앤숄더 쿨멘솔 샴푸 가려운 두피에 시원한 진정 효과가 요즘 두피가 자꾸 간지럽고 불편해서 헤드앤숄더 쿨멘솔 샴푸 를 사용 해봤어요 평소 가려움 때문에 고생하는 분들에게 도움이 될까 싶어서 소개해드리려고 해요 직접 써본 후기 로 간단하게 장점을,"['진정', '효과', '불편', '쿨멘솔', '평소', '고생', '도움', '소개', '장점']","['진정_효과', '효과_불편', '불편_쿨멘솔', '쿨멘솔_평소', '평소_고생', '고생_도움', '도움_소개', '소개_장점']","['진정', '효과', '불편', '쿨멘솔', '평소', '고생', '도움', '소개', '장점', '진정_효과', '효과_불편', '불편_쿨멘솔', '쿨멘솔_평소', '평소_고생', '고생_도움', '도움_소개', '소개_장점']",[],,,1,['가려움'],0,[],-1,이탈위험,False
blog,2026-03-25,헤드앤숄더 샴푸 사용후기,헤드앤숄더 쿨 멘솔 샴푸 1 2L 솔직 후기 두피 냄새 비듬 헤드앤숄더 쿨 멘솔 샴푸 1 2L 솔직 후기 여름만 되면 두피가 답답하고 땀이 차면서 가려움까지 사용 해보면 느껴지는 특징 1 바르는 순간 시원함 폭발 멘솔 성분 덕분에 샴푸 하는 동안 두피가 확,"['냄새', '비듬', '여름', '특징', '순간', '폭발', '멘솔', '성분', '덕분', '동안']","['냄새_비듬', '비듬_여름', '여름_특징', '특징_순간', '순간_폭발', '폭발_멘솔', '멘솔_성분', '성분_덕분', '덕분_동안']","['냄새', '비듬', '여름', '특징', '순간', '폭발', '멘솔', '성분', '덕분', '동안', '냄새_비듬', '비듬_여름', '여름_특징', '특징_순간', '순간_폭발', '폭발_멘솔', '멘솔_성분', '성분_덕분', '덕분_동안']",[],,,1,['가려움'],0,[],-1,이탈위험,False
blog,2026-03-24,헤드앤숄더 샴푸 사용후기,good hair 헤어제품 추천 대부분 사용 해보고 이것 저것 사는 걸 너무너무 좋아하는 사람이 적어보는 그런 글 칭구가 염색모가 아니고 할인을 많이 한다치면 이 제품도 사볼만함 4 헤드앤숄더 클리니컬 스트렝스 샴푸 최강,"['칭구', '염색', '클리니컬', '스트렝스', '최강']","['칭구_염색', '염색_클리니컬', '클리니컬_스트렝스', '스트렝스_최강']","['칭구', '염색', '클리니컬', '스트렝스', '최강', '칭구_염색', '염색_클리니컬', '클리니컬_스트렝스', '스트렝스_최강']",[],,,0,[],1,['추천'],1,긍정,False
blog,2026-03-24,헤드앤숄더 샴푸 사용후기,헤드앤숄더 딥클린 샴푸 두피 가려움과 비듬 고민에 딱 맞는 선택 요즘 두피가 자주 가렵고 비듬 때문에 고민이 많았는데요 그래서 헤드앤숄더 딥클린 샴푸 를 써보게 되었어요 평소 지성 두피라서 깔끔하게 씻기는 샴푸 를 찾고 있었는데 직접 써본 후기 를 공유해드릴게요,"['클린', '비듬', '고민', '선택', '비듬', '고민', '클린', '평소', '지성', '공유']","['클린_비듬', '비듬_고민', '고민_선택', '선택_비듬', '비듬_고민', '고민_클린', '클린_평소', '평소_지성', '지성_공유']","['클린', '비듬', '고민', '선택', '비듬', '고민', '클린', '평소', '지성', '공유', '클린_비듬', '비듬_고민', '고민_선택', '선택_비듬', '비듬_고민', '고민_클린', '클린_평소', '평소_지성', '지성_공유']",[],,,1,['가려움'],0,[],-1,이탈위험,False
blog,2026-03-23,헤드앤숄더 샴푸 사용후기,헤드앤숄더 딥클린 샴푸 850ml 두피 가려움과 비듬케어에 딱 요즘 두피가 자꾸 가렵고 비듬 때문에 스트레스였는데요 헤드앤숄더 딥클린 샴푸 를 써보게 되어 소개해드리려고 해요 평소 지성 두피라 고민이 많았는데 이 제품이 꽤 만족스러웠답니다 가볍게 사용 후기,"['클린', '비듬', '케어', '비듬', '스트레스', '클린', '소개', '평소', '지성', '고민', '만족']","['클린_비듬', '비듬_케어', '케어_비듬', '비듬_스트레스', '스트레스_클린', '클린_소개', '소개_평소', '평소_지성', '지성_고민', '고민_만족']","['클린', '비듬', '케어', '비듬', '스트레스', '클린', '소개', '평소', '지성', '고민', '만족', '클린_비듬', '비듬_케어', '케어_비듬', '비듬_스트레스', '스트레스_클린', '클린_소개', '소개_평소', '평소_지성', '지성_고민', '고민_만족']",[],,,1,['가려움'],0,[],-1,이탈위험,False
blog,2026-03-23,헤드앤숄더 샴푸 사용후기,비듬 샴푸 추천 쿠팡 내돈내산 아빠머리 구원템 오늘은 직접 사용 해본 내돈내산 후기 솔직하게 남겨보려고 해요 구매링크 제가 구매한 제품은 헤드앤숄더 가려운 두피 케어 샴푸 인데요 일단 용량부터가 진짜 큽니다 1200ml 대용량이라 한 번,"['비듬', '아빠', '구원', '케어', '용량', '용량']","['비듬_아빠', '아빠_구원', '구원_케어', '케어_용량', '용량_용량']","['비듬', '아빠', '구원', '케어', '용량', '용량', '비듬_아빠', '아빠_구원', '구원_케어', '케어_용량', '용량_용량']",[],,,0,[],1,['추천'],1,긍정,False
blog,2026-03-19,헤드앤숄더 샴푸 사용후기,헤드앤숄더 비듬 샴푸 제대로 환절기 두피 가려움 탈출 후기 병행 관리의 필요성 사실 헤드앤숄더 비듬 샴푸 는 세정력이 강한 편이라 매일 사용 했을 때 두피가 다소 샴푸 추천 두피가려움 두피케어 환절기두피관리 올바른 샴푸 법 지성두피 비듬없애는법 샴푸 후기,"['비듬', '환절기', '탈출', '병행', '관리', '필요', '비듬', '세정', '케어', '환절기', '관리', '지성', '비듬']","['비듬_환절기', '환절기_탈출', '탈출_병행', '병행_관리', '관리_필요', '필요_비듬', '비듬_세정', '세정_케어', '케어_환절기', '환절기_관리', '관리_지성', '지성_비듬']","['비듬', '환절기', '탈출', '병행', '관리', '필요', '비듬', '세정', '케어', '환절기', '관리', '지성', '비듬', '비듬_환절기', '환절기_탈출', '탈출_병행', '병행_관리', '관리_필요', '필요_비듬', '비듬_세정', '세정_케어', '케어_환절기', '환절기_관리', '관리_지성', '지성_비듬']",[],,,1,['가려움'],1,['추천'],0,중립,False
blog,2026-03-19,헤드앤숄더 샴푸 사용후기,헤드앤숄더 딥클린 샴푸 가려움 고민 해결 후기 헤드앤숄더 딥클린 샴푸 가려움 고민 해결 후기 안녕하세요 여러분 오늘은 정말정말 소개하고 싶었던 제품이 있어서 포스팅 들고왔어요 바로 헤드앤숄더 딥클린 샴푸 인데요 N개월 넘게 사용 해보니 이거 진짜,"['클린', '고민', '해결', '클린', '고민', '해결', '소개', '클린']","['클린_고민', '고민_해결', '해결_클린', '클린_고민', '고민_해결', '해결_소개', '소개_클린']","['클린', '고민', '해결', '클린', '고민', '해결', '소개', '클린', '클린_고민', '고민_해결', '해결_클린', '클린_고민', '고민_해결', '해결_소개', '소개_클린']",[],,,1,['가려움'],0,[],-1,이탈위험,False
blog,2026-03-19,헤드앤숄더 샴푸 사용후기,헤드앤숄더 비듬 샴푸 직접 비교해보고 느낀 차이 후기 사용 하면서 느낀 점 헤드앤숄더 비듬 샴푸 를 사용 하면서 느꼈던 건 일단 세정력은 괜찮다는 거였어요 비듬 샴푸 만 바꾸는 것보다 이런 부분이 같이 가야 효과를 느끼기 쉬운 것 같아요 10 정리 후기 비듬,"['비듬', '비교', '차이', '비듬', '세정', '비듬', '효과', '정리', '비듬']","['비듬_비교', '비교_차이', '차이_비듬', '비듬_세정', '세정_비듬', '비듬_효과', '효과_정리', '정리_비듬']","['비듬', '비교', '차이', '비듬', '세정', '비듬', '효과', '정리', '비듬', '비듬_비교', '비교_차이', '차이_비듬', '비듬_세정', '세정_비듬', '비듬_효과', '효과_정리', '정리_비듬']",[],,,0,[],0,[],0,중립,False
blog,2026-03-18,헤드앤숄더 샴푸 사용후기,헤드앤숄더 샴푸 비듬 해결부터 탈모 고민 향 총정리 떠오르는 헤드앤숄더 샴푸 에 대해 비듬 탈모 향까지 전부 한 번에 정리해 보려고 합니다 광고나 후기 함께 사용 하는 것이 더 현실적인 방법입니다 한 줄 정리 헤드앤숄더 샴푸 는 비듬에는 효과적이지만,"['비듬', '해결', '탈모', '고민', '정리', '비듬', '탈모', '정리', '현실', '방법', '정리', '비듬', '효과']","['비듬_해결', '해결_탈모', '탈모_고민', '고민_정리', '정리_비듬', '비듬_탈모', '탈모_정리', '정리_현실', '현실_방법', '방법_정리', '정리_비듬', '비듬_효과']","['비듬', '해결', '탈모', '고민', '정리', '비듬', '탈모', '정리', '현실', '방법', '정리', '비듬', '효과', '비듬_해결', '해결_탈모', '탈모_고민', '고민_정리', '정리_비듬', '비듬_탈모', '탈모_정리', '정리_현실', '현실_방법', '방법_정리', '정리_비듬', '비듬_효과']",[],,,0,[],0,[],0,중립,False
blog,2026-03-18,헤드앤숄더 샴푸 사용후기,기흥역 미용실 살롱에이 화영실장 두피 각질 클리닉 후기 우드 앤 화이트 톤의 은은한 조명까지 더해져서 밝고 따뜻한 느낌이 가득한 곳이었어요 사실은 제가 집에서 헤드앤숄더 샴푸 를 사용 중인데 헤드앤숄더 는 너무 세정력이 강해서 오히려 저같이 건조한,"['기흥역', '미용실', '살롱', '화영실장', '각질', '클리닉', '우드', '화이트', '조명', '느낌', '세정', '건조']","['기흥역_미용실', '미용실_살롱', '살롱_화영실장', '화영실장_각질', '각질_클리닉', '클리닉_우드', '우드_화이트', '화이트_조명', '조명_느낌', '느낌_세정', '세정_건조']","['기흥역', '미용실', '살롱', '화영실장', '각질', '클리닉', '우드', '화이트', '조명', '느낌', '세정', '건조', '기흥역_미용실', '미용실_살롱', '살롱_화영실장', '화영실장_각질', '각질_클리닉', '클리닉_우드', '우드_화이트', '화이트_조명', '조명_느낌', '느낌_세정', '세정_건조']",[],,,0,[],0,[],0,중립,False
blog,2026-03-17,헤드앤숄더 샴푸 사용후기,다이소 비듬 샴푸 한달 후기 두피 가려움 개선 효과 있을까 다이소 비듬 샴푸 한달 사용 후기 더마앤모어 AHA 쿨링 비듬케어 샴푸 제품은 두피 각질과 비듬 평소 헤드앤숄더 쿨 멘솔 샴푸 써본 적 있는데 그거에 비하면 훨씬 순한 느낌이다 그래서 두피가 예민한,"['비듬', '개선', '효과', '비듬', '더마앤모어', '비듬', '케어', '각질', '비듬', '평소', '느낌']","['비듬_개선', '개선_효과', '효과_비듬', '비듬_더마앤모어', '더마앤모어_비듬', '비듬_케어', '케어_각질', '각질_비듬', '비듬_평소', '평소_느낌']","['비듬', '개선', '효과', '비듬', '더마앤모어', '비듬', '케어', '각질', '비듬', '평소', '느낌', '비듬_개선', '개선_효과', '효과_비듬', '비듬_더마앤모어', '더마앤모어_비듬', '비듬_케어', '케어_각질', '각질_비듬', '비듬_평소', '평소_느낌']",[],,,1,['가려움'],0,[],-1,이탈위험,False
blog,2026-03-17,헤드앤숄더 샴푸 사용후기,헤드앤숄더샴푸 추천 BEST3 정수리 냄새까지 싹 잡는 꿀템 오늘은 수많은 라인업 중에서도 특히 후기 가 좋고 재구매율이 높은 헤드앤숄더샴푸 인기 품목 BEST3를 지금 바로 보러가기 헤드앤숄더샴푸 제대로 사용 하는 꿀팁 비듬 샴푸 는 일반 샴푸 와는 조금 다르게,"['헤드앤숄더샴푸', '정수리', '냄새', '라인업', '헤드앤숄더샴푸', '인기', '품목', '헤드앤숄더샴푸', '비듬', '일반']","['헤드앤숄더샴푸_정수리', '정수리_냄새', '냄새_라인업', '라인업_헤드앤숄더샴푸', '헤드앤숄더샴푸_인기', '인기_품목', '품목_헤드앤숄더샴푸', '헤드앤숄더샴푸_비듬', '비듬_일반']","['헤드앤숄더샴푸', '정수리', '냄새', '라인업', '헤드앤숄더샴푸', '인기', '품목', '헤드앤숄더샴푸', '비듬', '일반', '헤드앤숄더샴푸_정수리', '정수리_냄새', '냄새_라인업', '라인업_헤드앤숄더샴푸', '헤드앤숄더샴푸_인기', '인기_품목', '품목_헤드앤숄더샴푸', '헤드앤숄더샴푸_비듬', '비듬_일반']",[],,,0,[],2,"['재구매', '추천']",2,긍정,False
blog,2026-03-17,헤드앤숄더 샴푸 사용후기,송도 두피관리 모바이오 송도점에서 두피 각질관리 받았어요 개인 두피 타입에 맞는 샴푸 로 사용 하는데 저는 그린등급을 써주셨어요 자극이 거의 없고 천연 샴푸 도 바꿔야겠어요 헤드앤숄더 안녕 ㅠㅠㅋㅋㅋㅋㅋ 모바이오 송도점 관리를 통해 전체적으로 느낀 건,"['송도', '관리', '바이오', '송도점', '각질', '관리', '개인', '타입', '그린', '등급', '자극', '천연', '바이오', '송도점', '관리', '전체']","['송도_관리', '관리_바이오', '바이오_송도점', '송도점_각질', '각질_관리', '관리_개인', '개인_타입', '타입_그린', '그린_등급', '등급_자극', '자극_천연', '천연_바이오', '바이오_송도점', '송도점_관리', '관리_전체']","['송도', '관리', '바이오', '송도점', '각질', '관리', '개인', '타입', '그린', '등급', '자극', '천연', '바이오', '송도점', '관리', '전체', '송도_관리', '관리_바이오', '바이오_송도점', '송도점_각질', '각질_관리', '관리_개인', '개인_타입', '타입_그린', '그린_등급', '등급_자극', '자극_천연', '천연_바이오', '바이오_송도점', '송도점_관리', '관리_전체']",[],,,1,['자극'],0,[],-1,이탈위험,False
blog,2026-03-17,헤드앤숄더 샴푸 사용후기,비듬 때문에 옷깃 하얗게 눈밭 두피 비듬 완전 제거법 7가지 집중 사용 평소엔 순한 샴푸 추천 성분 피로멘 2 아연 1 셀레늄 설파이드 헤드앤숄더 클리니컬 프로바이오 샴푸 교체 생활습관 점검 예상 효과 비듬 80 가려움 해소 두피 볼륨 UP 실제 후기 quot 옷깃,"['비듬', '옷깃', '눈밭', '비듬', '제거', '집중', '평소', '성분', '피로멘', '아연', '레늄', '설파이드', '클리니컬', '프로', '바이오', '교체', '생활', '습관', '점검', '예상', '효과', '비듬', '해소', '볼륨', '실제', '옷깃']","['비듬_옷깃', '옷깃_눈밭', '눈밭_비듬', '비듬_제거', '제거_집중', '집중_평소', '평소_성분', '성분_피로멘', '피로멘_아연', '아연_레늄', '레늄_설파이드', '설파이드_클리니컬', '클리니컬_프로', '프로_바이오', '바이오_교체', '교체_생활', '생활_습관', '습관_점검', '점검_예상', '예상_효과', '효과_비듬', '비듬_해소', '해소_볼륨', '볼륨_실제', '실제_옷깃']","['비듬', '옷깃', '눈밭', '비듬', '제거', '집중', '평소', '성분', '피로멘', '아연', '레늄', '설파이드', '클리니컬', '프로', '바이오', '교체', '생활', '습관', '점검', '예상', '효과', '비듬', '해소', '볼륨', '실제', '옷깃', '비듬_옷깃', '옷깃_눈밭', '눈밭_비듬', '비듬_제거', '제거_집중', '집중_평소', '평소_성분', '성분_피로멘', '피로멘_아연', '아연_레늄', '레늄_설파이드', '설파이드_클리니컬', '클리니컬_프로', '프로_바이오', '바이오_교체', '교체_생활', '생활_습관', '습관_점검', '점검_예상', '예상_효과', '효과_비듬', '비듬_해소', '해소_볼륨', '볼륨_실제', '실제_옷깃']",[],,,1,['가려움'],1,['추천'],0,중립,False
blog,2026-03-17,헤드앤숄더 샴푸 사용후기,헤드앤숄더 비듬 샴푸 내돈내산 느낌으로 써본 후기 근데 문제는 따로 있었음 헤드앤숄더 비듬 샴푸 내돈내산 느낌으로 써본 후기 헤드앤숄더 비듬 샴푸 를 비듬 샴푸 고르는 기준도 완전히 바뀜 이제는 자극 없는지 두피가 건조해지지 않는지 사용 했을 때 편안한,"['비듬', '느낌', '문제', '비듬', '느낌', '비듬', '비듬', '기준', '이제', '자극', '건조', '편안']","['비듬_느낌', '느낌_문제', '문제_비듬', '비듬_느낌', '느낌_비듬', '비듬_비듬', '비듬_기준', '기준_이제', '이제_자극', '자극_건조', '건조_편안']","['비듬', '느낌', '문제', '비듬', '느낌', '비듬', '비듬', '기준', '이제', '자극', '건조', '편안', '비듬_느낌', '느낌_문제', '문제_비듬', '비듬_느낌', '느낌_비듬', '비듬_비듬', '비듬_기준', '기준_이제', '이제_자극', '자극_건조', '건조_편안']",[],,,1,['자극'],0,[],-1,이탈위험,False
blog,2026-03-17,헤드앤숄더 샴푸 사용후기,헤드앤숄더 애플프레쉬 샴푸 직접 써본 후기 헤드앤숄더샴푸 애플프레쉬 비듬 샴푸 두피가려움 두피케어 쿨링 샴푸 향좋은 샴푸 대용량 샴푸 가성비 샴푸 샴푸 추천 생활템 데일리템 인스타핫템 솔직 후기 사용 기 리뷰 헤어케어 헤드앤숄더 애플민트,"['애플프레쉬', '헤드앤숄더샴푸', '애플프레쉬', '비듬', '케어', '용량', '가성비', '생활템', '데일리템', '인스타핫템', '리뷰', '케어', '애플민트']","['애플프레쉬_헤드앤숄더샴푸', '헤드앤숄더샴푸_애플프레쉬', '애플프레쉬_비듬', '비듬_케어', '케어_용량', '용량_가성비', '가성비_생활템', '생활템_데일리템', '데일리템_인스타핫템', '인스타핫템_리뷰', '리뷰_케어', '케어_애플민트']","['애플프레쉬', '헤드앤숄더샴푸', '애플프레쉬', '비듬', '케어', '용량', '가성비', '생활템', '데일리템', '인스타핫템', '리뷰', '케어', '애플민트', '애플프레쉬_헤드앤숄더샴푸', '헤드앤숄더샴푸_애플프레쉬', '애플프레쉬_비듬', '비듬_케어', '케어_용량', '용량_가성비', '가성비_생활템', '생활템_데일리템', '데일리템_인스타핫템', '인스타핫템_리뷰', '리뷰_케어', '케어_애플민트']",[],,,1,['가려움'],1,['추천'],0,중립,False
blog,2026-03-17,헤드앤숄더 샴푸 사용후기,헤드앤숄더 비듬 샴푸 에서 이걸로 바꾸고 좋아짐 한달 사용후기 라는 느낌이 강했어요 저도 비듬 샴푸 를 쓴 적은 없었지만 예전엔 헤드앤숄더 를 써봤고 최근엔 다른 브랜드 샴푸 들을 사용 해왔는데요 남편은 제가 주는대로 썼거든요 ㅋㅋ 그나마 최근엔 헤드앤숄더 비듬 샴푸 를,"['비듬', '느낌', '비듬', '예전', '남편', '비듬']","['비듬_느낌', '느낌_비듬', '비듬_예전', '예전_남편', '남편_비듬']","['비듬', '느낌', '비듬', '예전', '남편', '비듬', '비듬_느낌', '느낌_비듬', '비듬_예전', '예전_남편', '남편_비듬']",[],,,1,['예전엔'],0,[],-1,이탈위험,False
blog,2026-03-16,헤드앤숄더 샴푸 사용후기,헤드앤숄더 비듬 샴푸 까지 써봤는데 후기 두피 브러쉬랑 같이 사용 하는 루틴 이야기도 많이 보여서 나도 같이 사용 해봤음 헤드앤숄더 비듬 샴푸 까지 써봤는데 후기 손톱으로 벅벅 긁는 대신 부드러운 브러쉬로 구석구석 마사지하듯 감았음 이게,"['비듬', '브러쉬', '루틴', '이야기', '비듬', '손톱', '대신', '브러쉬', '구석구석', '마사지']","['비듬_브러쉬', '브러쉬_루틴', '루틴_이야기', '이야기_비듬', '비듬_손톱', '손톱_대신', '대신_브러쉬', '브러쉬_구석구석', '구석구석_마사지']","['비듬', '브러쉬', '루틴', '이야기', '비듬', '손톱', '대신', '브러쉬', '구석구석', '마사지', '비듬_브러쉬', '브러쉬_루틴', '루틴_이야기', '이야기_비듬', '비듬_손톱', '손톱_대신', '대신_브러쉬', '브러쉬_구석구석', '구석구석_마사지']",[],,,1,['대신'],0,[],-1,이탈위험,False
blog,2026-03-16,헤드앤숄더 샴푸 사용후기,무조건 헤드앤숄더 클리니컬 스트렝스 보라색 솔직 리뷰 약용 샴푸 특유의 독한 냄새 대신 상큼한 시트러스 향이 나서 거부감이 적습니다 3 주의할 점 사용 지성두피 샴푸 보라색 헤드앤숄더 내돈내산 후기 두피가려움해결 이 포스팅은 쿠팡 파트너스 활동의,"['조건', '클리니컬', '스트렝스', '리뷰', '특유', '냄새', '대신', '시트러스', '거부감', '주의', '지성', '해결', '파트너스', '활동']","['조건_클리니컬', '클리니컬_스트렝스', '스트렝스_리뷰', '리뷰_특유', '특유_냄새', '냄새_대신', '대신_시트러스', '시트러스_거부감', '거부감_주의', '주의_지성', '지성_해결', '해결_파트너스', '파트너스_활동']","['조건', '클리니컬', '스트렝스', '리뷰', '특유', '냄새', '대신', '시트러스', '거부감', '주의', '지성', '해결', '파트너스', '활동', '조건_클리니컬', '클리니컬_스트렝스', '스트렝스_리뷰', '리뷰_특유', '특유_냄새', '냄새_대신', '대신_시트러스', '시트러스_거부감', '거부감_주의', '주의_지성', '지성_해결', '해결_파트너스', '파트너스_활동']",['솔직_리뷰'],,,2,"['가려움', '대신']",0,[],-2,이탈위험,False
blog,2026-03-15,헤드앤숄더 샴푸 사용후기,추천템 헤드앤숄더 클린앤밸런스 지성두피 샴푸 대용량 리필 후기 남편도 저도 지성두피라 평소에도 헤드앤숄더 샴푸 를 사용 하는 편인데 2L 대용량 리필형 샴푸 가 딱 눈에 띄더라구요 코스트코 단독 출시된 대용량 샴푸 이번에 코스트코에서 단독으로 출시된,"['클린앤밸런스', '지성두피', '용량', '리필', '남편', '지성두피', '평소', '용량', '리필', '단독', '출시', '용량', '이번', '단독', '출시']","['클린앤밸런스_지성두피', '지성두피_용량', '용량_리필', '리필_남편', '남편_지성두피', '지성두피_평소', '평소_용량', '용량_리필', '리필_단독', '단독_출시', '출시_용량', '용량_이번', '이번_단독', '단독_출시']","['클린앤밸런스', '지성두피', '용량', '리필', '남편', '지성두피', '평소', '용량', '리필', '단독', '출시', '용량', '이번', '단독', '출시', '클린앤밸런스_지성두피', '지성두피_용량', '용량_리필', '리필_남편', '남편_지성두피', '지성두피_평소', '평소_용량', '용량_리필', '리필_단독', '단독_출시', '출시_용량', '용량_이번', '이번_단독', '단독_출시']",[],,,0,[],1,['추천'],1,긍정,False
blog,2026-03-14,헤드앤숄더 샴푸 사용후기,건성 비듬 샴푸 두피 관리 찐 후기 건성 비듬 샴푸 두피 관리 찐 후기 검정색 옷을 입는 게 언제부터 이렇게 부담스럽게 느껴졌을까요 있지만 사용 감이나 제형도 꽤 만족스러웠기 때문이에요 일반적인 비듬 샴푸 나 헤드앤숄더 비듬 샴푸 처럼,"['건성', '비듬', '관리', '건성', '비듬', '관리', '검정', '부담', '제형', '만족', '일반', '비듬', '비듬']","['건성_비듬', '비듬_관리', '관리_건성', '건성_비듬', '비듬_관리', '관리_검정', '검정_부담', '부담_제형', '제형_만족', '만족_일반', '일반_비듬', '비듬_비듬']","['건성', '비듬', '관리', '건성', '비듬', '관리', '검정', '부담', '제형', '만족', '일반', '비듬', '비듬', '건성_비듬', '비듬_관리', '관리_건성', '건성_비듬', '비듬_관리', '관리_검정', '검정_부담', '부담_제형', '제형_만족', '만족_일반', '일반_비듬', '비듬_비듬']",[],,,0,[],0,[],0,중립,False
blog,2026-03-13,헤드앤숄더 샴푸 사용후기,헤드앤숄더 비듬 샴푸 사용 후기 및 병행 관리 후기 헤드앤숄더 비듬 샴푸 사용 후기 및 병행 관리 후기 두피 상태라는 게 한 번 균형이 무너지기 시작하면 생각보다 회복하는 데 시간이 꽤 오래 걸리더라고요 예전에는 별다른 문제 없이 지냈던 것 같은데 어느,"['비듬', '병행', '관리', '비듬', '병행', '관리', '상태', '균형', '시작', '회복', '시간', '예전', '문제']","['비듬_병행', '병행_관리', '관리_비듬', '비듬_병행', '병행_관리', '관리_상태', '상태_균형', '균형_시작', '시작_회복', '회복_시간', '시간_예전', '예전_문제']","['비듬', '병행', '관리', '비듬', '병행', '관리', '상태', '균형', '시작', '회복', '시간', '예전', '문제', '비듬_병행', '병행_관리', '관리_비듬', '비듬_병행', '병행_관리', '관리_상태', '상태_균형', '균형_시작', '시작_회복', '회복_시간', '시간_예전', '예전_문제']",[],,,0,[],0,[],0,중립,False
blog,2026-03-13,헤드앤숄더 샴푸 사용후기,헤드앤숄더 클린앤밸런스 대용량 샴푸 코스트코 추천템 리뷰 기존에 헤드앤숄더 샴푸 를 사용 하시던 분들은 기존 펌프 용기에 리필해 쓰거나 이렇게 공병이나 펌프 사용 후기 연코디 두피타입 지성두피 저는 평소 유분이 빠르게 올라오는 편이라 샴푸 를 고를 때,"['클린앤밸런스', '용량', '리뷰', '펌프', '용기', '리필', '공병', '펌프', '연코디', '타입', '지성두피', '평소', '유분']","['클린앤밸런스_용량', '용량_리뷰', '리뷰_펌프', '펌프_용기', '용기_리필', '리필_공병', '공병_펌프', '펌프_연코디', '연코디_타입', '타입_지성두피', '지성두피_평소', '평소_유분']","['클린앤밸런스', '용량', '리뷰', '펌프', '용기', '리필', '공병', '펌프', '연코디', '타입', '지성두피', '평소', '유분', '클린앤밸런스_용량', '용량_리뷰', '리뷰_펌프', '펌프_용기', '용기_리필', '리필_공병', '공병_펌프', '펌프_연코디', '연코디_타입', '타입_지성두피', '지성두피_평소', '평소_유분']",[],,,1,['올라오'],1,['추천'],0,중립,False
blog,2026-03-13,헤드앤숄더 샴푸 사용후기,헤드앤숄더샴푸 추천과 선택포인트 없이 사용 할 수 있어 좋아요 3 헤드앤숄더 애플프레쉬 샴푸 850ml 1개 트리트먼트 850ml 1개 세트 지속적인 관리를 통해 비듬이나 가려움 증상이 눈에 띄게 나아졌다는 후기 들이 많아요 넉넉한 용량,"['헤드앤숄더샴푸', '선택', '포인트', '애플프레쉬', '트리트먼트', '세트', '지속', '관리', '비듬', '증상', '용량']","['헤드앤숄더샴푸_선택', '선택_포인트', '포인트_애플프레쉬', '애플프레쉬_트리트먼트', '트리트먼트_세트', '세트_지속', '지속_관리', '관리_비듬', '비듬_증상', '증상_용량']","['헤드앤숄더샴푸', '선택', '포인트', '애플프레쉬', '트리트먼트', '세트', '지속', '관리', '비듬', '증상', '용량', '헤드앤숄더샴푸_선택', '선택_포인트', '포인트_애플프레쉬', '애플프레쉬_트리트먼트', '트리트먼트_세트', '세트_지속', '지속_관리', '관리_비듬', '비듬_증상', '증상_용량']",[],,,1,['가려움'],2,"['나아졌', '추천']",1,긍정,False
blog,2026-03-13,헤드앤숄더 샴푸 사용후기,헤드앤숄더 샴푸 추천 가려운 두피 케어 토탈 솔루션 후기 2L 구성 두피 관리 중심 헤어케어 제품 헤드앤숄더 샴푸 추천 사용 후 느낀 장점 두피가 시원한 쿨링감 헤드앤숄더 샴푸 를 사용 할 때 가장 먼저 느껴지는 건 시원한 느낌이에요 페퍼민트 향이 들어가 있어서,"['케어', '토탈', '솔루션', '구성', '관리', '중심', '케어', '장점', '쿨링감', '느낌', '페퍼민트']","['케어_토탈', '토탈_솔루션', '솔루션_구성', '구성_관리', '관리_중심', '중심_케어', '케어_장점', '장점_쿨링감', '쿨링감_느낌', '느낌_페퍼민트']","['케어', '토탈', '솔루션', '구성', '관리', '중심', '케어', '장점', '쿨링감', '느낌', '페퍼민트', '케어_토탈', '토탈_솔루션', '솔루션_구성', '구성_관리', '관리_중심', '중심_케어', '케어_장점', '장점_쿨링감', '쿨링감_느낌', '느낌_페퍼민트']",[],,,0,[],1,['추천'],1,긍정,False
blog,2026-03-13,헤드앤숄더 샴푸 사용후기,추천 꿀템 대용량 헤드앤숄더 클린앤밸런스 비듬 샴푸 후기 헤드앤숄더 이번에 코스트코 쇼핑가면서 혹시나 있을까 싶었는데 어머낫 득템해버린 후기 ㅎㅎㅎㅎ 말했듯이 헤드앤숄더 클린앤밸런스는 리필형 제품인데 사용 할 때 이렇게 캡이 있어서 빈 샴푸 통에,"['용량', '클린앤밸런스', '비듬', '이번', '쇼핑', '득템', '클린앤밸런스', '리필']","['용량_클린앤밸런스', '클린앤밸런스_비듬', '비듬_이번', '이번_쇼핑', '쇼핑_득템', '득템_클린앤밸런스', '클린앤밸런스_리필']","['용량', '클린앤밸런스', '비듬', '이번', '쇼핑', '득템', '클린앤밸런스', '리필', '용량_클린앤밸런스', '클린앤밸런스_비듬', '비듬_이번', '이번_쇼핑', '쇼핑_득템', '득템_클린앤밸런스', '클린앤밸런스_리필']",[],,,0,[],1,['추천'],1,긍정,False
blog,2026-03-12,헤드앤숄더 샴푸 사용후기,두피케어 컨디셔너 겸용 샴푸 상쾌한향 800ml 사용후기 헤드앤숄더 2in1 가려운 두피케어 컨디셔너 겸용 샴푸 상쾌한향 제품은 두피가 예민하거나 가끔 찾는 샴푸 라 한 번 사용 해보게 됐습니다 평소 샴푸 와 컨디셔너를 따로 쓰는 게 번거로울 때도 있는데 2in1,"['케어', '컨디셔너', '겸용', '케어', '컨디셔너', '겸용', '평소', '컨디셔너']","['케어_컨디셔너', '컨디셔너_겸용', '겸용_케어', '케어_컨디셔너', '컨디셔너_겸용', '겸용_평소', '평소_컨디셔너']","['케어', '컨디셔너', '겸용', '케어', '컨디셔너', '겸용', '평소', '컨디셔너', '케어_컨디셔너', '컨디셔너_겸용', '겸용_케어', '케어_컨디셔너', '컨디셔너_겸용', '겸용_평소', '평소_컨디셔너']",[],,,0,[],0,[],0,중립,False
blog,2026-03-12,헤드앤숄더 샴푸 사용후기,코스트코 추천템 헤드앤숄더 클린앤밸런스 대용량 샴푸 행사 지금 코스트코에서 진행 중인 3월 행사 정보와 함께 꼼꼼한 후기 전해드릴게요 코스트코 단독 출시 사용 시 보이는 비듬 기준 헤드앤숄더 클린앤밸런스 코스트코 대용량삼푸 대용량 추천 비듬 샴푸,"['클린앤밸런스', '용량', '행사', '진행', '행사', '정보', '단독', '출시', '비듬', '기준', '클린앤밸런스', '용량', '용량', '비듬']","['클린앤밸런스_용량', '용량_행사', '행사_진행', '진행_행사', '행사_정보', '정보_단독', '단독_출시', '출시_비듬', '비듬_기준', '기준_클린앤밸런스', '클린앤밸런스_용량', '용량_용량', '용량_비듬']","['클린앤밸런스', '용량', '행사', '진행', '행사', '정보', '단독', '출시', '비듬', '기준', '클린앤밸런스', '용량', '용량', '비듬', '클린앤밸런스_용량', '용량_행사', '행사_진행', '진행_행사', '행사_정보', '정보_단독', '단독_출시', '출시_비듬', '비듬_기준', '기준_클린앤밸런스', '클린앤밸런스_용량', '용량_용량', '용량_비듬']",[],,,0,[],1,['추천'],1,긍정,False
blog,2026-03-12,헤드앤숄더 샴푸 사용후기,샴푸 추천 코스트코 헤드앤숄더 클린앤밸런스 비듬 샴푸 후기 지성두피 샴푸 를 찾고 계신 분들을 위해 출시 기념 할인 소식까지 꼼꼼하게 공유해 드릴 테니 후기 에 쓰는 헤드앤숄더 샴푸 가 대용량으로 출시되었다는 소식을 듣고 바로 사용 해 보게 되었는데요 사용 감은,"['클린앤밸런스', '비듬', '지성', '출시', '기념', '소식', '공유', '용량', '출시', '소식']","['클린앤밸런스_비듬', '비듬_지성', '지성_출시', '출시_기념', '기념_소식', '소식_공유', '공유_용량', '용량_출시', '출시_소식']","['클린앤밸런스', '비듬', '지성', '출시', '기념', '소식', '공유', '용량', '출시', '소식', '클린앤밸런스_비듬', '비듬_지성', '지성_출시', '출시_기념', '기념_소식', '소식_공유', '공유_용량', '용량_출시', '출시_소식']",[],,,0,[],1,['추천'],1,긍정,False
blog,2026-03-11,헤드앤숄더 샴푸 사용후기,코스트코 추천템 대용량 비듬 샴푸 헤드앤숄더 클린앤밸런스 오늘은 제가 요즘 사용 중인 대용량 비듬 샴푸 를 소개해드리려 합니다 바로바로 코스트코 추천템 헤드앤숄더 클린앤밸런스 지금부터 후기 남겨볼께요 코스트코 단독 출시 2L 대용량 리필형 비듬 샴푸,"['용량', '비듬', '클린앤밸런스', '용량', '비듬', '소개', '클린앤밸런스', '지금', '단독', '출시', '용량', '리필', '비듬']","['용량_비듬', '비듬_클린앤밸런스', '클린앤밸런스_용량', '용량_비듬', '비듬_소개', '소개_클린앤밸런스', '클린앤밸런스_지금', '지금_단독', '단독_출시', '출시_용량', '용량_리필', '리필_비듬']","['용량', '비듬', '클린앤밸런스', '용량', '비듬', '소개', '클린앤밸런스', '지금', '단독', '출시', '용량', '리필', '비듬', '용량_비듬', '비듬_클린앤밸런스', '클린앤밸런스_용량', '용량_비듬', '비듬_소개', '소개_클린앤밸런스', '클린앤밸런스_지금', '지금_단독', '단독_출시', '출시_용량', '용량_리필', '리필_비듬']",[],,,0,[],1,['추천'],1,긍정,False
blog,2026-03-11,헤드앤숄더 샴푸 사용후기,지성두피 샴푸 뭐 쓸까 고민된다면 헤드앤숄더 클린앤밸런스 후기 최근에 코스트코 단독으로 출시되어 출시 기념 할인까지 진행하고 있는 헤드앤숄더 클린앤밸런스 샴푸 사용 해 본 후기 소개해드리려고 가져 왔어요 코스트코 헤드앤숄더 클린앤밸런스 샴푸 대용량 2000ml,"['지성', '고민', '클린앤밸런스', '단독', '출시', '출시', '기념', '진행', '클린앤밸런스', '소개', '클린앤밸런스', '용량']","['지성_고민', '고민_클린앤밸런스', '클린앤밸런스_단독', '단독_출시', '출시_출시', '출시_기념', '기념_진행', '진행_클린앤밸런스', '클린앤밸런스_소개', '소개_클린앤밸런스', '클린앤밸런스_용량']","['지성', '고민', '클린앤밸런스', '단독', '출시', '출시', '기념', '진행', '클린앤밸런스', '소개', '클린앤밸런스', '용량', '지성_고민', '고민_클린앤밸런스', '클린앤밸런스_단독', '단독_출시', '출시_출시', '출시_기념', '기념_진행', '진행_클린앤밸런스', '클린앤밸런스_소개', '소개_클린앤밸런스', '클린앤밸런스_용량']",[],,,0,[],0,[],0,중립,False
blog,2026-03-11,헤드앤숄더 샴푸 사용후기,빨리지는 사람 샴푸 하는 방법 Head amp Shoulders 내돈내산 후기 샴푸 방법이랑 같이 참고해보셔도 좋을 것 같아요 내돈내산으로 직접 사용 해보고 느낀 후기 입니다 샴푸 지성두피관리 머리기름 샴푸 정수리냄새 두피기름 샴푸 방법 지성두피 샴푸 추천 헤드앤숄더,"['방법', '방법', '참고', '지성', '관리', '기름', '정수리', '냄새', '기름', '방법', '지성']","['방법_방법', '방법_참고', '참고_지성', '지성_관리', '관리_기름', '기름_정수리', '정수리_냄새', '냄새_기름', '기름_방법', '방법_지성']","['방법', '방법', '참고', '지성', '관리', '기름', '정수리', '냄새', '기름', '방법', '지성', '방법_방법', '방법_참고', '참고_지성', '지성_관리', '관리_기름', '기름_정수리', '정수리_냄새', '냄새_기름', '기름_방법', '방법_지성']",[],,,0,[],1,['추천'],1,긍정,False
blog,2026-03-11,헤드앤숄더 샴푸 사용후기,헤드앤숄더 클린앤밸런스 대용량 샴푸 코스트코 추천템 정기적 사용 시 보이는 비듬 기준 헤드앤숄더 클린앤밸런스 헤드앤숄더 클린앤밸런스대용량 코스트코 코스트코추천템 비듬 샴푸 지성두피 샴푸 비듬 샴푸 추천 지성두피관리법 대용량 샴푸,"['클린앤밸런스', '용량', '정기', '비듬', '기준', '클린앤밸런스', '클린앤밸런스', '용량', '비듬', '지성', '비듬', '지성', '관리법', '용량']","['클린앤밸런스_용량', '용량_정기', '정기_비듬', '비듬_기준', '기준_클린앤밸런스', '클린앤밸런스_클린앤밸런스', '클린앤밸런스_용량', '용량_비듬', '비듬_지성', '지성_비듬', '비듬_지성', '지성_관리법', '관리법_용량']","['클린앤밸런스', '용량', '정기', '비듬', '기준', '클린앤밸런스', '클린앤밸런스', '용량', '비듬', '지성', '비듬', '지성', '관리법', '용량', '클린앤밸런스_용량', '용량_정기', '정기_비듬', '비듬_기준', '기준_클린앤밸런스', '클린앤밸런스_클린앤밸런스', '클린앤밸런스_용량', '용량_비듬', '비듬_지성', '지성_비듬', '비듬_지성', '지성_관리법', '관리법_용량']",[],,,0,[],1,['추천'],1,긍정,False
blog,2026-03-11,헤드앤숄더 샴푸 사용후기,탈모 지성 비듬 각질 스케일링 가능한 릴리이브 스칼프턴 하루 1 2회 사용 하면 되고 탈모 관리 시에는 아침 저녁으로 사용 하면 좋다고 해요 비글 남매 아버지 지루성 두피염으로 이것저것 좋다는 샴푸 정말 많이 써봤거든요 헤드앤숄더 스트렝스 크리니컬 샴푸,"['탈모', '지성', '비듬', '각질', '스케일링', '가능', '릴리이브', '스칼프턴', '하루', '탈모', '관리', '아침', '저녁', '비글', '남매', '아버지', '지루', '이것저것', '스트렝스', '크리니컬']","['탈모_지성', '지성_비듬', '비듬_각질', '각질_스케일링', '스케일링_가능', '가능_릴리이브', '릴리이브_스칼프턴', '스칼프턴_하루', '하루_탈모', '탈모_관리', '관리_아침', '아침_저녁', '저녁_비글', '비글_남매', '남매_아버지', '아버지_지루', '지루_이것저것', '이것저것_스트렝스', '스트렝스_크리니컬']","['탈모', '지성', '비듬', '각질', '스케일링', '가능', '릴리이브', '스칼프턴', '하루', '탈모', '관리', '아침', '저녁', '비글', '남매', '아버지', '지루', '이것저것', '스트렝스', '크리니컬', '탈모_지성', '지성_비듬', '비듬_각질', '각질_스케일링', '스케일링_가능', '가능_릴리이브', '릴리이브_스칼프턴', '스칼프턴_하루', '하루_탈모', '탈모_관리', '관리_아침', '아침_저녁', '저녁_비글', '비글_남매', '남매_아버지', '아버지_지루', '지루_이것저것', '이것저것_스트렝스', '스트렝스_크리니컬']",[],,,0,[],0,[],0,중립,False
blog,2026-04-08,헤드앤숄더 차콜 후기,지성 두피라면 이 샴푸 무조건 써보세요 헤드앤숄더 차콜 헤드앤숄더 차콜 샴푸인데 숯 성분이 들어 있어서 그런지 세정력이 확실히 좋은 느낌이에요 후기 랑 가격 비교해보고 선택하는 게 좋더라고요 구매 링크 바로가기 이,"['지성', '조건', '성분', '세정', '느낌', '비교', '선택']","['지성_조건', '조건_성분', '성분_세정', '세정_느낌', '느낌_비교', '비교_선택']","['지성', '조건', '성분', '세정', '느낌', '비교', '선택', '지성_조건', '조건_성분', '성분_세정', '세정_느낌', '느낌_비교', '비교_선택']",[],,,0,[],0,[],0,중립,False
blog,2026-04-07,헤드앤숄더 차콜 후기,헤드앤숄더 차콜 샴푸 800ml 2개 사용 후기 헤드앤숄더 차콜 샴푸 800ml 2개 구성은 두피 관리용 샴푸를 찾는 분들께 꽤 반가운 제품이더라고요 사용감이 깔끔하고 대용량이라 한 번 사두면 든든해서 데일리 샴푸로 쓰기 좋았습니다 가장 먼저,"['구성', '관리', '용량', '데일리']","['구성_관리', '관리_용량', '용량_데일리']","['구성', '관리', '용량', '데일리', '구성_관리', '관리_용량', '용량_데일리']",[],,,0,[],0,[],0,중립,False
blog,2026-03-17,헤드앤숄더 차콜 후기,헤드앤숄더 샴푸 추천 BEST3 정수리 냄새까지 싹 잡는 꿀템 오늘은 수많은 라인업 중에서도 특히 후기 가 좋고 재구매율이 높은 헤드앤숄더 샴푸 인기 품목 BEST3를 헤드앤숄더 차콜 샴푸 가장 먼저 소개해 드릴 제품은 헤드앤숄더 차콜 샴푸입니다 이 제품은 이름에서도,"['정수리', '냄새', '라인업', '인기', '품목', '소개']","['정수리_냄새', '냄새_라인업', '라인업_인기', '인기_품목', '품목_소개']","['정수리', '냄새', '라인업', '인기', '품목', '소개', '정수리_냄새', '냄새_라인업', '라인업_인기', '인기_품목', '품목_소개']",[],,,0,[],2,"['재구매', '추천']",2,긍정,False
blog,2026-03-05,헤드앤숄더 차콜 후기,임산부 꿀템 17가지 작년에 차콜 색으로 구매 했었는데 M사이즈 정말 잘 입었고 새로 나온 블랙이 있어 만삭 대비용으로 L를 시원해지는 느낌이 좋아서 헤드앤숄더 샴푸를 쓰고 있었는데 샴푸에 들어있는 계면활성제들이 두피에,"['임산부', '작년', '사이즈', '블랙', '만삭', '대비', '느낌', '계면활성제']","['임산부_작년', '작년_사이즈', '사이즈_블랙', '블랙_만삭', '만삭_대비', '대비_느낌', '느낌_계면활성제']","['임산부', '작년', '사이즈', '블랙', '만삭', '대비', '느낌', '계면활성제', '임산부_작년', '작년_사이즈', '사이즈_블랙', '블랙_만삭', '만삭_대비', '대비_느낌', '느낌_계면활성제']",[],,,0,[],0,[],0,중립,False
blog,2026-01-30,헤드앤숄더 차콜 후기,내돈내산 헤드앤숄더 딥클린 지성 두피 프로페셔널 비교 딥클린 vs 프로페셔널 비교 헤드앤숄더 딥클린 헤드 엔 숄더 프로페셔널 오일컨트롤 향 멜론향 삼촌 딥클린 이거 다쓰고 차콜 써볼 예정 쿨멘솔은 많은데 차콜 은 후기 가 별루 없단말이지 내돈내산 후기 끗,"['클린', '지성', '프로페셔널', '비교', '클린', '프로페셔널', '비교', '클린', '헤드', '프로페셔널', '오일', '컨트롤', '멜론', '삼촌', '클린', '예정', '쿨멘솔']","['클린_지성', '지성_프로페셔널', '프로페셔널_비교', '비교_클린', '클린_프로페셔널', '프로페셔널_비교', '비교_클린', '클린_헤드', '헤드_프로페셔널', '프로페셔널_오일', '오일_컨트롤', '컨트롤_멜론', '멜론_삼촌', '삼촌_클린', '클린_예정', '예정_쿨멘솔']","['클린', '지성', '프로페셔널', '비교', '클린', '프로페셔널', '비교', '클린', '헤드', '프로페셔널', '오일', '컨트롤', '멜론', '삼촌', '클린', '예정', '쿨멘솔', '클린_지성', '지성_프로페셔널', '프로페셔널_비교', '비교_클린', '클린_프로페셔널', '프로페셔널_비교', '비교_클린', '클린_헤드', '헤드_프로페셔널', '프로페셔널_오일', '오일_컨트롤', '컨트롤_멜론', '멜론_삼촌', '삼촌_클린', '클린_예정', '예정_쿨멘솔']",[],,,0,[],0,[],0,중립,False
blog,2026-01-29,헤드앤숄더 차콜 후기,헤드앤숄더 비듬샴푸 차콜 추천 구매 후기 사용중이었는데 헤드앤숄더 차콜 제품은 첨 구매해봤어요 이 제품은 정수리 냄새 제거 와 숯가루 성분 함유 라는 타이틀을 가지고 출시를 한 제품이에요 ㅎㅎ 헤드앤숄더 비듬샴푸 로 아주 유명합니다 가려움과,"['비듬', '정수리', '냄새', '제거', '가루', '성분', '함유', '타이틀', '출시', '비듬', '유명']","['비듬_정수리', '정수리_냄새', '냄새_제거', '제거_가루', '가루_성분', '성분_함유', '함유_타이틀', '타이틀_출시', '출시_비듬', '비듬_유명']","['비듬', '정수리', '냄새', '제거', '가루', '성분', '함유', '타이틀', '출시', '비듬', '유명', '비듬_정수리', '정수리_냄새', '냄새_제거', '제거_가루', '가루_성분', '성분_함유', '함유_타이틀', '타이틀_출시', '출시_비듬', '비듬_유명']",[],,,1,['가려움'],1,['추천'],0,중립,False
blog,2026-01-16,헤드앤숄더 차콜 후기,선물로도 부담 없는 온더바디 46센티미터 체취솔루션 약산성 로더베르 엘릭서 테라피 바디워시 12 900원 별점 3 헤드앤숄더 차콜 샴푸 15 900원 파티온 노스카나인 트러블 바디 워시 1L 1개 믿을 수 있는 효과와 많은 사용자들의 후기 실제로 95 의,"['선물', '부담', '바디', '체취', '솔루션', '약산성', '로더베르', '엘릭', '테라피', '바디워시', '별점', '파티', '노스', '나인', '트러블', '바디', '워시', '효과', '사용자']","['선물_부담', '부담_바디', '바디_체취', '체취_솔루션', '솔루션_약산성', '약산성_로더베르', '로더베르_엘릭', '엘릭_테라피', '테라피_바디워시', '바디워시_별점', '별점_파티', '파티_노스', '노스_나인', '나인_트러블', '트러블_바디', '바디_워시', '워시_효과', '효과_사용자']","['선물', '부담', '바디', '체취', '솔루션', '약산성', '로더베르', '엘릭', '테라피', '바디워시', '별점', '파티', '노스', '나인', '트러블', '바디', '워시', '효과', '사용자', '선물_부담', '부담_바디', '바디_체취', '체취_솔루션', '솔루션_약산성', '약산성_로더베르', '로더베르_엘릭', '엘릭_테라피', '테라피_바디워시', '바디워시_별점', '별점_파티', '파티_노스', '노스_나인', '나인_트러블', '트러블_바디', '바디_워시', '워시_효과', '효과_사용자']",[],,,1,['트러블'],0,[],-1,이탈위험,False
blog,2025-12-30,헤드앤숄더 차콜 후기,헤드앤숄더 비듬 샴푸ㅣ가려운 두피케어 쿨멘솔 추천 헤드 엔 숄더 인데요 몇년째 정착중인 애정템으로 내돈내돈내산 솔직 후기 를 시작합니다 헤드앤숄더 레몬 차콜 건성 두피케어 헤드앤숄더 공식 홈페이지 이중에서도 나의 픽은 헤드앤숄더 쿨멘솔과 가려운,"['비듬', '케어', '헤드', '숄더', '정착', '애정템', '시작', '레몬', '건성', '케어', '공식', '홈페이지']","['비듬_케어', '케어_헤드', '헤드_숄더', '숄더_정착', '정착_애정템', '애정템_시작', '시작_레몬', '레몬_건성', '건성_케어', '케어_공식', '공식_홈페이지']","['비듬', '케어', '헤드', '숄더', '정착', '애정템', '시작', '레몬', '건성', '케어', '공식', '홈페이지', '비듬_케어', '케어_헤드', '헤드_숄더', '숄더_정착', '정착_애정템', '애정템_시작', '시작_레몬', '레몬_건성', '건성_케어', '케어_공식', '공식_홈페이지']",[],,,0,[],2,"['정착', '추천']",2,긍정,False
blog,2025-08-11,헤드앤숄더 차콜 후기,최근 패션 amp 뷰티 내돈내산 소비 기록 8탄 물빠진 차콜 색이고 프린팅 귀엽고 예쁨 사이즈 두가지있음 스파오 레이스 블라우스_SPBWF37W02 블루 모르겠네 헤드앤숄더 쿨멘솔 샴푸 지난번엔 퍼퓸이었고 좀 더 세정력있는 사용감을 원해서 쿨멘솔로 구매함,"['패션', '소비', '기록', '프린팅', '사이즈', '스파오', '레이스', '블라우스', '블루', '쿨멘솔', '지난번', '퍼퓸', '세정', '솔로']","['패션_소비', '소비_기록', '기록_프린팅', '프린팅_사이즈', '사이즈_스파오', '스파오_레이스', '레이스_블라우스', '블라우스_블루', '블루_쿨멘솔', '쿨멘솔_지난번', '지난번_퍼퓸', '퍼퓸_세정', '세정_솔로']","['패션', '소비', '기록', '프린팅', '사이즈', '스파오', '레이스', '블라우스', '블루', '쿨멘솔', '지난번', '퍼퓸', '세정', '솔로', '패션_소비', '소비_기록', '기록_프린팅', '프린팅_사이즈', '사이즈_스파오', '스파오_레이스', '레이스_블라우스', '블라우스_블루', '블루_쿨멘솔', '쿨멘솔_지난번', '지난번_퍼퓸', '퍼퓸_세정', '세정_솔로']",[],,,0,[],0,[],0,중립,False
blog,2025-03-13,헤드앤숄더 차콜 후기,동탄 트레이더스 3월 셋째주 할인품목 및 쇼핑 후기 큐맥 참나무장작 12KG 12 980원 맹그로브 숯 10KG 21 980원 큐맥 팜볼 야자 숯 10KG 22 980원 웨버 차콜 36 980원 헤드앤숄더 두피케어 1 8L 15 980원 클래드 프레스 앤 씰랩 3입 21 480원 글래드 랩을 알게된 후로,"['동탄', '트레이더스', '품목', '쇼핑', '큐맥', '참나무', '장작', '그로브', '큐맥', '팜볼', '야자', '웨버', '케어', '클래드', '프레스', '씰랩', '3입', '글래드']","['동탄_트레이더스', '트레이더스_품목', '품목_쇼핑', '쇼핑_큐맥', '큐맥_참나무', '참나무_장작', '장작_그로브', '그로브_큐맥', '큐맥_팜볼', '팜볼_야자', '야자_웨버', '웨버_케어', '케어_클래드', '클래드_프레스', '프레스_씰랩', '씰랩_3입', '3입_글래드']","['동탄', '트레이더스', '품목', '쇼핑', '큐맥', '참나무', '장작', '그로브', '큐맥', '팜볼', '야자', '웨버', '케어', '클래드', '프레스', '씰랩', '3입', '글래드', '동탄_트레이더스', '트레이더스_품목', '품목_쇼핑', '쇼핑_큐맥', '큐맥_참나무', '참나무_장작', '장작_그로브', '그로브_큐맥', '큐맥_팜볼', '팜볼_야자', '야자_웨버', '웨버_케어', '케어_클래드', '클래드_프레스', '프레스_씰랩', '씰랩_3입', '3입_글래드']",[],,,0,[],0,[],0,중립,False
blog,2024-03-18,헤드앤숄더 차콜 후기,코스트코 3월 넷째주 할인상품 3월 18일 24일 셋째주 상품권 웨버 차콜 브리켓 OUTDOORBASE 1인용 덕다운침낭 KG케미칼 바로바로액비 스프레이 조경용 자갈 흙 헤드앤숄더 울트라 쿨멘솔 샴푸 클로란 퀴닌에델바이스샴푸 지오바니 티트리 샴푸 헤드 스파7,"['셋째주', '상품권', '웨버', '브리켓', '침낭', '케미칼', '스프레이', '조경', '자갈', '울트라', '클로란', '퀴닌에델바이스샴푸', '지오바니', '트리', '헤드', '스파']","['셋째주_상품권', '상품권_웨버', '웨버_브리켓', '브리켓_침낭', '침낭_케미칼', '케미칼_스프레이', '스프레이_조경', '조경_자갈', '자갈_울트라', '울트라_클로란', '클로란_퀴닌에델바이스샴푸', '퀴닌에델바이스샴푸_지오바니', '지오바니_트리', '트리_헤드', '헤드_스파']","['셋째주', '상품권', '웨버', '브리켓', '침낭', '케미칼', '스프레이', '조경', '자갈', '울트라', '클로란', '퀴닌에델바이스샴푸', '지오바니', '트리', '헤드', '스파', '셋째주_상품권', '상품권_웨버', '웨버_브리켓', '브리켓_침낭', '침낭_케미칼', '케미칼_스프레이', '스프레이_조경', '조경_자갈', '자갈_울트라', '울트라_클로란', '클로란_퀴닌에델바이스샴푸', '퀴닌에델바이스샴푸_지오바니', '지오바니_트리', '트리_헤드', '헤드_스파']",[],,,0,[],0,[],0,중립,False
blog,2024-03-11,헤드앤숄더 차콜 후기,코스트코 3월 둘째주 할인상품 양재점 PITBOSS 차콜 그릴 40 000원 산타모니카 가제보 600 000원 브룩뷰 9PC 세트 600 000원 그랜드레저 3인용 뷰티 amp 욕실템 헤드앤숄더 울트라 쿨멘솔 샴푸 4 000원 피지오겔 4품목 Sale BMT 크림 로션은,"['양재', '그릴', '산타모니카', '제보', '브룩뷰', '세트', '그랜드레저', '욕실', '울트라', '피지오겔', '품목', '크림', '로션']","['양재_그릴', '그릴_산타모니카', '산타모니카_제보', '제보_브룩뷰', '브룩뷰_세트', '세트_그랜드레저', '그랜드레저_욕실', '욕실_울트라', '울트라_피지오겔', '피지오겔_품목', '품목_크림', '크림_로션']","['양재', '그릴', '산타모니카', '제보', '브룩뷰', '세트', '그랜드레저', '욕실', '울트라', '피지오겔', '품목', '크림', '로션', '양재_그릴', '그릴_산타모니카', '산타모니카_제보', '제보_브룩뷰', '브룩뷰_세트', '세트_그랜드레저', '그랜드레저_욕실', '욕실_울트라', '울트라_피지오겔', '피지오겔_품목', '품목_크림', '크림_로션']",[],,,0,[],0,[],0,중립,False
blog,2023-08-14,헤드앤숄더 차콜 후기,코스트코 8월 셋째주 할인상품 양재점 8 14 20 핏보스 차콜 그릴 40 000원 ARLEE 냉감담요 3 000원 번호 옆에 표시 당분간 재입고 없음 70원대 헤드앤숄더 울트라 쿨멘솔 샴푸 1 8리터 ㅡ HEALTHY ITEM 종근당 알로에 이뮨스틱 5 500원 CJ 아이시안,"['양재점', '핏보스', '그릴', '냉감', '담요', '번호', '표시', '입고', '울트라', '종근당', '알로에', '이뮨스틱', '아이시안']","['양재점_핏보스', '핏보스_그릴', '그릴_냉감', '냉감_담요', '담요_번호', '번호_표시', '표시_입고', '입고_울트라', '울트라_종근당', '종근당_알로에', '알로에_이뮨스틱', '이뮨스틱_아이시안']","['양재점', '핏보스', '그릴', '냉감', '담요', '번호', '표시', '입고', '울트라', '종근당', '알로에', '이뮨스틱', '아이시안', '양재점_핏보스', '핏보스_그릴', '그릴_냉감', '냉감_담요', '담요_번호', '번호_표시', '표시_입고', '입고_울트라', '울트라_종근당', '종근당_알로에', '알로에_이뮨스틱', '이뮨스틱_아이시안']",[],,,0,[],0,[],0,중립,False
blog,2023-07-26,헤드앤숄더 차콜 후기,많이 구매한 상품 best 순위 5 20230726 무료배송 헤드앤숄더 클리니컬 스트렝스 오일 컨트롤 비듬 샴푸 400ml 24 900 13 헤드 스파7 트리트먼트 안티에이징 김희애 홈쇼핑 215ml 3개 35ml 27 700 원3 000원 원우몰 14 리뷰 만사천개,"['순위', '무료', '배송', '클리니컬', '스트렝스', '오일', '컨트롤', '비듬', '헤드', '스파', '트리트먼트', '안티에이징', '김희애', '홈쇼핑', '원우몰', '리뷰']","['순위_무료', '무료_배송', '배송_클리니컬', '클리니컬_스트렝스', '스트렝스_오일', '오일_컨트롤', '컨트롤_비듬', '비듬_헤드', '헤드_스파', '스파_트리트먼트', '트리트먼트_안티에이징', '안티에이징_김희애', '김희애_홈쇼핑', '홈쇼핑_원우몰', '원우몰_리뷰']","['순위', '무료', '배송', '클리니컬', '스트렝스', '오일', '컨트롤', '비듬', '헤드', '스파', '트리트먼트', '안티에이징', '김희애', '홈쇼핑', '원우몰', '리뷰', '순위_무료', '무료_배송', '배송_클리니컬', '클리니컬_스트렝스', '스트렝스_오일', '오일_컨트롤', '컨트롤_비듬', '비듬_헤드', '헤드_스파', '스파_트리트먼트', '트리트먼트_안티에이징', '안티에이징_김희애', '김희애_홈쇼핑', '홈쇼핑_원우몰', '원우몰_리뷰']",[],,,0,[],0,[],0,중립,False
blog,2022-06-06,헤드앤숄더 차콜 후기,코스트코 6월 둘째주 할인상품 6일부터 12일 가전 세일상품 치실 헤드앤숄더 울트라 쿨멘솔 샴푸 팬틴 어드밴스드 케어 샴푸 팬틴 어드밴스드 케어 컨디셔너 우산 차콜 그릴 넥밴드 선풍기 디너웨어 세트 14인치 스케치온 보드 대림바스 샤워 헤드 세트 스카치,"['가전', '치실', '울트라', '팬티', '어드밴스드', '케어', '팬티', '어드밴스드', '케어', '컨디셔너', '우산', '그릴', '넥밴드', '선풍기', '디너', '웨어', '세트', '스케치', '보드', '대림바스', '샤워', '헤드', '세트', '스카치']","['가전_치실', '치실_울트라', '울트라_팬티', '팬티_어드밴스드', '어드밴스드_케어', '케어_팬티', '팬티_어드밴스드', '어드밴스드_케어', '케어_컨디셔너', '컨디셔너_우산', '우산_그릴', '그릴_넥밴드', '넥밴드_선풍기', '선풍기_디너', '디너_웨어', '웨어_세트', '세트_스케치', '스케치_보드', '보드_대림바스', '대림바스_샤워', '샤워_헤드', '헤드_세트', '세트_스카치']","['가전', '치실', '울트라', '팬티', '어드밴스드', '케어', '팬티', '어드밴스드', '케어', '컨디셔너', '우산', '그릴', '넥밴드', '선풍기', '디너', '웨어', '세트', '스케치', '보드', '대림바스', '샤워', '헤드', '세트', '스카치', '가전_치실', '치실_울트라', '울트라_팬티', '팬티_어드밴스드', '어드밴스드_케어', '케어_팬티', '팬티_어드밴스드', '어드밴스드_케어', '케어_컨디셔너', '컨디셔너_우산', '우산_그릴', '그릴_넥밴드', '넥밴드_선풍기', '선풍기_디너', '디너_웨어', '웨어_세트', '세트_스케치', '스케치_보드', '보드_대림바스', '대림바스_샤워', '샤워_헤드', '헤드_세트', '세트_스카치']",[],,,0,[],0,[],0,중립,False
blog,2020-03-18,헤드앤숄더 차콜 후기,헤드앤숄더 클리니컬스트렝스 관련 미국 헤드앤숄더 차콜 2in1 맘에 쏙 드네요 48 600 미국 헤드앤숄더 차콜 2in1 샴푸 컨디셔너 380ml x2팩 1p 자세한 정보는 위의 올려드린 정보로 알뜰 쇼핑하세요 이 제품은 많은 분들이 좋은 후기 로 보답해드렸습니다 후기 한번,"['클리니컬스트렝스', '미국', '미국', '컨디셔너', '정보', '정보', '알뜰', '쇼핑', '보답']","['클리니컬스트렝스_미국', '미국_미국', '미국_컨디셔너', '컨디셔너_정보', '정보_정보', '정보_알뜰', '알뜰_쇼핑', '쇼핑_보답']","['클리니컬스트렝스', '미국', '미국', '컨디셔너', '정보', '정보', '알뜰', '쇼핑', '보답', '클리니컬스트렝스_미국', '미국_미국', '미국_컨디셔너', '컨디셔너_정보', '정보_정보', '정보_알뜰', '알뜰_쇼핑', '쇼핑_보답']",[],,,0,[],0,[],0,중립,False
blog,2026-04-06,헤드앤숄더 바꿨어요,이유 샴푸했는데도 떡지는 이유 헤드앤숄더 쿨멘솔 샴푸 후기 헤드앤숄더 쿨멘솔 샴푸 후기 아침에 샴푸했는데도 점심 지나면 머리가 금방 기름지고 떡지는 느낌 한 것부터 바꿨어요 그리고 트리트먼트는 모발 중간부터 끝에만 사용하고 두피에는 닿지 않게 신경 썼어요,"['쿨멘솔', '아침', '점심', '느낌', '트리트먼트', '모발', '중간', '신경']","['쿨멘솔_아침', '아침_점심', '점심_느낌', '느낌_트리트먼트', '트리트먼트_모발', '모발_중간', '중간_신경']","['쿨멘솔', '아침', '점심', '느낌', '트리트먼트', '모발', '중간', '신경', '쿨멘솔_아침', '아침_점심', '점심_느낌', '느낌_트리트먼트', '트리트먼트_모발', '모발_중간', '중간_신경']",[],,,0,[],0,[],0,중립,False
blog,2026-03-23,헤드앤숄더 바꿨어요,머리 감아도 가려운 두피 결국 이 샴푸로 해결 5년치 그래서 생각을 바꿨어요 그냥 사람들이 제일 많이 쓰는 거 써보자 그렇게 쓰게 된 게 헤드앤숄더 였어요 사실 처음엔 좀 그랬어요 약간 아저씨 샴푸 느낌 뭔가 옛날 느낌도 나고요 ㅎㅎ 그리고 저는,"['해결', '처음', '아저씨', '느낌', '옛날', '느낌']","['해결_처음', '처음_아저씨', '아저씨_느낌', '느낌_옛날', '옛날_느낌']","['해결', '처음', '아저씨', '느낌', '옛날', '느낌', '해결_처음', '처음_아저씨', '아저씨_느낌', '느낌_옛날', '옛날_느낌']",[],,,0,[],0,[],0,중립,False
blog,2026-02-27,헤드앤숄더 바꿨어요,내돈내산 30대 민감성 스킨케어 후기 헤드앤숄더 스트렝스 SOLOMON unrequited HAIR 샴푸 두피 에센스 헤어 에센스 헤드앤숄더 비듬 샴푸 헤드앤숄더 클리니컬 스트렝스 댄그러프 디펜스 드라이 스칼프 레스큐 샴푸 400ml 헤드앤숄더 2인1 클리니컬 스트렝스 드라이 스칼프,"['스킨케어', '스트렝스', '에센스', '에센스', '비듬', '클리니컬', '스트렝스', '댄그러프', '디펜스', '드라이', '스칼프', '레스큐', '클리니컬', '스트렝스', '드라이', '스칼프']","['스킨케어_스트렝스', '스트렝스_에센스', '에센스_에센스', '에센스_비듬', '비듬_클리니컬', '클리니컬_스트렝스', '스트렝스_댄그러프', '댄그러프_디펜스', '디펜스_드라이', '드라이_스칼프', '스칼프_레스큐', '레스큐_클리니컬', '클리니컬_스트렝스', '스트렝스_드라이', '드라이_스칼프']","['스킨케어', '스트렝스', '에센스', '에센스', '비듬', '클리니컬', '스트렝스', '댄그러프', '디펜스', '드라이', '스칼프', '레스큐', '클리니컬', '스트렝스', '드라이', '스칼프', '스킨케어_스트렝스', '스트렝스_에센스', '에센스_에센스', '에센스_비듬', '비듬_클리니컬', '클리니컬_스트렝스', '스트렝스_댄그러프', '댄그러프_디펜스', '디펜스_드라이', '드라이_스칼프', '스칼프_레스큐', '레스큐_클리니컬', '클리니컬_스트렝스', '스트렝스_드라이', '드라이_스칼프']",[],,,0,[],0,[],0,중립,False
blog,2025-12-05,헤드앤숄더 바꿨어요,헤드앤숄더 클리니컬 스트렝스 국내 버전으로는 절대 헤드앤숄더 클리니컬 스트렝스 직구 버전 이건 국내 제품과는 완전히 다른 약용 샴푸급 라벨 로 바꿨어요 효과는 그대로인데 훨씬 순해져서 매일 써도 부담이 없어요 3 진저샴푸와 번갈아,"['클리니컬', '스트렝스', '국내', '버전', '클리니컬', '스트렝스', '직구', '버전', '국내', '라벨', '효과', '부담', '진저샴푸']","['클리니컬_스트렝스', '스트렝스_국내', '국내_버전', '버전_클리니컬', '클리니컬_스트렝스', '스트렝스_직구', '직구_버전', '버전_국내', '국내_라벨', '라벨_효과', '효과_부담', '부담_진저샴푸']","['클리니컬', '스트렝스', '국내', '버전', '클리니컬', '스트렝스', '직구', '버전', '국내', '라벨', '효과', '부담', '진저샴푸', '클리니컬_스트렝스', '스트렝스_국내', '국내_버전', '버전_클리니컬', '클리니컬_스트렝스', '스트렝스_직구', '직구_버전', '버전_국내', '국내_라벨', '라벨_효과', '효과_부담', '부담_진저샴푸']",[],,,1,['그대로'],0,[],-1,이탈위험,False
blog,2025-11-27,헤드앤숄더 바꿨어요,두피 트러블 안 낫는 진짜 이유 머드름 전용 샴푸 쓰면 바로 브랜드인 헤드앤숄더 보라색이랑 도브샴푸바 등등 좋다는 건 정말 다 써봤어요 근데도 고쳐지지가 그래서 원인부터 다시 차근차근 알아보기로 마음을 바꿨어요 그러자 알게된 충격적인 진실 여기까지,"['트러블', '머드름', '전용', '도브', '원인', '충격', '진실']","['트러블_머드름', '머드름_전용', '전용_도브', '도브_원인', '원인_충격', '충격_진실']","['트러블', '머드름', '전용', '도브', '원인', '충격', '진실', '트러블_머드름', '머드름_전용', '전용_도브', '도브_원인', '원인_충격', '충격_진실']",[],,,1,['트러블'],0,[],-1,이탈위험,False
blog,2025-09-19,헤드앤숄더 바꿨어요,정수리 냄새 제거 샴푸 추천 헤드앤숄더 프로페셔널 솔직 후기 샴푸로 헤드앤숄더 를 선택했는데요 그 중 프로페셔널 라인 샴푸로 바꿨어요 세계 판매 1위 샴푸라고 하니 믿고 쓰기 시작한거죠 이번에 지성샴푸 비듬샴푸 등 여러가지를 찾아보다가 헤드앤숄더 에 프로페셔널,"['정수리', '냄새', '제거', '프로페셔널', '선택', '프로페셔널', '라인', '세계', '판매', '시작', '이번', '지성', '비듬', '프로페셔널']","['정수리_냄새', '냄새_제거', '제거_프로페셔널', '프로페셔널_선택', '선택_프로페셔널', '프로페셔널_라인', '라인_세계', '세계_판매', '판매_시작', '시작_이번', '이번_지성', '지성_비듬', '비듬_프로페셔널']","['정수리', '냄새', '제거', '프로페셔널', '선택', '프로페셔널', '라인', '세계', '판매', '시작', '이번', '지성', '비듬', '프로페셔널', '정수리_냄새', '냄새_제거', '제거_프로페셔널', '프로페셔널_선택', '선택_프로페셔널', '프로페셔널_라인', '라인_세계', '세계_판매', '판매_시작', '시작_이번', '이번_지성', '지성_비듬', '비듬_프로페셔널']",[],,,0,[],1,['추천'],1,긍정,False
blog,2025-09-01,헤드앤숄더 바꿨어요,청소년 비듬샴푸 추천 이 샴푸 하나로 끝났어요 헤드앤숄더 탈모샴푸 다 써봤지만 청소년 비듬샴푸 추천 이 샴푸 하나로 끝났어요 SNS나 청소년 두피 루틴 이렇게 바꿨어요 기존 루틴 아무 샴푸나 쓰고 손으로 대충 감기 헹굼도 대충 드라이도 거의 안,"['청소년', '비듬', '탈모', '청소년', '비듬', '청소년', '루틴', '루틴', '감기', '드라이']","['청소년_비듬', '비듬_탈모', '탈모_청소년', '청소년_비듬', '비듬_청소년', '청소년_루틴', '루틴_루틴', '루틴_감기', '감기_드라이']","['청소년', '비듬', '탈모', '청소년', '비듬', '청소년', '루틴', '루틴', '감기', '드라이', '청소년_비듬', '비듬_탈모', '탈모_청소년', '청소년_비듬', '비듬_청소년', '청소년_루틴', '루틴_루틴', '루틴_감기', '감기_드라이']",[],,,0,[],1,['추천'],1,긍정,False
blog,2025-09-01,헤드앤숄더 바꿨어요,헤드앤숄더 비듬샴푸 써봤는데 자극 때문에 바꿨어요 때문에 바꿨어요 사실 헤드앤숄더 가 효과 있는 사람도 많을 거야 하지만 나는 민감성 지성 두피라서 자극적인 제품은 독이었어 이번에 정말 크게 느낀 게 하나 있어 모든 두피에 다 맞는 제품은 없다,"['비듬', '자극', '효과', '지성', '자극', '이번']","['비듬_자극', '자극_효과', '효과_지성', '지성_자극', '자극_이번']","['비듬', '자극', '효과', '지성', '자극', '이번', '비듬_자극', '자극_효과', '효과_지성', '지성_자극', '자극_이번']",[],,,1,['자극'],0,[],-1,이탈위험,False
blog,2025-08-13,헤드앤숄더 바꿨어요,청소년 샴푸 가려운 두피 케어 헤드앤숄더 비듬샴푸 3주 사용후기 땀이 많은 날도 늘어가고 근무 횟수가 확 늘어났고 비듬까지 눈에 띄게 생기니까 본인도 많이 신경 쓰는 눈치였어요 찾아보다가 헤드앤숄더 가려운 두피 케어 샴푸로 바꿨어요 가려운 2 두피를 진정시키고 비듬,"['청소년', '케어', '비듬', '근무', '횟수', '비듬', '본인', '신경', '눈치', '케어', '진정', '비듬']","['청소년_케어', '케어_비듬', '비듬_근무', '근무_횟수', '횟수_비듬', '비듬_본인', '본인_신경', '신경_눈치', '눈치_케어', '케어_진정', '진정_비듬']","['청소년', '케어', '비듬', '근무', '횟수', '비듬', '본인', '신경', '눈치', '케어', '진정', '비듬', '청소년_케어', '케어_비듬', '비듬_근무', '근무_횟수', '횟수_비듬', '비듬_본인', '본인_신경', '신경_눈치', '눈치_케어', '케어_진정', '진정_비듬']",[],,,0,[],0,[],0,중립,False
blog,2025-08-06,헤드앤숄더 바꿨어요,청소년 비듬샴푸 상쾌한 헤드앤숄더 약산성 두피케어 저도 가려움을 꾹 참고 버티면서 샴푸부터 상쾌함 가득한 걸로 바꿨어요 저희 집 가족이 여름만 되면 찾는 헤드앤숄더 가려운 두피 케어 샴푸 이 상쾌함에 중독되면 계속 쓰게 돼요 활동량이 많은,"['청소년', '비듬', '약산', '케어', '가족', '여름', '케어', '중독', '활동량']","['청소년_비듬', '비듬_약산', '약산_케어', '케어_가족', '가족_여름', '여름_케어', '케어_중독', '중독_활동량']","['청소년', '비듬', '약산', '케어', '가족', '여름', '케어', '중독', '활동량', '청소년_비듬', '비듬_약산', '약산_케어', '케어_가족', '가족_여름', '여름_케어', '케어_중독', '중독_활동량']",[],,,1,['가려움'],0,[],-1,이탈위험,False
blog,2025-07-29,헤드앤숄더 바꿨어요,헤드앤숄더 비듬샴푸 추천 가려운 두피관리 머리 비듬 없애는 법 그래서 두피관리를 위해서 샴푸를 바꿨어요 비듬 없애는 법에 관심이 많은 분들이라면 다들 아시는 브랜드 헤드앤숄더 샴푸인데요 세계 판매 1위 1 샴푸 브랜드 헤드앤숄더 를 직접 사용해 보니 너무,"['비듬', '관리', '비듬', '관리', '비듬', '관심', '세계', '판매']","['비듬_관리', '관리_비듬', '비듬_관리', '관리_비듬', '비듬_관심', '관심_세계', '세계_판매']","['비듬', '관리', '비듬', '관리', '비듬', '관심', '세계', '판매', '비듬_관리', '관리_비듬', '비듬_관리', '관리_비듬', '비듬_관심', '관심_세계', '세계_판매']",[],,,0,[],1,['추천'],1,긍정,False
blog,2025-06-15,헤드앤숄더 바꿨어요,헤드앤숄더 비듬샴푸 왜 효과 없었는지 지금 알았어요 후기 그래서 저는 아래처럼 바꿨어요 1 자극 없는 자연유래 성분 샴푸 사용 헤드앤숄더 비듬샴푸 왜 효과 없었는지 지금 알았어요 후기 성분이 복잡하지 않고 어성초 병풀 알로에베라 등등 같은 진정 보습에,"['비듬', '효과', '아래', '자극', '자연', '유래', '성분', '비듬', '효과', '성분', '병풀', '알로에 베라', '보습']","['비듬_효과', '효과_아래', '아래_자극', '자극_자연', '자연_유래', '유래_성분', '성분_비듬', '비듬_효과', '효과_성분', '성분_병풀', '병풀_알로에 베라', '알로에 베라_보습']","['비듬', '효과', '아래', '자극', '자연', '유래', '성분', '비듬', '효과', '성분', '병풀', '알로에 베라', '보습', '비듬_효과', '효과_아래', '아래_자극', '자극_자연', '자연_유래', '유래_성분', '성분_비듬', '비듬_효과', '효과_성분', '성분_병풀', '병풀_알로에 베라', '알로에 베라_보습']",[],,,1,['자극'],0,[],-1,이탈위험,False
blog,2025-06-13,헤드앤숄더 바꿨어요,머리를 감아도 가렵다면 헤드앤숄더 가려운 두피샴푸 써보세요 안녕하세요 오늘은 헤드앤 숄더 토탈 솔루션 가려운 두피 케어 샴푸를 소개할게요 예전에는 아무 케어로 바꿨어요 사람마다 맞는 성분이 다르니까 피부에 안 맞을 수도 있고 효과도 다를 수도 있으니,"['헤드', '토탈', '솔루션', '케어', '소개', '예전', '케어', '성분', '피부', '효과']","['헤드_토탈', '토탈_솔루션', '솔루션_케어', '케어_소개', '소개_예전', '예전_케어', '케어_성분', '성분_피부', '피부_효과']","['헤드', '토탈', '솔루션', '케어', '소개', '예전', '케어', '성분', '피부', '효과', '헤드_토탈', '토탈_솔루션', '솔루션_케어', '케어_소개', '소개_예전', '예전_케어', '케어_성분', '성분_피부', '피부_효과']",[],,,0,[],0,[],0,중립,False
blog,2025-01-14,헤드앤숄더 바꿨어요,트러블 두피 톤28 샴푸 바 내 돈 내산 5년 사용 찐 후기 헤드앤숄더 제품 정도의 화함은 아니지만 정말 개운한 느낌의 샴푸 바였고요 이때만 해도 짝꿍이 단 제품을 바꿨어요 지루성 두피가 많이 개선돼서 이제는 지루성 두피라고 보기 힘들 만큼 좋아졌어요,"['트러블', '느낌', '이때', '짝꿍', '지루', '개선', '이제', '지루']","['트러블_느낌', '느낌_이때', '이때_짝꿍', '짝꿍_지루', '지루_개선', '개선_이제', '이제_지루']","['트러블', '느낌', '이때', '짝꿍', '지루', '개선', '이제', '지루', '트러블_느낌', '느낌_이때', '이때_짝꿍', '짝꿍_지루', '지루_개선', '개선_이제', '이제_지루']",[],,,1,['트러블'],1,['좋아졌'],0,중립,False
blog,2024-11-13,헤드앤숄더 바꿨어요,헤드앤숄더 프로페셔널 가려운 두피 케어 샴푸 비듬샴푸 추천 샴푸를 바꿨어요 클렌징 단계부터 철저하게 관리를 시작해야겠다는 생각이 들었거든요 잠시 제 두피 헤드앤숄더 프로페셔널 가려운 두피 케어 샴푸 클렌징 제품이라는 것이 여러 번 사용하면 기름기가,"['프로페셔널', '케어', '비듬', '클렌징', '단계', '철저', '관리', '시작', '프로페셔널', '케어', '클렌징', '기름']","['프로페셔널_케어', '케어_비듬', '비듬_클렌징', '클렌징_단계', '단계_철저', '철저_관리', '관리_시작', '시작_프로페셔널', '프로페셔널_케어', '케어_클렌징', '클렌징_기름']","['프로페셔널', '케어', '비듬', '클렌징', '단계', '철저', '관리', '시작', '프로페셔널', '케어', '클렌징', '기름', '프로페셔널_케어', '케어_비듬', '비듬_클렌징', '클렌징_단계', '단계_철저', '철저_관리', '관리_시작', '시작_프로페셔널', '프로페셔널_케어', '케어_클렌징', '클렌징_기름']",[],,,0,[],1,['추천'],1,긍정,False
blog,2024-08-29,헤드앤숄더 바꿨어요,브랜드 리포지셔닝 새로운 고객층을 공략하는 방법 예를 들어 quot 헤드앤숄더 quot 샴푸를 떠올려보세요 예전에는 단순히 비듬 샴푸로 알려졌었죠 그런데 이 브랜드가 quot 비듬도 없애주고 머릿결도 지켜준다 quot 라고 포지셔닝을 바꿨어요 이게 바로 제품 중심,"['리포지셔닝', '고객', '공략', '방법', '예전', '비듬', '비듬', '머릿결', '포지셔닝', '중심']","['리포지셔닝_고객', '고객_공략', '공략_방법', '방법_예전', '예전_비듬', '비듬_비듬', '비듬_머릿결', '머릿결_포지셔닝', '포지셔닝_중심']","['리포지셔닝', '고객', '공략', '방법', '예전', '비듬', '비듬', '머릿결', '포지셔닝', '중심', '리포지셔닝_고객', '고객_공략', '공략_방법', '방법_예전', '예전_비듬', '비듬_비듬', '비듬_머릿결', '머릿결_포지셔닝', '포지셔닝_중심']",[],,,0,[],0,[],0,중립,False
blog,2024-08-02,헤드앤숄더 바꿨어요,독일라이프 귀국 준비 DM에서 사는 생필품 추천 DM 헤드 앤 숄더 남편 샴푸를 최근에 바꿨어요 그 전에는 저와 같은 샴푸를 썼는데 자꾸 샴푸를 해도 비듬같이 각질이 남아있더라고요 그래서 남편만 바꿨더니 세상에 지금은 하나도 보이지 않는 각질들 진작,"['독일', '라이프', '귀국', '준비', '생필품', '헤드', '남편', '비듬', '각질', '남편', '지금', '각질', '진작']","['독일_라이프', '라이프_귀국', '귀국_준비', '준비_생필품', '생필품_헤드', '헤드_남편', '남편_비듬', '비듬_각질', '각질_남편', '남편_지금', '지금_각질', '각질_진작']","['독일', '라이프', '귀국', '준비', '생필품', '헤드', '남편', '비듬', '각질', '남편', '지금', '각질', '진작', '독일_라이프', '라이프_귀국', '귀국_준비', '준비_생필품', '생필품_헤드', '헤드_남편', '남편_비듬', '비듬_각질', '각질_남편', '남편_지금', '지금_각질', '각질_진작']",[],,,0,[],1,['추천'],1,긍정,False
blog,2023-11-16,헤드앤숄더 바꿨어요,가진 남편을 위해 헤드앤숄더 건성 두피 케어 샴푸로 바꿨어요 세계 판매 1위 글로벌 샴푸 헤드앤숄더 의 신제품 헤드앤숄더 건성 두피 케어 샴푸 2021년 7월 2022년 6월 샴푸 시장 판매자료 기준 제3의 시장조사 전문기관 수집 정보를 바탕으로 한 P amp G 집계결과 안녕하세요,"['남편', '건성', '케어', '세계', '판매', '글로벌', '건성', '케어', '시장', '판매', '자료', '기준', '시장', '조사', '전문', '기관', '수집', '정보', '바탕', '집계', '결과']","['남편_건성', '건성_케어', '케어_세계', '세계_판매', '판매_글로벌', '글로벌_건성', '건성_케어', '케어_시장', '시장_판매', '판매_자료', '자료_기준', '기준_시장', '시장_조사', '조사_전문', '전문_기관', '기관_수집', '수집_정보', '정보_바탕', '바탕_집계', '집계_결과']","['남편', '건성', '케어', '세계', '판매', '글로벌', '건성', '케어', '시장', '판매', '자료', '기준', '시장', '조사', '전문', '기관', '수집', '정보', '바탕', '집계', '결과', '남편_건성', '건성_케어', '케어_세계', '세계_판매', '판매_글로벌', '글로벌_건성', '건성_케어', '케어_시장', '시장_판매', '판매_자료', '자료_기준', '기준_시장', '시장_조사', '조사_전문', '전문_기관', '기관_수집', '수집_정보', '정보_바탕', '바탕_집계', '집계_결과']",[],,,0,[],0,[],0,중립,False
blog,2023-06-18,헤드앤숄더 바꿨어요,탈매직 CGM 4년간의 탈매직 여정 루틴 소개 제품 내돈내산 샴푸 헤드앤숄더 클리니컬 스트렝스 건성 두피 샴푸 주황색 안달로우 아르간 시어버터 샴푸 이젠 미용실 바꿨어요 글 맨아래에 링크 추가합니다 2022년 6월 미용실에서 받은 커트 2023년 3월 사진 기장이,"['탈매직', '탈매직', '여정', '루틴', '소개', '클리니컬', '스트렝스', '건성', '주황색', '안달로우', '아르간', '시어버터', '이제', '미용실', '아래', '추가', '미용실', '커트', '사진', '기장']","['탈매직_탈매직', '탈매직_여정', '여정_루틴', '루틴_소개', '소개_클리니컬', '클리니컬_스트렝스', '스트렝스_건성', '건성_주황색', '주황색_안달로우', '안달로우_아르간', '아르간_시어버터', '시어버터_이제', '이제_미용실', '미용실_아래', '아래_추가', '추가_미용실', '미용실_커트', '커트_사진', '사진_기장']","['탈매직', '탈매직', '여정', '루틴', '소개', '클리니컬', '스트렝스', '건성', '주황색', '안달로우', '아르간', '시어버터', '이제', '미용실', '아래', '추가', '미용실', '커트', '사진', '기장', '탈매직_탈매직', '탈매직_여정', '여정_루틴', '루틴_소개', '소개_클리니컬', '클리니컬_스트렝스', '스트렝스_건성', '건성_주황색', '주황색_안달로우', '안달로우_아르간', '아르간_시어버터', '시어버터_이제', '이제_미용실', '미용실_아래', '아래_추가', '추가_미용실', '미용실_커트', '커트_사진', '사진_기장']",[],,,0,[],0,[],0,중립,False
blog,2023-04-06,헤드앤숄더 바꿨어요,해결방안 리얼후기 ㅣ 헤드앤숄더 클리니컬 스트렝쓰 비듬샴푸 또 바꿨어요 폴텐지루성두피비듬샴푸 입니다 이건 사실 기억이 안나요 별로 였던 것 같아요 그 외 그러다 찾았습니다 인생샴푸를요 진심 광고아닙니다 헤드앤숄더 클리니컬스트렝스샴푸 처음에는,"['해결', '방안', '리얼', '클리니컬', '스트렝쓰', '비듬', '폴텐지루성두피비듬샴푸', '기억', '인생', '진심', '클리니컬스트렝스샴푸', '처음']","['해결_방안', '방안_리얼', '리얼_클리니컬', '클리니컬_스트렝쓰', '스트렝쓰_비듬', '비듬_폴텐지루성두피비듬샴푸', '폴텐지루성두피비듬샴푸_기억', '기억_인생', '인생_진심', '진심_클리니컬스트렝스샴푸', '클리니컬스트렝스샴푸_처음']","['해결', '방안', '리얼', '클리니컬', '스트렝쓰', '비듬', '폴텐지루성두피비듬샴푸', '기억', '인생', '진심', '클리니컬스트렝스샴푸', '처음', '해결_방안', '방안_리얼', '리얼_클리니컬', '클리니컬_스트렝쓰', '스트렝쓰_비듬', '비듬_폴텐지루성두피비듬샴푸', '폴텐지루성두피비듬샴푸_기억', '기억_인생', '인생_진심', '진심_클리니컬스트렝스샴푸', '클리니컬스트렝스샴푸_처음']",[],,,1,['별로'],0,[],-1,이탈위험,False
blog,2022-12-03,헤드앤숄더 바꿨어요,메다비타 두피 강화 샴푸 후기 ft 내돈내산 뜨레딴떼 극심한 탈모로 인해 샴푸를 바꿨어요 탈모가 심각해서 일반샴푸가 아닌 탈모샴푸로 알아봤어요 두피강화샴푸를 구매한건 10월이지만 11월 초까지 헤드앤숄더 를 써서 메다비타 샴푸를 사용한지 한달이 되지,"['비타', '강화', '뜨레딴떼', '탈모', '탈모', '일반', '탈모', '강화', '비타']","['비타_강화', '강화_뜨레딴떼', '뜨레딴떼_탈모', '탈모_탈모', '탈모_일반', '일반_탈모', '탈모_강화', '강화_비타']","['비타', '강화', '뜨레딴떼', '탈모', '탈모', '일반', '탈모', '강화', '비타', '비타_강화', '강화_뜨레딴떼', '뜨레딴떼_탈모', '탈모_탈모', '탈모_일반', '일반_탈모', '탈모_강화', '강화_비타']",[],,,0,[],0,[],0,중립,False
blog,2021-11-18,헤드앤숄더 바꿨어요,보그헤어 가산W몰점 미용실 아쥬반 두피 클리닉 제로페이 클리닉으로 바꿨어요 결론부터 말씀드리자면 아주 만족 제가 고3때부터 땜빵으로 병원 좀 다닌 크 이 청량감 넘 좋아요 여름에는 헤드앤숄더 샴푸 쓰는 사람 나야 나 폭풍 양치 후 시원 개운 그,"['보그헤어', '가산', 'W몰', '미용실', '아쥬반', '클리닉', '제로', '페이', '클리닉', '결론', '말씀', '만족', '병원', '청량감', '여름', '폭풍', '양치', '개운']","['보그헤어_가산', '가산_W몰', 'W몰_미용실', '미용실_아쥬반', '아쥬반_클리닉', '클리닉_제로', '제로_페이', '페이_클리닉', '클리닉_결론', '결론_말씀', '말씀_만족', '만족_병원', '병원_청량감', '청량감_여름', '여름_폭풍', '폭풍_양치', '양치_개운']","['보그헤어', '가산', 'W몰', '미용실', '아쥬반', '클리닉', '제로', '페이', '클리닉', '결론', '말씀', '만족', '병원', '청량감', '여름', '폭풍', '양치', '개운', '보그헤어_가산', '가산_W몰', 'W몰_미용실', '미용실_아쥬반', '아쥬반_클리닉', '클리닉_제로', '제로_페이', '페이_클리닉', '클리닉_결론', '결론_말씀', '말씀_만족', '만족_병원', '병원_청량감', '청량감_여름', '여름_폭풍', '폭풍_양치', '양치_개운']",['시원_개운'],,,0,[],0,[],0,중립,False
blog,2021-10-22,헤드앤숄더 바꿨어요,헤드앤숄더 가려운두피 샴푸 비듬과 두피트러블 정복 라는 생각에 샴푸부터 바꿨어요 지루성두피염샴푸 지루성피부염 지루성두피염 지루성두피샴푸 헤드앤숄더 쿨맨솔 헤드앤숄더 헤드앤숄더 샴푸 원산지는 태국 1 두피전문가들이 개발한 포뮬라로 비듬 및,"['비듬', '트러블', '정복', '지루성두피염샴푸', '지루성 피부염', '지루성두피염', '지루성두피샴푸', '쿨맨솔', '원산지', '태국', '전문가', '개발', '포뮬라', '비듬']","['비듬_트러블', '트러블_정복', '정복_지루성두피염샴푸', '지루성두피염샴푸_지루성 피부염', '지루성 피부염_지루성두피염', '지루성두피염_지루성두피샴푸', '지루성두피샴푸_쿨맨솔', '쿨맨솔_원산지', '원산지_태국', '태국_전문가', '전문가_개발', '개발_포뮬라', '포뮬라_비듬']","['비듬', '트러블', '정복', '지루성두피염샴푸', '지루성 피부염', '지루성두피염', '지루성두피샴푸', '쿨맨솔', '원산지', '태국', '전문가', '개발', '포뮬라', '비듬', '비듬_트러블', '트러블_정복', '정복_지루성두피염샴푸', '지루성두피염샴푸_지루성 피부염', '지루성 피부염_지루성두피염', '지루성두피염_지루성두피샴푸', '지루성두피샴푸_쿨맨솔', '쿨맨솔_원산지', '원산지_태국', '태국_전문가', '전문가_개발', '개발_포뮬라', '포뮬라_비듬']",[],,,1,['트러블'],0,[],-1,이탈위험,False
blog,2021-07-05,헤드앤숄더 바꿨어요,배곧 미용실 미스터봉헤어 머리 잘자르네 안녕하세요 에그월드입니다 임신 34주차 임산부인데 두피에 각질이 자꾸생기면서 샴푸도 헤드앤숄더 로 바꿨어요 ㅠㅠ 머릿결은 엄청 푸석해지고 트리트먼트도 귀찮다고 안하다보니까 머리손상은 점점 더,"['배곧', '미용실', '미스터', '에그월드', '임신', '임산부', '각질', '머릿결', '푸석', '트리트먼트', '손상']","['배곧_미용실', '미용실_미스터', '미스터_에그월드', '에그월드_임신', '임신_임산부', '임산부_각질', '각질_머릿결', '머릿결_푸석', '푸석_트리트먼트', '트리트먼트_손상']","['배곧', '미용실', '미스터', '에그월드', '임신', '임산부', '각질', '머릿결', '푸석', '트리트먼트', '손상', '배곧_미용실', '미용실_미스터', '미스터_에그월드', '에그월드_임신', '임신_임산부', '임산부_각질', '각질_머릿결', '머릿결_푸석', '푸석_트리트먼트', '트리트먼트_손상']",[],,,0,[],0,[],0,중립,False
blog,2021-06-21,헤드앤숄더 바꿨어요,탈모 머리카락 빠짐 개선을 위해 노력한 것들 2 써 본 샴푸 자체는 좋으나 제 머리랑은 맞지 않아서 다른 샴푸로 바꿨어요 7 더바디샵 진저 샴푸 더바디샵 헤드앤숄더 헤드앤 숄더 는 이마트 갔는데 두피 쿨링이었나 암튼 두피가 시원하게 닦일 것 같아서,"['탈모', '머리카락', '개선', '노력', '자체', '바디', '진저', '더바디샵', '헤드앤', '숄더', '이마트']","['탈모_머리카락', '머리카락_개선', '개선_노력', '노력_자체', '자체_바디', '바디_진저', '진저_더바디샵', '더바디샵_헤드앤', '헤드앤_숄더', '숄더_이마트']","['탈모', '머리카락', '개선', '노력', '자체', '바디', '진저', '더바디샵', '헤드앤', '숄더', '이마트', '탈모_머리카락', '머리카락_개선', '개선_노력', '노력_자체', '자체_바디', '바디_진저', '진저_더바디샵', '더바디샵_헤드앤', '헤드앤_숄더', '숄더_이마트']",[],,,0,[],0,[],0,중립,False
blog,2021-04-19,헤드앤숄더 바꿨어요,내돈내산 더바디샵 티트리오일 헤드앤숄더 스트렝스 효과 같아요 헤드앤숄더 스트렝스 샴푸 하고 머리 말린 후 더바디샵 티트리오일 면봉에 묻혀서 슥슥 발라줬어요 더바디샵 티트리오일 향은 불호지만 효과를 위해 견디며 발랐답니당 헤드 엔 숄더 클리니컬,"['바디', '트리', '오일', '스트렝스', '효과', '스트렝스', '바디', '트리', '오일', '면봉', '바디', '트리', '오일', '효과', '헤드', '클리니컬']","['바디_트리', '트리_오일', '오일_스트렝스', '스트렝스_효과', '효과_스트렝스', '스트렝스_바디', '바디_트리', '트리_오일', '오일_면봉', '면봉_바디', '바디_트리', '트리_오일', '오일_효과', '효과_헤드', '헤드_클리니컬']","['바디', '트리', '오일', '스트렝스', '효과', '스트렝스', '바디', '트리', '오일', '면봉', '바디', '트리', '오일', '효과', '헤드', '클리니컬', '바디_트리', '트리_오일', '오일_스트렝스', '스트렝스_효과', '효과_스트렝스', '스트렝스_바디', '바디_트리', '트리_오일', '오일_면봉', '면봉_바디', '바디_트리', '트리_오일', '오일_효과', '효과_헤드', '헤드_클리니컬']",[],,,0,[],0,[],0,중립,False
blog,2021-04-12,헤드앤숄더 바꿨어요,두피 지루성 피부염 탈출기 그래서 하나씩 바꿨어요 1 한시적인 약에 의존하지 말자 2 과자를 먹지 말자 제가 과자 라면을 진짜 없는 헤드앤숄더 가려운 두피케어 를 사용했습니다 머리를 감을 때 올리브영에서 판매하는 얼굴용,"['지루성 피부염', '탈출기', '한시적', '의존', '과자', '과자', '라면', '케어', '올리브', '판매', '얼굴']","['지루성 피부염_탈출기', '탈출기_한시적', '한시적_의존', '의존_과자', '과자_과자', '과자_라면', '라면_케어', '케어_올리브', '올리브_판매', '판매_얼굴']","['지루성 피부염', '탈출기', '한시적', '의존', '과자', '과자', '라면', '케어', '올리브', '판매', '얼굴', '지루성 피부염_탈출기', '탈출기_한시적', '한시적_의존', '의존_과자', '과자_과자', '과자_라면', '라면_케어', '케어_올리브', '올리브_판매', '판매_얼굴']",[],,,0,[],0,[],0,중립,False
blog,2021-04-09,헤드앤숄더 바꿨어요,비듬샴푸 헤드앤숄더 쓰면서 머릿결 케어도 비듬샴푸로 바꿨어요 헤드앤숄더 두피 토탈 솔루션 가려운 두피 케어 샴푸 예전 tv 광고가 아직도 머리속에 각인되어 있는지 비듬샴푸하면 저는 헤드앤숄더 가 생각나요 ㅎㅎ 제품 라인업이 다양하게 구축되어,"['비듬', '머릿결', '케어', '비듬', '토탈', '솔루션', '케어', '예전', '각인', '비듬', '라인업', '다양', '구축']","['비듬_머릿결', '머릿결_케어', '케어_비듬', '비듬_토탈', '토탈_솔루션', '솔루션_케어', '케어_예전', '예전_각인', '각인_비듬', '비듬_라인업', '라인업_다양', '다양_구축']","['비듬', '머릿결', '케어', '비듬', '토탈', '솔루션', '케어', '예전', '각인', '비듬', '라인업', '다양', '구축', '비듬_머릿결', '머릿결_케어', '케어_비듬', '비듬_토탈', '토탈_솔루션', '솔루션_케어', '케어_예전', '예전_각인', '각인_비듬', '비듬_라인업', '라인업_다양', '다양_구축']",[],,,0,[],0,[],0,중립,False
blog,2021-02-11,헤드앤숄더 바꿨어요,헤드앤숄더 쿨 멘솔 샴푸 1200ml 1개 머리를 하도 긁어대서 결국 들어만 봤던 두피관리 전용 헤드앤 숄더 를 속는샘 치고 사봤는데요 두피만 그런것도 아니고 피부도 가렵고 알러지약을 먹으면서 샴푸도 바꿨어요 제가 두피가 가려울때,"['결국', '관리', '전용', '헤드', '피부', '알러지']","['결국_관리', '관리_전용', '전용_헤드', '헤드_피부', '피부_알러지']","['결국', '관리', '전용', '헤드', '피부', '알러지', '결국_관리', '관리_전용', '전용_헤드', '헤드_피부', '피부_알러지']",[],,,0,[],0,[],0,중립,False
blog,2021-02-08,헤드앤숄더 바꿨어요,비듬샴푸 가려움 극복을 위한 솔루션 그래서 저건 남편용으로 두고 가렵고 건성 두피를 가진 저한테 맞는 또 다른 헤드앤숄더 비듬샴푸로 바꿨어요 D 직접 사용해 보니까 남편이 직구까지 해가면서 헤드앤숄더 만을 사용한 이유를 알겠더라고요,"['비듬', '극복', '솔루션', '남편', '건성', '비듬', '남편', '직구']","['비듬_극복', '극복_솔루션', '솔루션_남편', '남편_건성', '건성_비듬', '비듬_남편', '남편_직구']","['비듬', '극복', '솔루션', '남편', '건성', '비듬', '남편', '직구', '비듬_극복', '극복_솔루션', '솔루션_남편', '남편_건성', '건성_비듬', '비듬_남편', '남편_직구']",[],,,1,['가려움'],0,[],-1,이탈위험,False
blog,2021-01-30,헤드앤숄더 바꿨어요,헤드앤숄더 가려운 두피 케어 샴푸 1200ml 1개 그런데 해드 앤숄더 이제품은 샴푸 후 이틀이되도 안가렵다는 두피 가려움에 갑 고딩아들아이도 느낌도 헤드앤숄더 쓰면서 없어졌어요 짱 13일차 1월7일이에요 별3개로 바꿨어요 6일차때는 바꾼지,"['케어', '이틀', '고딩', '아들', '아이', '느낌']","['케어_이틀', '이틀_고딩', '고딩_아들', '아들_아이', '아이_느낌']","['케어', '이틀', '고딩', '아들', '아이', '느낌', '케어_이틀', '이틀_고딩', '고딩_아들', '아들_아이', '아이_느낌']",[],,,1,['가려움'],1,['없어졌'],0,중립,False
blog,2021-01-24,헤드앤숄더 바꿨어요,헤드앤숄더 쿨 멘솔 샴푸 1200ml 1개 머리를 하도 긁어대서 결국 들어만 봤던 두피관리 전용 헤드앤 숄더 를 속는샘 치고 사봤는데요 두피만 그런것도 아니고 피부도 가렵고 알러지약을 먹으면서 샴푸도 바꿨어요 제가 두피가 가려울때,"['결국', '관리', '전용', '헤드', '피부', '알러지']","['결국_관리', '관리_전용', '전용_헤드', '헤드_피부', '피부_알러지']","['결국', '관리', '전용', '헤드', '피부', '알러지', '결국_관리', '관리_전용', '전용_헤드', '헤드_피부', '피부_알러지']",[],,,0,[],0,[],0,중립,False
blog,2021-01-24,헤드앤숄더 바꿨어요,헤드앤숄더 가려운 두피 케어 샴푸 1200ml 1개 목뒤에 뾰루지 장난아니게 올라온거 가라앉았고 정수리부분에 누가 잡아당기는 느낌도 헤드앤숄더 쓰면서 없어졌어요 짱 13일차 1월7일이에요 별3개로 바꿨어요 6일차때는 바꾼지 얼마안되서 두피뾰루지,"['케어', '뾰루지', '장난', '정수리', '느낌', '얼마', '뾰루지']","['케어_뾰루지', '뾰루지_장난', '장난_정수리', '정수리_느낌', '느낌_얼마', '얼마_뾰루지']","['케어', '뾰루지', '장난', '정수리', '느낌', '얼마', '뾰루지', '케어_뾰루지', '뾰루지_장난', '장난_정수리', '정수리_느낌', '느낌_얼마', '얼마_뾰루지']",[],,,1,['뾰루지'],1,['없어졌'],0,중립,False
blog,2021-01-22,헤드앤숄더 바꿨어요,비듬 생기는 이유 알아보고 일상도 바꿨어요 또 피지선이 과다하게 분비되어 발생할 수도 있다고 해서 주변에 물어보니 헤드앤숄더 가려운 두피 케어 샴푸를 추천해주더라구요 Head amp Shouldersr 가려운 두피 케어 샴푸 850ml 헤드 앤 숄더 가려운 두피 케어,"['비듬', '일상', '피지선', '과다', '분비', '발생', '주변', '케어', '케어', '헤드', '케어']","['비듬_일상', '일상_피지선', '피지선_과다', '과다_분비', '분비_발생', '발생_주변', '주변_케어', '케어_케어', '케어_헤드', '헤드_케어']","['비듬', '일상', '피지선', '과다', '분비', '발생', '주변', '케어', '케어', '헤드', '케어', '비듬_일상', '일상_피지선', '피지선_과다', '과다_분비', '분비_발생', '발생_주변', '주변_케어', '케어_케어', '케어_헤드', '헤드_케어']",[],,,0,[],1,['추천'],1,긍정,False
blog,2020-10-01,헤드앤숄더 바꿨어요,두피스케일링샴푸 탈모케어샴푸 천연샴푸 비듬때문에 헤드앤숄더 사용을 자주 하는데 이제는 요 아이로 바꿨어요 쓰던거 쓰고 쓰라고 해도 좋은건 알아서 또 끝까지 안쓰고 바꿔 쓰더라구요 이런걸로 싸워서 뭐하겠습니까 좋은거 쓰고 싶은 마음은,"['스케일링', '탈모', '케어', '천연', '비듬', '이제', '아이']","['스케일링_탈모', '탈모_케어', '케어_천연', '천연_비듬', '비듬_이제', '이제_아이']","['스케일링', '탈모', '케어', '천연', '비듬', '이제', '아이', '스케일링_탈모', '탈모_케어', '케어_천연', '천연_비듬', '비듬_이제', '이제_아이']",[],,,0,[],0,[],0,중립,False
blog,2020-06-11,헤드앤숄더 바꿨어요,헤드앤숄더 샴푸로 머리비듬없애는법 지성 두피 주목 그래서 이제는 외출 후 딥 클렌징을 위해 바디 클렌저부터 샴푸까지 싹 바꿨어요 특히 전 지성 두피라 샴푸 헤드앤숄더 샴푸로 바꿔봤습니다 머리비듬없애는법 찾고 계셨다면 더더욱 이 포스팅에 주목해,"['비듬', '지성', '주목', '이제', '외출', '클렌징', '바디', '클렌저', '지성', '비듬', '주목']","['비듬_지성', '지성_주목', '주목_이제', '이제_외출', '외출_클렌징', '클렌징_바디', '바디_클렌저', '클렌저_지성', '지성_비듬', '비듬_주목']","['비듬', '지성', '주목', '이제', '외출', '클렌징', '바디', '클렌저', '지성', '비듬', '주목', '비듬_지성', '지성_주목', '주목_이제', '이제_외출', '외출_클렌징', '클렌징_바디', '바디_클렌저', '클렌저_지성', '지성_비듬', '비듬_주목']",[],,,0,[],0,[],0,중립,False
blog,2020-04-17,헤드앤숄더 바꿨어요,비듬샴푸추천 지루성두피염 찐 사용기 평소에 없던 두피각질을 보고 너무나 놀라서 머리비듬없애는법을 위해 비듬샴푸추천 제품으로 바꿨어요 제가 사용하기 시작한 제품은 저희 집 화장실 한편에 자리 잡고 있던 헤드앤숄더 가려운 두피 케어,"['비듬', '지루성두피염', '사용기', '평소', '각질', '비듬', '비듬', '시작', '화장실', '한편', '자리', '케어']","['비듬_지루성두피염', '지루성두피염_사용기', '사용기_평소', '평소_각질', '각질_비듬', '비듬_비듬', '비듬_시작', '시작_화장실', '화장실_한편', '한편_자리', '자리_케어']","['비듬', '지루성두피염', '사용기', '평소', '각질', '비듬', '비듬', '시작', '화장실', '한편', '자리', '케어', '비듬_지루성두피염', '지루성두피염_사용기', '사용기_평소', '평소_각질', '각질_비듬', '비듬_비듬', '비듬_시작', '시작_화장실', '화장실_한편', '한편_자리', '자리_케어']",[],,,0,[],1,['추천'],1,긍정,False
blog,2020-03-22,헤드앤숄더 바꿨어요,탈모 방지 및 머리카락 증모 경험 이야기 라인으로 바꿨어요 이 제품들이 은근히 비싸서 시절 바꿀때 쌀 때 사다놔요 보통 2 3년 유통기한이라서 이렇게 사다 놓고 사용했기에 부담완화를 했어요 헤드앤숄더 가려운 두피 케어 샴푸 850ml 헤드 엔 숄러,"['탈모', '방지', '머리카락', '경험', '이야기', '라인', '시절', '유통', '기한', '부담', '완화', '케어', '헤드', '숄러']","['탈모_방지', '방지_머리카락', '머리카락_경험', '경험_이야기', '이야기_라인', '라인_시절', '시절_유통', '유통_기한', '기한_부담', '부담_완화', '완화_케어', '케어_헤드', '헤드_숄러']","['탈모', '방지', '머리카락', '경험', '이야기', '라인', '시절', '유통', '기한', '부담', '완화', '케어', '헤드', '숄러', '탈모_방지', '방지_머리카락', '머리카락_경험', '경험_이야기', '이야기_라인', '라인_시절', '시절_유통', '유통_기한', '기한_부담', '부담_완화', '완화_케어', '케어_헤드', '헤드_숄러']",[],,,0,[],0,[],0,중립,False
blog,2019-11-05,헤드앤숄더 바꿨어요,9 할인 헤드앤숄더 쿨멘솔 샴푸 기획팩 13 480원 다시 바꿨어요 구러니 바로 가라앉고 좋아지네요 좋은 샴푸라고 해봤자 다 거기서 거기인데 헤드앤숄던 멘솔이 들어있어 좋다고 해요 강추입니다 두피가 시원하고 향도 시원합니다 개운한 느낌이 좋아서,"['쿨멘솔', '기획', '구러니', '헤드앤숄던', '느낌']","['쿨멘솔_기획', '기획_구러니', '구러니_헤드앤숄던', '헤드앤숄던_느낌']","['쿨멘솔', '기획', '구러니', '헤드앤숄던', '느낌', '쿨멘솔_기획', '기획_구러니', '구러니_헤드앤숄던', '헤드앤숄던_느낌']",[],,,0,[],1,['강추'],1,긍정,False
blog,2019-07-18,헤드앤숄더 바꿨어요,생활정보 머리가려움증 비듬없애는방법 비듬전용샴푸 그래서 머리에 비듬이 생기는 건 줄 알고 이 샴푸로 바꿨어요 펌 염색등으로 인한 극손상 머리 헤드 앤 숄더 두피 토탈 솔루션 샴푸 비듬 완화 가려운 두피 완화 화룡점정입니다 최강의 조합을 드디어,"['생활', '정보', '가려움증', '비듬', '방법', '비듬', '전용', '비듬', '염색', '손상', '헤드', '토탈', '솔루션', '비듬', '완화', '완화', '화룡점정', '최강', '조합']","['생활_정보', '정보_가려움증', '가려움증_비듬', '비듬_방법', '방법_비듬', '비듬_전용', '전용_비듬', '비듬_염색', '염색_손상', '손상_헤드', '헤드_토탈', '토탈_솔루션', '솔루션_비듬', '비듬_완화', '완화_완화', '완화_화룡점정', '화룡점정_최강', '최강_조합']","['생활', '정보', '가려움증', '비듬', '방법', '비듬', '전용', '비듬', '염색', '손상', '헤드', '토탈', '솔루션', '비듬', '완화', '완화', '화룡점정', '최강', '조합', '생활_정보', '정보_가려움증', '가려움증_비듬', '비듬_방법', '방법_비듬', '비듬_전용', '전용_비듬', '비듬_염색', '염색_손상', '손상_헤드', '헤드_토탈', '토탈_솔루션', '솔루션_비듬', '비듬_완화', '완화_완화', '완화_화룡점정', '화룡점정_최강', '최강_조합']",[],,,1,['가려움'],0,[],-1,이탈위험,False
blog,2018-12-21,헤드앤숄더 바꿨어요,탈 스테로이드 지루성피부염극복 머리에 뾰루지나 간지러운 분들은 징크피리치온이 들어간 헤드앤숄더 샴푸쓰세요 효과본분들 이 제품은 말 그대로 내 피부를 바꿨어 나는 얼굴에 지루성피부염으로 Zinc 바를,"['스테로이드', '지루', '피부염', '극복', '뾰루지', '징크피리치온', '효과', '피부', '얼굴', '지루', '피부염']","['스테로이드_지루', '지루_피부염', '피부염_극복', '극복_뾰루지', '뾰루지_징크피리치온', '징크피리치온_효과', '효과_피부', '피부_얼굴', '얼굴_지루', '지루_피부염']","['스테로이드', '지루', '피부염', '극복', '뾰루지', '징크피리치온', '효과', '피부', '얼굴', '지루', '피부염', '스테로이드_지루', '지루_피부염', '피부염_극복', '극복_뾰루지', '뾰루지_징크피리치온', '징크피리치온_효과', '효과_피부', '피부_얼굴', '얼굴_지루', '지루_피부염']",[],,,2,"['그대로', '뾰루지']",0,[],-2,이탈위험,False
blog,2018-11-04,헤드앤숄더 바꿨어요,전주 군산 붙임머리 가격 실력 최고 벤헤어 헤드앤숄더 꺼 사서 두번씩 샴푸 하고 있어요 약간 멘솔향나는 쿨링감 있는 두피샴푸로 바꿨어요 예전에 했던 군산에서 한 붙임머리 보다 훨씬 가볍고 편하네요 숙여서 샴푸해도 되고 머리 묶는건 제가,"['전주', '군산', '붙임머리', '실력', '최고', '벤헤어', '예전', '군산', '붙임머리']","['전주_군산', '군산_붙임머리', '붙임머리_실력', '실력_최고', '최고_벤헤어', '벤헤어_예전', '예전_군산', '군산_붙임머리']","['전주', '군산', '붙임머리', '실력', '최고', '벤헤어', '예전', '군산', '붙임머리', '전주_군산', '군산_붙임머리', '붙임머리_실력', '실력_최고', '최고_벤헤어', '벤헤어_예전', '예전_군산', '군산_붙임머리']",[],,,0,[],0,[],0,중립,False
blog,2016-08-02,헤드앤숄더 바꿨어요,염색후 두피 가려움 샴푸먼저 바꾸래요 두피가 원래도 조금 민감했는데 염색을 했더니 너무 지루성피부염이 심해져서 샴푸 바꿨어요 기존에도 좀 그랬었는데 샴푸가 안맞을수도 있다고 하더라구요 헤드앤숄더 에서 클로란 피오니 샴푸로 바꿔봤는데,"['염색', '원래', '염색', '피부염', '클로', '피오니']","['염색_원래', '원래_염색', '염색_피부염', '피부염_클로', '클로_피오니']","['염색', '원래', '염색', '피부염', '클로', '피오니', '염색_원래', '원래_염색', '염색_피부염', '피부염_클로', '클로_피오니']",[],,,1,['가려움'],0,[],-1,이탈위험,False
blog,2016-04-24,헤드앤숄더 바꿨어요,리뷰 4달간의 노샴푸 포기 아발론 스칼프 샴푸로 바꿨어요 스트레스였어요 헤드앤숄더 샴푸를 쓰고있었고 다른샴푸를 쓰면 비듬이생기거나 간지러움증이 ㅋㅋ 한통을 다쓰고 쓰는 후기는 제가 예전에는 헤드앤 숄더 샴푸외에 쓰면 비듬이 생기거나 가려움증이,"['리뷰', '포기', '아발론', '스칼프', '스트레스', '비듬', '예전', '헤드', '비듬', '가려움증']","['리뷰_포기', '포기_아발론', '아발론_스칼프', '스칼프_스트레스', '스트레스_비듬', '비듬_예전', '예전_헤드', '헤드_비듬', '비듬_가려움증']","['리뷰', '포기', '아발론', '스칼프', '스트레스', '비듬', '예전', '헤드', '비듬', '가려움증', '리뷰_포기', '포기_아발론', '아발론_스칼프', '스칼프_스트레스', '스트레스_비듬', '비듬_예전', '예전_헤드', '헤드_비듬', '비듬_가려움증']",[],,,1,['가려움'],0,[],-1,이탈위험,False
blog,2026-04-13,헤드앤숄더 대신,헤드 엔 숄더 샴푸 추천 BEST3 비듬 고민 끝 삶의 질 수많은 제품 중에서도 특히 인기가 많고 후기가 검증된 헤드 엔 숄더 샴푸 인기 품목 TOP 3를 꼼꼼하게 비교해 드릴게요 여러분의 두피 상태에 딱 맞는 제품을 찾아보세요 1 헤드앤숄더 클리니컬 스트렝스,"['헤드', '비듬', '고민', '인기', '검증', '헤드', '인기', '품목', '비교', '상태', '클리니컬', '스트렝스']","['헤드_비듬', '비듬_고민', '고민_인기', '인기_검증', '검증_헤드', '헤드_인기', '인기_품목', '품목_비교', '비교_상태', '상태_클리니컬', '클리니컬_스트렝스']","['헤드', '비듬', '고민', '인기', '검증', '헤드', '인기', '품목', '비교', '상태', '클리니컬', '스트렝스', '헤드_비듬', '비듬_고민', '고민_인기', '인기_검증', '검증_헤드', '헤드_인기', '인기_품목', '품목_비교', '비교_상태', '상태_클리니컬', '클리니컬_스트렝스']",[],,,0,[],1,['추천'],1,긍정,False
blog,2026-04-07,헤드앤숄더 대신,헤드앤숄더 차콜 샴푸 800ml 2개 사용후기 헤드앤숄더 차콜 샴푸 800ml 2개 구성은 두피 관리용 샴푸를 찾는 분들께 꽤 반가운 제품이더라고요 대신 두피가 쉽게 떡지는 편이라면 오히려 더 만족스러울 수 있습니다 두피를 개운하게 씻어주는,"['구성', '관리', '대신', '만족']","['구성_관리', '관리_대신', '대신_만족']","['구성', '관리', '대신', '만족', '구성_관리', '관리_대신', '대신_만족']",[],,,1,['대신'],0,[],-1,이탈위험,False
blog,2026-04-07,헤드앤숄더 대신,헤드앤숄더 비듬샴푸 제대로된 병행 관리 TIP 원래 헤드앤숄더 비듬샴푸를 썼는데 병행하면서 쓰기 위해 합성 계면활성제 없는 샴푸까지 구입했어요 향료 대신 레몬 귤 자몽 라임 에센셜 오일이 포함되어 더 만족스러웠답니다 가려움이 종종 느껴지는,"['비듬', '병행', '관리', '원래', '비듬', '병행', '합성', '계면활성제', '구입', '향료', '대신', '레몬', '자몽', '라임', '에센셜', '오일', '포함', '만족']","['비듬_병행', '병행_관리', '관리_원래', '원래_비듬', '비듬_병행', '병행_합성', '합성_계면활성제', '계면활성제_구입', '구입_향료', '향료_대신', '대신_레몬', '레몬_자몽', '자몽_라임', '라임_에센셜', '에센셜_오일', '오일_포함', '포함_만족']","['비듬', '병행', '관리', '원래', '비듬', '병행', '합성', '계면활성제', '구입', '향료', '대신', '레몬', '자몽', '라임', '에센셜', '오일', '포함', '만족', '비듬_병행', '병행_관리', '관리_원래', '원래_비듬', '비듬_병행', '병행_합성', '합성_계면활성제', '계면활성제_구입', '구입_향료', '향료_대신', '대신_레몬', '레몬_자몽', '자몽_라임', '라임_에센셜', '에센셜_오일', '오일_포함', '포함_만족']",[],,,2,"['가려움', '대신']",0,[],-2,이탈위험,False
blog,2026-04-06,헤드앤숄더 대신,지루성 두피염 방치하면 머리 빠집니다 약국용 샴푸 치료 목적 가장 확실한 효과를 원하신다면 주 2 3회 일반 샴푸 대신 사용하세요 니조랄 헤드앤숄더 클리니컬 스트렝스 주황색 보라색 황화셀레늄 성분이 들어있어 지루성 두피염 환자들,"['지루', '방치', '치료', '목적', '효과', '일반', '대신', '니조랄', '클리니컬', '스트렝스', '주황색', '황화셀레늄', '성분', '지루', '환자']","['지루_방치', '방치_치료', '치료_목적', '목적_효과', '효과_일반', '일반_대신', '대신_니조랄', '니조랄_클리니컬', '클리니컬_스트렝스', '스트렝스_주황색', '주황색_황화셀레늄', '황화셀레늄_성분', '성분_지루', '지루_환자']","['지루', '방치', '치료', '목적', '효과', '일반', '대신', '니조랄', '클리니컬', '스트렝스', '주황색', '황화셀레늄', '성분', '지루', '환자', '지루_방치', '방치_치료', '치료_목적', '목적_효과', '효과_일반', '일반_대신', '대신_니조랄', '니조랄_클리니컬', '클리니컬_스트렝스', '스트렝스_주황색', '주황색_황화셀레늄', '황화셀레늄_성분', '성분_지루', '지루_환자']",[],,,2,"['니조랄', '대신']",0,[],-2,이탈위험,True
blog,2026-04-03,헤드앤숄더 대신,헤드앤숄더 비듬샴푸 이거 하나만 쓰겠다고요 헤드앤숄더 비듬샴푸 대신 이 헤어 토닉을 사용했을 때 시원하게 온도도 같이 줄어들면서 영양감이 확실하게 더해지는 느낌이었어요 참마뿌리 같은 보습을 더하는 성분들도 성분들도 여럿 들어가는데 특히나,"['비듬', '비듬', '대신', '토닉', '온도', '영양', '느낌', '참마', '뿌리', '보습', '성분', '성분', '여럿']","['비듬_비듬', '비듬_대신', '대신_토닉', '토닉_온도', '온도_영양', '영양_느낌', '느낌_참마', '참마_뿌리', '뿌리_보습', '보습_성분', '성분_성분', '성분_여럿']","['비듬', '비듬', '대신', '토닉', '온도', '영양', '느낌', '참마', '뿌리', '보습', '성분', '성분', '여럿', '비듬_비듬', '비듬_대신', '대신_토닉', '토닉_온도', '온도_영양', '영양_느낌', '느낌_참마', '참마_뿌리', '뿌리_보습', '보습_성분', '성분_성분', '성분_여럿']",[],,,1,['대신'],0,[],-1,이탈위험,False
blog,2026-04-02,헤드앤숄더 대신,헤드앤숄더 오일컨트롤 지성샴푸 써본 진짜 후기 헤드앤숄더 지성샴푸로 유명한 헤드앤숄더 오일컨트롤 사용해봤어요 지성두피 헤드 핸 숄더 지성샴푸 뜨거운 물 대신 미지근한 물로 감고 드라이기도 멀리서 하고 두피를 바짝 말리는 습관을 들였어요,"['오일', '컨트롤', '지성', '지성', '유명', '오일', '컨트롤', '지성', '헤드', '숄더', '지성', '대신', '드라이기', '습관']","['오일_컨트롤', '컨트롤_지성', '지성_지성', '지성_유명', '유명_오일', '오일_컨트롤', '컨트롤_지성', '지성_헤드', '헤드_숄더', '숄더_지성', '지성_대신', '대신_드라이기', '드라이기_습관']","['오일', '컨트롤', '지성', '지성', '유명', '오일', '컨트롤', '지성', '헤드', '숄더', '지성', '대신', '드라이기', '습관', '오일_컨트롤', '컨트롤_지성', '지성_지성', '지성_유명', '유명_오일', '오일_컨트롤', '컨트롤_지성', '지성_헤드', '헤드_숄더', '숄더_지성', '지성_대신', '대신_드라이기', '드라이기_습관']",[],,,1,['대신'],0,[],-1,이탈위험,False
blog,2026-03-31,헤드앤숄더 대신,광고X 지루성두피염 내돈내산 샴푸 총정리 ㅋㅋ 아니면 짭이 온 건가요 이후로 안 쓰게 됐지만 안 써봤으면 써보는 거 추천함 대신 샴푸가 좀 독해서 일주일에 나졸 이틀 헤드앤숄더 하루 쓰면 좋을 것 같다 이건 바니크림샴푸 한국에는,"['지루성두피염', '정리', '이후', '대신', '일주일', '나졸', '이틀', '하루', '바니크림샴푸', '한국']","['지루성두피염_정리', '정리_이후', '이후_대신', '대신_일주일', '일주일_나졸', '나졸_이틀', '이틀_하루', '하루_바니크림샴푸', '바니크림샴푸_한국']","['지루성두피염', '정리', '이후', '대신', '일주일', '나졸', '이틀', '하루', '바니크림샴푸', '한국', '지루성두피염_정리', '정리_이후', '이후_대신', '대신_일주일', '일주일_나졸', '나졸_이틀', '이틀_하루', '하루_바니크림샴푸', '바니크림샴푸_한국']",[],,,1,['대신'],1,['추천'],0,중립,False
blog,2026-03-30,헤드앤숄더 대신,비듬 샴푸 추천 이거 덕분에 처음으로 사람들 앞에 설 수 있었다 게 헤드앤숄더 가려운두피용 샴푸였다 처음 썼을 때 느낌은 아직도 기억난다 이건 진짜 확실했다 있었다 대신 계속 쓰기엔 고민이 생겼다 이런 분들한테는 추천 비듬 가려움이 심한 상태 당장 해결이 필요한,"['비듬', '덕분', '처음', '처음', '느낌', '기억', '대신', '고민', '비듬', '상태', '해결', '필요']","['비듬_덕분', '덕분_처음', '처음_처음', '처음_느낌', '느낌_기억', '기억_대신', '대신_고민', '고민_비듬', '비듬_상태', '상태_해결', '해결_필요']","['비듬', '덕분', '처음', '처음', '느낌', '기억', '대신', '고민', '비듬', '상태', '해결', '필요', '비듬_덕분', '덕분_처음', '처음_처음', '처음_느낌', '느낌_기억', '기억_대신', '대신_고민', '고민_비듬', '비듬_상태', '상태_해결', '해결_필요']",[],,,2,"['가려움', '대신']",1,['추천'],-1,이탈위험,False
blog,2026-03-29,헤드앤숄더 대신,명동 미용실 명동역 미용실 추천 준오헤어에서 나는 헤드 스파가 아니라 클리닉 받으려고 하는데 왜 두피 검사를 하지 싶었는데 두피 검사 후 기름이 많은 거 같아서 평소에 헤드앤숄더 를 사용한다고 했더니 좋은 샴푸라고 대신 머릿결이 좀 뻣뻣한,"['명동', '미용실', '명동역', '미용실', '준오헤어', '헤드', '스파', '클리닉', '검사', '검사', '기름', '평소', '대신', '머릿결']","['명동_미용실', '미용실_명동역', '명동역_미용실', '미용실_준오헤어', '준오헤어_헤드', '헤드_스파', '스파_클리닉', '클리닉_검사', '검사_검사', '검사_기름', '기름_평소', '평소_대신', '대신_머릿결']","['명동', '미용실', '명동역', '미용실', '준오헤어', '헤드', '스파', '클리닉', '검사', '검사', '기름', '평소', '대신', '머릿결', '명동_미용실', '미용실_명동역', '명동역_미용실', '미용실_준오헤어', '준오헤어_헤드', '헤드_스파', '스파_클리닉', '클리닉_검사', '검사_검사', '검사_기름', '기름_평소', '평소_대신', '대신_머릿결']",[],,,1,['대신'],1,['추천'],0,중립,False
blog,2026-03-29,헤드앤숄더 대신,평생샴푸 n년이상 사용중인 헤드앤숄더 클리니컬 스트렝스 주황색 좋다 대신 에 가격은 점점 비싸지는 것 같지만 그래도 이샴푸 저샴푸 사서 사용해보는 것 보다는 저렴함 비듬완화는 헤드앤숄더 클리니컬 스트렝스가 효과직빵같다 지루성 두피염이나 비듬때문에,"['평생', '이상', '클리니컬', '스트렝스', '주황색', '대신', '비듬', '완화', '클리니컬', '스트렝스', '효과', '지루', '비듬']","['평생_이상', '이상_클리니컬', '클리니컬_스트렝스', '스트렝스_주황색', '주황색_대신', '대신_비듬', '비듬_완화', '완화_클리니컬', '클리니컬_스트렝스', '스트렝스_효과', '효과_지루', '지루_비듬']","['평생', '이상', '클리니컬', '스트렝스', '주황색', '대신', '비듬', '완화', '클리니컬', '스트렝스', '효과', '지루', '비듬', '평생_이상', '이상_클리니컬', '클리니컬_스트렝스', '스트렝스_주황색', '주황색_대신', '대신_비듬', '비듬_완화', '완화_클리니컬', '클리니컬_스트렝스', '스트렝스_효과', '효과_지루', '지루_비듬']",[],,,1,['대신'],0,[],-1,이탈위험,False
blog,2026-03-29,헤드앤숄더 대신,2026 02 월기 성심당에서 시루 대신 작은 조각케이크 몇 개 사온건데 순식간에 클리어 2월 21일 또 대전은 그냥 아무거나 더 사올걸 2월 24일 너무 TMI 지만 두피에 각질 비듬이 너무 스트레스여서 헤드앤숄더 제품,"['성심당', '시루', '대신', '조각', '케이크', '순식간', '클리어', '대전', '각질', '비듬', '스트레스']","['성심당_시루', '시루_대신', '대신_조각', '조각_케이크', '케이크_순식간', '순식간_클리어', '클리어_대전', '대전_각질', '각질_비듬', '비듬_스트레스']","['성심당', '시루', '대신', '조각', '케이크', '순식간', '클리어', '대전', '각질', '비듬', '스트레스', '성심당_시루', '시루_대신', '대신_조각', '조각_케이크', '케이크_순식간', '순식간_클리어', '클리어_대전', '대전_각질', '각질_비듬', '비듬_스트레스']",[],,,1,['대신'],0,[],-1,이탈위험,False
blog,2026-03-25,헤드앤숄더 대신,이마트 트레이더스 3월 넷째주 3월 25일 할인 정보 설탕 대신 스테비아 골드 10 480원 CJ 백설 프락토 올리고당 6 980원 미쯔칸 혼테리 미림 4 980원 34 980원 헤드앤숄더 샴푸 가려운 두피 케어 16 480원 헤드앤숄더 트리트먼트 가려운 두피 케어,"['이마트', '트레이더스', '정보', '설탕', '대신', '스테비아', '골드', '백설', '프락토', '올리고당', '미쯔칸', '혼테리', '미림', '케어', '트리트먼트', '케어']","['이마트_트레이더스', '트레이더스_정보', '정보_설탕', '설탕_대신', '대신_스테비아', '스테비아_골드', '골드_백설', '백설_프락토', '프락토_올리고당', '올리고당_미쯔칸', '미쯔칸_혼테리', '혼테리_미림', '미림_케어', '케어_트리트먼트', '트리트먼트_케어']","['이마트', '트레이더스', '정보', '설탕', '대신', '스테비아', '골드', '백설', '프락토', '올리고당', '미쯔칸', '혼테리', '미림', '케어', '트리트먼트', '케어', '이마트_트레이더스', '트레이더스_정보', '정보_설탕', '설탕_대신', '대신_스테비아', '스테비아_골드', '골드_백설', '백설_프락토', '프락토_올리고당', '올리고당_미쯔칸', '미쯔칸_혼테리', '혼테리_미림', '미림_케어', '케어_트리트먼트', '트리트먼트_케어']",[],,,1,['대신'],0,[],-1,이탈위험,False
blog,2026-03-23,헤드앤숄더 대신,지성두피 뜻과 샴푸 추천 자신있게 어깨펴자 가려움 헤드앤숄더 클리니컬 스트렝스 황화세레늄 항진균 효과 끈적이는 지성 비듬과 가려움이 향기 amp 냄새 제거 이브로쉐 YVES ROCHER 라즈베리 헤어 식초 린스 대신 쓰는 워터 타입 정수리 냄새 중화에,"['지성', '자신', '어깨', '클리니컬', '스트렝스', '황화세레늄', '항진균', '효과', '지성', '비듬', '향기', '냄새', '제거', '이브로쉐', '라즈베리', '식초', '린스', '대신', '워터', '타입', '정수리', '냄새', '중화']","['지성_자신', '자신_어깨', '어깨_클리니컬', '클리니컬_스트렝스', '스트렝스_황화세레늄', '황화세레늄_항진균', '항진균_효과', '효과_지성', '지성_비듬', '비듬_향기', '향기_냄새', '냄새_제거', '제거_이브로쉐', '이브로쉐_라즈베리', '라즈베리_식초', '식초_린스', '린스_대신', '대신_워터', '워터_타입', '타입_정수리', '정수리_냄새', '냄새_중화']","['지성', '자신', '어깨', '클리니컬', '스트렝스', '황화세레늄', '항진균', '효과', '지성', '비듬', '향기', '냄새', '제거', '이브로쉐', '라즈베리', '식초', '린스', '대신', '워터', '타입', '정수리', '냄새', '중화', '지성_자신', '자신_어깨', '어깨_클리니컬', '클리니컬_스트렝스', '스트렝스_황화세레늄', '황화세레늄_항진균', '항진균_효과', '효과_지성', '지성_비듬', '비듬_향기', '향기_냄새', '냄새_제거', '제거_이브로쉐', '이브로쉐_라즈베리', '라즈베리_식초', '식초_린스', '린스_대신', '대신_워터', '워터_타입', '타입_정수리', '정수리_냄새', '냄새_중화']",[],,,2,"['가려움', '대신']",1,['추천'],-1,이탈위험,False
blog,2026-03-23,헤드앤숄더 대신,비듬 제대로 잡는 샴푸 추천 BEST 4 가려움과 각질 두피 헤드앤숄더 울트라 쿨 멘솔 시원한 쿨링과 강력한 비듬케어 첫 번째로 추천드릴 제품은 고체 형태라 휴대도 간편하고 화학 성분 대신 자연에서 온 성분만으로 부드럽게 두피를 케어할 수 있다는,"['비듬', '각질', '울트라', '비듬', '케어', '고체', '형태', '휴대', '화학', '성분', '대신', '자연', '성분', '케어']","['비듬_각질', '각질_울트라', '울트라_비듬', '비듬_케어', '케어_고체', '고체_형태', '형태_휴대', '휴대_화학', '화학_성분', '성분_대신', '대신_자연', '자연_성분', '성분_케어']","['비듬', '각질', '울트라', '비듬', '케어', '고체', '형태', '휴대', '화학', '성분', '대신', '자연', '성분', '케어', '비듬_각질', '각질_울트라', '울트라_비듬', '비듬_케어', '케어_고체', '고체_형태', '형태_휴대', '휴대_화학', '화학_성분', '성분_대신', '대신_자연', '자연_성분', '성분_케어']",[],,,2,"['가려움', '대신']",1,['추천'],-1,이탈위험,False
blog,2026-03-20,헤드앤숄더 대신,지긋지긋한 비듬 고민 해결 샴푸 amp 관리법 진정 헤드앤숄더 피리티온 아연 샴푸 대중적 가격에 효과 좋은 비듬 전용 샴푸 이니스프리 스칼프 올바른 샴푸 사용법 미온수로 두피 부드럽게 적신 후 샴푸 적당량 거품내기 손톱 대신 손가락 끝으로 두피,"['비듬', '고민', '해결', '관리법', '피리티온', '아연', '대중', '효과', '비듬', '전용', '이니스프리', '스칼프', '온수', '적당량', '거품', '내기', '손톱', '대신', '손가락']","['비듬_고민', '고민_해결', '해결_관리법', '관리법_피리티온', '피리티온_아연', '아연_대중', '대중_효과', '효과_비듬', '비듬_전용', '전용_이니스프리', '이니스프리_스칼프', '스칼프_온수', '온수_적당량', '적당량_거품', '거품_내기', '내기_손톱', '손톱_대신', '대신_손가락']","['비듬', '고민', '해결', '관리법', '피리티온', '아연', '대중', '효과', '비듬', '전용', '이니스프리', '스칼프', '온수', '적당량', '거품', '내기', '손톱', '대신', '손가락', '비듬_고민', '고민_해결', '해결_관리법', '관리법_피리티온', '피리티온_아연', '아연_대중', '대중_효과', '효과_비듬', '비듬_전용', '전용_이니스프리', '이니스프리_스칼프', '스칼프_온수', '온수_적당량', '적당량_거품', '거품_내기', '내기_손톱', '손톱_대신', '대신_손가락']",[],,,1,['대신'],0,[],-1,이탈위험,False
blog,2026-03-19,헤드앤숄더 대신,비듬 샴푸 댄트롤 vs 헤드앤숄더 비교 및 비듬 퇴치법 페녹시에탄올 Phenoxyethanol 파라벤 대신 널리 쓰이는 방부제입니다 보통 안전한 범위 내에서 사용되지만 피부가 매우 약한 경우 자극원이 되기도 합니다 헤드앤숄더 성분 분석 1 강력한 주의 성분 보존제,"['비듬', '댄트롤', '비교', '비듬', '퇴치', '페녹시에탄올', '파라벤', '대신', '방부제', '안전', '범위', '피부', '자극', '성분', '분석', '주의', '성분', '보존']","['비듬_댄트롤', '댄트롤_비교', '비교_비듬', '비듬_퇴치', '퇴치_페녹시에탄올', '페녹시에탄올_파라벤', '파라벤_대신', '대신_방부제', '방부제_안전', '안전_범위', '범위_피부', '피부_자극', '자극_성분', '성분_분석', '분석_주의', '주의_성분', '성분_보존']","['비듬', '댄트롤', '비교', '비듬', '퇴치', '페녹시에탄올', '파라벤', '대신', '방부제', '안전', '범위', '피부', '자극', '성분', '분석', '주의', '성분', '보존', '비듬_댄트롤', '댄트롤_비교', '비교_비듬', '비듬_퇴치', '퇴치_페녹시에탄올', '페녹시에탄올_파라벤', '파라벤_대신', '대신_방부제', '방부제_안전', '안전_범위', '범위_피부', '피부_자극', '자극_성분', '성분_분석', '분석_주의', '주의_성분', '성분_보존']",[],,,2,"['자극', '대신']",0,[],-2,이탈위험,False
blog,2026-03-17,헤드앤숄더 대신,비듬 때문에 옷깃 하얗게 눈밭 두피 비듬 완전 제거법 7가지 비듬 제거 루틴 1 약용 샴푸 올바른 사용법 효과 3배 일반 샴푸 대신 약용 비듬샴푸로 교체 하지만 헤드앤숄더 클리니컬 닥터포헤어 등이 인기예요 4 루틴 2 두피 스케일링 스크럽 각질부터 확 까기,"['비듬', '옷깃', '눈밭', '비듬', '제거', '비듬', '제거', '루틴', '약용', '사용법', '효과', '일반', '대신', '약용', '비듬', '교체', '클리니컬', '닥터포헤어', '인기', '루틴', '스케일링', '스크럽', '각질']","['비듬_옷깃', '옷깃_눈밭', '눈밭_비듬', '비듬_제거', '제거_비듬', '비듬_제거', '제거_루틴', '루틴_약용', '약용_사용법', '사용법_효과', '효과_일반', '일반_대신', '대신_약용', '약용_비듬', '비듬_교체', '교체_클리니컬', '클리니컬_닥터포헤어', '닥터포헤어_인기', '인기_루틴', '루틴_스케일링', '스케일링_스크럽', '스크럽_각질']","['비듬', '옷깃', '눈밭', '비듬', '제거', '비듬', '제거', '루틴', '약용', '사용법', '효과', '일반', '대신', '약용', '비듬', '교체', '클리니컬', '닥터포헤어', '인기', '루틴', '스케일링', '스크럽', '각질', '비듬_옷깃', '옷깃_눈밭', '눈밭_비듬', '비듬_제거', '제거_비듬', '비듬_제거', '제거_루틴', '루틴_약용', '약용_사용법', '사용법_효과', '효과_일반', '일반_대신', '대신_약용', '약용_비듬', '비듬_교체', '교체_클리니컬', '클리니컬_닥터포헤어', '닥터포헤어_인기', '인기_루틴', '루틴_스케일링', '스케일링_스크럽', '스크럽_각질']",[],,,1,['대신'],0,[],-1,이탈위험,False
blog,2026-03-16,헤드앤숄더 대신,헤드앤숄더 비듬샴푸까지 써봤는데 후기 두피 브러쉬랑 같이 사용하는 루틴 이야기도 많이 보여서 나도 같이 사용해봤음 헤드앤숄더 비듬샴푸까지 써봤는데 후기 손톱으로 벅벅 긁는 대신 부드러운 브러쉬로 구석구석 마사지하듯 감았음 이게,"['비듬', '브러쉬', '루틴', '이야기', '비듬', '손톱', '대신', '브러쉬', '구석구석', '마사지']","['비듬_브러쉬', '브러쉬_루틴', '루틴_이야기', '이야기_비듬', '비듬_손톱', '손톱_대신', '대신_브러쉬', '브러쉬_구석구석', '구석구석_마사지']","['비듬', '브러쉬', '루틴', '이야기', '비듬', '손톱', '대신', '브러쉬', '구석구석', '마사지', '비듬_브러쉬', '브러쉬_루틴', '루틴_이야기', '이야기_비듬', '비듬_손톱', '손톱_대신', '대신_브러쉬', '브러쉬_구석구석', '구석구석_마사지']",[],,,1,['대신'],0,[],-1,이탈위험,False
blog,2026-03-16,헤드앤숄더 대신,무조건 헤드앤숄더 클리니컬 스트렝스 보라색 솔직 리뷰 이미 알 만한 사람들은 다 안다는 헤드앤숄더 클리니컬 스트렝스 보라색 왜 이게 지루성 두피염의 시트러스 향 약용 샴푸 특유의 독한 냄새 대신 상큼한 시트러스 향이 나서 거부감이 적습니다 3,"['조건', '클리니컬', '스트렝스', '리뷰', '클리니컬', '스트렝스', '지루', '시트러스', '특유', '냄새', '대신', '시트러스', '거부감']","['조건_클리니컬', '클리니컬_스트렝스', '스트렝스_리뷰', '리뷰_클리니컬', '클리니컬_스트렝스', '스트렝스_지루', '지루_시트러스', '시트러스_특유', '특유_냄새', '냄새_대신', '대신_시트러스', '시트러스_거부감']","['조건', '클리니컬', '스트렝스', '리뷰', '클리니컬', '스트렝스', '지루', '시트러스', '특유', '냄새', '대신', '시트러스', '거부감', '조건_클리니컬', '클리니컬_스트렝스', '스트렝스_리뷰', '리뷰_클리니컬', '클리니컬_스트렝스', '스트렝스_지루', '지루_시트러스', '시트러스_특유', '특유_냄새', '냄새_대신', '대신_시트러스', '시트러스_거부감']",['솔직_리뷰'],,,1,['대신'],0,[],-1,이탈위험,False
blog,2026-03-16,헤드앤숄더 대신,도파민 끌어올려 대신 매일3km러닝 셀프챌린지로 죄책감을 줄이고 있다 3월 1일부터 시작해 주 5회 실천하고 있고 625ml 190 000동 약 1만원 바로 헤드앤숄더 샴푸 비듬방지샴푸 인삼 멘톨 레몬 애플 등등 향이 다양했지만 그,"['도파민', '대신', '러닝', '셀프', '챌린지', '죄책감', '시작', '실천', '비듬', '방지', '인삼', '멘토', '레몬', '애플', '다양']","['도파민_대신', '대신_러닝', '러닝_셀프', '셀프_챌린지', '챌린지_죄책감', '죄책감_시작', '시작_실천', '실천_비듬', '비듬_방지', '방지_인삼', '인삼_멘토', '멘토_레몬', '레몬_애플', '애플_다양']","['도파민', '대신', '러닝', '셀프', '챌린지', '죄책감', '시작', '실천', '비듬', '방지', '인삼', '멘토', '레몬', '애플', '다양', '도파민_대신', '대신_러닝', '러닝_셀프', '셀프_챌린지', '챌린지_죄책감', '죄책감_시작', '시작_실천', '실천_비듬', '비듬_방지', '방지_인삼', '인삼_멘토', '멘토_레몬', '레몬_애플', '애플_다양']",[],,,1,['대신'],0,[],-1,이탈위험,False
blog,2026-03-16,헤드앤숄더 대신,부담 없는 데일리 뷰티소품 헤어 두피 마사지 쿠션 헤어빗 마사지하는 대신 미끄러지듯 부드럽게 두피를 자극하며 일상에 스트레스도 확 풀립니다 2 헤드앤숄더 가려운 두피케어 트리트먼트 14 050원 별점 3 헤드앤숄더 차콜 샴푸 15 900원 별점,"['부담', '데일리', '소품', '마사지', '쿠션', '마사지', '대신', '자극', '일상', '스트레스', '케어', '트리트먼트', '별점', '별점']","['부담_데일리', '데일리_소품', '소품_마사지', '마사지_쿠션', '쿠션_마사지', '마사지_대신', '대신_자극', '자극_일상', '일상_스트레스', '스트레스_케어', '케어_트리트먼트', '트리트먼트_별점', '별점_별점']","['부담', '데일리', '소품', '마사지', '쿠션', '마사지', '대신', '자극', '일상', '스트레스', '케어', '트리트먼트', '별점', '별점', '부담_데일리', '데일리_소품', '소품_마사지', '마사지_쿠션', '쿠션_마사지', '마사지_대신', '대신_자극', '자극_일상', '일상_스트레스', '스트레스_케어', '케어_트리트먼트', '트리트먼트_별점', '별점_별점']",[],,,2,"['자극', '대신']",0,[],-2,이탈위험,False
blog,2026-03-13,헤드앤숄더 대신,헤드앤숄더 샴푸 추천 가려운 두피 케어 토탈 솔루션 후기 그래서 이번에 사용해 본 제품이 바로 헤드앤숄더 토탈 솔루션 가려운 두피 케어 샴푸예요 대용량에 두피가 예민한 편이라면 일반 샴푸 대신 이런 두피 케어 샴푸를 사용해 보는 것도 좋은 방법이라고,"['케어', '토탈', '솔루션', '이번', '토탈', '솔루션', '케어', '용량', '일반', '대신', '케어', '방법']","['케어_토탈', '토탈_솔루션', '솔루션_이번', '이번_토탈', '토탈_솔루션', '솔루션_케어', '케어_용량', '용량_일반', '일반_대신', '대신_케어', '케어_방법']","['케어', '토탈', '솔루션', '이번', '토탈', '솔루션', '케어', '용량', '일반', '대신', '케어', '방법', '케어_토탈', '토탈_솔루션', '솔루션_이번', '이번_토탈', '토탈_솔루션', '솔루션_케어', '케어_용량', '용량_일반', '일반_대신', '대신_케어', '케어_방법']",[],,,1,['대신'],1,['추천'],0,중립,False
blog,2026-03-11,헤드앤숄더 대신,샴푸 머리 감아도 2시간 뒤 떡짐 핵지성 두피 샴푸 유목민이 헤드앤숄더 샴푸 사용했던 제품 명이 기억이 나진 않지만 저는 이 브랜드 샴푸와 맞지 않더라구요 어릴 대신 거품이 엄청 잘 나는 편은 아니더라구요 일단 출근해서 사무실 히터 밑에 있는데도 앞머리가,"['떡짐', '지성', '유목민', '기억', '대신', '거품', '출근', '사무실', '히터', '앞머리']","['떡짐_지성', '지성_유목민', '유목민_기억', '기억_대신', '대신_거품', '거품_출근', '출근_사무실', '사무실_히터', '히터_앞머리']","['떡짐', '지성', '유목민', '기억', '대신', '거품', '출근', '사무실', '히터', '앞머리', '떡짐_지성', '지성_유목민', '유목민_기억', '기억_대신', '대신_거품', '거품_출근', '출근_사무실', '사무실_히터', '히터_앞머리']",[],,,1,['대신'],0,[],-1,이탈위험,False
blog,2026-03-10,헤드앤숄더 대신,코스트코 3월 둘째 주 할인터짐 쟁여두면 1년이 든든한 욕실 최근 리뉴얼되면서 한방 냄새 대신 우아한 우디 머스크 향이 더해져 사 용감이 훨씬 세련되졌어요 헤드앤숄더 클린 앤 밸런스드 샴푸 특징 지성 두피나 비듬 고민 있는 분들에겐 신과 같은 존재죠,"['욕실', '리뉴얼', '한방', '냄새', '대신', '우디', '머스크', '세련', '클린', '밸런스', '특징', '지성', '비듬', '고민', '존재']","['욕실_리뉴얼', '리뉴얼_한방', '한방_냄새', '냄새_대신', '대신_우디', '우디_머스크', '머스크_세련', '세련_클린', '클린_밸런스', '밸런스_특징', '특징_지성', '지성_비듬', '비듬_고민', '고민_존재']","['욕실', '리뉴얼', '한방', '냄새', '대신', '우디', '머스크', '세련', '클린', '밸런스', '특징', '지성', '비듬', '고민', '존재', '욕실_리뉴얼', '리뉴얼_한방', '한방_냄새', '냄새_대신', '대신_우디', '우디_머스크', '머스크_세련', '세련_클린', '클린_밸런스', '밸런스_특징', '특징_지성', '지성_비듬', '비듬_고민', '고민_존재']",[],,,1,['대신'],0,[],-1,이탈위험,False
blog,2026-03-10,헤드앤숄더 대신,서초 헤드 스파 모에코의원 방문 후기 친구와 함께 서초 헤드 스파 모에코의원에 헤드 스파를 받으러 다녀왔습니다 평소 두피 상태를 제대로 후 헤드앤숄더 샴푸를 사용하고 있는데 샴푸 사용 후 두피 가려움은 확실히 줄어든 대신 두피가 건조해진,"['서초', '헤드', '스파', '모에코', '의원', '방문', '친구', '서초', '헤드', '스파', '모에코', '의원', '헤드', '스파', '평소', '상태', '대신', '건조']","['서초_헤드', '헤드_스파', '스파_모에코', '모에코_의원', '의원_방문', '방문_친구', '친구_서초', '서초_헤드', '헤드_스파', '스파_모에코', '모에코_의원', '의원_헤드', '헤드_스파', '스파_평소', '평소_상태', '상태_대신', '대신_건조']","['서초', '헤드', '스파', '모에코', '의원', '방문', '친구', '서초', '헤드', '스파', '모에코', '의원', '헤드', '스파', '평소', '상태', '대신', '건조', '서초_헤드', '헤드_스파', '스파_모에코', '모에코_의원', '의원_방문', '방문_친구', '친구_서초', '서초_헤드', '헤드_스파', '스파_모에코', '모에코_의원', '의원_헤드', '헤드_스파', '스파_평소', '평소_상태', '상태_대신', '대신_건조']",[],,,2,"['가려움', '대신']",0,[],-2,이탈위험,False
blog,2026-03-08,헤드앤숄더 대신,원형탈모 극복 후기 2편 탈모 관리 모바이오 부천점 전후 원래 헤드앤숄더 비듬 전용 샴푸를 사용했었다 닥터방기원 제품을 사용하다가 향이 내 취향이 아니고 가려움도 많이 좋아지고 정수리 냄새도 좀 없어졌다 ㅎㅋㅎ 중간에 스케일러는 샴푸 대신 사용하는건데,"['원형', '탈모', '극복', '탈모', '관리', '바이오', '부천', '전후', '원래', '비듬', '전용', '닥터방기원', '취향', '정수리', '냄새', '중간', '스케일러', '대신']","['원형_탈모', '탈모_극복', '극복_탈모', '탈모_관리', '관리_바이오', '바이오_부천', '부천_전후', '전후_원래', '원래_비듬', '비듬_전용', '전용_닥터방기원', '닥터방기원_취향', '취향_정수리', '정수리_냄새', '냄새_중간', '중간_스케일러', '스케일러_대신']","['원형', '탈모', '극복', '탈모', '관리', '바이오', '부천', '전후', '원래', '비듬', '전용', '닥터방기원', '취향', '정수리', '냄새', '중간', '스케일러', '대신', '원형_탈모', '탈모_극복', '극복_탈모', '탈모_관리', '관리_바이오', '바이오_부천', '부천_전후', '전후_원래', '원래_비듬', '비듬_전용', '전용_닥터방기원', '닥터방기원_취향', '취향_정수리', '정수리_냄새', '냄새_중간', '중간_스케일러', '스케일러_대신']",[],,,2,"['가려움', '대신']",1,['없어졌'],-1,이탈위험,False
blog,2026-03-05,헤드앤숄더 대신,임산부 꿀템 17가지 임부복 대신 유니클로 니트팬츠 셔츠원피스 임부복으로 유명한 쇼핑몰 원피스를 당근으로 구매해 시원해지는 느낌이 좋아서 헤드앤숄더 샴푸를 쓰고 있었는데 샴푸에 들어있는 계면활성제들이 두피에,"['임산부', '임부복', '대신', '유니클로', '니트', '팬츠', '셔츠', '원피스', '임부복', '유명', '쇼핑몰', '원피스', '당근', '느낌', '계면활성제']","['임산부_임부복', '임부복_대신', '대신_유니클로', '유니클로_니트', '니트_팬츠', '팬츠_셔츠', '셔츠_원피스', '원피스_임부복', '임부복_유명', '유명_쇼핑몰', '쇼핑몰_원피스', '원피스_당근', '당근_느낌', '느낌_계면활성제']","['임산부', '임부복', '대신', '유니클로', '니트', '팬츠', '셔츠', '원피스', '임부복', '유명', '쇼핑몰', '원피스', '당근', '느낌', '계면활성제', '임산부_임부복', '임부복_대신', '대신_유니클로', '유니클로_니트', '니트_팬츠', '팬츠_셔츠', '셔츠_원피스', '원피스_임부복', '임부복_유명', '유명_쇼핑몰', '쇼핑몰_원피스', '원피스_당근', '당근_느낌', '느낌_계면활성제']",[],,,1,['대신'],0,[],-1,이탈위험,False
blog,2026-03-03,헤드앤숄더 대신,챗GPT 하루만 지나도 정수리에서 기름냄새 나는 남자들 이유 샴푸 헤드앤숄더 클리니컬 스트렝스 일반 향 좋은 샴푸는 오히려 냄새 악화됨 2 샴푸 방법 저녁에 향으로 덮는 게 아니라 원인을 잡아야 냄새가 사라진다 지성 두피라면 일반 샴푸 대신 두피,"['하루', '정수리', '기름', '냄새', '남자', '클리니컬', '스트렝스', '일반', '냄새', '악화', '방법', '저녁', '원인', '냄새', '지성', '일반', '대신']","['하루_정수리', '정수리_기름', '기름_냄새', '냄새_남자', '남자_클리니컬', '클리니컬_스트렝스', '스트렝스_일반', '일반_냄새', '냄새_악화', '악화_방법', '방법_저녁', '저녁_원인', '원인_냄새', '냄새_지성', '지성_일반', '일반_대신']","['하루', '정수리', '기름', '냄새', '남자', '클리니컬', '스트렝스', '일반', '냄새', '악화', '방법', '저녁', '원인', '냄새', '지성', '일반', '대신', '하루_정수리', '정수리_기름', '기름_냄새', '냄새_남자', '남자_클리니컬', '클리니컬_스트렝스', '스트렝스_일반', '일반_냄새', '냄새_악화', '악화_방법', '방법_저녁', '저녁_원인', '원인_냄새', '냄새_지성', '지성_일반', '일반_대신']",[],,,1,['대신'],0,[],-1,이탈위험,False
blog,2026-03-03,헤드앤숄더 대신,주간기록 2026 2 8 14 중간고사 기간이었는데 몰랐던 우리집은 헤드앤숄더 만 쓴지 거의 10년째인데 막내 지루성두피염 때문에 무튼 함 써보기로 10일 카다이프 대신 춘곤피 피스타치오 대신 호박씨 아몬드 점심은 짬뽕 자꾸만 카페 가자고 졸라대서 따라,"['주간', '기록', '중간고사', '기간', '막내', '지루성두피염', '무트', '카다이프', '대신', '피스타치오', '대신', '호박씨', '아몬드', '점심', '짬뽕', '카페']","['주간_기록', '기록_중간고사', '중간고사_기간', '기간_막내', '막내_지루성두피염', '지루성두피염_무트', '무트_카다이프', '카다이프_대신', '대신_피스타치오', '피스타치오_대신', '대신_호박씨', '호박씨_아몬드', '아몬드_점심', '점심_짬뽕', '짬뽕_카페']","['주간', '기록', '중간고사', '기간', '막내', '지루성두피염', '무트', '카다이프', '대신', '피스타치오', '대신', '호박씨', '아몬드', '점심', '짬뽕', '카페', '주간_기록', '기록_중간고사', '중간고사_기간', '기간_막내', '막내_지루성두피염', '지루성두피염_무트', '무트_카다이프', '카다이프_대신', '대신_피스타치오', '피스타치오_대신', '대신_호박씨', '호박씨_아몬드', '아몬드_점심', '점심_짬뽕', '짬뽕_카페']",[],,,1,['대신'],0,[],-1,이탈위험,False
blog,2026-03-02,헤드앤숄더 대신,내돈내산 포함한 올리브영 추천템 블랙 헤드 를 녹이기에도 좋았고 사용 후 당김도 적어 만족스러웠습니다 클렌징밤도 이것저것 많이 사용하는데 헤드앤숄더 가 가성비가 좋더라고요 더울땐 쿨멘솔이 시원 amp 개운했고 봄 가을에는 두피 가려움,"['포함', '올리브', '블랙', '헤드', '만족', '클렌징', '이것저것', '가성비', '시원', '가을']","['포함_올리브', '올리브_블랙', '블랙_헤드', '헤드_만족', '만족_클렌징', '클렌징_이것저것', '이것저것_가성비', '가성비_시원', '시원_가을']","['포함', '올리브', '블랙', '헤드', '만족', '클렌징', '이것저것', '가성비', '시원', '가을', '포함_올리브', '올리브_블랙', '블랙_헤드', '헤드_만족', '만족_클렌징', '클렌징_이것저것', '이것저것_가성비', '가성비_시원', '시원_가을']",[],,,1,['가려움'],1,['추천'],0,중립,False
blog,2026-02-27,헤드앤숄더 대신,내돈내산 닥터포헤어 폴리젠 씨솔트 스케일러 두피각질제거 및 간편하게 두피부분에 짜서 샴푸처럼 사용하면 되는데용 주1 2회 사용하면 된다하며 샴푸 대신 사용해도 된다고 해요 사용해 본 결과 이전 헤드앤숄더 샴푸보다 더 쿨링한 맛에 두피가 차갑고 진정되는 느낌,"['닥터포헤어', '폴리젠', '씨 솔트', '스케일러', '각질', '제거', '대신', '결과', '이전', '쿨링', '진정', '느낌']","['닥터포헤어_폴리젠', '폴리젠_씨 솔트', '씨 솔트_스케일러', '스케일러_각질', '각질_제거', '제거_대신', '대신_결과', '결과_이전', '이전_쿨링', '쿨링_진정', '진정_느낌']","['닥터포헤어', '폴리젠', '씨 솔트', '스케일러', '각질', '제거', '대신', '결과', '이전', '쿨링', '진정', '느낌', '닥터포헤어_폴리젠', '폴리젠_씨 솔트', '씨 솔트_스케일러', '스케일러_각질', '각질_제거', '제거_대신', '대신_결과', '결과_이전', '이전_쿨링', '쿨링_진정', '진정_느낌']",[],,,1,['대신'],0,[],-1,이탈위험,False
blog,2026-04-15,비듬샴푸 추천,맥주효모탈모 샴푸 두피 추천 살림백서 액티브B7 비듬 완화 테스트에서 사용 전 9 45mg에서 4주 후 6mg으로 감소했다는 점 때문에 기대가 되긴 했었거든요 탈모두피 샴푸 맥주효모탈모 샴푸 맥주효모 샴푸 탈모 샴푸 탈모 샴푸추천 맥주효모 샴푸추천,"['맥주', '효모', '탈모', '살림백서', '액티브', '비듬', '완화', '테스트', '감소', '기대', '맥주', '효모', '탈모', '맥주', '효모', '탈모', '탈모', '맥주', '효모']","['맥주_효모', '효모_탈모', '탈모_살림백서', '살림백서_액티브', '액티브_비듬', '비듬_완화', '완화_테스트', '테스트_감소', '감소_기대', '기대_맥주', '맥주_효모', '효모_탈모', '탈모_맥주', '맥주_효모', '효모_탈모', '탈모_탈모', '탈모_맥주', '맥주_효모']","['맥주', '효모', '탈모', '살림백서', '액티브', '비듬', '완화', '테스트', '감소', '기대', '맥주', '효모', '탈모', '맥주', '효모', '탈모', '탈모', '맥주', '효모', '맥주_효모', '효모_탈모', '탈모_살림백서', '살림백서_액티브', '액티브_비듬', '비듬_완화', '완화_테스트', '테스트_감소', '감소_기대', '기대_맥주', '맥주_효모', '효모_탈모', '탈모_맥주', '맥주_효모', '효모_탈모', '탈모_탈모', '탈모_맥주', '맥주_효모']",[],,,0,[],1,['추천'],1,긍정,False
blog,2026-04-15,비듬샴푸 추천,살림백서 엑티브B7 맥주효모 앤 비오틴 탈모두피 샴푸 만족후기 두피탈모 샴푸 는 이미 임상실험으로 나온 결과도 있어서 믿음이 가요 두피 비듬 완화 테스트로 비듬 맥주효모탈모 샴푸 살림백서 샴푸 후기 탈모 샴푸추천 지성 샴푸추천,"['살림', '백서', '엑티브', '맥주', '효모', '비오', '탈모', '만족', '탈모', '임상', '실험', '결과', '믿음', '비듬', '완화', '테스트', '비듬', '맥주', '효모', '탈모', '살림', '백서', '탈모', '지성']","['살림_백서', '백서_엑티브', '엑티브_맥주', '맥주_효모', '효모_비오', '비오_탈모', '탈모_만족', '만족_탈모', '탈모_임상', '임상_실험', '실험_결과', '결과_믿음', '믿음_비듬', '비듬_완화', '완화_테스트', '테스트_비듬', '비듬_맥주', '맥주_효모', '효모_탈모', '탈모_살림', '살림_백서', '백서_탈모', '탈모_지성']","['살림', '백서', '엑티브', '맥주', '효모', '비오', '탈모', '만족', '탈모', '임상', '실험', '결과', '믿음', '비듬', '완화', '테스트', '비듬', '맥주', '효모', '탈모', '살림', '백서', '탈모', '지성', '살림_백서', '백서_엑티브', '엑티브_맥주', '맥주_효모', '효모_비오', '비오_탈모', '탈모_만족', '만족_탈모', '탈모_임상', '임상_실험', '실험_결과', '결과_믿음', '믿음_비듬', '비듬_완화', '완화_테스트', '테스트_비듬', '비듬_맥주', '맥주_효모', '효모_탈모', '탈모_살림', '살림_백서', '백서_탈모', '탈모_지성']",[],,,0,[],1,['추천'],1,긍정,False
blog,2026-04-15,비듬샴푸 추천,및 탈모관리 미리 관리하기 위한 아이템 다자르 구공 샴푸 주는 샴푸 쫀득쫀득 모발에 착 달라 붙는 느낌으로 모발 두피에 있는 각질과 비듬 을 동시에 제거 탈모 샴푸 두피케어 탈모관리 다자르구공 샴푸 탈모 샴푸추천 발모 샴푸 탈모치료 탈모예방 두피 관리,"['탈모', '관리', '관리', '아이템', '모발', '느낌', '모발', '각질', '비듬', '동시', '제거', '탈모', '케어', '탈모', '관리', '탈모', '탈모', '치료', '탈모', '예방', '관리']","['탈모_관리', '관리_관리', '관리_아이템', '아이템_모발', '모발_느낌', '느낌_모발', '모발_각질', '각질_비듬', '비듬_동시', '동시_제거', '제거_탈모', '탈모_케어', '케어_탈모', '탈모_관리', '관리_탈모', '탈모_탈모', '탈모_치료', '치료_탈모', '탈모_예방', '예방_관리']","['탈모', '관리', '관리', '아이템', '모발', '느낌', '모발', '각질', '비듬', '동시', '제거', '탈모', '케어', '탈모', '관리', '탈모', '탈모', '치료', '탈모', '예방', '관리', '탈모_관리', '관리_관리', '관리_아이템', '아이템_모발', '모발_느낌', '느낌_모발', '모발_각질', '각질_비듬', '비듬_동시', '동시_제거', '제거_탈모', '탈모_케어', '케어_탈모', '탈모_관리', '관리_탈모', '탈모_탈모', '탈모_치료', '치료_탈모', '탈모_예방', '예방_관리']",[],,,0,[],1,['추천'],1,긍정,False
blog,2026-04-15,비듬샴푸 추천,두피가려움 두피관리TIP 솔랩 두피스케일러 사용하기 싶어서 솔랩 두피스케일러 추천 받아서 사용해봤어요 사용하다보니 저만의 두피관리TIP도 생겼는데요 열심히 샴푸 를 해줘도 뭔가 부족하다고 느낄때 분명 깨끗하게 헹궜다고 생각했는데 비듬 각질,"['관리', '두피스케일러', '솔랩', '두피스케일러', '관리', '부족', '비듬', '각질']","['관리_두피스케일러', '두피스케일러_솔랩', '솔랩_두피스케일러', '두피스케일러_관리', '관리_부족', '부족_비듬', '비듬_각질']","['관리', '두피스케일러', '솔랩', '두피스케일러', '관리', '부족', '비듬', '각질', '관리_두피스케일러', '두피스케일러_솔랩', '솔랩_두피스케일러', '두피스케일러_관리', '관리_부족', '부족_비듬', '비듬_각질']",[],,,1,['가려움'],1,['추천'],0,중립,False
blog,2026-04-15,비듬샴푸 추천,관리 헤어 케어 루틴에 딱 맞는 더블유 헤어 로스 샴푸 추천 정수리 탈모 초기 고민이 있거나 비듬 클렌징과 두피 샴푸 추천 제품 찾고 있다면 참고해보셔도 좋을 것 같아요 원형탈모초기 지성두피,"['관리', '케어', '루틴', '더블', '로스', '정수리', '탈모', '초기', '고민', '비듬', '클렌징', '참고', '원형', '탈모', '초기', '지성두피']","['관리_케어', '케어_루틴', '루틴_더블', '더블_로스', '로스_정수리', '정수리_탈모', '탈모_초기', '초기_고민', '고민_비듬', '비듬_클렌징', '클렌징_참고', '참고_원형', '원형_탈모', '탈모_초기', '초기_지성두피']","['관리', '케어', '루틴', '더블', '로스', '정수리', '탈모', '초기', '고민', '비듬', '클렌징', '참고', '원형', '탈모', '초기', '지성두피', '관리_케어', '케어_루틴', '루틴_더블', '더블_로스', '로스_정수리', '정수리_탈모', '탈모_초기', '초기_고민', '고민_비듬', '비듬_클렌징', '클렌징_참고', '참고_원형', '원형_탈모', '탈모_초기', '초기_지성두피']",[],,,0,[],1,['추천'],1,긍정,False
blog,2026-04-15,비듬샴푸 추천,약산성 샴푸 추천 온 가족 두피 고민 해결해 준 바디브 미오 총평 이런 분들께 추천 합니다 일주일 동안 바디브 미오 샴푸 를 사용해 본 결과 모발은 한층 찰랑거리고 두피는 눈에 띄게 진정된 것을 느낄 수 있었습니다 두피 가려움이나 비듬 으로 스트레스받으시는 분,"['약산', '가족', '고민', '해결', '바디브', '미오', '총평', '동안', '바디브', '미오', '결과', '모발', '진정', '비듬', '스트레스']","['약산_가족', '가족_고민', '고민_해결', '해결_바디브', '바디브_미오', '미오_총평', '총평_동안', '동안_바디브', '바디브_미오', '미오_결과', '결과_모발', '모발_진정', '진정_비듬', '비듬_스트레스']","['약산', '가족', '고민', '해결', '바디브', '미오', '총평', '동안', '바디브', '미오', '결과', '모발', '진정', '비듬', '스트레스', '약산_가족', '가족_고민', '고민_해결', '해결_바디브', '바디브_미오', '미오_총평', '총평_동안', '동안_바디브', '바디브_미오', '미오_결과', '결과_모발', '모발_진정', '진정_비듬', '비듬_스트레스']",[],,,1,['가려움'],1,['추천'],0,중립,False
blog,2026-04-15,비듬샴푸 추천,대용량 지루성 두피염 개선의 새로운 선택 1 1 시카케어 샴푸 강력히 추천 합니다 실제 구매 후기 평가 동향 소비자들의 후기를 살펴보면 사용 후 두피가 깨끗해지는 느낌을 받았다는 평이 많습니다 특히 비듬 과 가려움증이 줄어들었다는 긍정적인 평가가 많습니다,"['용량', '지루', '개선', '선택', '케어', '실제', '평가', '동향', '소비자', '느낌', '비듬', '가려움증', '긍정', '평가']","['용량_지루', '지루_개선', '개선_선택', '선택_케어', '케어_실제', '실제_평가', '평가_동향', '동향_소비자', '소비자_느낌', '느낌_비듬', '비듬_가려움증', '가려움증_긍정', '긍정_평가']","['용량', '지루', '개선', '선택', '케어', '실제', '평가', '동향', '소비자', '느낌', '비듬', '가려움증', '긍정', '평가', '용량_지루', '지루_개선', '개선_선택', '선택_케어', '케어_실제', '실제_평가', '평가_동향', '동향_소비자', '소비자_느낌', '느낌_비듬', '비듬_가려움증', '가려움증_긍정', '긍정_평가']",[],,,1,['가려움'],1,['추천'],0,중립,False
blog,2026-04-15,비듬샴푸 추천,청소년 비듬샴푸 추천 두피 가려움 잡은 바디브 미오 샴푸 리얼 찾는 분은 꼭 구매하시길 추천 드립니다 해시태그 청소년 비듬샴푸 청소년 샴푸추천 비듬샴푸 두피가려움 샴푸 약산성 샴푸 두피케어 순한 샴푸 샴푸추천 데일리 샴푸 두피관리 정수리냄새제거 사춘기 샴푸,"['청소년', '비듬', '바디브', '미오', '리얼', '해시태그', '청소년', '비듬', '청소년', '비듬', '산성', '케어', '데일리', '관리', '정수리', '냄새', '제거', '사춘기']","['청소년_비듬', '비듬_바디브', '바디브_미오', '미오_리얼', '리얼_해시태그', '해시태그_청소년', '청소년_비듬', '비듬_청소년', '청소년_비듬', '비듬_산성', '산성_케어', '케어_데일리', '데일리_관리', '관리_정수리', '정수리_냄새', '냄새_제거', '제거_사춘기']","['청소년', '비듬', '바디브', '미오', '리얼', '해시태그', '청소년', '비듬', '청소년', '비듬', '산성', '케어', '데일리', '관리', '정수리', '냄새', '제거', '사춘기', '청소년_비듬', '비듬_바디브', '바디브_미오', '미오_리얼', '리얼_해시태그', '해시태그_청소년', '청소년_비듬', '비듬_청소년', '청소년_비듬', '비듬_산성', '산성_케어', '케어_데일리', '데일리_관리', '관리_정수리', '정수리_냄새', '냄새_제거', '제거_사춘기']",[],,,1,['가려움'],1,['추천'],0,중립,False
blog,2026-04-15,비듬샴푸 추천,두피케어 퍼리키 샴푸 후기 향 좋은 샴푸 추천 두피 냄새 제거까지 퍼리키 실크로드 글로우 샴푸 후기 요즘 두피가 예민해지면서 느낌 비듬 도 덜 신경 쓰이는 느낌 전체적으로 두피 컨디션이 편안해진 느낌이에요 총평 향,"['케어', '퍼리키', '냄새', '제거', '퍼리키', '실크로드', '글로우', '느낌', '비듬', '신경', '느낌', '전체', '컨디션', '편안', '느낌', '총평']","['케어_퍼리키', '퍼리키_냄새', '냄새_제거', '제거_퍼리키', '퍼리키_실크로드', '실크로드_글로우', '글로우_느낌', '느낌_비듬', '비듬_신경', '신경_느낌', '느낌_전체', '전체_컨디션', '컨디션_편안', '편안_느낌', '느낌_총평']","['케어', '퍼리키', '냄새', '제거', '퍼리키', '실크로드', '글로우', '느낌', '비듬', '신경', '느낌', '전체', '컨디션', '편안', '느낌', '총평', '케어_퍼리키', '퍼리키_냄새', '냄새_제거', '제거_퍼리키', '퍼리키_실크로드', '실크로드_글로우', '글로우_느낌', '느낌_비듬', '비듬_신경', '신경_느낌', '느낌_전체', '전체_컨디션', '컨디션_편안', '편안_느낌', '느낌_총평']",[],,,0,[],1,['추천'],1,긍정,False
blog,2026-04-15,비듬샴푸 추천,가려운두피 샴푸 촉촉했던 건성 샴푸 비듬 도 많아지고 머리카락까지 거칠고 푸석해지는 흐름이 자연스럽게 이어지더라고요 그래서 요즘은 그래서 자연스럽게 가려운두피 샴푸 찾는 분들한테 추천 하게 되더라고요 그리고 성분 쪽도 꽤 신경 쓴,"['건성', '비듬', '머리카락', '푸석', '흐름', '자연', '자연', '성분', '신경']","['건성_비듬', '비듬_머리카락', '머리카락_푸석', '푸석_흐름', '흐름_자연', '자연_자연', '자연_성분', '성분_신경']","['건성', '비듬', '머리카락', '푸석', '흐름', '자연', '자연', '성분', '신경', '건성_비듬', '비듬_머리카락', '머리카락_푸석', '푸석_흐름', '흐름_자연', '자연_자연', '자연_성분', '성분_신경']",[],,,0,[],1,['추천'],1,긍정,False
blog,2026-04-15,비듬샴푸 추천,진짜 덜 빠질까 의심하며 써본 살림백서 액티브B7 탈모두피 샴푸 평소 얇은 모발이 고민인 분들께 이 맥주효모 샴푸추천 을 하고 싶다 2 두피 열을 즉각적으로 내리는 탈모두피 샴푸 라 할 수 있다 3 검증된 비듬 및 가려움 완화 데이터 아무리 성분이 좋아도 객관적인,"['의심', '살림', '백서', '액티브', '탈모', '평소', '모발', '고민', '맥주', '효모', '즉각', '탈모', '검증', '비듬', '완화', '데이터', '성분', '객관']","['의심_살림', '살림_백서', '백서_액티브', '액티브_탈모', '탈모_평소', '평소_모발', '모발_고민', '고민_맥주', '맥주_효모', '효모_즉각', '즉각_탈모', '탈모_검증', '검증_비듬', '비듬_완화', '완화_데이터', '데이터_성분', '성분_객관']","['의심', '살림', '백서', '액티브', '탈모', '평소', '모발', '고민', '맥주', '효모', '즉각', '탈모', '검증', '비듬', '완화', '데이터', '성분', '객관', '의심_살림', '살림_백서', '백서_액티브', '액티브_탈모', '탈모_평소', '평소_모발', '모발_고민', '고민_맥주', '맥주_효모', '효모_즉각', '즉각_탈모', '탈모_검증', '검증_비듬', '비듬_완화', '완화_데이터', '데이터_성분', '성분_객관']",[],,,1,['가려움'],1,['추천'],0,중립,False
blog,2026-04-15,비듬샴푸 추천,탈모완화 샴푸 바르바라 어성초 투인원 샴푸 amp 컨디셔너 어성초 샴푸추천 바르바라 어성초 투인원 샴푸 amp 컨디셔너 탈모 고민과 머릿결을 한 번에 잡는 정착 템 사춘기 아이들의 과도한 피지 분비로 인한 비듬 고민도 비듬샴푸 어성초 성분이 깔끔하게 해결해 주니,"['탈모', '완화', '바르바라', '어성초', '투인원', '컨디셔너', '어성초', '바르바라', '어성초', '투인원', '컨디셔너', '탈모', '고민', '머릿결', '정착', '사춘기', '아이', '과도', '피지', '분비', '비듬', '고민', '비듬', '어성초', '성분', '해결']","['탈모_완화', '완화_바르바라', '바르바라_어성초', '어성초_투인원', '투인원_컨디셔너', '컨디셔너_어성초', '어성초_바르바라', '바르바라_어성초', '어성초_투인원', '투인원_컨디셔너', '컨디셔너_탈모', '탈모_고민', '고민_머릿결', '머릿결_정착', '정착_사춘기', '사춘기_아이', '아이_과도', '과도_피지', '피지_분비', '분비_비듬', '비듬_고민', '고민_비듬', '비듬_어성초', '어성초_성분', '성분_해결']","['탈모', '완화', '바르바라', '어성초', '투인원', '컨디셔너', '어성초', '바르바라', '어성초', '투인원', '컨디셔너', '탈모', '고민', '머릿결', '정착', '사춘기', '아이', '과도', '피지', '분비', '비듬', '고민', '비듬', '어성초', '성분', '해결', '탈모_완화', '완화_바르바라', '바르바라_어성초', '어성초_투인원', '투인원_컨디셔너', '컨디셔너_어성초', '어성초_바르바라', '바르바라_어성초', '어성초_투인원', '투인원_컨디셔너', '컨디셔너_탈모', '탈모_고민', '고민_머릿결', '머릿결_정착', '정착_사춘기', '사춘기_아이', '아이_과도', '과도_피지', '피지_분비', '분비_비듬', '비듬_고민', '고민_비듬', '비듬_어성초', '어성초_성분', '성분_해결']",[],,,0,[],2,"['정착', '추천']",2,긍정,False
blog,2026-04-15,비듬샴푸 추천,피톤치드 향 가득 닥터라파알 맥주효모 샴푸 로 두피 건강 찾기 살리실릭애씨드 성분이 각질 정돈까지 깔끔하게 도와주니 비듬 걱정도 싹 사라졌어요 매일 써도 부담 이런 분들에게 닥터라파알 샴푸 를 추천 해요 머리카락이 얇아져서 고민인 분 두피 가려움과 유분기가,"['피톤치드', '닥터라파알', '맥주', '효모', '건강', '살리실릭애씨드', '성분', '각질', '정돈', '비듬', '걱정', '부담', '닥터', '머리카락', '고민', '유분']","['피톤치드_닥터라파알', '닥터라파알_맥주', '맥주_효모', '효모_건강', '건강_살리실릭애씨드', '살리실릭애씨드_성분', '성분_각질', '각질_정돈', '정돈_비듬', '비듬_걱정', '걱정_부담', '부담_닥터', '닥터_머리카락', '머리카락_고민', '고민_유분']","['피톤치드', '닥터라파알', '맥주', '효모', '건강', '살리실릭애씨드', '성분', '각질', '정돈', '비듬', '걱정', '부담', '닥터', '머리카락', '고민', '유분', '피톤치드_닥터라파알', '닥터라파알_맥주', '맥주_효모', '효모_건강', '건강_살리실릭애씨드', '살리실릭애씨드_성분', '성분_각질', '각질_정돈', '정돈_비듬', '비듬_걱정', '걱정_부담', '부담_닥터', '닥터_머리카락', '머리카락_고민', '고민_유분']",[],,,1,['가려움'],2,"['사라졌', '추천']",1,긍정,False
blog,2026-04-15,비듬샴푸 추천,퓨어프렌즈 강아지 샴푸 써보고 2주 만에 피부 냄새랑 비듬 솔직히 가격은 조금 나가서 고민했는데 막상 써보니까 왜 사람들이 추천 하는지 알겠더라고요 처음 한 번 써보시면 좋을 것 같아요 강아지 샴푸 저자극 샴푸 애견케어 피부건강 펫 샴푸 비듬 관리 린스 샴푸,"['퓨어프렌즈', '강아지', '피부', '냄새', '비듬', '고민', '처음', '강아지', '자극', '애견', '케어', '피부', '건강', '비듬', '관리', '린스']","['퓨어프렌즈_강아지', '강아지_피부', '피부_냄새', '냄새_비듬', '비듬_고민', '고민_처음', '처음_강아지', '강아지_자극', '자극_애견', '애견_케어', '케어_피부', '피부_건강', '건강_비듬', '비듬_관리', '관리_린스']","['퓨어프렌즈', '강아지', '피부', '냄새', '비듬', '고민', '처음', '강아지', '자극', '애견', '케어', '피부', '건강', '비듬', '관리', '린스', '퓨어프렌즈_강아지', '강아지_피부', '피부_냄새', '냄새_비듬', '비듬_고민', '고민_처음', '처음_강아지', '강아지_자극', '자극_애견', '애견_케어', '케어_피부', '피부_건강', '건강_비듬', '비듬_관리', '관리_린스']",[],,,1,['자극'],1,['추천'],0,중립,False
blog,2026-04-15,비듬샴푸 추천,두피가 보내는 SOS 신호 나에게 딱 맞는 건강 케어 솔루션 찾기 가렵거나 비듬 이 생기거나 혹은 머리카락이 평소보다 많이 빠지는 것 같아 고민인 분들이 많으실 민감성 두피 개선 외부 자극에 약한 민감성 두피는 순한 성분의 샴푸 를 사용하고 뜨거운 물이나 과도한,"['신호', '건강', '케어', '솔루션', '비듬', '머리카락', '평소', '고민', '개선', '외부', '자극', '성분', '과도']","['신호_건강', '건강_케어', '케어_솔루션', '솔루션_비듬', '비듬_머리카락', '머리카락_평소', '평소_고민', '고민_개선', '개선_외부', '외부_자극', '자극_성분', '성분_과도']","['신호', '건강', '케어', '솔루션', '비듬', '머리카락', '평소', '고민', '개선', '외부', '자극', '성분', '과도', '신호_건강', '건강_케어', '케어_솔루션', '솔루션_비듬', '비듬_머리카락', '머리카락_평소', '평소_고민', '고민_개선', '개선_외부', '외부_자극', '자극_성분', '성분_과도']",[],,,1,['자극'],0,[],-1,이탈위험,False
blog,2026-04-15,비듬샴푸 추천,건성 두피를 효과적으로 관리하는 방법과 제품 추천 지속적인 가려움증 비듬 의 발생 두피의 붉어짐 피부가 거칠어짐 이러한 증상이 나타난다면 특히 sulfate free 샴푸 를 추천 하며 잦은 세정은 피하는 것이 바람직합니다 3 두피 마사지 두피 마사지는,"['건성', '효과', '관리', '방법', '지속', '가려움증', '비듬', '발생', '피부', '증상', '세정', '마사지', '마사지']","['건성_효과', '효과_관리', '관리_방법', '방법_지속', '지속_가려움증', '가려움증_비듬', '비듬_발생', '발생_피부', '피부_증상', '증상_세정', '세정_마사지', '마사지_마사지']","['건성', '효과', '관리', '방법', '지속', '가려움증', '비듬', '발생', '피부', '증상', '세정', '마사지', '마사지', '건성_효과', '효과_관리', '관리_방법', '방법_지속', '지속_가려움증', '가려움증_비듬', '비듬_발생', '발생_피부', '피부_증상', '증상_세정', '세정_마사지', '마사지_마사지']",[],,,1,['가려움'],1,['추천'],0,중립,False
blog,2026-04-15,비듬샴푸 추천,건성 두피 관리에 대한 효과적인 방법과 주의사항 두피의 수분이 부족해지고 이로 인해 가려움증이나 비듬 염증 등이 발생할 수 있습니다 이 문제를 선택하거나 샴푸 의 양을 적게 사용하는 것이 바람직합니다 셋째 두피 마사지도 추천 되는 방법 중,"['건성', '관리', '효과', '방법', '주의', '사항', '수분', '부족', '가려움증', '비듬', '염증', '발생', '문제', '선택', '마사지', '방법']","['건성_관리', '관리_효과', '효과_방법', '방법_주의', '주의_사항', '사항_수분', '수분_부족', '부족_가려움증', '가려움증_비듬', '비듬_염증', '염증_발생', '발생_문제', '문제_선택', '선택_마사지', '마사지_방법']","['건성', '관리', '효과', '방법', '주의', '사항', '수분', '부족', '가려움증', '비듬', '염증', '발생', '문제', '선택', '마사지', '방법', '건성_관리', '관리_효과', '효과_방법', '방법_주의', '주의_사항', '사항_수분', '수분_부족', '부족_가려움증', '가려움증_비듬', '비듬_염증', '염증_발생', '발생_문제', '문제_선택', '선택_마사지', '마사지_방법']",[],,,1,['가려움'],1,['추천'],0,중립,False
blog,2026-04-15,비듬샴푸 추천,탈모 관리 방법 비듬 클렌징 두피 보호 두피 샴푸 추천 비듬 클렌징이 잘 되는 샴푸 는 보통 뻣뻣함이 남는데 이건 베스트 샴푸 라고 느껴질 만큼 부드럽게 특히 두피 샴푸 추천 제품으로 충분히 소개하고 싶은 이유예요 판테놀과 캐모마일 꽃수가 들어 있어서,"['탈모', '관리', '방법', '비듬', '클렌징', '보호', '비듬', '클렌징', '베스트', '소개', '판테놀', '캐모마일']","['탈모_관리', '관리_방법', '방법_비듬', '비듬_클렌징', '클렌징_보호', '보호_비듬', '비듬_클렌징', '클렌징_베스트', '베스트_소개', '소개_판테놀', '판테놀_캐모마일']","['탈모', '관리', '방법', '비듬', '클렌징', '보호', '비듬', '클렌징', '베스트', '소개', '판테놀', '캐모마일', '탈모_관리', '관리_방법', '방법_비듬', '비듬_클렌징', '클렌징_보호', '보호_비듬', '비듬_클렌징', '클렌징_베스트', '베스트_소개', '소개_판테놀', '판테놀_캐모마일']",[],,,0,[],1,['추천'],1,긍정,False
blog,2026-04-15,비듬샴푸 추천,탈모두피 샴푸 추천 현실적인 효과 실제 변화 후기 탈모두피 샴푸 추천 현실적인 효과 실제 변화 후기 탈모두피 샴푸 추천 현실적인 효과 실제 변화 후기 탈모두피 샴푸 로 유명하기보다는 두피 샴푸 비듬샴푸 쪽으로 유명하더라고요 그럼에도 제가 요즘 꾸준히,"['탈모', '현실', '효과', '실제', '변화', '현실', '효과', '실제', '변화', '현실', '효과', '실제', '변화', '유명', '비듬', '유명']","['탈모_현실', '현실_효과', '효과_실제', '실제_변화', '변화_현실', '현실_효과', '효과_실제', '실제_변화', '변화_현실', '현실_효과', '효과_실제', '실제_변화', '변화_유명', '유명_비듬', '비듬_유명']","['탈모', '현실', '효과', '실제', '변화', '현실', '효과', '실제', '변화', '현실', '효과', '실제', '변화', '유명', '비듬', '유명', '탈모_현실', '현실_효과', '효과_실제', '실제_변화', '변화_현실', '현실_효과', '효과_실제', '실제_변화', '변화_현실', '현실_효과', '효과_실제', '실제_변화', '변화_유명', '유명_비듬', '비듬_유명']",[],,,0,[],1,['추천'],1,긍정,False
blog,2026-04-15,비듬샴푸 추천,뽀득뽀득한 비누 세정 당신의 두피 장벽을 무너뜨리고 있나요 탈모예방 두피관리 비누 샴푸 차이 pH농도 약산성 샴푸 두피건강 홈케어 모발관리 탈모 샴푸 머리감는법 두피장벽 모근강화 뷰티팁 생활정보 건강블로그 샴푸 바 추천 천연비누 민감성두피 비듬 관리,"['비누', '세정', '장벽', '탈모', '예방', '관리', '비누', '차이', '농도', '산성', '건강', '케어', '모발', '관리', '탈모', '장벽', '모근', '강화', '뷰티팁', '생활', '정보', '건강', '블로그', '천연', '비누', '비듬', '관리']","['비누_세정', '세정_장벽', '장벽_탈모', '탈모_예방', '예방_관리', '관리_비누', '비누_차이', '차이_농도', '농도_산성', '산성_건강', '건강_케어', '케어_모발', '모발_관리', '관리_탈모', '탈모_장벽', '장벽_모근', '모근_강화', '강화_뷰티팁', '뷰티팁_생활', '생활_정보', '정보_건강', '건강_블로그', '블로그_천연', '천연_비누', '비누_비듬', '비듬_관리']","['비누', '세정', '장벽', '탈모', '예방', '관리', '비누', '차이', '농도', '산성', '건강', '케어', '모발', '관리', '탈모', '장벽', '모근', '강화', '뷰티팁', '생활', '정보', '건강', '블로그', '천연', '비누', '비듬', '관리', '비누_세정', '세정_장벽', '장벽_탈모', '탈모_예방', '예방_관리', '관리_비누', '비누_차이', '차이_농도', '농도_산성', '산성_건강', '건강_케어', '케어_모발', '모발_관리', '관리_탈모', '탈모_장벽', '장벽_모근', '모근_강화', '강화_뷰티팁', '뷰티팁_생활', '생활_정보', '정보_건강', '건강_블로그', '블로그_천연', '천연_비누', '비누_비듬', '비듬_관리']",[],,,0,[],1,['추천'],1,긍정,False
blog,2026-04-15,비듬샴푸 추천,두피 건강 놓치지 않을 거예요 나에게 딱 맞는 케어 가이드 어떤 분들은 지성 두피인데도 건성용 제품을 쓰거나 민감성 두피인데도 강한 세정력의 샴푸 를 써서 예를 들어 만성적인 비듬 지루성 두피염 심한 가려움증 초기 탈모 증상 등 문제성 두피 케어 가 필요한,"['건강', '케어', '가이드', '지성', '건성', '세정', '만성', '비듬', '지루', '가려움증', '초기', '탈모', '증상', '문제', '케어', '필요']","['건강_케어', '케어_가이드', '가이드_지성', '지성_건성', '건성_세정', '세정_만성', '만성_비듬', '비듬_지루', '지루_가려움증', '가려움증_초기', '초기_탈모', '탈모_증상', '증상_문제', '문제_케어', '케어_필요']","['건강', '케어', '가이드', '지성', '건성', '세정', '만성', '비듬', '지루', '가려움증', '초기', '탈모', '증상', '문제', '케어', '필요', '건강_케어', '케어_가이드', '가이드_지성', '지성_건성', '건성_세정', '세정_만성', '만성_비듬', '비듬_지루', '지루_가려움증', '가려움증_초기', '초기_탈모', '탈모_증상', '증상_문제', '문제_케어', '케어_필요']",[],,,1,['가려움'],0,[],-1,이탈위험,False
blog,2026-04-15,비듬샴푸 추천,두피건선 샴푸 내돈내산 건성러가 말아주는 후기 피부과 갈까 고민하다 건성 비듬샴푸 추천 까지 받았어요 병원도 진짜 고민했지만 솔직히 두피를 무조건 추천할 정도로 마음에 들어요 두피건선샴푸 내돈내산 아이템 요즘 빠져있는,"['두피건선', '건성러', '피부과', '고민', '건성', '비듬', '병원', '고민', '조건', '두피건선', '아이템']","['두피건선_건성러', '건성러_피부과', '피부과_고민', '고민_건성', '건성_비듬', '비듬_병원', '병원_고민', '고민_조건', '조건_두피건선', '두피건선_아이템']","['두피건선', '건성러', '피부과', '고민', '건성', '비듬', '병원', '고민', '조건', '두피건선', '아이템', '두피건선_건성러', '건성러_피부과', '피부과_고민', '고민_건성', '건성_비듬', '비듬_병원', '병원_고민', '고민_조건', '조건_두피건선', '두피건선_아이템']",[],,,0,[],1,['추천'],1,긍정,False
blog,2026-04-15,비듬샴푸 추천,머리숱 고민으로 거울 볼 때마다 한숨 나올 때 두피 케어도 남녀 따로 세분화돼 있어서 가려움증이나 비듬 고민 해결에 좋고요 이런 정보 없이 남성 전체염색 할 때는 톤 선택이 핵심인데 피부 밝기 맞춰 애쉬나 브라운 추천 해요 과정은 세정 후 약,"['머리숱', '고민', '거울', '한숨', '케어', '남녀', '세분', '가려움증', '비듬', '고민', '해결', '정보', '남성', '전체', '염색', '선택', '핵심', '피부', '밝기', '애쉬나', '브라운', '과정', '세정']","['머리숱_고민', '고민_거울', '거울_한숨', '한숨_케어', '케어_남녀', '남녀_세분', '세분_가려움증', '가려움증_비듬', '비듬_고민', '고민_해결', '해결_정보', '정보_남성', '남성_전체', '전체_염색', '염색_선택', '선택_핵심', '핵심_피부', '피부_밝기', '밝기_애쉬나', '애쉬나_브라운', '브라운_과정', '과정_세정']","['머리숱', '고민', '거울', '한숨', '케어', '남녀', '세분', '가려움증', '비듬', '고민', '해결', '정보', '남성', '전체', '염색', '선택', '핵심', '피부', '밝기', '애쉬나', '브라운', '과정', '세정', '머리숱_고민', '고민_거울', '거울_한숨', '한숨_케어', '케어_남녀', '남녀_세분', '세분_가려움증', '가려움증_비듬', '비듬_고민', '고민_해결', '해결_정보', '정보_남성', '남성_전체', '전체_염색', '염색_선택', '선택_핵심', '핵심_피부', '피부_밝기', '밝기_애쉬나', '애쉬나_브라운', '브라운_과정', '과정_세정']",[],,,1,['가려움'],1,['추천'],0,중립,False
blog,2026-04-15,비듬샴푸 추천,두피 컨디션 완전 정복 내 두피가 좋아하는 맞춤 케어 비법 건조하고 가려운 민감성두피개선엔 자극 적은 순한 샴푸 와 두피 진정 세럼이 필수예요 붉고 예민한 두피는 외부 자극 보호와 수분 공급에 집중해야 해요 염증이나 비듬 심한 문제성두피케어에는 전문적인가,"['컨디션', '정복', '맞춤', '케어', '비법', '건조', '개선', '자극', '진정', '세럼', '필수', '외부', '자극', '보호', '수분', '공급', '집중', '염증', '비듬', '문제', '케어', '전문']","['컨디션_정복', '정복_맞춤', '맞춤_케어', '케어_비법', '비법_건조', '건조_개선', '개선_자극', '자극_진정', '진정_세럼', '세럼_필수', '필수_외부', '외부_자극', '자극_보호', '보호_수분', '수분_공급', '공급_집중', '집중_염증', '염증_비듬', '비듬_문제', '문제_케어', '케어_전문']","['컨디션', '정복', '맞춤', '케어', '비법', '건조', '개선', '자극', '진정', '세럼', '필수', '외부', '자극', '보호', '수분', '공급', '집중', '염증', '비듬', '문제', '케어', '전문', '컨디션_정복', '정복_맞춤', '맞춤_케어', '케어_비법', '비법_건조', '건조_개선', '개선_자극', '자극_진정', '진정_세럼', '세럼_필수', '필수_외부', '외부_자극', '자극_보호', '보호_수분', '수분_공급', '공급_집중', '집중_염증', '염증_비듬', '비듬_문제', '문제_케어', '케어_전문']",[],,,1,['자극'],0,[],-1,이탈위험,False
blog,2026-04-15,비듬샴푸 추천,두피 관리 제대로 하는 법이것만 바꿔도 탈모 예방됩니다 비듬 이 눈에 띄어요 머리카락 힘이 약해졌어요 머리 빠짐이 늘었어요 이 중 2개 이상 ② 하루 1회 저녁 샴푸 추천 하루 동안 쌓인 미세먼지 제거가 중요해요 저녁 샴푸 로 두피 청결,"['관리', '탈모', '예방', '비듬', '머리카락', '이상', '하루', '저녁', '하루', '동안', '미세', '먼지', '제거', '중요', '저녁', '청결']","['관리_탈모', '탈모_예방', '예방_비듬', '비듬_머리카락', '머리카락_이상', '이상_하루', '하루_저녁', '저녁_하루', '하루_동안', '동안_미세', '미세_먼지', '먼지_제거', '제거_중요', '중요_저녁', '저녁_청결']","['관리', '탈모', '예방', '비듬', '머리카락', '이상', '하루', '저녁', '하루', '동안', '미세', '먼지', '제거', '중요', '저녁', '청결', '관리_탈모', '탈모_예방', '예방_비듬', '비듬_머리카락', '머리카락_이상', '이상_하루', '하루_저녁', '저녁_하루', '하루_동안', '동안_미세', '미세_먼지', '먼지_제거', '제거_중요', '중요_저녁', '저녁_청결']",[],,,0,[],1,['추천'],1,긍정,False
blog,2026-04-15,비듬샴푸 추천,건성 두피 관리 방법과 추천 제품 안내 건성 두피는 많은 사람들이 겪는 문제 중 하나로 가려움증과 비듬 염증 등을 유발할 수 있습니다 추천 제품 여러 가지 제품 중에서 건성 두피 관리를 돕는 몇 가지를 소개합니다 1 보습 샴푸 민감한,"['건성', '관리', '방법', '안내', '건성', '문제', '가려움증', '비듬', '염증', '유발', '건성', '관리', '소개', '보습', '민감']","['건성_관리', '관리_방법', '방법_안내', '안내_건성', '건성_문제', '문제_가려움증', '가려움증_비듬', '비듬_염증', '염증_유발', '유발_건성', '건성_관리', '관리_소개', '소개_보습', '보습_민감']","['건성', '관리', '방법', '안내', '건성', '문제', '가려움증', '비듬', '염증', '유발', '건성', '관리', '소개', '보습', '민감', '건성_관리', '관리_방법', '방법_안내', '안내_건성', '건성_문제', '문제_가려움증', '가려움증_비듬', '비듬_염증', '염증_유발', '유발_건성', '건성_관리', '관리_소개', '소개_보습', '보습_민감']",[],,,1,['가려움'],1,['추천'],0,중립,False
blog,2026-04-15,비듬샴푸 추천,퓨어프렌즈 강아지 샴푸 써보고 강아지 피부 냄새 정말 줄었어요 수 있지만 저자극이라 안심하고 쓰기 좋아서 재구매 예정입니다 특히 민감한 아이 키우는 분들께 추천 하고 싶은 제품이에요 강아지 샴푸 저자극 샴푸 강아지피부관리 펫 샴푸 비듬 제거 강아지린스 애견용품,"['퓨어프렌즈', '강아지', '강아지', '피부', '냄새', '자극', '안심', '예정', '아이', '강아지', '자극', '강아지', '피부', '관리', '비듬', '제거', '강아지', '린스', '애견', '용품']","['퓨어프렌즈_강아지', '강아지_강아지', '강아지_피부', '피부_냄새', '냄새_자극', '자극_안심', '안심_예정', '예정_아이', '아이_강아지', '강아지_자극', '자극_강아지', '강아지_피부', '피부_관리', '관리_비듬', '비듬_제거', '제거_강아지', '강아지_린스', '린스_애견', '애견_용품']","['퓨어프렌즈', '강아지', '강아지', '피부', '냄새', '자극', '안심', '예정', '아이', '강아지', '자극', '강아지', '피부', '관리', '비듬', '제거', '강아지', '린스', '애견', '용품', '퓨어프렌즈_강아지', '강아지_강아지', '강아지_피부', '피부_냄새', '냄새_자극', '자극_안심', '안심_예정', '예정_아이', '아이_강아지', '강아지_자극', '자극_강아지', '강아지_피부', '피부_관리', '관리_비듬', '비듬_제거', '제거_강아지', '강아지_린스', '린스_애견', '애견_용품']",[],,,1,['자극'],2,"['재구매', '추천']",1,긍정,False
blog,2026-04-15,비듬샴푸 추천,탈모어성초 만들어 보세요 떨어져 비듬 처럼 보일 때가 있어요 어성초 자몽 녹차 잎을 발효시켜 끓이는 것이 좋다고 들었어요 치료를 자주 잃는 등 다양한 증상이 나타날 수 있어요 찾아보니 유전성이 있긴 하지만 이 샴푸 를 사용해,"['탈모어성초', '비듬', '어성초', '자몽', '녹차', '발효', '치료', '다양', '증상', '유전']","['탈모어성초_비듬', '비듬_어성초', '어성초_자몽', '자몽_녹차', '녹차_발효', '발효_치료', '치료_다양', '다양_증상', '증상_유전']","['탈모어성초', '비듬', '어성초', '자몽', '녹차', '발효', '치료', '다양', '증상', '유전', '탈모어성초_비듬', '비듬_어성초', '어성초_자몽', '자몽_녹차', '녹차_발효', '발효_치료', '치료_다양', '다양_증상', '증상_유전']",[],,,0,[],0,[],0,중립,False
blog,2026-04-15,비듬샴푸 추천,둥근얼굴 레이어드컷 모류개선 앞머리펌 준오헤어 이때 좋았던 건 내 두피에 맞는 샴푸 를 고를 수 있다는 것 비듬 두피라서 민감성 두피용 샴푸 를 비용으로 모류개선 앞머리펌 완전 추천 두세달 정도 볼륨이 유지된다고 하니까 그때마다 방문하게 될 것 같다,"['얼굴', '레이어드', '모류개선', '앞머리', '준오헤어', '이때', '비듬', '비용', '모류개선', '앞머리', '볼륨', '유지', '그때', '방문']","['얼굴_레이어드', '레이어드_모류개선', '모류개선_앞머리', '앞머리_준오헤어', '준오헤어_이때', '이때_비듬', '비듬_비용', '비용_모류개선', '모류개선_앞머리', '앞머리_볼륨', '볼륨_유지', '유지_그때', '그때_방문']","['얼굴', '레이어드', '모류개선', '앞머리', '준오헤어', '이때', '비듬', '비용', '모류개선', '앞머리', '볼륨', '유지', '그때', '방문', '얼굴_레이어드', '레이어드_모류개선', '모류개선_앞머리', '앞머리_준오헤어', '준오헤어_이때', '이때_비듬', '비듬_비용', '비용_모류개선', '모류개선_앞머리', '앞머리_볼륨', '볼륨_유지', '유지_그때', '그때_방문']",[],,,0,[],1,['추천'],1,긍정,False
blog,2026-04-15,비듬샴푸 추천,탈모 관리 방법 두피 홈케어 데일리 헤어 케어 탈모 완화 샴푸 로스 샴푸 두피부터 모발까지 수분케어로 윤기나는 머릿결 탈모 관리 방법 비듬 클렌징 헤어 케어 두피 샴푸 추천 지성 탈모 샴푸 실크 단백질 함유로 뻣뻣함 없이 부드러운 머릿결을 선사하는 탈모,"['탈모', '관리', '방법', '홈케어', '데일리', '케어', '탈모', '완화', '로스', '모발', '수분', '케어', '윤기', '머릿결', '탈모', '관리', '방법', '비듬', '클렌징', '케어', '지성', '탈모', '실크', '단백질', '함유', '머릿결', '선사', '탈모']","['탈모_관리', '관리_방법', '방법_홈케어', '홈케어_데일리', '데일리_케어', '케어_탈모', '탈모_완화', '완화_로스', '로스_모발', '모발_수분', '수분_케어', '케어_윤기', '윤기_머릿결', '머릿결_탈모', '탈모_관리', '관리_방법', '방법_비듬', '비듬_클렌징', '클렌징_케어', '케어_지성', '지성_탈모', '탈모_실크', '실크_단백질', '단백질_함유', '함유_머릿결', '머릿결_선사', '선사_탈모']","['탈모', '관리', '방법', '홈케어', '데일리', '케어', '탈모', '완화', '로스', '모발', '수분', '케어', '윤기', '머릿결', '탈모', '관리', '방법', '비듬', '클렌징', '케어', '지성', '탈모', '실크', '단백질', '함유', '머릿결', '선사', '탈모', '탈모_관리', '관리_방법', '방법_홈케어', '홈케어_데일리', '데일리_케어', '케어_탈모', '탈모_완화', '완화_로스', '로스_모발', '모발_수분', '수분_케어', '케어_윤기', '윤기_머릿결', '머릿결_탈모', '탈모_관리', '관리_방법', '방법_비듬', '비듬_클렌징', '클렌징_케어', '케어_지성', '지성_탈모', '탈모_실크', '실크_단백질', '단백질_함유', '함유_머릿결', '머릿결_선사', '선사_탈모']",[],,,0,[],1,['추천'],1,긍정,False
blog,2026-04-15,비듬샴푸 추천,곱슬머리 남성의 일상 고충 공감 가시죠 과도한 기름기나 비듬 이 쌓이면 컬이 무거워져서 볼륨이 죽고 장기적으로는 모근 약화로 가는 길이 전문가를 찾아 정확한 진단 받는 걸 강력 추천 해요 두피 스코프나 모발 분석기로 컬 패턴 수분량 영양,"['곱슬머리', '남성', '일상', '고충', '공감', '과도', '기름', '비듬', '볼륨', '장기', '모근', '약화', '전문가', '정확', '진단', '강력', '스코프', '모발', '분석기', '패턴', '수분', '영양']","['곱슬머리_남성', '남성_일상', '일상_고충', '고충_공감', '공감_과도', '과도_기름', '기름_비듬', '비듬_볼륨', '볼륨_장기', '장기_모근', '모근_약화', '약화_전문가', '전문가_정확', '정확_진단', '진단_강력', '강력_스코프', '스코프_모발', '모발_분석기', '분석기_패턴', '패턴_수분', '수분_영양']","['곱슬머리', '남성', '일상', '고충', '공감', '과도', '기름', '비듬', '볼륨', '장기', '모근', '약화', '전문가', '정확', '진단', '강력', '스코프', '모발', '분석기', '패턴', '수분', '영양', '곱슬머리_남성', '남성_일상', '일상_고충', '고충_공감', '공감_과도', '과도_기름', '기름_비듬', '비듬_볼륨', '볼륨_장기', '장기_모근', '모근_약화', '약화_전문가', '전문가_정확', '정확_진단', '진단_강력', '강력_스코프', '스코프_모발', '모발_분석기', '분석기_패턴', '패턴_수분', '수분_영양']",[],,,0,[],1,['추천'],1,긍정,False
blog,2026-04-15,비듬샴푸 추천,탈모두피 샴푸 맥주효모탈모 샴푸 사용하고 달라진 두피 변화 비듬 감소 테스트 사용전 9 45mg gt 4주후 6mg 가려움 개선 2 91 gt 1 27 이런 데이터도 있어서 그런지 확실히 맥주효모탈모 샴푸 바꿔보시고 두피 관리 계속 해보시길 추천 드려요,"['탈모', '맥주', '효모', '탈모', '변화', '비듬', '감소', '테스트', '개선', '데이터', '맥주', '효모', '탈모', '관리']","['탈모_맥주', '맥주_효모', '효모_탈모', '탈모_변화', '변화_비듬', '비듬_감소', '감소_테스트', '테스트_개선', '개선_데이터', '데이터_맥주', '맥주_효모', '효모_탈모', '탈모_관리']","['탈모', '맥주', '효모', '탈모', '변화', '비듬', '감소', '테스트', '개선', '데이터', '맥주', '효모', '탈모', '관리', '탈모_맥주', '맥주_효모', '효모_탈모', '탈모_변화', '변화_비듬', '비듬_감소', '감소_테스트', '테스트_개선', '개선_데이터', '데이터_맥주', '맥주_효모', '효모_탈모', '탈모_관리']",[],,,2,"['가려움', '달라진']",1,['추천'],-1,이탈위험,False
blog,2026-04-15,비듬샴푸 추천,약국에서 산 니조랄 샴푸 지루성 두피와 어루러기 개선 효과가 비슷한 증상을 찾아보니 니조랄 샴푸 를 추천 해서 바로 사와서 사용해본 후기를 적어볼까 합니다 있는 비듬 이 과다하게 생기고 심한 가려움을 동반합니다 스트레스 피로 건조한 날씨 등이 악화,"['지루', '어루러기', '개선', '효과', '증상', '비듬', '과다', '동반', '스트레스', '피로', '건조', '날씨', '악화']","['지루_어루러기', '어루러기_개선', '개선_효과', '효과_증상', '증상_비듬', '비듬_과다', '과다_동반', '동반_스트레스', '스트레스_피로', '피로_건조', '건조_날씨', '날씨_악화']","['지루', '어루러기', '개선', '효과', '증상', '비듬', '과다', '동반', '스트레스', '피로', '건조', '날씨', '악화', '지루_어루러기', '어루러기_개선', '개선_효과', '효과_증상', '증상_비듬', '비듬_과다', '과다_동반', '동반_스트레스', '스트레스_피로', '피로_건조', '건조_날씨', '날씨_악화']",[],,,2,"['가려움', '니조랄']",1,['추천'],-1,이탈위험,True
blog,2026-04-15,비듬샴푸 추천,변기 막힘 해결하는 방법 셀프보다는 전문가를 불러야 하는 그 다음으로 머리카락이나 비듬 같은 게 쌓이는 경우죠 샤워실 배수구에서 자주 보이지만 변기 쪽도 마찬가지예요 음식 찌꺼기나 기름때가 하수도로 흘러들어가 응고되는 것도 큰 문제고요 세탁세제나 샴푸,"['변기', '해결', '방법', '셀프', '전문가', '다음', '머리카락', '비듬', '샤워실', '배수구', '변기', '마찬가지', '음식', '찌꺼기', '기름때', '하수도', '응고', '문제', '세탁', '세제']","['변기_해결', '해결_방법', '방법_셀프', '셀프_전문가', '전문가_다음', '다음_머리카락', '머리카락_비듬', '비듬_샤워실', '샤워실_배수구', '배수구_변기', '변기_마찬가지', '마찬가지_음식', '음식_찌꺼기', '찌꺼기_기름때', '기름때_하수도', '하수도_응고', '응고_문제', '문제_세탁', '세탁_세제']","['변기', '해결', '방법', '셀프', '전문가', '다음', '머리카락', '비듬', '샤워실', '배수구', '변기', '마찬가지', '음식', '찌꺼기', '기름때', '하수도', '응고', '문제', '세탁', '세제', '변기_해결', '해결_방법', '방법_셀프', '셀프_전문가', '전문가_다음', '다음_머리카락', '머리카락_비듬', '비듬_샤워실', '샤워실_배수구', '배수구_변기', '변기_마찬가지', '마찬가지_음식', '음식_찌꺼기', '찌꺼기_기름때', '기름때_하수도', '하수도_응고', '응고_문제', '문제_세탁', '세탁_세제']",[],,,0,[],0,[],0,중립,False
blog,2026-04-15,비듬샴푸 추천,건성 두피를 위한 효과적인 관리 방법과 팁 건성 두피는 많은 사람들이 겪는 문제로 가려움증 비듬 탈모 등의 원인이 될 수 있습니다 이러한 너무 자주 머리를 감거나 자극이 강한 샴푸 를 사용할 경우 두피의 천연 오일이 감소하여 건성이,"['건성', '효과', '관리', '방법', '건성', '문제', '가려움증', '비듬', '탈모', '원인', '자극', '천연', '오일', '감소', '건성']","['건성_효과', '효과_관리', '관리_방법', '방법_건성', '건성_문제', '문제_가려움증', '가려움증_비듬', '비듬_탈모', '탈모_원인', '원인_자극', '자극_천연', '천연_오일', '오일_감소', '감소_건성']","['건성', '효과', '관리', '방법', '건성', '문제', '가려움증', '비듬', '탈모', '원인', '자극', '천연', '오일', '감소', '건성', '건성_효과', '효과_관리', '관리_방법', '방법_건성', '건성_문제', '문제_가려움증', '가려움증_비듬', '비듬_탈모', '탈모_원인', '원인_자극', '자극_천연', '천연_오일', '오일_감소', '감소_건성']",[],,,2,"['자극', '가려움']",0,[],-2,이탈위험,False
blog,2026-04-15,비듬샴푸 추천,다이소 신상 샴푸 추천 메디올 헤어레시피 사용 후기 두피 택입니다 저는 옆머리 다운펌을 하거나 환절기만 되면 두피가 예민해지면서 비듬 이 꽤 올라오는 두피 샴푸 지성두피 샴푸 두피각질케어 두피관리 가성비 샴푸 샴푸추천 쿨링 샴푸 내돈내산후기,"['신상', '메디올', '레시피', '다운펌', '환절기', '비듬', '지성', '각질', '케어', '관리', '가성비']","['신상_메디올', '메디올_레시피', '레시피_다운펌', '다운펌_환절기', '환절기_비듬', '비듬_지성', '지성_각질', '각질_케어', '케어_관리', '관리_가성비']","['신상', '메디올', '레시피', '다운펌', '환절기', '비듬', '지성', '각질', '케어', '관리', '가성비', '신상_메디올', '메디올_레시피', '레시피_다운펌', '다운펌_환절기', '환절기_비듬', '비듬_지성', '지성_각질', '각질_케어', '케어_관리', '관리_가성비']",[],,,1,['올라오'],1,['추천'],0,중립,False
blog,2026-04-15,비듬샴푸 추천,MGF 두피탈모 전문센터 분당야탑점 머리가 너무 많이 빠져서 겔 샴푸 로 피지와 비듬 각질을 저자극으로 제거해주시는데 역시 두피관리 전문점이라 그런지 샴푸 가 분당 두피관리 야탑 두피관리 잘하는 곳 찾고 계신다면 꼭 한번 방문해보시길 추천 드릴게요 그럼,"['탈모', '전문', '센터', '분당', '야탑', '피지', '비듬', '각질', '자극', '제거', '관리', '전문점', '분당', '관리', '야탑', '관리', '방문']","['탈모_전문', '전문_센터', '센터_분당', '분당_야탑', '야탑_피지', '피지_비듬', '비듬_각질', '각질_자극', '자극_제거', '제거_관리', '관리_전문점', '전문점_분당', '분당_관리', '관리_야탑', '야탑_관리', '관리_방문']","['탈모', '전문', '센터', '분당', '야탑', '피지', '비듬', '각질', '자극', '제거', '관리', '전문점', '분당', '관리', '야탑', '관리', '방문', '탈모_전문', '전문_센터', '센터_분당', '분당_야탑', '야탑_피지', '피지_비듬', '비듬_각질', '각질_자극', '자극_제거', '제거_관리', '관리_전문점', '전문점_분당', '분당_관리', '관리_야탑', '야탑_관리', '관리_방문']",[],,,1,['자극'],1,['추천'],0,중립,False
blog,2026-04-15,비듬샴푸 추천,건성 두피를 위한 효과적인 관리 방법과 팁 건성 두피는 많은 사람들이 경험하는 문제 중 하나로 가려움증 비듬 등의 증상을 동반할 수 있습니다 부적절한 세정 두피를 자주 세정하거나 강한 세정력을 가진 샴푸 를 사용할 경우 두피의 천연 유분이,"['건성', '효과', '관리', '방법', '건성', '경험', '문제', '가려움증', '비듬', '증상', '동반', '세정', '세정', '세정', '천연', '유분']","['건성_효과', '효과_관리', '관리_방법', '방법_건성', '건성_경험', '경험_문제', '문제_가려움증', '가려움증_비듬', '비듬_증상', '증상_동반', '동반_세정', '세정_세정', '세정_세정', '세정_천연', '천연_유분']","['건성', '효과', '관리', '방법', '건성', '경험', '문제', '가려움증', '비듬', '증상', '동반', '세정', '세정', '세정', '천연', '유분', '건성_효과', '효과_관리', '관리_방법', '방법_건성', '건성_경험', '경험_문제', '문제_가려움증', '가려움증_비듬', '비듬_증상', '증상_동반', '동반_세정', '세정_세정', '세정_세정', '세정_천연', '천연_유분']",[],,,1,['가려움'],0,[],-1,이탈위험,False
blog,2026-04-15,비듬샴푸 추천,창원 미용실 추천 실패 없는 선택 기준과 필수 체크리스트 5가지 두피 클리닉은 지루나 비듬 같은 문제를 사전에 잡아주니 장기적으로 봐야 해요 프리미엄 모발 클리닉처럼 고급 케어를 하면 머릿결이 살아나서 일상에서 자신감 업 샴푸 만 해도 기본 위생이 달라지는데,"['창원', '미용실', '실패', '선택', '기준', '필수', '체크', '리스트', '클리닉', '지루', '비듬', '문제', '사전', '장기', '프리미엄', '모발', '클리닉', '고급', '케어', '머릿결', '일상', '자신감', '기본', '위생']","['창원_미용실', '미용실_실패', '실패_선택', '선택_기준', '기준_필수', '필수_체크', '체크_리스트', '리스트_클리닉', '클리닉_지루', '지루_비듬', '비듬_문제', '문제_사전', '사전_장기', '장기_프리미엄', '프리미엄_모발', '모발_클리닉', '클리닉_고급', '고급_케어', '케어_머릿결', '머릿결_일상', '일상_자신감', '자신감_기본', '기본_위생']","['창원', '미용실', '실패', '선택', '기준', '필수', '체크', '리스트', '클리닉', '지루', '비듬', '문제', '사전', '장기', '프리미엄', '모발', '클리닉', '고급', '케어', '머릿결', '일상', '자신감', '기본', '위생', '창원_미용실', '미용실_실패', '실패_선택', '선택_기준', '기준_필수', '필수_체크', '체크_리스트', '리스트_클리닉', '클리닉_지루', '지루_비듬', '비듬_문제', '문제_사전', '사전_장기', '장기_프리미엄', '프리미엄_모발', '모발_클리닉', '클리닉_고급', '고급_케어', '케어_머릿결', '머릿결_일상', '일상_자신감', '자신감_기본', '기본_위생']",[],,,0,[],1,['추천'],1,긍정,False
blog,2026-04-15,비듬샴푸 추천,머리 하루 한번 두번 태그 30개 머리감기 머리하루한번 머리하루두번 샴푸 빈도 머리언제감기 저녁 샴푸 아침 샴푸 두피관리 지성두피 건성두피 비듬 관리 머리감는법 샴푸 습관 두피건강 모발관리 헤어케어 샴푸추천 팁,"['하루', '태그', '감기', '하루', '하루', '빈도', '감기', '저녁', '아침', '관리', '지성두피', '건성', '비듬', '관리', '습관', '건강', '모발', '관리', '케어']","['하루_태그', '태그_감기', '감기_하루', '하루_하루', '하루_빈도', '빈도_감기', '감기_저녁', '저녁_아침', '아침_관리', '관리_지성두피', '지성두피_건성', '건성_비듬', '비듬_관리', '관리_습관', '습관_건강', '건강_모발', '모발_관리', '관리_케어']","['하루', '태그', '감기', '하루', '하루', '빈도', '감기', '저녁', '아침', '관리', '지성두피', '건성', '비듬', '관리', '습관', '건강', '모발', '관리', '케어', '하루_태그', '태그_감기', '감기_하루', '하루_하루', '하루_빈도', '빈도_감기', '감기_저녁', '저녁_아침', '아침_관리', '관리_지성두피', '지성두피_건성', '건성_비듬', '비듬_관리', '관리_습관', '습관_건강', '건강_모발', '모발_관리', '관리_케어']",[],,,0,[],1,['추천'],1,긍정,False
blog,2026-04-15,비듬샴푸 추천,가볍게 쓰기 좋은 울 샴푸 오리지널 1L 용기 1 4L 리필 2개 가려움이나 비듬 이 자주 있었는데 울 샴푸 오리지널을 사용한 후부터는 그런 고민이 싹 사라졌어요 울 샴푸 퍼플 라일락 중성세제 본품 1L 7개 믿을 수 있는 품질과 검증된 효능 사용자 95 이상이 추천,"['오리지널', '용기', '리필', '비듬', '오리지널', '고민', '퍼플', '라일락', '중성', '세제', '품질', '검증', '효능', '이상']","['오리지널_용기', '용기_리필', '리필_비듬', '비듬_오리지널', '오리지널_고민', '고민_퍼플', '퍼플_라일락', '라일락_중성', '중성_세제', '세제_품질', '품질_검증', '검증_효능', '효능_이상']","['오리지널', '용기', '리필', '비듬', '오리지널', '고민', '퍼플', '라일락', '중성', '세제', '품질', '검증', '효능', '이상', '오리지널_용기', '용기_리필', '리필_비듬', '비듬_오리지널', '오리지널_고민', '고민_퍼플', '퍼플_라일락', '라일락_중성', '중성_세제', '세제_품질', '품질_검증', '검증_효능', '효능_이상']",[],,,1,['가려움'],2,"['사라졌', '추천']",1,긍정,False
blog,2026-04-15,비듬샴푸 추천,3 1 살림백서 대용량 샴푸 1000ml 약산성 천연지수81 비듬 분들은 샴푸 선택 시 다음의 요건이 필요합니다 1 자극이 적은 약산성의 성분 2 비듬 예방 효과 3 결론적으로 3 1 살림백서 대용량 샴푸 는 지성 및 민감한 두피를 가진 분들에게 추천 할 수 있습니다 하지만,"['살림', '백서', '용량', '산성', '천연', '지수', '비듬', '선택', '다음', '요건', '필요', '자극', '산성', '성분', '비듬', '예방', '효과', '결론', '살림', '백서', '용량', '지성']","['살림_백서', '백서_용량', '용량_산성', '산성_천연', '천연_지수', '지수_비듬', '비듬_선택', '선택_다음', '다음_요건', '요건_필요', '필요_자극', '자극_산성', '산성_성분', '성분_비듬', '비듬_예방', '예방_효과', '효과_결론', '결론_살림', '살림_백서', '백서_용량', '용량_지성']","['살림', '백서', '용량', '산성', '천연', '지수', '비듬', '선택', '다음', '요건', '필요', '자극', '산성', '성분', '비듬', '예방', '효과', '결론', '살림', '백서', '용량', '지성', '살림_백서', '백서_용량', '용량_산성', '산성_천연', '천연_지수', '지수_비듬', '비듬_선택', '선택_다음', '다음_요건', '요건_필요', '필요_자극', '자극_산성', '산성_성분', '성분_비듬', '비듬_예방', '예방_효과', '효과_결론', '결론_살림', '살림_백서', '백서_용량', '용량_지성']",[],,,1,['자극'],1,['추천'],0,중립,False
blog,2026-04-15,비듬샴푸 추천,지성 두피 관리의 중요성과 효과적인 방법 분석 이러한 상태는 비듬 가려움증 모발 탈락 등을 유발할 수 있어 적절한 관리가 중요합니다 이번 첫째로 적절한 샴푸 선택입니다 피지 조절 기능이 있는 샴푸 를 사용하는 것이 좋으며 자주 세정해 줄 필요가,"['지성', '관리', '중요', '효과', '방법', '분석', '상태', '비듬', '가려움증', '모발', '탈락', '유발', '관리', '중요', '이번', '선택', '피지', '조절', '기능', '세정', '필요']","['지성_관리', '관리_중요', '중요_효과', '효과_방법', '방법_분석', '분석_상태', '상태_비듬', '비듬_가려움증', '가려움증_모발', '모발_탈락', '탈락_유발', '유발_관리', '관리_중요', '중요_이번', '이번_선택', '선택_피지', '피지_조절', '조절_기능', '기능_세정', '세정_필요']","['지성', '관리', '중요', '효과', '방법', '분석', '상태', '비듬', '가려움증', '모발', '탈락', '유발', '관리', '중요', '이번', '선택', '피지', '조절', '기능', '세정', '필요', '지성_관리', '관리_중요', '중요_효과', '효과_방법', '방법_분석', '분석_상태', '상태_비듬', '비듬_가려움증', '가려움증_모발', '모발_탈락', '탈락_유발', '유발_관리', '관리_중요', '중요_이번', '이번_선택', '선택_피지', '피지_조절', '조절_기능', '기능_세정', '세정_필요']",[],,,1,['가려움'],0,[],-1,이탈위험,False
blog,2026-04-15,비듬샴푸 추천,사춘기 아이 머리냄새 심해지는 이유 두피냄새 관리법 총정리 모자 오래 쓰지 않기 풍이 안 되면 냄새 심해짐 사춘기 두피냄새 샴푸 추천 지성 냄새 심한 두피용 상담 추천 단순 냄새가 아니라 아래 증상이 동반되면 피부과 진료 권장합니다 비듬 이 심하게 많음 두피,"['사춘기', '아이', '냄새', '냄새', '관리법', '정리', '모자', '냄새', '사춘기', '냄새', '지성', '냄새', '상담', '단순', '냄새', '아래', '증상', '동반', '피부과', '진료', '권장', '비듬']","['사춘기_아이', '아이_냄새', '냄새_냄새', '냄새_관리법', '관리법_정리', '정리_모자', '모자_냄새', '냄새_사춘기', '사춘기_냄새', '냄새_지성', '지성_냄새', '냄새_상담', '상담_단순', '단순_냄새', '냄새_아래', '아래_증상', '증상_동반', '동반_피부과', '피부과_진료', '진료_권장', '권장_비듬']","['사춘기', '아이', '냄새', '냄새', '관리법', '정리', '모자', '냄새', '사춘기', '냄새', '지성', '냄새', '상담', '단순', '냄새', '아래', '증상', '동반', '피부과', '진료', '권장', '비듬', '사춘기_아이', '아이_냄새', '냄새_냄새', '냄새_관리법', '관리법_정리', '정리_모자', '모자_냄새', '냄새_사춘기', '사춘기_냄새', '냄새_지성', '지성_냄새', '냄새_상담', '상담_단순', '단순_냄새', '냄새_아래', '아래_증상', '증상_동반', '동반_피부과', '피부과_진료', '진료_권장', '권장_비듬']",[],,,0,[],1,['추천'],1,긍정,False
blog,2026-04-15,비듬샴푸 추천,건성 비듬샴푸 추천 엘릭 블랙 캐비어 샴푸 성분이 왜 그렇게 건성 비듬샴푸 추천 엘릭 블랙 캐비어 샴푸 성분이 왜 그렇게 좋은지 건성 비듬샴푸 추천 엘릭 블랙 두피 샴푸 추천 제품 중에 데일리로도 쓰기 제일 좋은 제품이라 정말 마음에 쏙 드는 샴푸였어요 증상,"['건성', '비듬', '엘릭', '블랙', '캐비어', '성분', '건성', '비듬', '엘릭', '블랙', '캐비어', '성분', '건성', '비듬', '엘릭', '블랙', '데일리', '증상']","['건성_비듬', '비듬_엘릭', '엘릭_블랙', '블랙_캐비어', '캐비어_성분', '성분_건성', '건성_비듬', '비듬_엘릭', '엘릭_블랙', '블랙_캐비어', '캐비어_성분', '성분_건성', '건성_비듬', '비듬_엘릭', '엘릭_블랙', '블랙_데일리', '데일리_증상']","['건성', '비듬', '엘릭', '블랙', '캐비어', '성분', '건성', '비듬', '엘릭', '블랙', '캐비어', '성분', '건성', '비듬', '엘릭', '블랙', '데일리', '증상', '건성_비듬', '비듬_엘릭', '엘릭_블랙', '블랙_캐비어', '캐비어_성분', '성분_건성', '건성_비듬', '비듬_엘릭', '엘릭_블랙', '블랙_캐비어', '캐비어_성분', '성분_건성', '건성_비듬', '비듬_엘릭', '엘릭_블랙', '블랙_데일리', '데일리_증상']",[],,,0,[],1,['추천'],1,긍정,False
blog,2026-04-15,비듬샴푸 추천,건강한 두피를 만드는 에디테 부천 미용실 이 과정에서 각질 유분 비듬 등을 분석하여 최적의 샴푸 와 트리트먼트를 추천 해드려요 또한 두피 마사지도 함께 진행하여 혈액 순환을 돕고 모근을 강화시키는 것도 큰 효과를 줍니다 두피를 건강하게,"['건강', '에디', '부천', '미용실', '과정', '각질', '유분', '비듬', '분석', '최적', '트리트먼트', '마사지', '진행', '혈액', '순환', '모근', '강화', '효과', '건강']","['건강_에디', '에디_부천', '부천_미용실', '미용실_과정', '과정_각질', '각질_유분', '유분_비듬', '비듬_분석', '분석_최적', '최적_트리트먼트', '트리트먼트_마사지', '마사지_진행', '진행_혈액', '혈액_순환', '순환_모근', '모근_강화', '강화_효과', '효과_건강']","['건강', '에디', '부천', '미용실', '과정', '각질', '유분', '비듬', '분석', '최적', '트리트먼트', '마사지', '진행', '혈액', '순환', '모근', '강화', '효과', '건강', '건강_에디', '에디_부천', '부천_미용실', '미용실_과정', '과정_각질', '각질_유분', '유분_비듬', '비듬_분석', '분석_최적', '최적_트리트먼트', '트리트먼트_마사지', '마사지_진행', '진행_혈액', '혈액_순환', '순환_모근', '모근_강화', '강화_효과', '효과_건강']",[],,,0,[],1,['추천'],1,긍정,False
blog,2026-04-15,비듬샴푸 추천,전역 후 머리 스타일로 사회 생활 스트레스 받지 마요 군 생활 중에 헬멧 쓰고 지내다 보니 두피가 건조하거나 비듬 이 생기기 쉽고 모발도 영양 부족으로 전문 미용사에게 가서 두피 진단 받는 걸 추천 해요 그들은 확대경이나 전문 도구로 모공 막힘 기름기 과다,"['전역', '스타일', '사회', '생활', '스트레스', '생활', '헬멧', '건조', '비듬', '모발', '영양', '부족', '전문', '미용사', '진단', '확대경', '전문', '도구', '모공', '기름', '과다']","['전역_스타일', '스타일_사회', '사회_생활', '생활_스트레스', '스트레스_생활', '생활_헬멧', '헬멧_건조', '건조_비듬', '비듬_모발', '모발_영양', '영양_부족', '부족_전문', '전문_미용사', '미용사_진단', '진단_확대경', '확대경_전문', '전문_도구', '도구_모공', '모공_기름', '기름_과다']","['전역', '스타일', '사회', '생활', '스트레스', '생활', '헬멧', '건조', '비듬', '모발', '영양', '부족', '전문', '미용사', '진단', '확대경', '전문', '도구', '모공', '기름', '과다', '전역_스타일', '스타일_사회', '사회_생활', '생활_스트레스', '스트레스_생활', '생활_헬멧', '헬멧_건조', '건조_비듬', '비듬_모발', '모발_영양', '영양_부족', '부족_전문', '전문_미용사', '미용사_진단', '진단_확대경', '확대경_전문', '전문_도구', '도구_모공', '모공_기름', '기름_과다']",[],,,0,[],1,['추천'],1,긍정,False
blog,2026-04-15,비듬샴푸 추천,건강한 두피의 시작 나에게 맞는 스마트 케어 가이드 두피가 예민해서 쉽게 붉어지고 가렵다면 민감성 두피일 확률이 높아요 이럴 땐 순한 약산성 샴푸 를 두피에 가려움증 비듬 염증 과도한 유분 등 문제가 지속된다면 홈 케어만으로는 해결하기 어려울 수,"['건강', '시작', '스마트', '케어', '가이드', '확률', '산성', '가려움증', '비듬', '염증', '과도', '유분', '문제', '지속', '케어', '해결']","['건강_시작', '시작_스마트', '스마트_케어', '케어_가이드', '가이드_확률', '확률_산성', '산성_가려움증', '가려움증_비듬', '비듬_염증', '염증_과도', '과도_유분', '유분_문제', '문제_지속', '지속_케어', '케어_해결']","['건강', '시작', '스마트', '케어', '가이드', '확률', '산성', '가려움증', '비듬', '염증', '과도', '유분', '문제', '지속', '케어', '해결', '건강_시작', '시작_스마트', '스마트_케어', '케어_가이드', '가이드_확률', '확률_산성', '산성_가려움증', '가려움증_비듬', '비듬_염증', '염증_과도', '과도_유분', '유분_문제', '문제_지속', '지속_케어', '케어_해결']",[],,,1,['가려움'],0,[],-1,이탈위험,False
blog,2026-04-15,비듬샴푸 추천,운정 야당 탈모센터 두피 각질 관리 전후 비교 주부 만 42세 아침에 샴푸 한다 샴푸 를 고르는 기준은 딱히 없다 각질 or 비듬 의 탈락이 눈에 띈다 통압 걸 추천 드려요 예약링크 파주탈모센터 운정탈모 머머리쌤 두피관리 두피각질 각질케어,"['운정', '야당', '탈모', '센터', '각질', '관리', '전후', '비교', '주부', '아침', '기준', '각질', '비듬', '탈락', '예약', '파주탈모센터', '운정탈모', '머머리', '관리', '각질', '각질', '케어']","['운정_야당', '야당_탈모', '탈모_센터', '센터_각질', '각질_관리', '관리_전후', '전후_비교', '비교_주부', '주부_아침', '아침_기준', '기준_각질', '각질_비듬', '비듬_탈락', '탈락_예약', '예약_파주탈모센터', '파주탈모센터_운정탈모', '운정탈모_머머리', '머머리_관리', '관리_각질', '각질_각질', '각질_케어']","['운정', '야당', '탈모', '센터', '각질', '관리', '전후', '비교', '주부', '아침', '기준', '각질', '비듬', '탈락', '예약', '파주탈모센터', '운정탈모', '머머리', '관리', '각질', '각질', '케어', '운정_야당', '야당_탈모', '탈모_센터', '센터_각질', '각질_관리', '관리_전후', '전후_비교', '비교_주부', '주부_아침', '아침_기준', '기준_각질', '각질_비듬', '비듬_탈락', '탈락_예약', '예약_파주탈모센터', '파주탈모센터_운정탈모', '운정탈모_머머리', '머머리_관리', '관리_각질', '각질_각질', '각질_케어']",[],,,0,[],1,['추천'],1,긍정,False
blog,2026-04-15,비듬샴푸 추천,건강한 머릿결을 위한 지성 두피 관리의 중요성과 방법 또한 흔히 나타나는 증상으로는 가려움증과 비듬 이 있으며 이러한 상태는 두피 건강을 해치는 원인이 일주일에 2 3회 샴푸 를 사용해 두피를 깨끗이 관리하세요 단 세정력이 강한 샴푸 는 오히려 두피의,"['건강', '머릿결', '지성', '관리', '중요', '방법', '증상', '가려움증', '비듬', '상태', '건강', '원인', '일주일', '관리', '정력']","['건강_머릿결', '머릿결_지성', '지성_관리', '관리_중요', '중요_방법', '방법_증상', '증상_가려움증', '가려움증_비듬', '비듬_상태', '상태_건강', '건강_원인', '원인_일주일', '일주일_관리', '관리_정력']","['건강', '머릿결', '지성', '관리', '중요', '방법', '증상', '가려움증', '비듬', '상태', '건강', '원인', '일주일', '관리', '정력', '건강_머릿결', '머릿결_지성', '지성_관리', '관리_중요', '중요_방법', '방법_증상', '증상_가려움증', '가려움증_비듬', '비듬_상태', '상태_건강', '건강_원인', '원인_일주일', '일주일_관리', '관리_정력']",[],,,1,['가려움'],0,[],-1,이탈위험,False
blog,2026-04-15,비듬샴푸 추천,머리 스칼프가 울릴 때 왜 이렇게 신경 쓰일까 또 quot 집에서 간단히 관리할 방법 없나요 quot 물어보시는데 주 1 2회 오일 팩 추천 해요 코코넛 오일이나 호호바유를 데워 두피에 바르고 랩 씌워 30분 방치 후 씻어내세요 보습과 항균 효과가 좋아요 비듬 이,"['스칼프', '신경', '관리', '방법', '오일', '코코넛', '오일', '호호바유', '방치', '보습', '항균', '효과', '비듬']","['스칼프_신경', '신경_관리', '관리_방법', '방법_오일', '오일_코코넛', '코코넛_오일', '오일_호호바유', '호호바유_방치', '방치_보습', '보습_항균', '항균_효과', '효과_비듬']","['스칼프', '신경', '관리', '방법', '오일', '코코넛', '오일', '호호바유', '방치', '보습', '항균', '효과', '비듬', '스칼프_신경', '신경_관리', '관리_방법', '방법_오일', '오일_코코넛', '코코넛_오일', '오일_호호바유', '호호바유_방치', '방치_보습', '보습_항균', '항균_효과', '효과_비듬']",[],,,0,[],1,['추천'],1,긍정,False
blog,2026-04-15,비듬샴푸 추천,좋은 바디브 미오 샴푸 정수리냄새 비듬 지루성 두피 떡짐 해결 단백질샴푸 추천템이라 감고 나면 부들부들해져요 비듬 제거와 보송한 세정력의 완벽 조화 단백질샴푸추천 바디브미오샴푸 바디브샴푸 지루성두피샴푸 비듬샴푸추천 약산성샴푸 대용량샴푸,"['바디브', '미오', '정수리', '냄새', '비듬', '지루', '해결', '단백질', '비듬', '제거', '보송', '세정', '완벽', '조화', '단백질', '바디브미오샴푸', '바디브샴푸', '지루성두피샴푸', '비듬', '산성', '용량']","['바디브_미오', '미오_정수리', '정수리_냄새', '냄새_비듬', '비듬_지루', '지루_해결', '해결_단백질', '단백질_비듬', '비듬_제거', '제거_보송', '보송_세정', '세정_완벽', '완벽_조화', '조화_단백질', '단백질_바디브미오샴푸', '바디브미오샴푸_바디브샴푸', '바디브샴푸_지루성두피샴푸', '지루성두피샴푸_비듬', '비듬_산성', '산성_용량']","['바디브', '미오', '정수리', '냄새', '비듬', '지루', '해결', '단백질', '비듬', '제거', '보송', '세정', '완벽', '조화', '단백질', '바디브미오샴푸', '바디브샴푸', '지루성두피샴푸', '비듬', '산성', '용량', '바디브_미오', '미오_정수리', '정수리_냄새', '냄새_비듬', '비듬_지루', '지루_해결', '해결_단백질', '단백질_비듬', '비듬_제거', '제거_보송', '보송_세정', '세정_완벽', '완벽_조화', '조화_단백질', '단백질_바디브미오샴푸', '바디브미오샴푸_바디브샴푸', '바디브샴푸_지루성두피샴푸', '지루성두피샴푸_비듬', '비듬_산성', '산성_용량']",[],,,0,[],1,['추천'],1,긍정,False
blog,2026-04-15,비듬샴푸 추천,머리 스타일 바꾸고 싶을 때 생기는 그 짜증 어떻게 풀까 가려움증이나 비듬 이 생기기 일쑤죠 객관적으로 봤을 때 서비스 메뉴를 미리 이해하면 불필요한 색 유지 위해 보라 샴푸 추천 quot 펌 오래 가게 하려면 quot 첫 주엔 손 안 대고 부드러운 빗으로 빗질하세요 quot 염색,"['스타일', '짜증', '가려움증', '비듬', '일쑤', '객관', '서비스', '메뉴', '이해', '필요', '유지', '보라', '염색']","['스타일_짜증', '짜증_가려움증', '가려움증_비듬', '비듬_일쑤', '일쑤_객관', '객관_서비스', '서비스_메뉴', '메뉴_이해', '이해_필요', '필요_유지', '유지_보라', '보라_염색']","['스타일', '짜증', '가려움증', '비듬', '일쑤', '객관', '서비스', '메뉴', '이해', '필요', '유지', '보라', '염색', '스타일_짜증', '짜증_가려움증', '가려움증_비듬', '비듬_일쑤', '일쑤_객관', '객관_서비스', '서비스_메뉴', '메뉴_이해', '이해_필요', '필요_유지', '유지_보라', '보라_염색']",[],,,1,['가려움'],1,['추천'],0,중립,False
blog,2026-04-15,비듬샴푸 추천,촉촉 두피와 자연스러운 새치 커버 비법 전문가의 셀프 염색 혹시 샴푸 후에도 두피가 당기고 가렵다면 당신의 두피는 지금 가뭄 상태 건조한 두피는 비듬 전문가와 상담 후 안전하게 염색하는 것을 추천 합니다 건강한 두피와 아름다운 머릿결 함께 만들어가요,"['자연', '새치', '커버', '비법', '전문가', '셀프', '염색', '가뭄', '상태', '건조', '비듬', '전문가', '상담', '안전', '염색', '건강', '머릿결']","['자연_새치', '새치_커버', '커버_비법', '비법_전문가', '전문가_셀프', '셀프_염색', '염색_가뭄', '가뭄_상태', '상태_건조', '건조_비듬', '비듬_전문가', '전문가_상담', '상담_안전', '안전_염색', '염색_건강', '건강_머릿결']","['자연', '새치', '커버', '비법', '전문가', '셀프', '염색', '가뭄', '상태', '건조', '비듬', '전문가', '상담', '안전', '염색', '건강', '머릿결', '자연_새치', '새치_커버', '커버_비법', '비법_전문가', '전문가_셀프', '셀프_염색', '염색_가뭄', '가뭄_상태', '상태_건조', '건조_비듬', '비듬_전문가', '전문가_상담', '상담_안전', '안전_염색', '염색_건강', '건강_머릿결']",[],,,0,[],1,['추천'],1,긍정,False
blog,2026-04-15,비듬샴푸 추천,수원 건강한 두피관리 영통두피관리 추천 두피밥 수원점 후기 무좀 비듬 에 효과 가려움 증상 완화 및 피부 트러블에 효과적 로즈마리 아로마 효능 두피개선 이후 샴푸 실에서 꼼꼼히 샴푸 해주시고 굉장히 시원했차가웠다고 한다 그리고 꼼꼼히 머리 말리고 나서,"['수원', '건강', '관리', '영통두피관리', '두피밥', '수원점', '무좀', '비듬', '효과', '증상', '완화', '피부', '트러블', '효과', '로즈마리', '아로마', '효능', '개선', '이후']","['수원_건강', '건강_관리', '관리_영통두피관리', '영통두피관리_두피밥', '두피밥_수원점', '수원점_무좀', '무좀_비듬', '비듬_효과', '효과_증상', '증상_완화', '완화_피부', '피부_트러블', '트러블_효과', '효과_로즈마리', '로즈마리_아로마', '아로마_효능', '효능_개선', '개선_이후']","['수원', '건강', '관리', '영통두피관리', '두피밥', '수원점', '무좀', '비듬', '효과', '증상', '완화', '피부', '트러블', '효과', '로즈마리', '아로마', '효능', '개선', '이후', '수원_건강', '건강_관리', '관리_영통두피관리', '영통두피관리_두피밥', '두피밥_수원점', '수원점_무좀', '무좀_비듬', '비듬_효과', '효과_증상', '증상_완화', '완화_피부', '피부_트러블', '트러블_효과', '효과_로즈마리', '로즈마리_아로마', '아로마_효능', '효능_개선', '개선_이후']",[],,,2,"['트러블', '가려움']",1,['추천'],-1,이탈위험,False
blog,2026-04-15,비듬샴푸 추천,내가 초기 탈모 관리를 받을줄이야 분당탈모 샴푸 성장인자가 들어 있는 더마힐 겔 샴푸 로 피지 비듬 을 저자극으로 제거해줍니다 수압 마사지 1분에 분당러라면 엠지에프두피탈모 추천 드립니당 분당탈모 야탑탈모 성남탈모 분당두피관리,"['초기', '탈모', '관리', '분당', '탈모', '성장', '인자', '더마힐', '피지', '비듬', '자극', '제거', '수압', '마사지', '분당러', '엠지에프두피탈모', '분당', '탈모', '야탑', '탈모', '성남', '탈모', '분당', '관리']","['초기_탈모', '탈모_관리', '관리_분당', '분당_탈모', '탈모_성장', '성장_인자', '인자_더마힐', '더마힐_피지', '피지_비듬', '비듬_자극', '자극_제거', '제거_수압', '수압_마사지', '마사지_분당러', '분당러_엠지에프두피탈모', '엠지에프두피탈모_분당', '분당_탈모', '탈모_야탑', '야탑_탈모', '탈모_성남', '성남_탈모', '탈모_분당', '분당_관리']","['초기', '탈모', '관리', '분당', '탈모', '성장', '인자', '더마힐', '피지', '비듬', '자극', '제거', '수압', '마사지', '분당러', '엠지에프두피탈모', '분당', '탈모', '야탑', '탈모', '성남', '탈모', '분당', '관리', '초기_탈모', '탈모_관리', '관리_분당', '분당_탈모', '탈모_성장', '성장_인자', '인자_더마힐', '더마힐_피지', '피지_비듬', '비듬_자극', '자극_제거', '제거_수압', '수압_마사지', '마사지_분당러', '분당러_엠지에프두피탈모', '엠지에프두피탈모_분당', '분당_탈모', '탈모_야탑', '야탑_탈모', '탈모_성남', '성남_탈모', '탈모_분당', '분당_관리']",[],,,1,['자극'],1,['추천'],0,중립,False
blog,2026-04-15,비듬샴푸 추천,여름에 쓰기좋은 샴푸 토닉 항진균제로 비듬 균 생성 억제에 도움을 줍니다 또한 세포막의 단백질을 증가시켜 두피 장벽 강화에 도움을 줍니다 피지억제 기능도 있어서 청소년들에게도 추천 합니다 두피 샴푸 는 단독사용시 건조해,"['여름', '토닉', '항진균제', '비듬', '생성', '억제', '도움', '세포막', '단백질', '증가', '장벽', '강화', '도움', '피지', '억제', '기능', '청소년', '단독', '건조']","['여름_토닉', '토닉_항진균제', '항진균제_비듬', '비듬_생성', '생성_억제', '억제_도움', '도움_세포막', '세포막_단백질', '단백질_증가', '증가_장벽', '장벽_강화', '강화_도움', '도움_피지', '피지_억제', '억제_기능', '기능_청소년', '청소년_단독', '단독_건조']","['여름', '토닉', '항진균제', '비듬', '생성', '억제', '도움', '세포막', '단백질', '증가', '장벽', '강화', '도움', '피지', '억제', '기능', '청소년', '단독', '건조', '여름_토닉', '토닉_항진균제', '항진균제_비듬', '비듬_생성', '생성_억제', '억제_도움', '도움_세포막', '세포막_단백질', '단백질_증가', '증가_장벽', '장벽_강화', '강화_도움', '도움_피지', '피지_억제', '억제_기능', '기능_청소년', '청소년_단독', '단독_건조']",[],,,0,[],1,['추천'],1,긍정,False
blog,2026-04-15,비듬샴푸 추천,머리카락이랑 작별 인사할 뻔한 그날 어떻게 넘겼을까 두피 케어도 빼놓을 수 없죠 여성 두피케어로 가려움증이나 비듬 잡아주고 남성 두피 케어는 탈모 quot 한 달에 한 번으로 유지하면 효과 지속돼요 가려움 재발 방지 팁으로 부드러운 샴푸 추천 해요 quot 펌,"['머리카락', '작별', '인사', '그날', '케어', '여성', '케어', '가려움증', '비듬', '남성', '케어', '탈모', '유지', '효과', '지속', '재발', '방지']","['머리카락_작별', '작별_인사', '인사_그날', '그날_케어', '케어_여성', '여성_케어', '케어_가려움증', '가려움증_비듬', '비듬_남성', '남성_케어', '케어_탈모', '탈모_유지', '유지_효과', '효과_지속', '지속_재발', '재발_방지']","['머리카락', '작별', '인사', '그날', '케어', '여성', '케어', '가려움증', '비듬', '남성', '케어', '탈모', '유지', '효과', '지속', '재발', '방지', '머리카락_작별', '작별_인사', '인사_그날', '그날_케어', '케어_여성', '여성_케어', '케어_가려움증', '가려움증_비듬', '비듬_남성', '남성_케어', '케어_탈모', '탈모_유지', '유지_효과', '효과_지속', '지속_재발', '재발_방지']",[],,,1,['가려움'],1,['추천'],0,중립,False
blog,2026-04-15,비듬샴푸 추천,청주미용실 두피 각질 원인 제대로 알기 위아르헤어 봉명점 두피에 기름이 많아지면 각질이 제대로 탈락하지 못하고 쌓이면서 비듬 처럼 보일 수 있대 특히 스트레스 받거나 식습관이 불규칙하면 더 심해진다고 하더라 청주미용실 추천 으로 익숙한 위아르헤어,"['청주', '미용실', '각질', '원인', '기름', '각질', '탈락', '비듬', '스트레스', '식습관', '규칙', '청주', '미용실', '위아르헤어']","['청주_미용실', '미용실_각질', '각질_원인', '원인_기름', '기름_각질', '각질_탈락', '탈락_비듬', '비듬_스트레스', '스트레스_식습관', '식습관_규칙', '규칙_청주', '청주_미용실', '미용실_위아르헤어']","['청주', '미용실', '각질', '원인', '기름', '각질', '탈락', '비듬', '스트레스', '식습관', '규칙', '청주', '미용실', '위아르헤어', '청주_미용실', '미용실_각질', '각질_원인', '원인_기름', '기름_각질', '각질_탈락', '탈락_비듬', '비듬_스트레스', '스트레스_식습관', '식습관_규칙', '규칙_청주', '청주_미용실', '미용실_위아르헤어']",[],,,0,[],1,['추천'],1,긍정,False
blog,2026-04-15,비듬샴푸 추천,남자 다운펌 후 두피 관리 이것만 지키면 됩니다 약산성 샴푸 추천 세정력 강한 제품은 오히려 악영향 두피 진정 샴푸 약산성 샴푸 빠진다 비듬 처럼 각질이 늘었다 붉은기 올라온다 이 경우는 시술 간격을 늘리고 두피 진정,"['남자', '관리', '산성', '정력', '악영향', '진정', '산성', '비듬', '각질', '시술', '간격', '진정']","['남자_관리', '관리_산성', '산성_정력', '정력_악영향', '악영향_진정', '진정_산성', '산성_비듬', '비듬_각질', '각질_시술', '시술_간격', '간격_진정']","['남자', '관리', '산성', '정력', '악영향', '진정', '산성', '비듬', '각질', '시술', '간격', '진정', '남자_관리', '관리_산성', '산성_정력', '정력_악영향', '악영향_진정', '진정_산성', '산성_비듬', '비듬_각질', '각질_시술', '시술_간격', '간격_진정']",[],,,0,[],1,['추천'],1,긍정,False
blog,2026-04-15,비듬샴푸 추천,두피 각질 제거 비듬 없애는 방법 다노날 헤어팩 후기 다노날 사용방법 중요 샴푸 후 물기를 가볍게 제거해주세요 모발을 정수리 쪽으로 모아 무조건 추천 두피 열 많으신 분 비듬 이나 각질 고민 있는 분 간편한 홈케어 찾는 분들 이런 분들께,"['각질', '제거', '비듬', '방법', '다노날', '방법', '물기', '제거', '모발', '정수리', '비듬', '각질', '고민', '홈케어']","['각질_제거', '제거_비듬', '비듬_방법', '방법_다노날', '다노날_방법', '방법_물기', '물기_제거', '제거_모발', '모발_정수리', '정수리_비듬', '비듬_각질', '각질_고민', '고민_홈케어']","['각질', '제거', '비듬', '방법', '다노날', '방법', '물기', '제거', '모발', '정수리', '비듬', '각질', '고민', '홈케어', '각질_제거', '제거_비듬', '비듬_방법', '방법_다노날', '다노날_방법', '방법_물기', '물기_제거', '제거_모발', '모발_정수리', '정수리_비듬', '비듬_각질', '각질_고민', '고민_홈케어']",[],,,0,[],1,['추천'],1,긍정,False
blog,2026-04-15,비듬샴푸 추천,대다모1등 샴푸 코스트코 추천 템 블랙포레 루트파워 탈모 샴푸 추천 제품 사용 후 확실히 모근과 모발까지 짱짱해진 느낌이 들었고 탈모처럼 눈에 띄게 빠지던 머리카락 스트레스 주던 비듬 까지 하나씩 신경 쓸 일이 줄어들었어요 그 덕분에 요즘은 머리 감는,"['대다모', '블랙포레', '루트', '파워', '탈모', '모근', '모발', '느낌', '탈모', '머리카락', '스트레스', '비듬', '신경', '덕분']","['대다모_블랙포레', '블랙포레_루트', '루트_파워', '파워_탈모', '탈모_모근', '모근_모발', '모발_느낌', '느낌_탈모', '탈모_머리카락', '머리카락_스트레스', '스트레스_비듬', '비듬_신경', '신경_덕분']","['대다모', '블랙포레', '루트', '파워', '탈모', '모근', '모발', '느낌', '탈모', '머리카락', '스트레스', '비듬', '신경', '덕분', '대다모_블랙포레', '블랙포레_루트', '루트_파워', '파워_탈모', '탈모_모근', '모근_모발', '모발_느낌', '느낌_탈모', '탈모_머리카락', '머리카락_스트레스', '스트레스_비듬', '비듬_신경', '신경_덕분']",[],,,0,[],1,['추천'],1,긍정,False
blog,2026-04-15,비듬샴푸 추천,헤어 로스 샴푸 두피 트러블 관리 두피 보호 미용실 샴푸 두피 샴푸 추천 제품으로 손색이 없었습니다 이런분께 추천 드리고 싶습니다 탈모 관리 방법을 고민하는 분 정수리 탈모 초기가 걱정되는 분 비듬 클렌징이 필요한 분 두피 트러블 관리와 보호를 함께 챙기고,"['로스', '트러블', '관리', '보호', '미용실', '손색', '탈모', '관리', '방법', '고민', '정수리', '탈모', '초기', '걱정', '비듬', '클렌징', '필요', '트러블', '관리', '보호']","['로스_트러블', '트러블_관리', '관리_보호', '보호_미용실', '미용실_손색', '손색_탈모', '탈모_관리', '관리_방법', '방법_고민', '고민_정수리', '정수리_탈모', '탈모_초기', '초기_걱정', '걱정_비듬', '비듬_클렌징', '클렌징_필요', '필요_트러블', '트러블_관리', '관리_보호']","['로스', '트러블', '관리', '보호', '미용실', '손색', '탈모', '관리', '방법', '고민', '정수리', '탈모', '초기', '걱정', '비듬', '클렌징', '필요', '트러블', '관리', '보호', '로스_트러블', '트러블_관리', '관리_보호', '보호_미용실', '미용실_손색', '손색_탈모', '탈모_관리', '관리_방법', '방법_고민', '고민_정수리', '정수리_탈모', '탈모_초기', '초기_걱정', '걱정_비듬', '비듬_클렌징', '클렌징_필요', '필요_트러블', '트러블_관리', '관리_보호']",[],,,1,['트러블'],1,['추천'],0,중립,False
blog,2026-04-15,비듬샴푸 추천,옷은 폼 나게 입는데 머리만 삐딱할 때 그 기분 건조한 두피 방치하다 보면 탈모나 비듬 으로 이어질 수 있고 모발이 약해지면 원하는 스타일링이 안 그러니 미용실 가서 사진 찍고 상담 받는 걸 추천 해요 디자이너가 확대경으로 두피 봐주거나 얼굴 각도,"['기분', '건조', '방치', '탈모', '비듬', '모발', '스타일링', '미용실', '사진', '상담', '디자이너', '확대경', '얼굴', '각도']","['기분_건조', '건조_방치', '방치_탈모', '탈모_비듬', '비듬_모발', '모발_스타일링', '스타일링_미용실', '미용실_사진', '사진_상담', '상담_디자이너', '디자이너_확대경', '확대경_얼굴', '얼굴_각도']","['기분', '건조', '방치', '탈모', '비듬', '모발', '스타일링', '미용실', '사진', '상담', '디자이너', '확대경', '얼굴', '각도', '기분_건조', '건조_방치', '방치_탈모', '탈모_비듬', '비듬_모발', '모발_스타일링', '스타일링_미용실', '미용실_사진', '사진_상담', '상담_디자이너', '디자이너_확대경', '확대경_얼굴', '얼굴_각도']",[],,,0,[],1,['추천'],1,긍정,False
blog,2026-04-15,비듬샴푸 추천,건성 두피의 원인과 효과적인 관리 방법 분석 건성 두피는 여러 원인으로 인해 발생할 수 있으며 이로 인해 가려움증이나 비듬 과 같은 여러 문제가 따라서 자극이 적은 샴푸 를 선택하고 세정 후에는 충분한 보습을 해주는 것이 필요합니다 건성 두피를,"['건성', '원인', '효과', '관리', '방법', '분석', '건성', '원인', '발생', '가려움증', '비듬', '문제', '자극', '선택', '세정', '보습', '필요', '건성']","['건성_원인', '원인_효과', '효과_관리', '관리_방법', '방법_분석', '분석_건성', '건성_원인', '원인_발생', '발생_가려움증', '가려움증_비듬', '비듬_문제', '문제_자극', '자극_선택', '선택_세정', '세정_보습', '보습_필요', '필요_건성']","['건성', '원인', '효과', '관리', '방법', '분석', '건성', '원인', '발생', '가려움증', '비듬', '문제', '자극', '선택', '세정', '보습', '필요', '건성', '건성_원인', '원인_효과', '효과_관리', '관리_방법', '방법_분석', '분석_건성', '건성_원인', '원인_발생', '발생_가려움증', '가려움증_비듬', '비듬_문제', '문제_자극', '자극_선택', '선택_세정', '세정_보습', '보습_필요', '필요_건성']",[],,,2,"['자극', '가려움']",0,[],-2,이탈위험,False
blog,2026-04-15,비듬샴푸 추천,각질 단순 비듬 일까 두피 유형별 원인과 인생 샴푸 추천 가이드 오늘은 두피 각질의 원인을 명확히 짚어드리고 제가 직접 분석한 유형별 샴푸 amp 트리트먼트 추천 리스트까지 완벽하게 정리해 드립니다 1 내 두피는 어떤 상태일까 유형 진단 각질이라고 다 같은 비듬 이,"['각질', '단순', '비듬', '유형', '원인', '인생', '가이드', '각질', '원인', '분석', '유형', '트리트먼트', '리스트', '완벽', '정리', '상태', '유형', '진단', '각질', '비듬']","['각질_단순', '단순_비듬', '비듬_유형', '유형_원인', '원인_인생', '인생_가이드', '가이드_각질', '각질_원인', '원인_분석', '분석_유형', '유형_트리트먼트', '트리트먼트_리스트', '리스트_완벽', '완벽_정리', '정리_상태', '상태_유형', '유형_진단', '진단_각질', '각질_비듬']","['각질', '단순', '비듬', '유형', '원인', '인생', '가이드', '각질', '원인', '분석', '유형', '트리트먼트', '리스트', '완벽', '정리', '상태', '유형', '진단', '각질', '비듬', '각질_단순', '단순_비듬', '비듬_유형', '유형_원인', '원인_인생', '인생_가이드', '가이드_각질', '각질_원인', '원인_분석', '분석_유형', '유형_트리트먼트', '트리트먼트_리스트', '리스트_완벽', '완벽_정리', '정리_상태', '상태_유형', '유형_진단', '진단_각질', '각질_비듬']",[],,,0,[],1,['추천'],1,긍정,False
blog,2026-04-15,비듬샴푸 추천,지루성두피 샴푸 고민 끝 모미래 핑크솔트 두피 샴푸 로 시작하는 글 읽어주셔서 감사하고 모두 아름다운 하루 보내세요 안녕 지루성두피 샴푸 모미래 핑크솔트두피 샴푸 모미래 샴푸 탈모 샴푸추천 비듬샴푸 약산성 샴푸 두피스케일링 탈모케어 뷰티블로거 리뷰 헤어케어,"['지루', '고민', '미래', '핑크솔트', '시작', '감사', '하루', '지루성두피', '미래', '핑크솔트', '미래', '탈모', '비듬', '산성', '스케일링', '탈모', '케어', '블로거', '리뷰', '케어']","['지루_고민', '고민_미래', '미래_핑크솔트', '핑크솔트_시작', '시작_감사', '감사_하루', '하루_지루성두피', '지루성두피_미래', '미래_핑크솔트', '핑크솔트_미래', '미래_탈모', '탈모_비듬', '비듬_산성', '산성_스케일링', '스케일링_탈모', '탈모_케어', '케어_블로거', '블로거_리뷰', '리뷰_케어']","['지루', '고민', '미래', '핑크솔트', '시작', '감사', '하루', '지루성두피', '미래', '핑크솔트', '미래', '탈모', '비듬', '산성', '스케일링', '탈모', '케어', '블로거', '리뷰', '케어', '지루_고민', '고민_미래', '미래_핑크솔트', '핑크솔트_시작', '시작_감사', '감사_하루', '하루_지루성두피', '지루성두피_미래', '미래_핑크솔트', '핑크솔트_미래', '미래_탈모', '탈모_비듬', '비듬_산성', '산성_스케일링', '스케일링_탈모', '탈모_케어', '케어_블로거', '블로거_리뷰', '리뷰_케어']",[],,,0,[],1,['추천'],1,긍정,False
blog,2026-04-15,비듬샴푸 추천,두피 건강을 위한 7가지 습관 머릿결이 달라지는 비법 각질이나 비듬 으로 이어질 수 있어 그걸 방지하려면 주기적으로 샴푸 를 해주는 게 중요하거든 두피 예를 들어 명상이나 요가 같은 취미를 가져보는 걸 추천 해줘 내가 해본 결과 편안한 마음상태가 직접적으로,"['건강', '습관', '머릿결', '비법', '각질', '비듬', '방지', '주기', '중요', '명상', '요가', '취미', '결과', '편안', '상태', '직접']","['건강_습관', '습관_머릿결', '머릿결_비법', '비법_각질', '각질_비듬', '비듬_방지', '방지_주기', '주기_중요', '중요_명상', '명상_요가', '요가_취미', '취미_결과', '결과_편안', '편안_상태', '상태_직접']","['건강', '습관', '머릿결', '비법', '각질', '비듬', '방지', '주기', '중요', '명상', '요가', '취미', '결과', '편안', '상태', '직접', '건강_습관', '습관_머릿결', '머릿결_비법', '비법_각질', '각질_비듬', '비듬_방지', '방지_주기', '주기_중요', '중요_명상', '명상_요가', '요가_취미', '취미_결과', '결과_편안', '편안_상태', '상태_직접']",[],,,0,[],1,['추천'],1,긍정,False
blog,2026-04-15,비듬샴푸 추천,심각한 건성 두피 관리 방법과 효과적인 팁 이로 인해 두피가 가려움 염증 비듬 등의 증상을 유발할 수 있습니다 건조한 환경 잘못된 세정 방법 도움이 되는 제품 추천 모이스춰라이징 샴푸 두피에 수분을 공급해주는 제품을 선택하세요 영양제,"['건성', '관리', '방법', '효과', '염증', '비듬', '증상', '유발', '건조', '환경', '세정', '방법', '도움', '모이스춰라이징', '수분', '공급', '선택', '영양제']","['건성_관리', '관리_방법', '방법_효과', '효과_염증', '염증_비듬', '비듬_증상', '증상_유발', '유발_건조', '건조_환경', '환경_세정', '세정_방법', '방법_도움', '도움_모이스춰라이징', '모이스춰라이징_수분', '수분_공급', '공급_선택', '선택_영양제']","['건성', '관리', '방법', '효과', '염증', '비듬', '증상', '유발', '건조', '환경', '세정', '방법', '도움', '모이스춰라이징', '수분', '공급', '선택', '영양제', '건성_관리', '관리_방법', '방법_효과', '효과_염증', '염증_비듬', '비듬_증상', '증상_유발', '유발_건조', '건조_환경', '환경_세정', '세정_방법', '방법_도움', '도움_모이스춰라이징', '모이스춰라이징_수분', '수분_공급', '공급_선택', '선택_영양제']",[],,,1,['가려움'],1,['추천'],0,중립,False
blog,2026-04-15,비듬샴푸 추천,3 1 살림백서 대용량 샴푸 1000ml 약산성 천연지수81 비듬 3 1 살림백서 대용량 샴푸 는 지성 두피와 민감한 피부에 적합하며 약산성 제품으로 피부 자극을 최소화합니다 비듬 이 고민인 분들에게 특히 추천 드리며 천연 지수 81 로 자연 친화적인 제품을 선호하는,"['살림', '백서', '용량', '산성', '천연', '지수', '비듬', '살림', '백서', '용량', '지성', '피부', '약산', '피부', '자극', '최소', '비듬', '고민', '천연', '지수', '자연', '친화', '선호']","['살림_백서', '백서_용량', '용량_산성', '산성_천연', '천연_지수', '지수_비듬', '비듬_살림', '살림_백서', '백서_용량', '용량_지성', '지성_피부', '피부_약산', '약산_피부', '피부_자극', '자극_최소', '최소_비듬', '비듬_고민', '고민_천연', '천연_지수', '지수_자연', '자연_친화', '친화_선호']","['살림', '백서', '용량', '산성', '천연', '지수', '비듬', '살림', '백서', '용량', '지성', '피부', '약산', '피부', '자극', '최소', '비듬', '고민', '천연', '지수', '자연', '친화', '선호', '살림_백서', '백서_용량', '용량_산성', '산성_천연', '천연_지수', '지수_비듬', '비듬_살림', '살림_백서', '백서_용량', '용량_지성', '지성_피부', '피부_약산', '약산_피부', '피부_자극', '자극_최소', '최소_비듬', '비듬_고민', '고민_천연', '천연_지수', '지수_자연', '자연_친화', '친화_선호']",[],,,1,['자극'],1,['추천'],0,중립,False
blog,2026-04-15,비듬샴푸 추천,두피 타입별 맞춤 케어 건강한 모발을 위한 필수 가이드 모발에 샴푸 잔여물이 남지 않도록 깨끗하게 헹궈야 해요 잔여물은 비듬 이나 가려움증을 유발하는 프로그램을 추천 받을 수 있을 거예요 또한 민감성두피개선을 위해서는 진정 및 보습에 특화된 케어를,"['타입', '맞춤', '케어', '건강', '모발', '필수', '가이드', '모발', '잔여', '잔여', '비듬', '가려움증', '유발', '프로그램', '개선', '진정', '보습', '특화', '케어']","['타입_맞춤', '맞춤_케어', '케어_건강', '건강_모발', '모발_필수', '필수_가이드', '가이드_모발', '모발_잔여', '잔여_잔여', '잔여_비듬', '비듬_가려움증', '가려움증_유발', '유발_프로그램', '프로그램_개선', '개선_진정', '진정_보습', '보습_특화', '특화_케어']","['타입', '맞춤', '케어', '건강', '모발', '필수', '가이드', '모발', '잔여', '잔여', '비듬', '가려움증', '유발', '프로그램', '개선', '진정', '보습', '특화', '케어', '타입_맞춤', '맞춤_케어', '케어_건강', '건강_모발', '모발_필수', '필수_가이드', '가이드_모발', '모발_잔여', '잔여_잔여', '잔여_비듬', '비듬_가려움증', '가려움증_유발', '유발_프로그램', '프로그램_개선', '개선_진정', '진정_보습', '보습_특화', '특화_케어']",[],,,1,['가려움'],1,['추천'],0,중립,False
blog,2026-04-15,비듬샴푸 추천,약국 비듬샴푸 비듬 약 샴푸 써봐도 진정 안될때 해결법 지루성 두피염으로 시작된 비듬 지옥 약국 비듬샴푸 비듬 약 샴푸 만으로 해결이 안 된다면 저는 도와주는 샴푸 를 같이 사용해보는게 좋겠다고 하시면서 샴푸 를 추천 해 주셨어요 병행 관리용으로 추천 받은,"['비듬', '비듬', '진정', '해결', '지루', '시작', '비듬', '지옥', '비듬', '비듬', '해결', '병행', '관리']","['비듬_비듬', '비듬_진정', '진정_해결', '해결_지루', '지루_시작', '시작_비듬', '비듬_지옥', '지옥_비듬', '비듬_비듬', '비듬_해결', '해결_병행', '병행_관리']","['비듬', '비듬', '진정', '해결', '지루', '시작', '비듬', '지옥', '비듬', '비듬', '해결', '병행', '관리', '비듬_비듬', '비듬_진정', '진정_해결', '해결_지루', '지루_시작', '시작_비듬', '비듬_지옥', '지옥_비듬', '비듬_비듬', '비듬_해결', '해결_병행', '병행_관리']",[],,,0,[],1,['추천'],1,긍정,False
blog,2026-04-15,비듬샴푸 추천,머리 감을 때마다 느껴지는 그 불편함 익숙한가요 또 비듬 은 왜 생기나요 라는 질문 많아요 이건 주로 말라세지아 곰팡이균 때문인데 습한 환경에서 번식해요 그래서 드라이 샴푸 쓰는 날엔 저녁에 꼭 세정하세요 탈모 걱정하는 분들은 머리 묶는 게 나빠요,"['불편', '비듬', '질문', '말라세지아', '곰팡이', '환경', '번식', '드라이', '저녁', '세정', '탈모', '걱정']","['불편_비듬', '비듬_질문', '질문_말라세지아', '말라세지아_곰팡이', '곰팡이_환경', '환경_번식', '번식_드라이', '드라이_저녁', '저녁_세정', '세정_탈모', '탈모_걱정']","['불편', '비듬', '질문', '말라세지아', '곰팡이', '환경', '번식', '드라이', '저녁', '세정', '탈모', '걱정', '불편_비듬', '비듬_질문', '질문_말라세지아', '말라세지아_곰팡이', '곰팡이_환경', '환경_번식', '번식_드라이', '드라이_저녁', '저녁_세정', '세정_탈모', '탈모_걱정']",[],,,0,[],0,[],0,중립,False
blog,2026-04-15,비듬샴푸 추천,지성 두피 관리 방법과 효과적인 관리 팁 적절한 제품 선택과 생활 습관 개선을 통해 건강한 두피 환경을 조성하는 데 도움이 된다 지성두피 두피관리 두피케어 두피스케일링 비듬 관리 두피가려움 탈모관리 헤어케어 두피건강 샴푸추천,"['지성', '관리', '방법', '효과', '관리', '선택', '생활', '습관', '개선', '건강', '환경', '조성', '도움', '지성두피', '관리', '케어', '스케일링', '비듬', '관리', '탈모', '관리', '케어', '건강']","['지성_관리', '관리_방법', '방법_효과', '효과_관리', '관리_선택', '선택_생활', '생활_습관', '습관_개선', '개선_건강', '건강_환경', '환경_조성', '조성_도움', '도움_지성두피', '지성두피_관리', '관리_케어', '케어_스케일링', '스케일링_비듬', '비듬_관리', '관리_탈모', '탈모_관리', '관리_케어', '케어_건강']","['지성', '관리', '방법', '효과', '관리', '선택', '생활', '습관', '개선', '건강', '환경', '조성', '도움', '지성두피', '관리', '케어', '스케일링', '비듬', '관리', '탈모', '관리', '케어', '건강', '지성_관리', '관리_방법', '방법_효과', '효과_관리', '관리_선택', '선택_생활', '생활_습관', '습관_개선', '개선_건강', '건강_환경', '환경_조성', '조성_도움', '도움_지성두피', '지성두피_관리', '관리_케어', '케어_스케일링', '스케일링_비듬', '비듬_관리', '관리_탈모', '탈모_관리', '관리_케어', '케어_건강']",[],,,1,['가려움'],1,['추천'],0,중립,False
blog,2026-04-15,비듬샴푸 추천,살림백서 약산성 샴푸 유칼립투스 비듬 무실리콘 지성 민감성 정말 강력 추천 하고 싶어요 약산성 샴푸 를 아직 안 써보셨다면 살림백서 약산성 샴푸 유칼립투스 비듬 무실리콘 지성 민감성 대용량 제품으로 꼭 한번 시작해보세요 후회 안 하실 거예요 구매리뷰 상세페이지,"['살림', '백서', '산성', '유칼립투스', '비듬', '실리콘', '지성', '강력', '산성', '살림', '백서', '산성', '유칼립투스', '비듬', '실리콘', '지성', '용량', '시작', '후회', '리뷰', '페이지']","['살림_백서', '백서_산성', '산성_유칼립투스', '유칼립투스_비듬', '비듬_실리콘', '실리콘_지성', '지성_강력', '강력_산성', '산성_살림', '살림_백서', '백서_산성', '산성_유칼립투스', '유칼립투스_비듬', '비듬_실리콘', '실리콘_지성', '지성_용량', '용량_시작', '시작_후회', '후회_리뷰', '리뷰_페이지']","['살림', '백서', '산성', '유칼립투스', '비듬', '실리콘', '지성', '강력', '산성', '살림', '백서', '산성', '유칼립투스', '비듬', '실리콘', '지성', '용량', '시작', '후회', '리뷰', '페이지', '살림_백서', '백서_산성', '산성_유칼립투스', '유칼립투스_비듬', '비듬_실리콘', '실리콘_지성', '지성_강력', '강력_산성', '산성_살림', '살림_백서', '백서_산성', '산성_유칼립투스', '유칼립투스_비듬', '비듬_실리콘', '실리콘_지성', '지성_용량', '용량_시작', '시작_후회', '후회_리뷰', '리뷰_페이지']",['상세_페이지'],,,1,['후회'],1,['추천'],0,중립,False
blog,2026-04-15,비듬샴푸 추천,트리트먼트 비듬 탈모 실리콘프리 비자극 실사용 후기 특히 비듬 관리나 두피 각질 정리를 같이 챙기고 싶은 경우에 흐름이 자연스럽습니다 실리콘프리와 사용 시점 느낌 추천 포인트 샴푸 직후 가장 손이 덜 감 루틴에 넣기 쉬움 주 2회 관리 두피 컨디션 점검에,"['트리트먼트', '비듬', '탈모', '실리콘', '프리', '비자극', '비듬', '관리', '각질', '정리', '흐름', '자연', '실리콘', '프리', '시점', '느낌', '포인트', '직후', '루틴', '관리', '컨디션', '점검']","['트리트먼트_비듬', '비듬_탈모', '탈모_실리콘', '실리콘_프리', '프리_비자극', '비자극_비듬', '비듬_관리', '관리_각질', '각질_정리', '정리_흐름', '흐름_자연', '자연_실리콘', '실리콘_프리', '프리_시점', '시점_느낌', '느낌_포인트', '포인트_직후', '직후_루틴', '루틴_관리', '관리_컨디션', '컨디션_점검']","['트리트먼트', '비듬', '탈모', '실리콘', '프리', '비자극', '비듬', '관리', '각질', '정리', '흐름', '자연', '실리콘', '프리', '시점', '느낌', '포인트', '직후', '루틴', '관리', '컨디션', '점검', '트리트먼트_비듬', '비듬_탈모', '탈모_실리콘', '실리콘_프리', '프리_비자극', '비자극_비듬', '비듬_관리', '관리_각질', '각질_정리', '정리_흐름', '흐름_자연', '자연_실리콘', '실리콘_프리', '프리_시점', '시점_느낌', '느낌_포인트', '포인트_직후', '직후_루틴', '루틴_관리', '관리_컨디션', '컨디션_점검']",[],,,1,['자극'],1,['추천'],0,중립,False
blog,2026-04-15,비듬샴푸 추천,두피가 편안해 보이는 사람이 일상에서 지키는 습관들 샴푸 후에는 찬물로 헹구기를 추천 합니다 찬물은 모공을 닫아 외부 자극과 먼지 침투를 막아주고 불규칙한 식사 수면 부족 스트레스 과다는 영양 공급 장애를 일으켜 모발 성장 주기를 방해하고 비듬 등,"['편안', '일상', '습관', '찬물', '찬물', '모공', '외부', '자극', '먼지', '침투', '규칙', '식사', '수면', '부족', '스트레스', '과다', '영양', '공급', '장애', '모발', '성장', '주기', '방해', '비듬']","['편안_일상', '일상_습관', '습관_찬물', '찬물_찬물', '찬물_모공', '모공_외부', '외부_자극', '자극_먼지', '먼지_침투', '침투_규칙', '규칙_식사', '식사_수면', '수면_부족', '부족_스트레스', '스트레스_과다', '과다_영양', '영양_공급', '공급_장애', '장애_모발', '모발_성장', '성장_주기', '주기_방해', '방해_비듬']","['편안', '일상', '습관', '찬물', '찬물', '모공', '외부', '자극', '먼지', '침투', '규칙', '식사', '수면', '부족', '스트레스', '과다', '영양', '공급', '장애', '모발', '성장', '주기', '방해', '비듬', '편안_일상', '일상_습관', '습관_찬물', '찬물_찬물', '찬물_모공', '모공_외부', '외부_자극', '자극_먼지', '먼지_침투', '침투_규칙', '규칙_식사', '식사_수면', '수면_부족', '부족_스트레스', '스트레스_과다', '과다_영양', '영양_공급', '공급_장애', '장애_모발', '모발_성장', '성장_주기', '주기_방해', '방해_비듬']",[],,,1,['자극'],1,['추천'],0,중립,False
blog,2026-04-15,비듬샴푸 추천,부천지루한의원 두피 관리와 개선 방법 제가 처음 부천지루한의원을 찾았던 계기는 두피의 지속적인 가려움과 비듬 이 심해서였어요 여러 샴푸 를 써봐도 별다른 효능을 못 보고 있을 때 친구가 추천 해준 부천지루한의원을 방문하게 되었죠 상담을,"['부천', '의원', '관리', '개선', '방법', '처음', '부천', '지루', '한의원', '계기', '지속', '비듬', '효능', '친구', '부천', '지루', '한의원', '방문', '상담']","['부천_의원', '의원_관리', '관리_개선', '개선_방법', '방법_처음', '처음_부천', '부천_지루', '지루_한의원', '한의원_계기', '계기_지속', '지속_비듬', '비듬_효능', '효능_친구', '친구_부천', '부천_지루', '지루_한의원', '한의원_방문', '방문_상담']","['부천', '의원', '관리', '개선', '방법', '처음', '부천', '지루', '한의원', '계기', '지속', '비듬', '효능', '친구', '부천', '지루', '한의원', '방문', '상담', '부천_의원', '의원_관리', '관리_개선', '개선_방법', '방법_처음', '처음_부천', '부천_지루', '지루_한의원', '한의원_계기', '계기_지속', '지속_비듬', '비듬_효능', '효능_친구', '친구_부천', '부천_지루', '지루_한의원', '한의원_방문', '방문_상담']",[],,,1,['가려움'],1,['추천'],0,중립,False
blog,2026-04-15,비듬샴푸 추천,지성 두피 관리 방법과 효과적인 관리 팁 염증이나 비듬 같은 피부 문제를 유발할 수 있습니다 따라서 적절한 관리가 ضروری합니다 본 정기적인 샴푸 지성 두피는 매일 또는 이틀에 한 번 샴푸 하는 것이 좋습니다 피지를 효과적으로 제거할 수,"['지성', '관리', '방법', '효과', '관리', '염증', '비듬', '피부', '문제', '유발', '관리', '정기', '지성', '이틀', '피지', '효과', '제거']","['지성_관리', '관리_방법', '방법_효과', '효과_관리', '관리_염증', '염증_비듬', '비듬_피부', '피부_문제', '문제_유발', '유발_관리', '관리_정기', '정기_지성', '지성_이틀', '이틀_피지', '피지_효과', '효과_제거']","['지성', '관리', '방법', '효과', '관리', '염증', '비듬', '피부', '문제', '유발', '관리', '정기', '지성', '이틀', '피지', '효과', '제거', '지성_관리', '관리_방법', '방법_효과', '효과_관리', '관리_염증', '염증_비듬', '비듬_피부', '피부_문제', '문제_유발', '유발_관리', '관리_정기', '정기_지성', '지성_이틀', '이틀_피지', '피지_효과', '효과_제거']",[],,,0,[],0,[],0,중립,False
blog,2026-04-15,비듬샴푸 추천,두피 트러블 이제 그만 확실한 솔루션을 위한 5가지 핵심 전략 탈모나 비듬 같은 각종 트러블로부터 자유로울 수 있죠 피부과 의사들도 강조하는 두피 건강의 중요성 지금부터라도 관심을 기울여야 할 이유가 충분해요 ㅎㅎ 무작정 유명하다고 소문난 샴푸 나 두피 제품을,"['트러블', '솔루션', '핵심', '전략', '탈모', '비듬', '각종', '트러블', '자유', '피부과', '의사', '강조', '건강', '중요', '지금', '관심']","['트러블_솔루션', '솔루션_핵심', '핵심_전략', '전략_탈모', '탈모_비듬', '비듬_각종', '각종_트러블', '트러블_자유', '자유_피부과', '피부과_의사', '의사_강조', '강조_건강', '건강_중요', '중요_지금', '지금_관심']","['트러블', '솔루션', '핵심', '전략', '탈모', '비듬', '각종', '트러블', '자유', '피부과', '의사', '강조', '건강', '중요', '지금', '관심', '트러블_솔루션', '솔루션_핵심', '핵심_전략', '전략_탈모', '탈모_비듬', '비듬_각종', '각종_트러블', '트러블_자유', '자유_피부과', '피부과_의사', '의사_강조', '강조_건강', '건강_중요', '중요_지금', '지금_관심']",[],,,1,['트러블'],0,[],-1,이탈위험,False
blog,2026-04-15,비듬샴푸 추천,여자탈모 비듬 관리 두피청결 탈모 샴푸 홈케어 후기 구매 링크 두피진정 샴푸 민감성 샴푸 비듬 케어제품 샴퓨 추천 저자극 샴푸 탈모 샴푸 프로페셔널 샴푸 헤어샵 샴푸 두피관리 샴푸 건강한두피 두피가려움 두피관리팁 두피밸런스,"['여자', '탈모', '비듬', '관리', '청결', '탈모', '홈케어', '진정', '비듬', '케어', '샴퓨', '자극', '탈모', '프로페셔널', '관리', '건강', '관리', '밸런스']","['여자_탈모', '탈모_비듬', '비듬_관리', '관리_청결', '청결_탈모', '탈모_홈케어', '홈케어_진정', '진정_비듬', '비듬_케어', '케어_샴퓨', '샴퓨_자극', '자극_탈모', '탈모_프로페셔널', '프로페셔널_관리', '관리_건강', '건강_관리', '관리_밸런스']","['여자', '탈모', '비듬', '관리', '청결', '탈모', '홈케어', '진정', '비듬', '케어', '샴퓨', '자극', '탈모', '프로페셔널', '관리', '건강', '관리', '밸런스', '여자_탈모', '탈모_비듬', '비듬_관리', '관리_청결', '청결_탈모', '탈모_홈케어', '홈케어_진정', '진정_비듬', '비듬_케어', '케어_샴퓨', '샴퓨_자극', '자극_탈모', '탈모_프로페셔널', '프로페셔널_관리', '관리_건강', '건강_관리', '관리_밸런스']",[],,,2,"['자극', '가려움']",1,['추천'],-1,이탈위험,False
blog,2026-04-15,비듬샴푸 추천,하수구 막힘 역류 원인부터 해결 방법까지 전문가가 알려주는 예를 들어 싱크대 쪽 막힘은 주방 기름때가 원인일 가능성이 크고 욕실은 비듬 이나 샴푸 찌꺼기예요 보통 3 6개월에 한 번 전문 세척 추천 하고 평소엔 뜨거운 물에 베이킹소다와 식초 섞어 부으면 기름때,"['하수구', '역류', '원인', '해결', '방법', '전문가', '싱크대', '주방', '기름때', '원인', '가능', '욕실', '비듬', '찌꺼기', '전문', '세척', '평소', '베이킹', '소다', '식초', '기름']","['하수구_역류', '역류_원인', '원인_해결', '해결_방법', '방법_전문가', '전문가_싱크대', '싱크대_주방', '주방_기름때', '기름때_원인', '원인_가능', '가능_욕실', '욕실_비듬', '비듬_찌꺼기', '찌꺼기_전문', '전문_세척', '세척_평소', '평소_베이킹', '베이킹_소다', '소다_식초', '식초_기름']","['하수구', '역류', '원인', '해결', '방법', '전문가', '싱크대', '주방', '기름때', '원인', '가능', '욕실', '비듬', '찌꺼기', '전문', '세척', '평소', '베이킹', '소다', '식초', '기름', '하수구_역류', '역류_원인', '원인_해결', '해결_방법', '방법_전문가', '전문가_싱크대', '싱크대_주방', '주방_기름때', '기름때_원인', '원인_가능', '가능_욕실', '욕실_비듬', '비듬_찌꺼기', '찌꺼기_전문', '전문_세척', '세척_평소', '평소_베이킹', '베이킹_소다', '소다_식초', '식초_기름']",[],,,0,[],1,['추천'],1,긍정,False
blog,2026-04-15,비듬샴푸 추천,건성 두피를 위한 효과적인 관리 방법 및 제품 추천 건성 두피는 많은 사람들이 경험하는 문제로 가려움증과 비듬 탈모 등의 다양한 증상을 동반할 수 추천 제품 효과적인 건성 두피 관리를 위해 아래와 같은 제품을 추천 합니다 인증된 수분 보충 샴푸,"['건성', '효과', '관리', '방법', '건성', '경험', '문제', '가려움증', '비듬', '탈모', '다양', '증상', '동반', '효과', '건성', '관리', '아래', '인증', '수분', '보충']","['건성_효과', '효과_관리', '관리_방법', '방법_건성', '건성_경험', '경험_문제', '문제_가려움증', '가려움증_비듬', '비듬_탈모', '탈모_다양', '다양_증상', '증상_동반', '동반_효과', '효과_건성', '건성_관리', '관리_아래', '아래_인증', '인증_수분', '수분_보충']","['건성', '효과', '관리', '방법', '건성', '경험', '문제', '가려움증', '비듬', '탈모', '다양', '증상', '동반', '효과', '건성', '관리', '아래', '인증', '수분', '보충', '건성_효과', '효과_관리', '관리_방법', '방법_건성', '건성_경험', '경험_문제', '문제_가려움증', '가려움증_비듬', '비듬_탈모', '탈모_다양', '다양_증상', '증상_동반', '동반_효과', '효과_건성', '건성_관리', '관리_아래', '아래_인증', '인증_수분', '수분_보충']",[],,,1,['가려움'],1,['추천'],0,중립,False
blog,2026-04-15,비듬샴푸 추천,바이아우어 맥주효모 샴푸 1리터 대용량 후기와 탈모 개선 저는 두피 문제로 고민하는 분들 장기적으로 사용할 세정력 좋은 제품 찾는 분께 이 샴푸 추천 해요 비듬 탈모 고민 완화에 좋아요 바이아우어 맥주효모 샴푸 를 한 달 넘게 써보니 비듬 이 많이 줄고 두피 건강이,"['바이아우어', '맥주', '효모', '용량', '탈모', '개선', '문제', '고민', '장기', '세정', '비듬', '탈모', '고민', '완화', '바이아우어', '맥주', '효모', '비듬', '건강']","['바이아우어_맥주', '맥주_효모', '효모_용량', '용량_탈모', '탈모_개선', '개선_문제', '문제_고민', '고민_장기', '장기_세정', '세정_비듬', '비듬_탈모', '탈모_고민', '고민_완화', '완화_바이아우어', '바이아우어_맥주', '맥주_효모', '효모_비듬', '비듬_건강']","['바이아우어', '맥주', '효모', '용량', '탈모', '개선', '문제', '고민', '장기', '세정', '비듬', '탈모', '고민', '완화', '바이아우어', '맥주', '효모', '비듬', '건강', '바이아우어_맥주', '맥주_효모', '효모_용량', '용량_탈모', '탈모_개선', '개선_문제', '문제_고민', '고민_장기', '장기_세정', '세정_비듬', '비듬_탈모', '탈모_고민', '고민_완화', '완화_바이아우어', '바이아우어_맥주', '맥주_효모', '효모_비듬', '비듬_건강']",[],,,0,[],1,['추천'],1,긍정,False
blog,2026-04-15,비듬샴푸 추천,탈모 샴푸 지루성 두피 샴푸 비듬 가려움 맥주효모 약산성 천연 결론적으로 탈모 샴푸 맥주효모 지루성 두피 샴푸 비듬 가려움 임산부 100ml 1개는 지루성 두피로 고민하거나 머리카락이 가늘어져서 힘없는 분들께 추천 하고 싶어요 저처럼 두피 가려움이나 비듬 때문에,"['탈모', '지루', '비듬', '맥주', '효모', '산성', '천연', '결론', '탈모', '맥주', '효모', '지루', '비듬', '임산부', '지루', '고민', '머리카락', '비듬']","['탈모_지루', '지루_비듬', '비듬_맥주', '맥주_효모', '효모_산성', '산성_천연', '천연_결론', '결론_탈모', '탈모_맥주', '맥주_효모', '효모_지루', '지루_비듬', '비듬_임산부', '임산부_지루', '지루_고민', '고민_머리카락', '머리카락_비듬']","['탈모', '지루', '비듬', '맥주', '효모', '산성', '천연', '결론', '탈모', '맥주', '효모', '지루', '비듬', '임산부', '지루', '고민', '머리카락', '비듬', '탈모_지루', '지루_비듬', '비듬_맥주', '맥주_효모', '효모_산성', '산성_천연', '천연_결론', '결론_탈모', '탈모_맥주', '맥주_효모', '효모_지루', '지루_비듬', '비듬_임산부', '임산부_지루', '지루_고민', '고민_머리카락', '머리카락_비듬']",[],,,1,['가려움'],1,['추천'],0,중립,False
blog,2026-04-15,비듬샴푸 추천,퓨어프렌즈 강아지 샴푸 로 2주 사용 후 확실히 다른 피부 꽤 추천 하고 싶어요 자극 없는 세정제 찾는 분들이나 냄새 고민이 있는 반려견에게 특히 도움이 될 것 같아요 저도 앞으로 계속 사용할 생각이에요 강아지 샴푸 저자극펫 샴푸 피부관리 반려견용품 비듬 관리,"['퓨어프렌즈', '강아지', '피부', '자극', '세정제', '냄새', '고민', '반려견', '도움', '강아지', '자극', '피부', '관리', '반려견', '용품', '비듬', '관리']","['퓨어프렌즈_강아지', '강아지_피부', '피부_자극', '자극_세정제', '세정제_냄새', '냄새_고민', '고민_반려견', '반려견_도움', '도움_강아지', '강아지_자극', '자극_피부', '피부_관리', '관리_반려견', '반려견_용품', '용품_비듬', '비듬_관리']","['퓨어프렌즈', '강아지', '피부', '자극', '세정제', '냄새', '고민', '반려견', '도움', '강아지', '자극', '피부', '관리', '반려견', '용품', '비듬', '관리', '퓨어프렌즈_강아지', '강아지_피부', '피부_자극', '자극_세정제', '세정제_냄새', '냄새_고민', '고민_반려견', '반려견_도움', '도움_강아지', '강아지_자극', '자극_피부', '피부_관리', '관리_반려견', '반려견_용품', '용품_비듬', '비듬_관리']",[],,,1,['자극'],1,['추천'],0,중립,False
blog,2026-04-15,비듬샴푸 추천,컨디션 탈모 완화 샴푸 HAMOCELL 더블유 헤어 로스 샴푸 후기 이런 분들께 추천 정수리 탈모 초기 고민이 있는 분 지성 탈모 샴푸 찾는 분 두피 샴푸 추천 제품 찾는 분 비듬 클렌징 중요하게 생각하는 분 데일리 헤어 케어 루틴용으로 부담 없는 제품 찾는,"['컨디션', '탈모', '완화', '더블', '로스', '정수리', '탈모', '초기', '고민', '지성', '탈모', '비듬', '클렌징', '중요', '데일리', '케어', '루틴', '부담']","['컨디션_탈모', '탈모_완화', '완화_더블', '더블_로스', '로스_정수리', '정수리_탈모', '탈모_초기', '초기_고민', '고민_지성', '지성_탈모', '탈모_비듬', '비듬_클렌징', '클렌징_중요', '중요_데일리', '데일리_케어', '케어_루틴', '루틴_부담']","['컨디션', '탈모', '완화', '더블', '로스', '정수리', '탈모', '초기', '고민', '지성', '탈모', '비듬', '클렌징', '중요', '데일리', '케어', '루틴', '부담', '컨디션_탈모', '탈모_완화', '완화_더블', '더블_로스', '로스_정수리', '정수리_탈모', '탈모_초기', '초기_고민', '고민_지성', '지성_탈모', '탈모_비듬', '비듬_클렌징', '클렌징_중요', '중요_데일리', '데일리_케어', '케어_루틴', '루틴_부담']",[],,,0,[],1,['추천'],1,긍정,False
blog,2026-04-15,비듬샴푸 추천,두피 가려움증 7가지 원인과 해결법 지금 바로 확인 주변정보 과도한 샴푸 부족한 샴푸 주요 증상 두피 건조 가려움 자극 과도한 피지 비듬 염증 가려움 원인 자극도 적고 두피 건강에도 좋으니 약산성 샴푸 를 써보는 걸 추천 해요 후기 놓치지 않을 거예요 샴푸 를,"['가려움증', '원인', '해결', '확인', '주변', '정보', '과도', '부족', '주요', '증상', '건조', '자극', '과도', '피지', '비듬', '염증', '원인', '자극', '건강', '산성']","['가려움증_원인', '원인_해결', '해결_확인', '확인_주변', '주변_정보', '정보_과도', '과도_부족', '부족_주요', '주요_증상', '증상_건조', '건조_자극', '자극_과도', '과도_피지', '피지_비듬', '비듬_염증', '염증_원인', '원인_자극', '자극_건강', '건강_산성']","['가려움증', '원인', '해결', '확인', '주변', '정보', '과도', '부족', '주요', '증상', '건조', '자극', '과도', '피지', '비듬', '염증', '원인', '자극', '건강', '산성', '가려움증_원인', '원인_해결', '해결_확인', '확인_주변', '주변_정보', '정보_과도', '과도_부족', '부족_주요', '주요_증상', '증상_건조', '건조_자극', '자극_과도', '과도_피지', '피지_비듬', '비듬_염증', '염증_원인', '원인_자극', '자극_건강', '건강_산성']",[],,,2,"['자극', '가려움']",1,['추천'],-1,이탈위험,False
blog,2026-04-15,비듬샴푸 추천,탈모 그냥 두려고 반응합니다 탈모 샴푸 두피케어 아미노 샴푸 탈모관리 두피 샴푸추천 미용재료 경수사미용재료 비듬샴푸 두피관리템 헤어케어 EX 샴푸 구매 문의 네모박스누르시면 상담창으로 자동연결됩니다,"['탈모', '반응', '탈모', '케어', '아미', '탈모', '관리', '미용', '재료', '경수사', '미용', '재료', '비듬', '관리', '케어', '문의', '네모', '박스', '상담', '자동', '연결']","['탈모_반응', '반응_탈모', '탈모_케어', '케어_아미', '아미_탈모', '탈모_관리', '관리_미용', '미용_재료', '재료_경수사', '경수사_미용', '미용_재료', '재료_비듬', '비듬_관리', '관리_케어', '케어_문의', '문의_네모', '네모_박스', '박스_상담', '상담_자동', '자동_연결']","['탈모', '반응', '탈모', '케어', '아미', '탈모', '관리', '미용', '재료', '경수사', '미용', '재료', '비듬', '관리', '케어', '문의', '네모', '박스', '상담', '자동', '연결', '탈모_반응', '반응_탈모', '탈모_케어', '케어_아미', '아미_탈모', '탈모_관리', '관리_미용', '미용_재료', '재료_경수사', '경수사_미용', '미용_재료', '재료_비듬', '비듬_관리', '관리_케어', '케어_문의', '문의_네모', '네모_박스', '박스_상담', '상담_자동', '자동_연결']",[],,,0,[],1,['추천'],1,긍정,False
blog,2026-04-15,비듬샴푸 추천,코스트코 추천 템 탈모 샴푸추천 l 대다모1등 샴푸 블랙포레 확실히 두피 컨디션이 좋아지니 비듬 도 덜 생기고 고민이었던 머리카락도 예전보다 확실히 덜 빠지는 주변에 탈모 샴푸추천 해달라는 지인들이 있으면 저는 무조건 블랙포레를 일순위로 알려주고 있어요 이,"['탈모', '대다모', '블랙포레', '컨디션', '비듬', '고민', '머리카락', '예전', '주변', '탈모', '지인', '조건', '블랙포레', '순위']","['탈모_대다모', '대다모_블랙포레', '블랙포레_컨디션', '컨디션_비듬', '비듬_고민', '고민_머리카락', '머리카락_예전', '예전_주변', '주변_탈모', '탈모_지인', '지인_조건', '조건_블랙포레', '블랙포레_순위']","['탈모', '대다모', '블랙포레', '컨디션', '비듬', '고민', '머리카락', '예전', '주변', '탈모', '지인', '조건', '블랙포레', '순위', '탈모_대다모', '대다모_블랙포레', '블랙포레_컨디션', '컨디션_비듬', '비듬_고민', '고민_머리카락', '머리카락_예전', '예전_주변', '주변_탈모', '탈모_지인', '지인_조건', '조건_블랙포레', '블랙포레_순위']",[],,,0,[],1,['추천'],1,긍정,False
blog,2026-04-15,비듬샴푸 추천,현대약품 마이녹셀 스칼프 인텐시브 샴푸 960ml 2개 가격 현대약품 마이녹셀 스칼프 인텐시브 샴푸 탈모 샴푸 두피 샴푸 두피케어 두피관리 헤어케어 탈모완화 비듬 없애는 샴푸 가려운두피 순한 샴푸 대용량 샴푸 가성비 샴푸 할인 특가 추천 후기 사용기,"['현대약품', '마이녹셀', '스칼프', '인텐시브', '현대약품', '마이녹셀', '스칼프', '인텐시브', '탈모', '케어', '관리', '케어', '탈모', '완화', '비듬', '용량', '가성비', '특가']","['현대약품_마이녹셀', '마이녹셀_스칼프', '스칼프_인텐시브', '인텐시브_현대약품', '현대약품_마이녹셀', '마이녹셀_스칼프', '스칼프_인텐시브', '인텐시브_탈모', '탈모_케어', '케어_관리', '관리_케어', '케어_탈모', '탈모_완화', '완화_비듬', '비듬_용량', '용량_가성비', '가성비_특가']","['현대약품', '마이녹셀', '스칼프', '인텐시브', '현대약품', '마이녹셀', '스칼프', '인텐시브', '탈모', '케어', '관리', '케어', '탈모', '완화', '비듬', '용량', '가성비', '특가', '현대약품_마이녹셀', '마이녹셀_스칼프', '스칼프_인텐시브', '인텐시브_현대약품', '현대약품_마이녹셀', '마이녹셀_스칼프', '스칼프_인텐시브', '인텐시브_탈모', '탈모_케어', '케어_관리', '관리_케어', '케어_탈모', '탈모_완화', '완화_비듬', '비듬_용량', '용량_가성비', '가성비_특가']",[],,,0,[],1,['추천'],1,긍정,False
blog,2026-04-15,비듬샴푸 추천,영종도 미용실 추천 실패 없는 스타일링을 위한 3단계 솔루션 단점이라면 너무 짧게 하면 재생이 느려질 수 있어서 상태 좋은 분들께 추천 돼요 울프컷은 상단에 비듬 고민 많으신 분들은 항진균 샴푸 교대로 쓰고 주 1회 스케일링 받으세요 이런 팁들 쌓다 보면 헤어,"['영종도', '미용실', '실패', '스타일링', '단계', '솔루션', '단점', '재생', '상태', '울프컷', '상단', '비듬', '고민', '항진', '교대', '스케일링']","['영종도_미용실', '미용실_실패', '실패_스타일링', '스타일링_단계', '단계_솔루션', '솔루션_단점', '단점_재생', '재생_상태', '상태_울프컷', '울프컷_상단', '상단_비듬', '비듬_고민', '고민_항진', '항진_교대', '교대_스케일링']","['영종도', '미용실', '실패', '스타일링', '단계', '솔루션', '단점', '재생', '상태', '울프컷', '상단', '비듬', '고민', '항진', '교대', '스케일링', '영종도_미용실', '미용실_실패', '실패_스타일링', '스타일링_단계', '단계_솔루션', '솔루션_단점', '단점_재생', '재생_상태', '상태_울프컷', '울프컷_상단', '상단_비듬', '비듬_고민', '고민_항진', '항진_교대', '교대_스케일링']",[],,,0,[],1,['추천'],1,긍정,False
blog,2026-04-15,비듬샴푸 추천,지성 두피 관리 방법과 효과적인 제품 추천 지성 두피 관리 방법과 효과적인 제품 추천 안녕하세요 반가워요 오늘 날씨 보면서 한숨 쉬신 분들 지나친 유분 분비는 두피 가려움증 비듬 탈모 등 각종 두피 문제를 유발할 수 있으므로 적절한 관리가,"['지성', '관리', '방법', '효과', '지성', '관리', '방법', '효과', '날씨', '한숨', '유분', '분비', '가려움증', '비듬', '탈모', '각종', '문제', '유발', '관리']","['지성_관리', '관리_방법', '방법_효과', '효과_지성', '지성_관리', '관리_방법', '방법_효과', '효과_날씨', '날씨_한숨', '한숨_유분', '유분_분비', '분비_가려움증', '가려움증_비듬', '비듬_탈모', '탈모_각종', '각종_문제', '문제_유발', '유발_관리']","['지성', '관리', '방법', '효과', '지성', '관리', '방법', '효과', '날씨', '한숨', '유분', '분비', '가려움증', '비듬', '탈모', '각종', '문제', '유발', '관리', '지성_관리', '관리_방법', '방법_효과', '효과_지성', '지성_관리', '관리_방법', '방법_효과', '효과_날씨', '날씨_한숨', '한숨_유분', '유분_분비', '분비_가려움증', '가려움증_비듬', '비듬_탈모', '탈모_각종', '각종_문제', '문제_유발', '유발_관리']",[],,,1,['가려움'],1,['추천'],0,중립,False
blog,2026-04-15,비듬샴푸 추천,살림백서 정수리 냄새 제거 오푼티아 밤부 샴푸 아낌없이 담은 36가지 식물유래 추출물 amp 오일의 진정 케어 함유 비듬 과 각질이 생기는 두피 쉽고 청소년 샴푸 로도 추천 드려요 전 후 확실히 샴푸 하기 전후를 보면 하기 전에는 푸석했던 머릿결이 샴푸,"['살림', '백서', '정수리', '냄새', '제거', '오푼티아', '밤부', '식물', '유래', '추출물', '오일', '진정', '케어', '함유', '비듬', '각질', '청소년', '전후', '푸석', '머릿결']","['살림_백서', '백서_정수리', '정수리_냄새', '냄새_제거', '제거_오푼티아', '오푼티아_밤부', '밤부_식물', '식물_유래', '유래_추출물', '추출물_오일', '오일_진정', '진정_케어', '케어_함유', '함유_비듬', '비듬_각질', '각질_청소년', '청소년_전후', '전후_푸석', '푸석_머릿결']","['살림', '백서', '정수리', '냄새', '제거', '오푼티아', '밤부', '식물', '유래', '추출물', '오일', '진정', '케어', '함유', '비듬', '각질', '청소년', '전후', '푸석', '머릿결', '살림_백서', '백서_정수리', '정수리_냄새', '냄새_제거', '제거_오푼티아', '오푼티아_밤부', '밤부_식물', '식물_유래', '유래_추출물', '추출물_오일', '오일_진정', '진정_케어', '케어_함유', '함유_비듬', '비듬_각질', '각질_청소년', '청소년_전후', '전후_푸석', '푸석_머릿결']",[],,,0,[],1,['추천'],1,긍정,False
blog,2026-04-15,비듬샴푸 추천,겉으로는 몰랐던 내 두피 속 이야기 맞춤 케어로 되찾는 활력 잘못된 샴푸 사용 등 수많은 요인에 영향을 받죠 그래서 겉모습만으로는 정확한 두피 상태를 파악하기가 참 어려워요 예를 들어 건성 두피인데 비듬 이 생기는 경우도 있고 지성 두피인데도 불구하고 속 당김을,"['이야기', '맞춤', '케어', '활력', '요인', '영향', '겉모습', '정확', '상태', '파악', '건성', '비듬', '지성']","['이야기_맞춤', '맞춤_케어', '케어_활력', '활력_요인', '요인_영향', '영향_겉모습', '겉모습_정확', '정확_상태', '상태_파악', '파악_건성', '건성_비듬', '비듬_지성']","['이야기', '맞춤', '케어', '활력', '요인', '영향', '겉모습', '정확', '상태', '파악', '건성', '비듬', '지성', '이야기_맞춤', '맞춤_케어', '케어_활력', '활력_요인', '요인_영향', '영향_겉모습', '겉모습_정확', '정확_상태', '상태_파악', '파악_건성', '건성_비듬', '비듬_지성']",[],,,0,[],0,[],0,중립,False
blog,2026-04-15,비듬 없애는 샴푸,비듬 없애는 방법 셀프로 해결했어요 닿는 샴푸 지금 쓰고 있는 게 문제였으면 아무리 생활습관 고쳐봤자 근본이 해결이 안 되는 거잖아 그래서 비듬 없애는 방법으로 제일 먼저 샴 푸를 바꾸기로 했음 기준을 딱 두 가지로 잡았어 향료가 없을 것,"['비듬', '방법', '셀프', '해결', '문제', '생활', '습관', '근본', '해결', '비듬', '방법', '기준', '향료']","['비듬_방법', '방법_셀프', '셀프_해결', '해결_문제', '문제_생활', '생활_습관', '습관_근본', '근본_해결', '해결_비듬', '비듬_방법', '방법_기준', '기준_향료']","['비듬', '방법', '셀프', '해결', '문제', '생활', '습관', '근본', '해결', '비듬', '방법', '기준', '향료', '비듬_방법', '방법_셀프', '셀프_해결', '해결_문제', '문제_생활', '생활_습관', '습관_근본', '근본_해결', '해결_비듬', '비듬_방법', '방법_기준', '기준_향료']",[],,,0,[],0,[],0,중립,False
blog,2026-04-15,비듬 없애는 샴푸,지루성 두피 샴푸 내돈내산 두피염 증상 완화 방법 쿨링 샴푸 비듬 샴푸 등 여러 제품들이 있더라고요 그 중에서 이미 써본 것도 있었고 오히려 증상이 두피 지루성 피부염은 비듬 이나 각질 트러블 등 세정을 통해 없애는 게 아니고 염증이 생기고 예민한,"['지루', '증상', '완화', '방법', '비듬', '증상', '지루', '피부염', '비듬', '각질', '트러블', '세정', '염증']","['지루_증상', '증상_완화', '완화_방법', '방법_비듬', '비듬_증상', '증상_지루', '지루_피부염', '피부염_비듬', '비듬_각질', '각질_트러블', '트러블_세정', '세정_염증']","['지루', '증상', '완화', '방법', '비듬', '증상', '지루', '피부염', '비듬', '각질', '트러블', '세정', '염증', '지루_증상', '증상_완화', '완화_방법', '방법_비듬', '비듬_증상', '증상_지루', '지루_피부염', '피부염_비듬', '비듬_각질', '각질_트러블', '트러블_세정', '세정_염증']",[],,,1,['트러블'],0,[],-1,이탈위험,False
blog,2026-04-15,비듬 없애는 샴푸,두피 각질 제거 비듬 없애는 방법 다노날 헤어팩 후기 다노날 사용방법 중요 샴푸 후 물기를 가볍게 제거해주세요 모발을 정수리 쪽으로 모아 두피각질제거팩 두피각질제거제품 비듬없애는 방법 비듬 생기는이유 비듬 원인 다노날후기 다노날사용방법,"['각질', '제거', '비듬', '방법', '다노날', '방법', '물기', '제거', '모발', '정수리', '각질', '제거', '각질', '제거', '비듬', '방법', '비듬', '비듬', '원인', '다노날', '방법']","['각질_제거', '제거_비듬', '비듬_방법', '방법_다노날', '다노날_방법', '방법_물기', '물기_제거', '제거_모발', '모발_정수리', '정수리_각질', '각질_제거', '제거_각질', '각질_제거', '제거_비듬', '비듬_방법', '방법_비듬', '비듬_비듬', '비듬_원인', '원인_다노날', '다노날_방법']","['각질', '제거', '비듬', '방법', '다노날', '방법', '물기', '제거', '모발', '정수리', '각질', '제거', '각질', '제거', '비듬', '방법', '비듬', '비듬', '원인', '다노날', '방법', '각질_제거', '제거_비듬', '비듬_방법', '방법_다노날', '다노날_방법', '방법_물기', '물기_제거', '제거_모발', '모발_정수리', '정수리_각질', '각질_제거', '제거_각질', '각질_제거', '제거_비듬', '비듬_방법', '방법_비듬', '비듬_비듬', '비듬_원인', '원인_다노날', '다노날_방법']",[],,,0,[],0,[],0,중립,False
blog,2026-04-15,비듬 없애는 샴푸,약국 비듬 샴푸 비듬 약 샴푸 써봐도 진정 안될때 해결법 하지만 알고 보니 이런 비듬 약 샴푸 에는 염증을 빠르게 억제하기 위해 스테로이드 성분이 포함됐다고 하더라구요 스테로이드는 당장의 심한 염증을 없애는 데는 효과적이지만 두피를 얇고 예민하게 만들 수,"['비듬', '비듬', '진정', '해결', '비듬', '염증', '억제', '스테로이드', '성분', '포함', '스테로이드', '당장', '염증', '효과']","['비듬_비듬', '비듬_진정', '진정_해결', '해결_비듬', '비듬_염증', '염증_억제', '억제_스테로이드', '스테로이드_성분', '성분_포함', '포함_스테로이드', '스테로이드_당장', '당장_염증', '염증_효과']","['비듬', '비듬', '진정', '해결', '비듬', '염증', '억제', '스테로이드', '성분', '포함', '스테로이드', '당장', '염증', '효과', '비듬_비듬', '비듬_진정', '진정_해결', '해결_비듬', '비듬_염증', '염증_억제', '억제_스테로이드', '스테로이드_성분', '성분_포함', '포함_스테로이드', '스테로이드_당장', '당장_염증', '염증_효과']",[],,,0,[],0,[],0,중립,False
blog,2026-04-15,비듬 없애는 샴푸,스칼프 스케일링 샴푸 두피와 탈모 걱정 없애는 비건 솔루션 네이버 스토어 바로가기 아로마티카 로즈마리 스칼프 스케일링 샴푸 는 두피 건강과 탈모 예방에 특히 기름진 두피나 비듬 이 고민인 분들에게 효과적이에요 사용법도 간단해요 적당량을 손에 덜어,"['스칼프', '스케일링', '탈모', '걱정', '솔루션', '네이버', '스토어', '아로마', '로즈마리', '스칼프', '스케일링', '건강', '탈모', '예방', '비듬', '고민', '효과', '사용법', '적당량']","['스칼프_스케일링', '스케일링_탈모', '탈모_걱정', '걱정_솔루션', '솔루션_네이버', '네이버_스토어', '스토어_아로마', '아로마_로즈마리', '로즈마리_스칼프', '스칼프_스케일링', '스케일링_건강', '건강_탈모', '탈모_예방', '예방_비듬', '비듬_고민', '고민_효과', '효과_사용법', '사용법_적당량']","['스칼프', '스케일링', '탈모', '걱정', '솔루션', '네이버', '스토어', '아로마', '로즈마리', '스칼프', '스케일링', '건강', '탈모', '예방', '비듬', '고민', '효과', '사용법', '적당량', '스칼프_스케일링', '스케일링_탈모', '탈모_걱정', '걱정_솔루션', '솔루션_네이버', '네이버_스토어', '스토어_아로마', '아로마_로즈마리', '로즈마리_스칼프', '스칼프_스케일링', '스케일링_건강', '건강_탈모', '탈모_예방', '예방_비듬', '비듬_고민', '고민_효과', '효과_사용법', '사용법_적당량']",[],,,0,[],0,[],0,중립,False
blog,2026-04-15,비듬 없애는 샴푸,지루성 두피염 이제 끝낼 수 있습니다 평생 아토피에 국가 처음엔 quot 샴푸 만드는 거 구경도 못 해봤는데 어떻게 만들어 quot 하고 웃었습니다 그런데 이게 왜 머리가 안 가렵고 냄새가 안 나지 이런 의문이 들었습니다 실험 결과 아토피보다 지루성 두피염과 비듬 의,"['지루', '평생', '아토피', '국가', '처음', '구경', '냄새', '의문', '실험', '결과', '아토피', '지루', '비듬']","['지루_평생', '평생_아토피', '아토피_국가', '국가_처음', '처음_구경', '구경_냄새', '냄새_의문', '의문_실험', '실험_결과', '결과_아토피', '아토피_지루', '지루_비듬']","['지루', '평생', '아토피', '국가', '처음', '구경', '냄새', '의문', '실험', '결과', '아토피', '지루', '비듬', '지루_평생', '평생_아토피', '아토피_국가', '국가_처음', '처음_구경', '구경_냄새', '냄새_의문', '의문_실험', '실험_결과', '결과_아토피', '아토피_지루', '지루_비듬']",[],,,0,[],0,[],0,중립,False
blog,2026-04-15,비듬 없애는 샴푸,현대약품 마이녹셀 스칼프 인텐시브 샴푸 960ml 2개 가격 많은 분들이 샴푸 사용 후 두피가 시원해지는 느낌을 받고 비듬이나 각질이 눈에 띄게 줄었다고 탈모완화 비듬없애는샴푸 가려운두피 순한샴푸 대용량샴푸 가성비샴푸 할인 특가 추천 후기 사용기,"['현대약품', '마이녹셀', '스칼프', '인텐시브', '느낌', '비듬', '각질', '탈모', '완화', '비듬', '용량', '가성비', '특가']","['현대약품_마이녹셀', '마이녹셀_스칼프', '스칼프_인텐시브', '인텐시브_느낌', '느낌_비듬', '비듬_각질', '각질_탈모', '탈모_완화', '완화_비듬', '비듬_용량', '용량_가성비', '가성비_특가']","['현대약품', '마이녹셀', '스칼프', '인텐시브', '느낌', '비듬', '각질', '탈모', '완화', '비듬', '용량', '가성비', '특가', '현대약품_마이녹셀', '마이녹셀_스칼프', '스칼프_인텐시브', '인텐시브_느낌', '느낌_비듬', '비듬_각질', '각질_탈모', '탈모_완화', '완화_비듬', '비듬_용량', '용량_가성비', '가성비_특가']",[],,,0,[],1,['추천'],1,긍정,False
blog,2026-04-15,비듬 없애는 샴푸,건성 두피 관리의 필요성과 효과적인 방법 가려움증이나 비듬 곰팡이 감염 등이 발생할 수 있습니다 이러한 증상들은 두피 건강에 악영향을 건성 두피 관리는 단순히 외부적인 증상을 없애는 것을 넘어 두피의 전반적인 건강을 유지하는 데 큰 역할을,"['건성', '관리', '필요', '효과', '방법', '가려움증', '비듬', '곰팡이', '감염', '발생', '증상', '건강', '악영향', '건성', '관리', '외부', '증상', '전반', '건강', '유지', '역할']","['건성_관리', '관리_필요', '필요_효과', '효과_방법', '방법_가려움증', '가려움증_비듬', '비듬_곰팡이', '곰팡이_감염', '감염_발생', '발생_증상', '증상_건강', '건강_악영향', '악영향_건성', '건성_관리', '관리_외부', '외부_증상', '증상_전반', '전반_건강', '건강_유지', '유지_역할']","['건성', '관리', '필요', '효과', '방법', '가려움증', '비듬', '곰팡이', '감염', '발생', '증상', '건강', '악영향', '건성', '관리', '외부', '증상', '전반', '건강', '유지', '역할', '건성_관리', '관리_필요', '필요_효과', '효과_방법', '방법_가려움증', '가려움증_비듬', '비듬_곰팡이', '곰팡이_감염', '감염_발생', '발생_증상', '증상_건강', '건강_악영향', '악영향_건성', '건성_관리', '관리_외부', '외부_증상', '증상_전반', '전반_건강', '건강_유지', '유지_역할']",[],,,1,['가려움'],0,[],-1,이탈위험,False
blog,2026-04-15,비듬 없애는 샴푸,머리 감을 때 그 찝찝함 다들 공감하지 비듬 이 심할 때는 항진균 성분 샴푸 를 번갈아 쓰고 매주 한 번 두피 스크럽으로 각질 제거하세요 헤어 왁스나 젤 쓸 때는 밤에 감아 잔여물을 없애는 게 철칙이에요 물때문에 두피가 건조해 보습 토너로,"['공감', '비듬', '항진', '성분', '스크럽', '각질', '제거', '왁스', '잔여', '철칙', '건조', '보습', '토너']","['공감_비듬', '비듬_항진', '항진_성분', '성분_스크럽', '스크럽_각질', '각질_제거', '제거_왁스', '왁스_잔여', '잔여_철칙', '철칙_건조', '건조_보습', '보습_토너']","['공감', '비듬', '항진', '성분', '스크럽', '각질', '제거', '왁스', '잔여', '철칙', '건조', '보습', '토너', '공감_비듬', '비듬_항진', '항진_성분', '성분_스크럽', '스크럽_각질', '각질_제거', '제거_왁스', '왁스_잔여', '잔여_철칙', '철칙_건조', '건조_보습', '보습_토너']",[],,,0,[],0,[],0,중립,False
blog,2026-04-15,비듬 없애는 샴푸,지루성두피염 완치 가능할까 결국 치료 목표는 완벽히 없애는 것 보다는 염증이 재가동하지 않도록 장기적으로 안정 상태를 지루성두피염 증상과 진단 포인트 증상은 흔히 가려움 비듬 붉은기 부분적 탈모 양상으로 나타납니다,"['지루성두피염', '완치', '가능', '결국', '치료', '목표', '염증', '가동', '장기', '안정', '상태', '지루성두피염', '증상', '진단', '포인트', '증상', '비듬', '탈모', '양상']","['지루성두피염_완치', '완치_가능', '가능_결국', '결국_치료', '치료_목표', '목표_염증', '염증_가동', '가동_장기', '장기_안정', '안정_상태', '상태_지루성두피염', '지루성두피염_증상', '증상_진단', '진단_포인트', '포인트_증상', '증상_비듬', '비듬_탈모', '탈모_양상']","['지루성두피염', '완치', '가능', '결국', '치료', '목표', '염증', '가동', '장기', '안정', '상태', '지루성두피염', '증상', '진단', '포인트', '증상', '비듬', '탈모', '양상', '지루성두피염_완치', '완치_가능', '가능_결국', '결국_치료', '치료_목표', '목표_염증', '염증_가동', '가동_장기', '장기_안정', '안정_상태', '상태_지루성두피염', '지루성두피염_증상', '증상_진단', '진단_포인트', '포인트_증상', '증상_비듬', '비듬_탈모', '탈모_양상']",[],,,1,['가려움'],0,[],-1,이탈위험,False
blog,2026-04-15,비듬 없애는 샴푸,머리 제비추리 단순 흉터일까 방치하면 생기는 심각한 질환 일반 비듬 보다 치료가 더 복잡하고 전문적인 관리가 필요합니다 함께 읽으면 좋은 글링크1링크2링크3 청결 유지 앞서 강조했듯 제비추리 부위에 피지나 노폐물이 쌓이지 않도록 샴푸 시 꼼꼼하게 세정하는 것이,"['제비추리', '단순', '흉터', '방치', '질환', '일반', '비듬', '치료', '전문', '관리', '필요', '청결', '유지', '강조', '제비추리', '부위', '피지', '노폐물', '세정']","['제비추리_단순', '단순_흉터', '흉터_방치', '방치_질환', '질환_일반', '일반_비듬', '비듬_치료', '치료_전문', '전문_관리', '관리_필요', '필요_청결', '청결_유지', '유지_강조', '강조_제비추리', '제비추리_부위', '부위_피지', '피지_노폐물', '노폐물_세정']","['제비추리', '단순', '흉터', '방치', '질환', '일반', '비듬', '치료', '전문', '관리', '필요', '청결', '유지', '강조', '제비추리', '부위', '피지', '노폐물', '세정', '제비추리_단순', '단순_흉터', '흉터_방치', '방치_질환', '질환_일반', '일반_비듬', '비듬_치료', '치료_전문', '전문_관리', '관리_필요', '필요_청결', '청결_유지', '유지_강조', '강조_제비추리', '제비추리_부위', '부위_피지', '피지_노폐물', '노폐물_세정']",[],,,0,[],0,[],0,중립,False
blog,2026-04-15,비듬 없애는 샴푸,두피와 헤어 스타일 살리는 비법 각질 제거부터 건조까지 두피 각질 제거는 단순히 보이는 비듬 을 없애는 것을 넘어 모공을 막아 모발 성장을 방해하는 요소를 샴푸 후 물기를 제거한 상태에서 헤어 토닉을 사용하는 것이 가장 좋습니다 두피에 직접 분사 후,"['스타일', '비법', '각질', '제거', '건조', '각질', '제거', '비듬', '모공', '모발', '성장', '방해', '요소', '물기', '제거', '상태', '토닉', '분사']","['스타일_비법', '비법_각질', '각질_제거', '제거_건조', '건조_각질', '각질_제거', '제거_비듬', '비듬_모공', '모공_모발', '모발_성장', '성장_방해', '방해_요소', '요소_물기', '물기_제거', '제거_상태', '상태_토닉', '토닉_분사']","['스타일', '비법', '각질', '제거', '건조', '각질', '제거', '비듬', '모공', '모발', '성장', '방해', '요소', '물기', '제거', '상태', '토닉', '분사', '스타일_비법', '비법_각질', '각질_제거', '제거_건조', '건조_각질', '각질_제거', '제거_비듬', '비듬_모공', '모공_모발', '모발_성장', '성장_방해', '방해_요소', '요소_물기', '물기_제거', '제거_상태', '상태_토닉', '토닉_분사']",[],,,0,[],0,[],0,중립,False
blog,2026-04-15,비듬 없애는 샴푸,염색 후 빨리 색이 빠지는 머리카락을 지키는 현실적인 세정 전략 불균형이나 샴푸 후 잔여물은 두피 건강을 해치는 주범으로 작용합니다 비듬 의 원인과 해결법 과정에서는 자신의 두피 타입에 맞는 약산성 제품을 선택하고 충분한 헹굼을 통해 잔여 성분을 없애는 것만으로도,"['염색', '머리카락', '현실', '세정', '전략', '균형', '잔여', '건강', '주범', '작용', '비듬', '원인', '해결', '과정', '자신', '타입', '산성', '선택', '잔여', '성분']","['염색_머리카락', '머리카락_현실', '현실_세정', '세정_전략', '전략_균형', '균형_잔여', '잔여_건강', '건강_주범', '주범_작용', '작용_비듬', '비듬_원인', '원인_해결', '해결_과정', '과정_자신', '자신_타입', '타입_산성', '산성_선택', '선택_잔여', '잔여_성분']","['염색', '머리카락', '현실', '세정', '전략', '균형', '잔여', '건강', '주범', '작용', '비듬', '원인', '해결', '과정', '자신', '타입', '산성', '선택', '잔여', '성분', '염색_머리카락', '머리카락_현실', '현실_세정', '세정_전략', '전략_균형', '균형_잔여', '잔여_건강', '건강_주범', '주범_작용', '작용_비듬', '비듬_원인', '원인_해결', '해결_과정', '과정_자신', '자신_타입', '타입_산성', '산성_선택', '선택_잔여', '잔여_성분']",[],,,0,[],0,[],0,중립,False
blog,2026-04-14,비듬 없애는 샴푸,향기오래가는 샴푸 온가족이 쓰기 좋은 비듬 전용 제품 출처 브랜드 커넥트 특히 정수리에서 발생할 수 있는 머리 냄새를 없애는 데도 큰 도움을 줍니다 해양 향기오래가는 샴푸 는 비듬 이 걱정되는 분들 그리고 가족 모두의 두피 건강을 생각하는 분들에게 추천할,"['향기', '가족', '비듬', '전용', '출처', '커넥트', '정수리', '발생', '냄새', '도움', '해양', '향기', '비듬', '걱정', '가족', '모두', '건강']","['향기_가족', '가족_비듬', '비듬_전용', '전용_출처', '출처_커넥트', '커넥트_정수리', '정수리_발생', '발생_냄새', '냄새_도움', '도움_해양', '해양_향기', '향기_비듬', '비듬_걱정', '걱정_가족', '가족_모두', '모두_건강']","['향기', '가족', '비듬', '전용', '출처', '커넥트', '정수리', '발생', '냄새', '도움', '해양', '향기', '비듬', '걱정', '가족', '모두', '건강', '향기_가족', '가족_비듬', '비듬_전용', '전용_출처', '출처_커넥트', '커넥트_정수리', '정수리_발생', '발생_냄새', '냄새_도움', '도움_해양', '해양_향기', '향기_비듬', '비듬_걱정', '걱정_가족', '가족_모두', '모두_건강']",[],,,0,[],1,['추천'],1,긍정,False
blog,2026-04-14,비듬 없애는 샴푸,수랩204 약산성 샴푸 로 지루성 두피염 완화하기 출처 브랜드 커넥트 상품이미지 또한 정수리 냄새를 없애는 데도 효과적이며 비듬 제거에도 긍정적인 영향을 미칩니다 이 샴푸 는 200ml 용량으로 제공되며 편리한 사용이 가능합니다 특히 지루성,"['수랩', '약산', '지루', '완화', '출처', '커넥트', '이미지', '정수리', '냄새', '효과', '비듬', '제거', '긍정', '영향', '용량', '제공', '편리', '가능', '지루']","['수랩_약산', '약산_지루', '지루_완화', '완화_출처', '출처_커넥트', '커넥트_이미지', '이미지_정수리', '정수리_냄새', '냄새_효과', '효과_비듬', '비듬_제거', '제거_긍정', '긍정_영향', '영향_용량', '용량_제공', '제공_편리', '편리_가능', '가능_지루']","['수랩', '약산', '지루', '완화', '출처', '커넥트', '이미지', '정수리', '냄새', '효과', '비듬', '제거', '긍정', '영향', '용량', '제공', '편리', '가능', '지루', '수랩_약산', '약산_지루', '지루_완화', '완화_출처', '출처_커넥트', '커넥트_이미지', '이미지_정수리', '정수리_냄새', '냄새_효과', '효과_비듬', '비듬_제거', '제거_긍정', '긍정_영향', '영향_용량', '용량_제공', '제공_편리', '편리_가능', '가능_지루']",[],,,0,[],0,[],0,중립,False
blog,2026-04-14,비듬 없애는 샴푸,피나는 지루성 두피 병원 안 가고 샴푸 하나로 끝내는 종결 비법 두피가려운이유 머리가려움증해결 두피스케일링 두피각질제거 환절기두피관리 탈모예방 두피진정토닉 머리긁을때 정수리냄새제거 두피가려움증 샴푸 비듬없애는 법 두피건강 홈케어두피관리,"['지루', '병원', '종결', '비법', '가려움증', '해결', '스케일링', '각질', '제거', '환절기', '관리', '탈모', '예방', '두피진정토닉', '정수리', '냄새', '제거', '가려움증', '비듬', '건강', '홈케어', '관리']","['지루_병원', '병원_종결', '종결_비법', '비법_가려움증', '가려움증_해결', '해결_스케일링', '스케일링_각질', '각질_제거', '제거_환절기', '환절기_관리', '관리_탈모', '탈모_예방', '예방_두피진정토닉', '두피진정토닉_정수리', '정수리_냄새', '냄새_제거', '제거_가려움증', '가려움증_비듬', '비듬_건강', '건강_홈케어', '홈케어_관리']","['지루', '병원', '종결', '비법', '가려움증', '해결', '스케일링', '각질', '제거', '환절기', '관리', '탈모', '예방', '두피진정토닉', '정수리', '냄새', '제거', '가려움증', '비듬', '건강', '홈케어', '관리', '지루_병원', '병원_종결', '종결_비법', '비법_가려움증', '가려움증_해결', '해결_스케일링', '스케일링_각질', '각질_제거', '제거_환절기', '환절기_관리', '관리_탈모', '탈모_예방', '예방_두피진정토닉', '두피진정토닉_정수리', '정수리_냄새', '냄새_제거', '제거_가려움증', '가려움증_비듬', '비듬_건강', '건강_홈케어', '홈케어_관리']",[],,,1,['가려움'],0,[],-1,이탈위험,False
blog,2026-04-14,비듬 없애는 샴푸,두피 가려움 해결 바디브 미오 약산성 단백질 샴푸 베이 베리 두피가려움샴푸 비듬샴푸추천 지루성두피샴푸 약산성샴푸추천 두피케어샴푸 저자극샴푸 두피가려움해결샴푸 비듬없애는샴푸 지루성두피관리 민감두피샴푸추천 두피트러블샴푸 단백질샴푸추천,"['해결', '바디브', '미오', '산성', '단백질', '베이', '베리', '비듬', '지루성두피', '산성', '케어', '자극', '해결', '비듬', '지루', '관리', '민감', '트러블', '단백질']","['해결_바디브', '바디브_미오', '미오_산성', '산성_단백질', '단백질_베이', '베이_베리', '베리_비듬', '비듬_지루성두피', '지루성두피_산성', '산성_케어', '케어_자극', '자극_해결', '해결_비듬', '비듬_지루', '지루_관리', '관리_민감', '민감_트러블', '트러블_단백질']","['해결', '바디브', '미오', '산성', '단백질', '베이', '베리', '비듬', '지루성두피', '산성', '케어', '자극', '해결', '비듬', '지루', '관리', '민감', '트러블', '단백질', '해결_바디브', '바디브_미오', '미오_산성', '산성_단백질', '단백질_베이', '베이_베리', '베리_비듬', '비듬_지루성두피', '지루성두피_산성', '산성_케어', '케어_자극', '자극_해결', '해결_비듬', '비듬_지루', '지루_관리', '관리_민감', '민감_트러블', '트러블_단백질']",[],,,3,"['트러블', '자극', '가려움']",1,['추천'],-2,이탈위험,False
blog,2026-04-14,비듬 없애는 샴푸,케어 샴푸 토너 세트 깨끗하게 감아도 비듬 이 떨어진다면 이거 비듬 샴푸 추천 비듬 토너 건선두피 두피가려움해결 비듬 재발방지 두피트러블 지루성두피 유기농 비듬 케어 봄철두피관리 오늘도예쁘시네요 헤어전문가추천 비듬없애는 법 두피청결 USDA인증 샴푸,"['케어', '토너', '세트', '비듬', '비듬', '비듬', '토너', '선두', '해결', '비듬', '재발', '방지', '트러블', '지루', '유기농', '비듬', '케어', '봄철', '관리', '전문가', '비듬', '청결', '인증']","['케어_토너', '토너_세트', '세트_비듬', '비듬_비듬', '비듬_비듬', '비듬_토너', '토너_선두', '선두_해결', '해결_비듬', '비듬_재발', '재발_방지', '방지_트러블', '트러블_지루', '지루_유기농', '유기농_비듬', '비듬_케어', '케어_봄철', '봄철_관리', '관리_전문가', '전문가_비듬', '비듬_청결', '청결_인증']","['케어', '토너', '세트', '비듬', '비듬', '비듬', '토너', '선두', '해결', '비듬', '재발', '방지', '트러블', '지루', '유기농', '비듬', '케어', '봄철', '관리', '전문가', '비듬', '청결', '인증', '케어_토너', '토너_세트', '세트_비듬', '비듬_비듬', '비듬_비듬', '비듬_토너', '토너_선두', '선두_해결', '해결_비듬', '비듬_재발', '재발_방지', '방지_트러블', '트러블_지루', '지루_유기농', '유기농_비듬', '비듬_케어', '케어_봄철', '봄철_관리', '관리_전문가', '전문가_비듬', '비듬_청결', '청결_인증']",[],,,2,"['트러블', '가려움']",1,['추천'],-1,이탈위험,False
blog,2026-04-14,비듬 없애는 샴푸,엘라 비듬 약산성 두피 케어로 건강한 모발을 위한 최적의 선택 엘라 비듬 약산성 두피 케어 및 모발 영양 강화 탈모 샴푸 트리트먼트 세트는 두피와 모발 건강을 비듬 을 없애는 데 그치지 않고 모발에 영양을 공급하여 건강하게 만들어 줍니다 트리트먼트는 모발을,"['엘라', '비듬', '산성', '케어', '건강', '모발', '최적', '선택', '엘라', '비듬', '산성', '케어', '모발', '영양', '강화', '탈모', '트리트먼트', '세트', '모발', '건강', '비듬', '모발', '영양', '공급', '건강', '트리트먼트', '모발']","['엘라_비듬', '비듬_산성', '산성_케어', '케어_건강', '건강_모발', '모발_최적', '최적_선택', '선택_엘라', '엘라_비듬', '비듬_산성', '산성_케어', '케어_모발', '모발_영양', '영양_강화', '강화_탈모', '탈모_트리트먼트', '트리트먼트_세트', '세트_모발', '모발_건강', '건강_비듬', '비듬_모발', '모발_영양', '영양_공급', '공급_건강', '건강_트리트먼트', '트리트먼트_모발']","['엘라', '비듬', '산성', '케어', '건강', '모발', '최적', '선택', '엘라', '비듬', '산성', '케어', '모발', '영양', '강화', '탈모', '트리트먼트', '세트', '모발', '건강', '비듬', '모발', '영양', '공급', '건강', '트리트먼트', '모발', '엘라_비듬', '비듬_산성', '산성_케어', '케어_건강', '건강_모발', '모발_최적', '최적_선택', '선택_엘라', '엘라_비듬', '비듬_산성', '산성_케어', '케어_모발', '모발_영양', '영양_강화', '강화_탈모', '탈모_트리트먼트', '트리트먼트_세트', '세트_모발', '모발_건강', '건강_비듬', '비듬_모발', '모발_영양', '영양_공급', '공급_건강', '건강_트리트먼트', '트리트먼트_모발']",[],,,0,[],0,[],0,중립,False
blog,2026-04-13,비듬 없애는 샴푸,건성 비듬 샴푸 추천 약산성 샴푸 탈모 증상 완화 기능성까지 또 각질제거 가려움증 완화 두피장벽 개선 비듬 완화 등 피록톤올아민 프로폴리스 추출물 알란토인 드럼스틱씨 추출물 등의 성분들이 들어있기 때문에 단순히 비듬 을 없애는 샴푸 가 아니고 문제 있는 두피,"['건성', '비듬', '산성', '탈모', '증상', '완화', '기능', '각질', '제거', '가려움증', '완화', '장벽', '개선', '비듬', '완화', '피록톤올아민', '프로폴리스', '추출물', '알란토인', '드럼', '스틱', '추출물', '성분', '비듬', '문제']","['건성_비듬', '비듬_산성', '산성_탈모', '탈모_증상', '증상_완화', '완화_기능', '기능_각질', '각질_제거', '제거_가려움증', '가려움증_완화', '완화_장벽', '장벽_개선', '개선_비듬', '비듬_완화', '완화_피록톤올아민', '피록톤올아민_프로폴리스', '프로폴리스_추출물', '추출물_알란토인', '알란토인_드럼', '드럼_스틱', '스틱_추출물', '추출물_성분', '성분_비듬', '비듬_문제']","['건성', '비듬', '산성', '탈모', '증상', '완화', '기능', '각질', '제거', '가려움증', '완화', '장벽', '개선', '비듬', '완화', '피록톤올아민', '프로폴리스', '추출물', '알란토인', '드럼', '스틱', '추출물', '성분', '비듬', '문제', '건성_비듬', '비듬_산성', '산성_탈모', '탈모_증상', '증상_완화', '완화_기능', '기능_각질', '각질_제거', '제거_가려움증', '가려움증_완화', '완화_장벽', '장벽_개선', '개선_비듬', '비듬_완화', '완화_피록톤올아민', '피록톤올아민_프로폴리스', '프로폴리스_추출물', '추출물_알란토인', '알란토인_드럼', '드럼_스틱', '스틱_추출물', '추출물_성분', '성분_비듬', '비듬_문제']",[],,,1,['가려움'],1,['추천'],0,중립,False
blog,2026-04-13,비듬 없애는 샴푸,지루성 피부염 치료의 모든 것 증상별 특징과 맞춤 관리법 두피 지루성 피부염 초기에는 단순한 비듬 처럼 보일 수 있으나 심해지면 두피 전체에 두꺼운 가피 치료의 목적은 단순히 증상을 없애는 것이 아니라 피부의 과민 반응을 줄이고 정상적인 각질 형성 주기를,"['지루', '피부염', '치료', '증상', '특징', '맞춤', '관리법', '지루', '피부염', '초기', '단순', '비듬', '전체', '가피', '치료', '목적', '증상', '피부', '과민', '반응', '정상', '각질', '형성', '주기']","['지루_피부염', '피부염_치료', '치료_증상', '증상_특징', '특징_맞춤', '맞춤_관리법', '관리법_지루', '지루_피부염', '피부염_초기', '초기_단순', '단순_비듬', '비듬_전체', '전체_가피', '가피_치료', '치료_목적', '목적_증상', '증상_피부', '피부_과민', '과민_반응', '반응_정상', '정상_각질', '각질_형성', '형성_주기']","['지루', '피부염', '치료', '증상', '특징', '맞춤', '관리법', '지루', '피부염', '초기', '단순', '비듬', '전체', '가피', '치료', '목적', '증상', '피부', '과민', '반응', '정상', '각질', '형성', '주기', '지루_피부염', '피부염_치료', '치료_증상', '증상_특징', '특징_맞춤', '맞춤_관리법', '관리법_지루', '지루_피부염', '피부염_초기', '초기_단순', '단순_비듬', '비듬_전체', '전체_가피', '가피_치료', '치료_목적', '목적_증상', '증상_피부', '피부_과민', '과민_반응', '반응_정상', '정상_각질', '각질_형성', '형성_주기']",[],,,0,[],0,[],0,중립,False
blog,2026-04-13,비듬 없애는 샴푸,DK두피스케일링 후기 두피가려움 비듬 건성두피 해결 수영 단순 샴푸 가 아니라 두피스케일링 케어 가능 요즘 두피스케일링 제품 많이 나오는데 이 제품은 DK두피스케일링 두피스케일링 두피가려움 비듬없애는 법 건성두피 두피건조 수영두피 두피관리,"['스케일링', '비듬', '건성', '해결', '수영', '단순', '스케일링', '케어', '가능', '스케일링', '두피스케일링', '스케일링', '비듬', '건성', '건조', '수영', '관리']","['스케일링_비듬', '비듬_건성', '건성_해결', '해결_수영', '수영_단순', '단순_스케일링', '스케일링_케어', '케어_가능', '가능_스케일링', '스케일링_두피스케일링', '두피스케일링_스케일링', '스케일링_비듬', '비듬_건성', '건성_건조', '건조_수영', '수영_관리']","['스케일링', '비듬', '건성', '해결', '수영', '단순', '스케일링', '케어', '가능', '스케일링', '두피스케일링', '스케일링', '비듬', '건성', '건조', '수영', '관리', '스케일링_비듬', '비듬_건성', '건성_해결', '해결_수영', '수영_단순', '단순_스케일링', '스케일링_케어', '케어_가능', '가능_스케일링', '스케일링_두피스케일링', '두피스케일링_스케일링', '스케일링_비듬', '비듬_건성', '건성_건조', '건조_수영', '수영_관리']",[],,,1,['가려움'],0,[],-1,이탈위험,False
blog,2026-04-13,비듬 없애는 샴푸,폴톤 리본 비듬 정수리 냄새 지루성 가려움 완화 약산성 샴푸 출처 브랜드 커넥트 일반적으로 사용하는 샴푸 는 비듬 을 없애는 데 중점을 두지만 폴톤 리본 샴푸 는 두피의 건강을 우선적으로 고려하여 약산성으로 설계되었다 약산성 샴푸 는 두피의 pH 균형을 유지해 주어,"['리본', '비듬', '정수리', '냄새', '지루', '완화', '산성', '출처', '커넥트', '일반', '비듬', '중점', '리본', '건강', '우선', '고려', '약산', '설계', '산성', '균형', '유지']","['리본_비듬', '비듬_정수리', '정수리_냄새', '냄새_지루', '지루_완화', '완화_산성', '산성_출처', '출처_커넥트', '커넥트_일반', '일반_비듬', '비듬_중점', '중점_리본', '리본_건강', '건강_우선', '우선_고려', '고려_약산', '약산_설계', '설계_산성', '산성_균형', '균형_유지']","['리본', '비듬', '정수리', '냄새', '지루', '완화', '산성', '출처', '커넥트', '일반', '비듬', '중점', '리본', '건강', '우선', '고려', '약산', '설계', '산성', '균형', '유지', '리본_비듬', '비듬_정수리', '정수리_냄새', '냄새_지루', '지루_완화', '완화_산성', '산성_출처', '출처_커넥트', '커넥트_일반', '일반_비듬', '비듬_중점', '중점_리본', '리본_건강', '건강_우선', '우선_고려', '고려_약산', '약산_설계', '설계_산성', '산성_균형', '균형_유지']",[],,,1,['가려움'],0,[],-1,이탈위험,False
blog,2026-04-13,비듬 없애는 샴푸,약산성 천연유래 대용량 로드리 샴푸 로 사춘기 청소년 두피 고민 로드리 샴푸 는 비듬 을 예방하고 없애는 데 효과적인 성분을 포함하고 있어요 출처 브랜드 커넥트 머리냄새 문제도 신경 쓰지 않아도 되니 청소년들이 자신감을 가질 수 있게 도와줍니다 제품 사용 후에는,"['산성', '천연', '유래', '용량', '로드', '사춘기', '청소년', '고민', '로드', '비듬', '예방', '효과', '성분', '포함', '출처', '커넥트', '냄새', '문제', '신경', '청소년', '자신감']","['산성_천연', '천연_유래', '유래_용량', '용량_로드', '로드_사춘기', '사춘기_청소년', '청소년_고민', '고민_로드', '로드_비듬', '비듬_예방', '예방_효과', '효과_성분', '성분_포함', '포함_출처', '출처_커넥트', '커넥트_냄새', '냄새_문제', '문제_신경', '신경_청소년', '청소년_자신감']","['산성', '천연', '유래', '용량', '로드', '사춘기', '청소년', '고민', '로드', '비듬', '예방', '효과', '성분', '포함', '출처', '커넥트', '냄새', '문제', '신경', '청소년', '자신감', '산성_천연', '천연_유래', '유래_용량', '용량_로드', '로드_사춘기', '사춘기_청소년', '청소년_고민', '고민_로드', '로드_비듬', '비듬_예방', '예방_효과', '효과_성분', '성분_포함', '포함_출처', '출처_커넥트', '커넥트_냄새', '냄새_문제', '문제_신경', '신경_청소년', '청소년_자신감']",[],,,0,[],0,[],0,중립,False
blog,2026-04-13,비듬 없애는 샴푸,비듬 없애는 방법 두피가려움 원인 지루성 피부염이란 lt 1 gt 비듬 없애는 방법 지루성 피부염은 lt 2 gt 비듬 없애는 방법 원인별 진료 통해서 lt 3 gt 비듬 없애는 방법 너무 뜨거운 물보다는 미지근한 물로 세정하고 샴푸 이후 두피에 잔여물이 남지 않도록 꼼꼼히 헹구는,"['비듬', '방법', '원인', '지루성 피부염', '비듬', '방법', '지루성 피부염', '비듬', '방법', '원인', '진료', '비듬', '방법', '세정', '이후', '잔여']","['비듬_방법', '방법_원인', '원인_지루성 피부염', '지루성 피부염_비듬', '비듬_방법', '방법_지루성 피부염', '지루성 피부염_비듬', '비듬_방법', '방법_원인', '원인_진료', '진료_비듬', '비듬_방법', '방법_세정', '세정_이후', '이후_잔여']","['비듬', '방법', '원인', '지루성 피부염', '비듬', '방법', '지루성 피부염', '비듬', '방법', '원인', '진료', '비듬', '방법', '세정', '이후', '잔여', '비듬_방법', '방법_원인', '원인_지루성 피부염', '지루성 피부염_비듬', '비듬_방법', '방법_지루성 피부염', '지루성 피부염_비듬', '비듬_방법', '방법_원인', '원인_진료', '진료_비듬', '비듬_방법', '방법_세정', '세정_이후', '이후_잔여']",[],,,1,['가려움'],0,[],-1,이탈위험,False
blog,2026-04-13,비듬 없애는 샴푸,비듬 생기는 이유 및 없애는 법 알아보기 비듬 없애는 법 비듬 을 없애기 위해서는 징크피리치온 케토코나졸 등이 함유된 약용 샴푸 를 주 2 3회 정도 사용하여 두피 곰팡이균을 제거하고 평상시에는 미온수로 매일 머리를 감아 청결을 유지해 주셔야,"['비듬', '비듬', '비듬', '징크피리치온', '케토코나졸', '함유', '약용', '곰팡이', '제거', '평상시', '온수', '청결', '유지']","['비듬_비듬', '비듬_비듬', '비듬_징크피리치온', '징크피리치온_케토코나졸', '케토코나졸_함유', '함유_약용', '약용_곰팡이', '곰팡이_제거', '제거_평상시', '평상시_온수', '온수_청결', '청결_유지']","['비듬', '비듬', '비듬', '징크피리치온', '케토코나졸', '함유', '약용', '곰팡이', '제거', '평상시', '온수', '청결', '유지', '비듬_비듬', '비듬_비듬', '비듬_징크피리치온', '징크피리치온_케토코나졸', '케토코나졸_함유', '함유_약용', '약용_곰팡이', '곰팡이_제거', '제거_평상시', '평상시_온수', '온수_청결', '청결_유지']",[],,,0,[],0,[],0,중립,False
blog,2026-04-13,비듬 없애는 샴푸,비듬 의 원인과 없애는 방법 알아보기 비듬 전용 샴푸 를 사용하면 효과적인 관리가 가능합니다 그리고 비듬 없애는 방법 중 두피 마사지를 통해 혈액 순환을 촉진하고 스트레스를 줄이는 것도 도움이 됩니다 또한 정기적으로 두피를 보습하고,"['비듬', '원인', '방법', '비듬', '전용', '효과', '관리', '가능', '비듬', '방법', '마사지', '혈액', '순환', '촉진', '스트레스', '도움', '정기', '보습']","['비듬_원인', '원인_방법', '방법_비듬', '비듬_전용', '전용_효과', '효과_관리', '관리_가능', '가능_비듬', '비듬_방법', '방법_마사지', '마사지_혈액', '혈액_순환', '순환_촉진', '촉진_스트레스', '스트레스_도움', '도움_정기', '정기_보습']","['비듬', '원인', '방법', '비듬', '전용', '효과', '관리', '가능', '비듬', '방법', '마사지', '혈액', '순환', '촉진', '스트레스', '도움', '정기', '보습', '비듬_원인', '원인_방법', '방법_비듬', '비듬_전용', '전용_효과', '효과_관리', '관리_가능', '가능_비듬', '비듬_방법', '방법_마사지', '마사지_혈액', '혈액_순환', '순환_촉진', '촉진_스트레스', '스트레스_도움', '도움_정기', '정기_보습']",[],,,0,[],0,[],0,중립,False
blog,2026-04-13,비듬 없애는 샴푸,비듬 두피 각질 때문에 헴프닉 안티 댄드롭 케어 샴푸 성분 헴프닉 HEMPNIC 안티댄드럼 샴푸 두피케어 샴푸 티트리 샴푸 마누카오일 유기농 샴푸 두피트러블 뷰티플러스미용재료 미용재료 헤어케어 두피관리 비듬없애는 법 각질두피 민감성두피 지성두피 비듬,"['비듬', '각질', '헴프닉', '안티', '드롭', '케어', '성분', '헴프닉', '안티댄드럼', '케어', '트리', '마누카', '오일', '유기농', '트러블', '플러스', '미용', '재료', '미용', '재료', '케어', '관리', '비듬', '각질', '지성', '비듬']","['비듬_각질', '각질_헴프닉', '헴프닉_안티', '안티_드롭', '드롭_케어', '케어_성분', '성분_헴프닉', '헴프닉_안티댄드럼', '안티댄드럼_케어', '케어_트리', '트리_마누카', '마누카_오일', '오일_유기농', '유기농_트러블', '트러블_플러스', '플러스_미용', '미용_재료', '재료_미용', '미용_재료', '재료_케어', '케어_관리', '관리_비듬', '비듬_각질', '각질_지성', '지성_비듬']","['비듬', '각질', '헴프닉', '안티', '드롭', '케어', '성분', '헴프닉', '안티댄드럼', '케어', '트리', '마누카', '오일', '유기농', '트러블', '플러스', '미용', '재료', '미용', '재료', '케어', '관리', '비듬', '각질', '지성', '비듬', '비듬_각질', '각질_헴프닉', '헴프닉_안티', '안티_드롭', '드롭_케어', '케어_성분', '성분_헴프닉', '헴프닉_안티댄드럼', '안티댄드럼_케어', '케어_트리', '트리_마누카', '마누카_오일', '오일_유기농', '유기농_트러블', '트러블_플러스', '플러스_미용', '미용_재료', '재료_미용', '미용_재료', '재료_케어', '케어_관리', '관리_비듬', '비듬_각질', '각질_지성', '지성_비듬']",[],,,1,['트러블'],0,[],-1,이탈위험,False
blog,2026-04-12,비듬 없애는 샴푸,우르오스 스칼프 샴푸 로 깨끗한 두피를 경험해요 두피에 쌓인 각질을 제거하고 기름기가 있는 상태에서 느끼는 불쾌한 기분을 없애는 데 도움을 줘요 비듬 이 생기면 덤벼드는 심리적 부담이 클 수 있는데 이 샴푸 는 비듬 을 예방하는 성분이 포함되어 있어,"['우르오스', '스칼프', '경험', '각질', '제거', '기름', '상태', '기분', '도움', '비듬', '심리', '부담', '비듬', '예방', '성분', '포함']","['우르오스_스칼프', '스칼프_경험', '경험_각질', '각질_제거', '제거_기름', '기름_상태', '상태_기분', '기분_도움', '도움_비듬', '비듬_심리', '심리_부담', '부담_비듬', '비듬_예방', '예방_성분', '성분_포함']","['우르오스', '스칼프', '경험', '각질', '제거', '기름', '상태', '기분', '도움', '비듬', '심리', '부담', '비듬', '예방', '성분', '포함', '우르오스_스칼프', '스칼프_경험', '경험_각질', '각질_제거', '제거_기름', '기름_상태', '상태_기분', '기분_도움', '도움_비듬', '비듬_심리', '심리_부담', '부담_비듬', '비듬_예방', '예방_성분', '성분_포함']",[],,,0,[],0,[],0,중립,False
blog,2026-04-12,비듬 없애는 샴푸,청소년 샴푸 추천 바디브 향 좋은 대용량 비듬 정수리 냄새 로 비듬없애는 방법 을 찾을 때 정수리냄새제거 샴푸 를 찾고 있을 때 떡지는 머리로 고민이 될 때 건조한 두피로 가려움이 심할 때 땀을 많이 흘리는 청소년 샴푸 추천 두피 피지 조절이 필요할 때,"['청소년', '바디브', '용량', '비듬', '정수리', '냄새', '비듬', '방법', '정수리', '냄새', '제거', '고민', '건조', '청소년', '피지', '조절', '필요']","['청소년_바디브', '바디브_용량', '용량_비듬', '비듬_정수리', '정수리_냄새', '냄새_비듬', '비듬_방법', '방법_정수리', '정수리_냄새', '냄새_제거', '제거_고민', '고민_건조', '건조_청소년', '청소년_피지', '피지_조절', '조절_필요']","['청소년', '바디브', '용량', '비듬', '정수리', '냄새', '비듬', '방법', '정수리', '냄새', '제거', '고민', '건조', '청소년', '피지', '조절', '필요', '청소년_바디브', '바디브_용량', '용량_비듬', '비듬_정수리', '정수리_냄새', '냄새_비듬', '비듬_방법', '방법_정수리', '정수리_냄새', '냄새_제거', '제거_고민', '고민_건조', '건조_청소년', '청소년_피지', '피지_조절', '조절_필요']",[],,,1,['가려움'],1,['추천'],0,중립,False
blog,2026-04-12,비듬 없애는 샴푸,강아지스파 샤워기로 각질 제거에 효과적인 목욕 강아지용품 털과 비듬 이 생기면서 간지로움에 긁고 상처가 생기기 쉽다고 해요 패리스도 열한 살로 노견인만큼 피모 관리에 더 신경 쓸 나이지만 워낙 스킨 조직이 얇고 연약해서 샴푸 만으로 해결이 안 될 때가 있어서,"['강아지', '스파', '샤워기', '각질', '제거', '효과', '목욕', '강아지', '용품', '비듬', '간지', '상처', '패리스', '관리', '신경', '나이', '스킨', '조직', '해결']","['강아지_스파', '스파_샤워기', '샤워기_각질', '각질_제거', '제거_효과', '효과_목욕', '목욕_강아지', '강아지_용품', '용품_비듬', '비듬_간지', '간지_상처', '상처_패리스', '패리스_관리', '관리_신경', '신경_나이', '나이_스킨', '스킨_조직', '조직_해결']","['강아지', '스파', '샤워기', '각질', '제거', '효과', '목욕', '강아지', '용품', '비듬', '간지', '상처', '패리스', '관리', '신경', '나이', '스킨', '조직', '해결', '강아지_스파', '스파_샤워기', '샤워기_각질', '각질_제거', '제거_효과', '효과_목욕', '목욕_강아지', '강아지_용품', '용품_비듬', '비듬_간지', '간지_상처', '상처_패리스', '패리스_관리', '관리_신경', '신경_나이', '나이_스킨', '스킨_조직', '조직_해결']",[],,,0,[],0,[],0,중립,False
blog,2026-04-12,비듬 없애는 샴푸,세종 나성동 차이헤어에서 모발 냄새 제거와 관리 방법 기름진 두피를 자주 세정해주는 것이 필수적인데 특히 비듬 이나 피지 분비가 과다한 사람들에게는 더욱 중요해요 차이헤어에서는 개인의 두피 상태에 맞는 샴푸 를 추천해 주기 때문에 사후 관리가 더욱,"['세종', '나성동', '차이헤어', '모발', '냄새', '제거', '관리', '방법', '세정', '필수', '비듬', '피지', '분비', '과다', '중요', '차이헤어', '개인', '상태', '사후', '관리']","['세종_나성동', '나성동_차이헤어', '차이헤어_모발', '모발_냄새', '냄새_제거', '제거_관리', '관리_방법', '방법_세정', '세정_필수', '필수_비듬', '비듬_피지', '피지_분비', '분비_과다', '과다_중요', '중요_차이헤어', '차이헤어_개인', '개인_상태', '상태_사후', '사후_관리']","['세종', '나성동', '차이헤어', '모발', '냄새', '제거', '관리', '방법', '세정', '필수', '비듬', '피지', '분비', '과다', '중요', '차이헤어', '개인', '상태', '사후', '관리', '세종_나성동', '나성동_차이헤어', '차이헤어_모발', '모발_냄새', '냄새_제거', '제거_관리', '관리_방법', '방법_세정', '세정_필수', '필수_비듬', '비듬_피지', '피지_분비', '분비_과다', '과다_중요', '중요_차이헤어', '차이헤어_개인', '개인_상태', '상태_사후', '사후_관리']",[],,,0,[],1,['추천'],1,긍정,False
blog,2026-04-12,비듬 없애는 샴푸,책소개 몸은 답을 알고 있다 김철환 지음 아울러 곰팡이 없애는 약제가 들어 있는 샴푸 를 주 2회 정도 써서 머리 곰팡이를 제거해야 한다 키토케나졸이라는 약이 들어 있는 비듬 샴푸 를 쓸 때는 곰팡이와 접촉해서 살균이 가능한 시간을 주어야 하는데,"['소개', '김철', '곰팡이', '약제', '곰팡이', '제거', '키토케나졸', '비듬', '곰팡이', '접촉', '살균', '가능', '시간']","['소개_김철', '김철_곰팡이', '곰팡이_약제', '약제_곰팡이', '곰팡이_제거', '제거_키토케나졸', '키토케나졸_비듬', '비듬_곰팡이', '곰팡이_접촉', '접촉_살균', '살균_가능', '가능_시간']","['소개', '김철', '곰팡이', '약제', '곰팡이', '제거', '키토케나졸', '비듬', '곰팡이', '접촉', '살균', '가능', '시간', '소개_김철', '김철_곰팡이', '곰팡이_약제', '약제_곰팡이', '곰팡이_제거', '제거_키토케나졸', '키토케나졸_비듬', '비듬_곰팡이', '곰팡이_접촉', '접촉_살균', '살균_가능', '가능_시간']",[],,,0,[],0,[],0,중립,False
blog,2026-04-12,비듬 없애는 샴푸,머리 감은 직후에도 가려운 두피 왜 그럴까 거기서 미세한 막이나 비듬 같은 징후를 포착할 수 있어요 방치했을 때 문제는 훨씬 심각해져요 샴푸 찌꺼기 제거 효과적인 방법은 뭘까 이제 본격적으로 샴 잔여물을 없애는 최고의 방법을 알아볼까요,"['직후', '미세', '비듬', '징후', '포착', '방치', '문제', '찌꺼기', '제거', '효과', '방법', '본격', '잔여', '최고', '방법']","['직후_미세', '미세_비듬', '비듬_징후', '징후_포착', '포착_방치', '방치_문제', '문제_찌꺼기', '찌꺼기_제거', '제거_효과', '효과_방법', '방법_본격', '본격_잔여', '잔여_최고', '최고_방법']","['직후', '미세', '비듬', '징후', '포착', '방치', '문제', '찌꺼기', '제거', '효과', '방법', '본격', '잔여', '최고', '방법', '직후_미세', '미세_비듬', '비듬_징후', '징후_포착', '포착_방치', '방치_문제', '문제_찌꺼기', '찌꺼기_제거', '제거_효과', '효과_방법', '방법_본격', '본격_잔여', '잔여_최고', '최고_방법']",[],,,0,[],0,[],0,중립,False
blog,2026-04-12,비듬 없애는 샴푸,두피 각질 원인부터 관리까지 분당미용실 로컬 서현역점 정리 단순히 샴푸 문제라고 생각했는데 상담을 받아보니 생각보다 원인이 다양하다는 걸 알게 됐어요 평소 이번 경험을 통해 단순히 비듬 을 없애는 게 아니라 원인을 이해하고 관리하는 게 중요하다는 걸 알게,"['각질', '원인', '관리', '분당', '미용실', '로컬', '서현역', '정리', '문제', '상담', '원인', '다양', '평소', '이번', '경험', '비듬', '원인', '이해', '관리', '중요']","['각질_원인', '원인_관리', '관리_분당', '분당_미용실', '미용실_로컬', '로컬_서현역', '서현역_정리', '정리_문제', '문제_상담', '상담_원인', '원인_다양', '다양_평소', '평소_이번', '이번_경험', '경험_비듬', '비듬_원인', '원인_이해', '이해_관리', '관리_중요']","['각질', '원인', '관리', '분당', '미용실', '로컬', '서현역', '정리', '문제', '상담', '원인', '다양', '평소', '이번', '경험', '비듬', '원인', '이해', '관리', '중요', '각질_원인', '원인_관리', '관리_분당', '분당_미용실', '미용실_로컬', '로컬_서현역', '서현역_정리', '정리_문제', '문제_상담', '상담_원인', '원인_다양', '다양_평소', '평소_이번', '이번_경험', '경험_비듬', '비듬_원인', '원인_이해', '이해_관리', '관리_중요']",[],,,0,[],0,[],0,중립,False
blog,2026-04-11,비듬 없애는 샴푸,매일 감아도 비듬 생기는 이유 찾았습니다 건성 비듬 샴푸 대용량 건성 비듬 샴푸 는 단순히 비듬 을 없애는 제품이 아니라 두피 환경을 바꾸어주는 것이 포인트 대용량 비듬 샴푸 천연 비듬 샴푸 블랑베베 실키 샴푸 비듬 을 지우는 게 아니라 두피를 정상으로 돌리는 샴푸,"['비듬', '건성', '비듬', '용량', '건성', '비듬', '비듬', '환경', '포인트', '용량', '비듬', '천연', '비듬', '블랑', '비듬', '정상']","['비듬_건성', '건성_비듬', '비듬_용량', '용량_건성', '건성_비듬', '비듬_비듬', '비듬_환경', '환경_포인트', '포인트_용량', '용량_비듬', '비듬_천연', '천연_비듬', '비듬_블랑', '블랑_비듬', '비듬_정상']","['비듬', '건성', '비듬', '용량', '건성', '비듬', '비듬', '환경', '포인트', '용량', '비듬', '천연', '비듬', '블랑', '비듬', '정상', '비듬_건성', '건성_비듬', '비듬_용량', '용량_건성', '건성_비듬', '비듬_비듬', '비듬_환경', '환경_포인트', '포인트_용량', '용량_비듬', '비듬_천연', '천연_비듬', '비듬_블랑', '블랑_비듬', '비듬_정상']",[],,,0,[],0,[],0,중립,False
blog,2026-04-11,비듬 없애는 샴푸,성장기 정수리냄새 걱정이라면 노일리 유자식초 산뜻 샴푸 호르몬 냄새 없애는 독보적 세정성분과 기술 노일리 유자식초 산뜻 샴푸 는 정수리 악취 물질만 냄새와 비듬 을 동시에 케어를 할수 있답니다 속부터 가득 채워주는 영양성분 두피자극을 줄이고 민감한,"['성장기', '정수리', '냄새', '걱정', '노일리', '유자', '식초', '호르몬', '냄새', '독보', '세정', '성분', '기술', '노일리', '유자', '식초', '정수리', '악취', '물질', '냄새', '비듬', '동시', '케어', '영양', '성분', '자극', '민감']","['성장기_정수리', '정수리_냄새', '냄새_걱정', '걱정_노일리', '노일리_유자', '유자_식초', '식초_호르몬', '호르몬_냄새', '냄새_독보', '독보_세정', '세정_성분', '성분_기술', '기술_노일리', '노일리_유자', '유자_식초', '식초_정수리', '정수리_악취', '악취_물질', '물질_냄새', '냄새_비듬', '비듬_동시', '동시_케어', '케어_영양', '영양_성분', '성분_자극', '자극_민감']","['성장기', '정수리', '냄새', '걱정', '노일리', '유자', '식초', '호르몬', '냄새', '독보', '세정', '성분', '기술', '노일리', '유자', '식초', '정수리', '악취', '물질', '냄새', '비듬', '동시', '케어', '영양', '성분', '자극', '민감', '성장기_정수리', '정수리_냄새', '냄새_걱정', '걱정_노일리', '노일리_유자', '유자_식초', '식초_호르몬', '호르몬_냄새', '냄새_독보', '독보_세정', '세정_성분', '성분_기술', '기술_노일리', '노일리_유자', '유자_식초', '식초_정수리', '정수리_악취', '악취_물질', '물질_냄새', '냄새_비듬', '비듬_동시', '동시_케어', '케어_영양', '영양_성분', '성분_자극', '자극_민감']",[],,,1,['자극'],0,[],-1,이탈위험,False
blog,2026-04-11,비듬 없애는 샴푸,페터브 펫당고 천연 한방 샴푸 로 윤기 나는 털 되찾기 이 샴푸는 비듬과 각질 제거에도 탁월한 효과를 보여 반려견의 가려움증을 줄여주어 더욱 편안한 페터브 펫당고 강아지샴푸 천연샴푸 한방샴푸 펫비누 비듬없애는샴푸 강아지각질 푸석한털,"['페터브', '펫당고', '천연', '한방', '윤기', '비듬', '각질', '제거', '효과', '반려견', '가려움증', '편안', '페터브', '펫당고', '강아지', '천연', '한방', '비누', '비듬', '강아지', '각질', '푸석']","['페터브_펫당고', '펫당고_천연', '천연_한방', '한방_윤기', '윤기_비듬', '비듬_각질', '각질_제거', '제거_효과', '효과_반려견', '반려견_가려움증', '가려움증_편안', '편안_페터브', '페터브_펫당고', '펫당고_강아지', '강아지_천연', '천연_한방', '한방_비누', '비누_비듬', '비듬_강아지', '강아지_각질', '각질_푸석']","['페터브', '펫당고', '천연', '한방', '윤기', '비듬', '각질', '제거', '효과', '반려견', '가려움증', '편안', '페터브', '펫당고', '강아지', '천연', '한방', '비누', '비듬', '강아지', '각질', '푸석', '페터브_펫당고', '펫당고_천연', '천연_한방', '한방_윤기', '윤기_비듬', '비듬_각질', '각질_제거', '제거_효과', '효과_반려견', '반려견_가려움증', '가려움증_편안', '편안_페터브', '페터브_펫당고', '펫당고_강아지', '강아지_천연', '천연_한방', '한방_비누', '비누_비듬', '비듬_강아지', '강아지_각질', '각질_푸석']",[],,,1,['가려움'],0,[],-1,이탈위험,False
blog,2026-04-11,비듬 없애는 샴푸,모낭충 Demodex 이 머리카락을 없애는 방법 지루성 두피가 특히 저녁 밤에 더 가렵다 샴푸 직후에도 가려움이 해소되지 않는다 두피에 작은 구진 좁쌀 같은 돌기 이 반복해서 생긴다 속눈썹이나 눈썹 주변도 가렵거나 비듬 처럼 각질이 낀다,"['모낭충', '머리카락', '방법', '지루', '저녁', '직후', '해소', '구진', '좁쌀', '돌기', '반복', '속눈썹', '눈썹', '주변', '비듬', '각질']","['모낭충_머리카락', '머리카락_방법', '방법_지루', '지루_저녁', '저녁_직후', '직후_해소', '해소_구진', '구진_좁쌀', '좁쌀_돌기', '돌기_반복', '반복_속눈썹', '속눈썹_눈썹', '눈썹_주변', '주변_비듬', '비듬_각질']","['모낭충', '머리카락', '방법', '지루', '저녁', '직후', '해소', '구진', '좁쌀', '돌기', '반복', '속눈썹', '눈썹', '주변', '비듬', '각질', '모낭충_머리카락', '머리카락_방법', '방법_지루', '지루_저녁', '저녁_직후', '직후_해소', '해소_구진', '구진_좁쌀', '좁쌀_돌기', '돌기_반복', '반복_속눈썹', '속눈썹_눈썹', '눈썹_주변', '주변_비듬', '비듬_각질']",[],,,1,['가려움'],0,[],-1,이탈위험,False
blog,2026-04-11,비듬 없애는 샴푸,머리숱 많아지는법 프리미엄 탈모관리 후기 두피밥 미사점 머리카락 굵어지는법 두피케어샵 모발 굵어지는법 머리 비듬없애는 법 등 모발에 대해 궁금한 모든것 샴푸 대도 일반적인 형태가 아니라 전신 마사지가 가능한 헤드스파 구조로 되어 있어 관리 중에도,"['프리미엄', '탈모', '관리', '두피밥', '미사', '머리카락', '케어', '모발', '비듬', '모발', '일반', '형태', '전신', '마사지', '가능', '헤드스파', '구조', '관리']","['프리미엄_탈모', '탈모_관리', '관리_두피밥', '두피밥_미사', '미사_머리카락', '머리카락_케어', '케어_모발', '모발_비듬', '비듬_모발', '모발_일반', '일반_형태', '형태_전신', '전신_마사지', '마사지_가능', '가능_헤드스파', '헤드스파_구조', '구조_관리']","['프리미엄', '탈모', '관리', '두피밥', '미사', '머리카락', '케어', '모발', '비듬', '모발', '일반', '형태', '전신', '마사지', '가능', '헤드스파', '구조', '관리', '프리미엄_탈모', '탈모_관리', '관리_두피밥', '두피밥_미사', '미사_머리카락', '머리카락_케어', '케어_모발', '모발_비듬', '비듬_모발', '모발_일반', '일반_형태', '형태_전신', '전신_마사지', '마사지_가능', '가능_헤드스파', '헤드스파_구조', '구조_관리']",[],,,0,[],0,[],0,중립,False
blog,2026-04-10,비듬 없애는 샴푸,고객일지 반복되는 지루성 두피염 원인은 목포남악두피탈모 병원에서도 지루성 두피염이라는 이야기를 들었고 비듬 샴푸 도 꾸준히 사용해봤지만 증상이 완전히 그래서 중요한 것은 증상을 없애는 것보다 재발하지 않는 환경을 만드는 것입니다 저희,"['고객', '일지', '반복', '원인', '목포남악두피탈모', '병원', '지루', '이야기', '비듬', '증상', '중요', '증상', '재발', '환경']","['고객_일지', '일지_반복', '반복_원인', '원인_목포남악두피탈모', '목포남악두피탈모_병원', '병원_지루', '지루_이야기', '이야기_비듬', '비듬_증상', '증상_중요', '중요_증상', '증상_재발', '재발_환경']","['고객', '일지', '반복', '원인', '목포남악두피탈모', '병원', '지루', '이야기', '비듬', '증상', '중요', '증상', '재발', '환경', '고객_일지', '일지_반복', '반복_원인', '원인_목포남악두피탈모', '목포남악두피탈모_병원', '병원_지루', '지루_이야기', '이야기_비듬', '비듬_증상', '증상_중요', '중요_증상', '증상_재발', '재발_환경']",[],,,0,[],0,[],0,중립,False
blog,2026-04-10,비듬 없애는 샴푸,지루성피부염 모낭염 여드름인 줄 알았는데 모낭염이었어요 코 주변과 턱 이마에 반복적으로 올라오고 두피까지 가렵고 비듬 이 늘어나면서 이게 도대체 뭐냐 지루성피부염 모낭염 치료는 단순히 뾰루지를 없애는 방향으로만 접근하면 반복되기 쉬웠었어요,"['지루성 피부염', '모낭염', '여드름', '모낭염', '주변', '이마', '반복', '비듬', '지루성 피부염', '모낭', '치료', '뾰루지', '방향', '접근', '반복']","['지루성 피부염_모낭염', '모낭염_여드름', '여드름_모낭염', '모낭염_주변', '주변_이마', '이마_반복', '반복_비듬', '비듬_지루성 피부염', '지루성 피부염_모낭', '모낭_치료', '치료_뾰루지', '뾰루지_방향', '방향_접근', '접근_반복']","['지루성 피부염', '모낭염', '여드름', '모낭염', '주변', '이마', '반복', '비듬', '지루성 피부염', '모낭', '치료', '뾰루지', '방향', '접근', '반복', '지루성 피부염_모낭염', '모낭염_여드름', '여드름_모낭염', '모낭염_주변', '주변_이마', '이마_반복', '반복_비듬', '비듬_지루성 피부염', '지루성 피부염_모낭', '모낭_치료', '치료_뾰루지', '뾰루지_방향', '방향_접근', '접근_반복']",[],,,2,"['뾰루지', '올라오']",0,[],-2,이탈위험,False
blog,2026-04-10,비듬 없애는 샴푸,두피지루성피부염 치료 비듬 인 줄만 알았는데 아니었어요 단순 비듬 은 샴푸 를 조정하거나 두피 상태가 좋아지면 비교적 빨리 줄어드는 경우도 있었지만 결국 두피지루성피부염 치료는 지금 보이는 비듬 과 가려움만 없애는 것이 목표가 아니었어요 왜 두피가 계속,"['지루', '피부염', '치료', '비듬', '단순', '비듬', '조정', '상태', '지루', '피부염', '치료', '비듬', '목표']","['지루_피부염', '피부염_치료', '치료_비듬', '비듬_단순', '단순_비듬', '비듬_조정', '조정_상태', '상태_지루', '지루_피부염', '피부염_치료', '치료_비듬', '비듬_목표']","['지루', '피부염', '치료', '비듬', '단순', '비듬', '조정', '상태', '지루', '피부염', '치료', '비듬', '목표', '지루_피부염', '피부염_치료', '치료_비듬', '비듬_단순', '단순_비듬', '비듬_조정', '조정_상태', '상태_지루', '지루_피부염', '피부염_치료', '치료_비듬', '비듬_목표']",[],,,1,['가려움'],0,[],-1,이탈위험,False
blog,2026-04-09,비듬 없애는 샴푸,두피관리 방법 비듬 없애는 셀프 꿀팁 직접 해본 후기 건강하고 깨끗한 모근과 두피의 근접 촬영 사진 비듬 걱정 덜어주는 올바른 샴푸 법 의외로 많은 분들이 두피관리방법 비듬없애는 법 셀프두피케어 두피스케일링 홈케어꿀팁 머리감는법 두피건강 AI활용,"['관리', '방법', '비듬', '셀프', '건강', '모근', '근접', '촬영', '사진', '비듬', '걱정', '관리', '방법', '비듬', '셀프', '케어', '스케일링', '홈케어', '건강', '활용']","['관리_방법', '방법_비듬', '비듬_셀프', '셀프_건강', '건강_모근', '모근_근접', '근접_촬영', '촬영_사진', '사진_비듬', '비듬_걱정', '걱정_관리', '관리_방법', '방법_비듬', '비듬_셀프', '셀프_케어', '케어_스케일링', '스케일링_홈케어', '홈케어_건강', '건강_활용']","['관리', '방법', '비듬', '셀프', '건강', '모근', '근접', '촬영', '사진', '비듬', '걱정', '관리', '방법', '비듬', '셀프', '케어', '스케일링', '홈케어', '건강', '활용', '관리_방법', '방법_비듬', '비듬_셀프', '셀프_건강', '건강_모근', '모근_근접', '근접_촬영', '촬영_사진', '사진_비듬', '비듬_걱정', '걱정_관리', '관리_방법', '방법_비듬', '비듬_셀프', '셀프_케어', '케어_스케일링', '스케일링_홈케어', '홈케어_건강', '건강_활용']",[],,,0,[],0,[],0,중립,False
blog,2026-04-09,비듬 없애는 샴푸,머리 비듬 이랑 다른 이유 두피 각질 생기는 원인부터 없애는 미세한 상처가 나면 비듬 이나 각질은 더 심해지거든요 두피 각질 없애는 법 옥이의 관리 꿀팁 그래서 요즘 저는 관리법을 아예 바꿨어요 일단 머리 감을 때 물 온도부터 미온수로 맞췄고요 샴푸 도 세정력 너무,"['비듬', '각질', '원인', '미세', '상처', '비듬', '각질', '각질', '옥이', '관리', '관리법', '온도', '미온', '세정']","['비듬_각질', '각질_원인', '원인_미세', '미세_상처', '상처_비듬', '비듬_각질', '각질_각질', '각질_옥이', '옥이_관리', '관리_관리법', '관리법_온도', '온도_미온', '미온_세정']","['비듬', '각질', '원인', '미세', '상처', '비듬', '각질', '각질', '옥이', '관리', '관리법', '온도', '미온', '세정', '비듬_각질', '각질_원인', '원인_미세', '미세_상처', '상처_비듬', '비듬_각질', '각질_각질', '각질_옥이', '옥이_관리', '관리_관리법', '관리법_온도', '온도_미온', '미온_세정']",[],,,0,[],0,[],0,중립,False
blog,2026-04-09,비듬 없애는 샴푸,천연 탈모 샴푸 추천 사춘기 동생 두피관리 후기 비듬 없애는 방법 찾고 있다면 너무 강한 세정력만 보는 것보다 이렇게 두피 밸런스 맞춰주는 제품 쓰는 게 훨씬 중요한 것 같아요 저도 반신반의하면서 시작했는데 결과적으로는 꽤 만족했고요 순한 샴푸,"['천연', '탈모', '사춘기', '동생', '관리', '비듬', '방법', '세정', '밸런스', '중요', '반신반의', '시작', '결과', '만족']","['천연_탈모', '탈모_사춘기', '사춘기_동생', '동생_관리', '관리_비듬', '비듬_방법', '방법_세정', '세정_밸런스', '밸런스_중요', '중요_반신반의', '반신반의_시작', '시작_결과', '결과_만족']","['천연', '탈모', '사춘기', '동생', '관리', '비듬', '방법', '세정', '밸런스', '중요', '반신반의', '시작', '결과', '만족', '천연_탈모', '탈모_사춘기', '사춘기_동생', '동생_관리', '관리_비듬', '비듬_방법', '방법_세정', '세정_밸런스', '밸런스_중요', '중요_반신반의', '반신반의_시작', '시작_결과', '결과_만족']",[],,,0,[],1,['추천'],1,긍정,False
blog,2026-04-09,비듬 없애는 샴푸,바이아우어 맥주효모 샴푸 탈모와 두피 케어를 동시에 비듬 을 완전히 없애는 건 어렵지만 세정력이 좋은 샴푸 는 두피 환경을 개선하고 비듬 발생을 줄이는 데 도움을 줄 수 있어요 바이아우어 샴푸 는 비듬 케어와 탈모 예방 두 가지 기능을 동시에 할 수 있다는,"['바이아우어', '맥주', '효모', '탈모', '케어', '동시', '비듬', '세정', '환경', '개선', '비듬', '발생', '도움', '바이아우어', '비듬', '케어', '탈모', '예방', '기능', '동시']","['바이아우어_맥주', '맥주_효모', '효모_탈모', '탈모_케어', '케어_동시', '동시_비듬', '비듬_세정', '세정_환경', '환경_개선', '개선_비듬', '비듬_발생', '발생_도움', '도움_바이아우어', '바이아우어_비듬', '비듬_케어', '케어_탈모', '탈모_예방', '예방_기능', '기능_동시']","['바이아우어', '맥주', '효모', '탈모', '케어', '동시', '비듬', '세정', '환경', '개선', '비듬', '발생', '도움', '바이아우어', '비듬', '케어', '탈모', '예방', '기능', '동시', '바이아우어_맥주', '맥주_효모', '효모_탈모', '탈모_케어', '케어_동시', '동시_비듬', '비듬_세정', '세정_환경', '환경_개선', '개선_비듬', '비듬_발생', '발생_도움', '도움_바이아우어', '바이아우어_비듬', '비듬_케어', '케어_탈모', '탈모_예방', '예방_기능', '기능_동시']",[],,,0,[],0,[],0,중립,False
blog,2026-04-09,비듬 없애는 샴푸,지루성두피염 비듬 인 줄 알고 방치하면 탈모 옵니다 lt 미소로 많은 분이 이를 가벼운 비듬 으로 여겨 시중의 샴푸 만으로 개선하려 하지만 염증을 제어하지 못하면 즉 두피 염증을 다스리는 것은 단순히 가려움을 없애는 것을 넘어 소중한 모발을 지키는 방어책입니다,"['지루성두피염', '비듬', '방치', '탈모', '미소', '비듬', '시중', '개선', '염증', '제어', '염증', '모발', '방어']","['지루성두피염_비듬', '비듬_방치', '방치_탈모', '탈모_미소', '미소_비듬', '비듬_시중', '시중_개선', '개선_염증', '염증_제어', '제어_염증', '염증_모발', '모발_방어']","['지루성두피염', '비듬', '방치', '탈모', '미소', '비듬', '시중', '개선', '염증', '제어', '염증', '모발', '방어', '지루성두피염_비듬', '비듬_방치', '방치_탈모', '탈모_미소', '미소_비듬', '비듬_시중', '시중_개선', '개선_염증', '염증_제어', '제어_염증', '염증_모발', '모발_방어']",[],,,1,['가려움'],0,[],-1,이탈위험,False
blog,2026-04-09,비듬 없애는 샴푸,지루성피부염 치료방법 각질이 자꾸 올라오고 다시 뒤집어졌다면 지금 보이는 각질만 없애는 방식으로는 반복을 줄이기 어렵고 왜 같은 부위에 계속 자극이 쌓이는지를 얼굴에서는 코 주변 미간 눈썹 사이 입가 턱 쪽에서 자주 보였고 두피에서는 비듬 이나 가려움,"['지루', '피부염', '치료', '방법', '각질', '각질', '방식', '반복', '부위', '자극', '얼굴', '주변', '미간', '눈썹', '사이', '입가', '비듬']","['지루_피부염', '피부염_치료', '치료_방법', '방법_각질', '각질_각질', '각질_방식', '방식_반복', '반복_부위', '부위_자극', '자극_얼굴', '얼굴_주변', '주변_미간', '미간_눈썹', '눈썹_사이', '사이_입가', '입가_비듬']","['지루', '피부염', '치료', '방법', '각질', '각질', '방식', '반복', '부위', '자극', '얼굴', '주변', '미간', '눈썹', '사이', '입가', '비듬', '지루_피부염', '피부염_치료', '치료_방법', '방법_각질', '각질_각질', '각질_방식', '방식_반복', '반복_부위', '부위_자극', '자극_얼굴', '얼굴_주변', '주변_미간', '미간_눈썹', '눈썹_사이', '사이_입가', '입가_비듬']",[],,,3,"['올라오', '자극', '가려움']",0,[],-3,이탈위험,False
blog,2026-04-09,비듬 없애는 샴푸,청라 백선증 치료 후 두피 가려움과 탈모 증상이 달라진 이유 일어남 비듬 샴푸 관리로 일시적 완화 가능 두부백선 각질 제거만으로는 나아지지 않고 오히려 두부백선은 균을 없애는 것이 전부가 아닙니다 같은 상황에서 다시 감염되지 않으려면 몸의 방어력,"['청라', '백선', '치료', '탈모', '증상', '비듬', '관리', '일시', '완화', '가능', '두부', '각질', '제거', '두부백선', '전부', '상황', '감염', '방어']","['청라_백선', '백선_치료', '치료_탈모', '탈모_증상', '증상_비듬', '비듬_관리', '관리_일시', '일시_완화', '완화_가능', '가능_두부', '두부_각질', '각질_제거', '제거_두부백선', '두부백선_전부', '전부_상황', '상황_감염', '감염_방어']","['청라', '백선', '치료', '탈모', '증상', '비듬', '관리', '일시', '완화', '가능', '두부', '각질', '제거', '두부백선', '전부', '상황', '감염', '방어', '청라_백선', '백선_치료', '치료_탈모', '탈모_증상', '증상_비듬', '비듬_관리', '관리_일시', '일시_완화', '완화_가능', '가능_두부', '두부_각질', '각질_제거', '제거_두부백선', '두부백선_전부', '전부_상황', '상황_감염', '감염_방어']",[],,,2,"['가려움', '달라진']",0,[],-2,이탈위험,False
blog,2026-04-09,비듬 없애는 샴푸,두피 각질 이렇게 구분해 보세요 지루성두피 비듬 형두피 그래서 두피 각질 관리에서 가장 중요한 것은 무작정 없애는 것이 아니라 어떤 유형인지 먼저 구분하는 그래서 두피 각질이 보인다고 해서 무조건 보습만 하거나 반대로 무조건 비듬 샴푸 만 쓰는 방식은 맞지,"['각질', '구분', '지루성두피', '비듬', '형두피', '각질', '관리', '중요', '작정', '유형', '구분', '각질', '보습', '반대', '비듬', '방식']","['각질_구분', '구분_지루성두피', '지루성두피_비듬', '비듬_형두피', '형두피_각질', '각질_관리', '관리_중요', '중요_작정', '작정_유형', '유형_구분', '구분_각질', '각질_보습', '보습_반대', '반대_비듬', '비듬_방식']","['각질', '구분', '지루성두피', '비듬', '형두피', '각질', '관리', '중요', '작정', '유형', '구분', '각질', '보습', '반대', '비듬', '방식', '각질_구분', '구분_지루성두피', '지루성두피_비듬', '비듬_형두피', '형두피_각질', '각질_관리', '관리_중요', '중요_작정', '작정_유형', '유형_구분', '구분_각질', '각질_보습', '보습_반대', '반대_비듬', '비듬_방식']",[],,,0,[],0,[],0,중립,False
blog,2026-04-09,비듬 없애는 샴푸,건성 두피를 위한 효과적인 관리 방법과 팁 이로 인해 가려움증 비듬 발생 두피 염증 등의 증상이 나타날 수 있어 적절한 관리가 필요합니다 자주 샴푸 를 하여 두피의 자연적인 유분을 없애는 대신 주 2 3회 정도로 줄이고 순한 제품을 사용하는 것이,"['건성', '효과', '관리', '방법', '가려움증', '비듬', '발생', '염증', '증상', '관리', '필요', '자연', '유분', '대신']","['건성_효과', '효과_관리', '관리_방법', '방법_가려움증', '가려움증_비듬', '비듬_발생', '발생_염증', '염증_증상', '증상_관리', '관리_필요', '필요_자연', '자연_유분', '유분_대신']","['건성', '효과', '관리', '방법', '가려움증', '비듬', '발생', '염증', '증상', '관리', '필요', '자연', '유분', '대신', '건성_효과', '효과_관리', '관리_방법', '방법_가려움증', '가려움증_비듬', '비듬_발생', '발생_염증', '염증_증상', '증상_관리', '관리_필요', '필요_자연', '자연_유분', '유분_대신']",[],,,2,"['가려움', '대신']",0,[],-2,이탈위험,False
blog,2026-04-08,비듬 없애는 샴푸,두피 각질 이렇게 구분해 보세요 건조형두피각질 그래서 하얀 가루가 보인다고 해서 무조건 비듬 샴푸 부터 사용하는 것은 좋은 방법이 아닐 수 있습니다 결국 중요한 것은 각질을 억지로 없애는 것이 아니라 두피가 스스로 건강한 컨디션을 유지할 수 있도록,"['각질', '구분', '건조형두피각질', '가루', '비듬', '방법', '중요', '각질', '건강', '컨디션', '유지']","['각질_구분', '구분_건조형두피각질', '건조형두피각질_가루', '가루_비듬', '비듬_방법', '방법_중요', '중요_각질', '각질_건강', '건강_컨디션', '컨디션_유지']","['각질', '구분', '건조형두피각질', '가루', '비듬', '방법', '중요', '각질', '건강', '컨디션', '유지', '각질_구분', '구분_건조형두피각질', '건조형두피각질_가루', '가루_비듬', '비듬_방법', '방법_중요', '중요_각질', '각질_건강', '건강_컨디션', '컨디션_유지']",[],,,0,[],0,[],0,중립,False
blog,2026-04-08,비듬 없애는 샴푸,머리각질 샴푸 바꿔도 그대로라면 비듬 빗 바꾸자 각질 없애는 제거 전용 빗 브러쉬 아뜰리에뮤즈 22 800 머리각질 샴푸 는 두피 환경 관리 비듬 클리너는 이미 생긴 각질 제거 이 두 가지가 함께 갈 때 두피케어가 비로소 완성돼요 샴푸 유목민 생활 이제 그만 끝,"['각질', '비듬', '각질', '제거', '전용', '브러쉬', '아뜰리에뮤즈', '각질', '환경', '관리', '비듬', '클리너', '각질', '제거', '케어', '완성', '유목민', '생활']","['각질_비듬', '비듬_각질', '각질_제거', '제거_전용', '전용_브러쉬', '브러쉬_아뜰리에뮤즈', '아뜰리에뮤즈_각질', '각질_환경', '환경_관리', '관리_비듬', '비듬_클리너', '클리너_각질', '각질_제거', '제거_케어', '케어_완성', '완성_유목민', '유목민_생활']","['각질', '비듬', '각질', '제거', '전용', '브러쉬', '아뜰리에뮤즈', '각질', '환경', '관리', '비듬', '클리너', '각질', '제거', '케어', '완성', '유목민', '생활', '각질_비듬', '비듬_각질', '각질_제거', '제거_전용', '전용_브러쉬', '브러쉬_아뜰리에뮤즈', '아뜰리에뮤즈_각질', '각질_환경', '환경_관리', '관리_비듬', '비듬_클리너', '클리너_각질', '각질_제거', '제거_케어', '케어_완성', '완성_유목민', '유목민_생활']",[],,,1,['그대로'],0,[],-1,이탈위험,False
blog,2026-04-08,비듬 없애는 샴푸,두피 관리 비듬 없애는 셀프 방법으로 좋았던 후기 비듬 없애는 방법으로 좋다는 샴푸 는 이미 여러 개 써본 상태였고 최소 2가지 이상은 바꿔봤던 것 같아요 그래도 기대했던 만큼 눈에 띄는 변화는 없었고 두피 관리도 고민돼서 디자이너 언니에게 물어봤거든요,"['관리', '비듬', '셀프', '방법', '비듬', '방법', '상태', '최소', '이상', '기대', '변화', '관리', '고민', '디자이너', '언니']","['관리_비듬', '비듬_셀프', '셀프_방법', '방법_비듬', '비듬_방법', '방법_상태', '상태_최소', '최소_이상', '이상_기대', '기대_변화', '변화_관리', '관리_고민', '고민_디자이너', '디자이너_언니']","['관리', '비듬', '셀프', '방법', '비듬', '방법', '상태', '최소', '이상', '기대', '변화', '관리', '고민', '디자이너', '언니', '관리_비듬', '비듬_셀프', '셀프_방법', '방법_비듬', '비듬_방법', '방법_상태', '상태_최소', '최소_이상', '이상_기대', '기대_변화', '변화_관리', '관리_고민', '고민_디자이너', '디자이너_언니']",[],,,0,[],0,[],0,중립,False
blog,2026-04-08,비듬 없애는 샴푸,청소년 비듬 샴푸 추천 비듬 없애는 방법 조카도 인정한 후기 청소년 비듬 샴푸 추천 비듬 없애는 방법 드디어 정착 여러분 안녕하세요 몇달 전 설날이었는데요 가족들끼리 모였는데 오랜만에 만난 조카가 엄청 컸어요 벌써 청소년이라니 신기 그리고 가족들과,"['청소년', '비듬', '비듬', '방법', '조카', '인정', '청소년', '비듬', '비듬', '방법', '정착', '설날', '가족', '오랜만', '조카', '청소년', '가족']","['청소년_비듬', '비듬_비듬', '비듬_방법', '방법_조카', '조카_인정', '인정_청소년', '청소년_비듬', '비듬_비듬', '비듬_방법', '방법_정착', '정착_설날', '설날_가족', '가족_오랜만', '오랜만_조카', '조카_청소년', '청소년_가족']","['청소년', '비듬', '비듬', '방법', '조카', '인정', '청소년', '비듬', '비듬', '방법', '정착', '설날', '가족', '오랜만', '조카', '청소년', '가족', '청소년_비듬', '비듬_비듬', '비듬_방법', '방법_조카', '조카_인정', '인정_청소년', '청소년_비듬', '비듬_비듬', '비듬_방법', '방법_정착', '정착_설날', '설날_가족', '가족_오랜만', '오랜만_조카', '조카_청소년', '청소년_가족']",[],,,0,[],2,"['정착', '추천']",2,긍정,False
blog,2026-04-08,비듬 없애는 샴푸,비듬 없애는 법 무조건 강하게 씻을수록 더 좋아지는 건 생각보다 그 작은 차이가 두피 컨디션을 훨씬 편하게 바꿔줄 수 있어요 비듬없애는 법 두피관리 비듬 샴푸 지루성두피 건조한두피 두피가려움 헤어관리 두피각질 샴푸 사용법 민감한두피 수완지구미용실,"['비듬', '차이', '컨디션', '비듬', '관리', '비듬', '지루', '건조', '관리', '각질', '사용법', '민감', '수완지구', '미용실']","['비듬_차이', '차이_컨디션', '컨디션_비듬', '비듬_관리', '관리_비듬', '비듬_지루', '지루_건조', '건조_관리', '관리_각질', '각질_사용법', '사용법_민감', '민감_수완지구', '수완지구_미용실']","['비듬', '차이', '컨디션', '비듬', '관리', '비듬', '지루', '건조', '관리', '각질', '사용법', '민감', '수완지구', '미용실', '비듬_차이', '차이_컨디션', '컨디션_비듬', '비듬_관리', '관리_비듬', '비듬_지루', '지루_건조', '건조_관리', '관리_각질', '각질_사용법', '사용법_민감', '민감_수완지구', '수완지구_미용실']",[],,,1,['가려움'],0,[],-1,이탈위험,False
blog,2026-04-08,비듬 없애는 샴푸,머드름 샴푸 이렇게 쓰고 해결함 머드름 때문에 소개팅도 못했었음 머드름 샴푸 이렇게 쓰고 해결함 머드름 때문에 비듬 폭탄 가려움 머드름 없애는 루틴 머드름 샴푸 이렇게 쓰고 해결함 머드름 없애는 내 루틴 알려줌 1 운동하고 바로 씻기,"['머드름', '해결', '머드름', '소개팅', '머드름', '해결', '머드름', '비듬', '폭탄', '머드름', '루틴', '머드름', '해결', '머드름', '루틴', '운동']","['머드름_해결', '해결_머드름', '머드름_소개팅', '소개팅_머드름', '머드름_해결', '해결_머드름', '머드름_비듬', '비듬_폭탄', '폭탄_머드름', '머드름_루틴', '루틴_머드름', '머드름_해결', '해결_머드름', '머드름_루틴', '루틴_운동']","['머드름', '해결', '머드름', '소개팅', '머드름', '해결', '머드름', '비듬', '폭탄', '머드름', '루틴', '머드름', '해결', '머드름', '루틴', '운동', '머드름_해결', '해결_머드름', '머드름_소개팅', '소개팅_머드름', '머드름_해결', '해결_머드름', '머드름_비듬', '비듬_폭탄', '폭탄_머드름', '머드름_루틴', '루틴_머드름', '머드름_해결', '해결_머드름', '머드름_루틴', '루틴_운동']",[],,,1,['가려움'],0,[],-1,이탈위험,False
blog,2026-04-08,비듬 없애는 샴푸,지루성피부염 완치방법 좋아졌다가 다시 올라오는 피부라면 또 붉은 구진이 여드름처럼 보이기도 했었고 얼굴뿐 아니라 두피 비듬 과 두피 가려움이 같이 나타나는 경우도 많았었어요 이렇게 보면 지루성피부염 완치방법은 단순히 붉은 기 하나를 없애는 방법이,"['지루', '피부염', '완치', '방법', '피부', '구진', '여드름', '얼굴', '비듬', '지루', '피부염', '완치', '방법', '방법']","['지루_피부염', '피부염_완치', '완치_방법', '방법_피부', '피부_구진', '구진_여드름', '여드름_얼굴', '얼굴_비듬', '비듬_지루', '지루_피부염', '피부염_완치', '완치_방법', '방법_방법']","['지루', '피부염', '완치', '방법', '피부', '구진', '여드름', '얼굴', '비듬', '지루', '피부염', '완치', '방법', '방법', '지루_피부염', '피부염_완치', '완치_방법', '방법_피부', '피부_구진', '구진_여드름', '여드름_얼굴', '얼굴_비듬', '비듬_지루', '지루_피부염', '피부염_완치', '완치_방법', '방법_방법']",[],,,2,"['올라오', '가려움']",1,['좋아졌'],-1,이탈위험,False
blog,2026-04-08,비듬 없애는 샴푸,지성 두피 문제를 해결하기 위한 체계적인 관리 방법 지성 두피는 많은 사람들이 겪는 문제로 불쾌한 가려움증과 비듬 염증 등의 증상을 동반할 수 정상적인 피지 분비 이해하기 완전히 피지를 없애는 것이 아니라 적정량을 유지하는 것이 건강한 두피의,"['지성', '문제', '해결', '체계', '관리', '방법', '지성', '문제', '가려움증', '비듬', '염증', '증상', '동반', '정상', '피지', '분비', '이해', '피지', '적정량', '유지', '건강']","['지성_문제', '문제_해결', '해결_체계', '체계_관리', '관리_방법', '방법_지성', '지성_문제', '문제_가려움증', '가려움증_비듬', '비듬_염증', '염증_증상', '증상_동반', '동반_정상', '정상_피지', '피지_분비', '분비_이해', '이해_피지', '피지_적정량', '적정량_유지', '유지_건강']","['지성', '문제', '해결', '체계', '관리', '방법', '지성', '문제', '가려움증', '비듬', '염증', '증상', '동반', '정상', '피지', '분비', '이해', '피지', '적정량', '유지', '건강', '지성_문제', '문제_해결', '해결_체계', '체계_관리', '관리_방법', '방법_지성', '지성_문제', '문제_가려움증', '가려움증_비듬', '비듬_염증', '염증_증상', '증상_동반', '동반_정상', '정상_피지', '피지_분비', '분비_이해', '이해_피지', '피지_적정량', '적정량_유지', '유지_건강']",[],,,1,['가려움'],0,[],-1,이탈위험,False
blog,2026-04-08,비듬 없애는 샴푸,미국에서 유행하는 노푸 No poo 트렌드 진짜 효과 축적 비듬 증가 염증 탈모 악화 가능성 이유 간단합니다 샴푸 의 본질 두피 청소 결론 노푸는 실제로 효과적인 방향은 샴푸 를 없애는 것 이 아니라 샴푸 를 최적화하는 것 실용적인 대안 진짜,"['미국', '유행', '노푸', '트렌드', '효과', '축적', '비듬', '증가', '염증', '탈모', '악화', '가능', '본질', '청소', '노푸', '효과', '방향', '최적', '실용', '대안']","['미국_유행', '유행_노푸', '노푸_트렌드', '트렌드_효과', '효과_축적', '축적_비듬', '비듬_증가', '증가_염증', '염증_탈모', '탈모_악화', '악화_가능', '가능_본질', '본질_청소', '청소_노푸', '노푸_효과', '효과_방향', '방향_최적', '최적_실용', '실용_대안']","['미국', '유행', '노푸', '트렌드', '효과', '축적', '비듬', '증가', '염증', '탈모', '악화', '가능', '본질', '청소', '노푸', '효과', '방향', '최적', '실용', '대안', '미국_유행', '유행_노푸', '노푸_트렌드', '트렌드_효과', '효과_축적', '축적_비듬', '비듬_증가', '증가_염증', '염증_탈모', '탈모_악화', '악화_가능', '가능_본질', '본질_청소', '청소_노푸', '노푸_효과', '효과_방향', '방향_최적', '최적_실용', '실용_대안']",[],,,0,[],0,[],0,중립,False
blog,2026-04-08,비듬 없애는 샴푸,머리지루성피부염 치료는 겉만 봐서는 부족했었습니다 샴푸 를 여러 번 바꿔봤고 세정력이 강한 제품도 써봤지만 그때뿐이었다고 하셨어요 그래서 저는 먼저 그래서 저는 늘 머리지루성피부염 치료는 비듬 을 없애는 개념만으로 접근하면 한계가 있었어요,"['지루', '피부염', '치료', '부족', '세정', '그때', '지루', '피부염', '치료', '비듬', '개념', '접근', '한계']","['지루_피부염', '피부염_치료', '치료_부족', '부족_세정', '세정_그때', '그때_지루', '지루_피부염', '피부염_치료', '치료_비듬', '비듬_개념', '개념_접근', '접근_한계']","['지루', '피부염', '치료', '부족', '세정', '그때', '지루', '피부염', '치료', '비듬', '개념', '접근', '한계', '지루_피부염', '피부염_치료', '치료_부족', '부족_세정', '세정_그때', '그때_지루', '지루_피부염', '피부염_치료', '치료_비듬', '비듬_개념', '개념_접근', '접근_한계']",[],,,0,[],0,[],0,중립,False
blog,2026-04-08,비듬 없애는 샴푸,두피 비듬 이 생기는 이유 따라서 단순히 비듬 을 없애는 데 집중하기보다 두피 환경을 균형 있게 관리하는 것이 재발을 줄이는 핵심이며 샴푸 를 고를때도 성분을 잘 확인하시는것이 중요합니다 비듬 의 경우 청결과 관련된 문제라는,"['비듬', '비듬', '집중', '환경', '균형', '관리', '재발', '핵심', '성분', '확인', '중요', '비듬', '청결', '문제']","['비듬_비듬', '비듬_집중', '집중_환경', '환경_균형', '균형_관리', '관리_재발', '재발_핵심', '핵심_성분', '성분_확인', '확인_중요', '중요_비듬', '비듬_청결', '청결_문제']","['비듬', '비듬', '집중', '환경', '균형', '관리', '재발', '핵심', '성분', '확인', '중요', '비듬', '청결', '문제', '비듬_비듬', '비듬_집중', '집중_환경', '환경_균형', '균형_관리', '관리_재발', '재발_핵심', '핵심_성분', '성분_확인', '확인_중요', '중요_비듬', '비듬_청결', '청결_문제']",[],,,0,[],0,[],0,중립,False
blog,2026-04-08,비듬 없애는 샴푸,얼굴지루성피부염 치료 세안하고 나면 다시 하얗게 올라오던 비듬 이 늘고 가려움이 같이 생기면서 머리를 감고 나서도 개운한 느낌이 오래 가지 않는다고 두피 증상이 있는 경우에는 샴푸 나 두피용 제품을 함께 쓰는 경우도 있었고요 저는 이 부분을 설명할 때,"['얼굴', '지루', '피부염', '치료', '세안', '비듬', '느낌', '증상', '설명']","['얼굴_지루', '지루_피부염', '피부염_치료', '치료_세안', '세안_비듬', '비듬_느낌', '느낌_증상', '증상_설명']","['얼굴', '지루', '피부염', '치료', '세안', '비듬', '느낌', '증상', '설명', '얼굴_지루', '지루_피부염', '피부염_치료', '치료_세안', '세안_비듬', '비듬_느낌', '느낌_증상', '증상_설명']",[],,,2,"['올라오', '가려움']",0,[],-2,이탈위험,False
blog,2026-04-08,비듬 없애는 샴푸,지루성피부염 치료방법 반복되는 붉은기와 가려움을 다시 봐야 하나를 없애는 개념이 아니라 반복되는 붉은기와 가려움 열감 뾰루지 비듬 을 함께 봐야 했었어요 두피 증상이 있는 경우에는 샴푸 나 두피 외용제가 같이 안내되는 경우도 있었어요 증상이 갑자기,"['지루', '피부염', '치료', '방법', '반복', '개념', '반복', '뾰루지', '비듬', '증상', '용제', '안내', '증상']","['지루_피부염', '피부염_치료', '치료_방법', '방법_반복', '반복_개념', '개념_반복', '반복_뾰루지', '뾰루지_비듬', '비듬_증상', '증상_용제', '용제_안내', '안내_증상']","['지루', '피부염', '치료', '방법', '반복', '개념', '반복', '뾰루지', '비듬', '증상', '용제', '안내', '증상', '지루_피부염', '피부염_치료', '치료_방법', '방법_반복', '반복_개념', '개념_반복', '반복_뾰루지', '뾰루지_비듬', '비듬_증상', '증상_용제', '용제_안내', '안내_증상']",[],,,2,"['뾰루지', '가려움']",0,[],-2,이탈위험,False
blog,2026-04-08,비듬 없애는 샴푸,대전지루성피부염 붉은기와 각질은 이렇게 치료의 흐름을 두피 쪽에서는 비듬 이 늘어나고 기름기는 있는데 두피가 예민해서 샴푸 할 때도 불편하다고 하는 분들이 많았었어요 심하면 귀 뒤쪽이나 목까지 자극이 이어졌고 상체가 달아오르는 느낌이나 붓기까지 함께,"['대전', '지루성 피부염', '각질', '치료', '흐름', '비듬', '기름', '불편', '뒤쪽', '자극', '상체', '느낌']","['대전_지루성 피부염', '지루성 피부염_각질', '각질_치료', '치료_흐름', '흐름_비듬', '비듬_기름', '기름_불편', '불편_뒤쪽', '뒤쪽_자극', '자극_상체', '상체_느낌']","['대전', '지루성 피부염', '각질', '치료', '흐름', '비듬', '기름', '불편', '뒤쪽', '자극', '상체', '느낌', '대전_지루성 피부염', '지루성 피부염_각질', '각질_치료', '치료_흐름', '흐름_비듬', '비듬_기름', '기름_불편', '불편_뒤쪽', '뒤쪽_자극', '자극_상체', '상체_느낌']",[],,,1,['자극'],0,[],-1,이탈위험,False
blog,2026-04-08,비듬 없애는 샴푸,비듬없애는 방법 건성 지성 차이 모르면 오히려 두피 망가지는 여러분도 너무 스트레스받지 마시고 오늘부터 하나씩 바꿔보세요 어쩌면 생각보다 금방 좋아질지도 모르잖아요 비듬없애는 방법 건성 비듬 지성 비듬 두피관리법 비듬 샴푸 추천 두피홈케어 지루성두피염관리,"['비듬', '방법', '건성', '지성', '차이', '스트레스', '비듬', '방법', '건성', '비듬', '지성', '비듬', '관리법', '비듬', '두피홈케어', '지루성두피염', '관리']","['비듬_방법', '방법_건성', '건성_지성', '지성_차이', '차이_스트레스', '스트레스_비듬', '비듬_방법', '방법_건성', '건성_비듬', '비듬_지성', '지성_비듬', '비듬_관리법', '관리법_비듬', '비듬_두피홈케어', '두피홈케어_지루성두피염', '지루성두피염_관리']","['비듬', '방법', '건성', '지성', '차이', '스트레스', '비듬', '방법', '건성', '비듬', '지성', '비듬', '관리법', '비듬', '두피홈케어', '지루성두피염', '관리', '비듬_방법', '방법_건성', '건성_지성', '지성_차이', '차이_스트레스', '스트레스_비듬', '비듬_방법', '방법_건성', '건성_비듬', '비듬_지성', '지성_비듬', '비듬_관리법', '관리법_비듬', '비듬_두피홈케어', '두피홈케어_지루성두피염', '지루성두피염_관리']",[],,,0,[],1,['추천'],1,긍정,False
blog,2026-04-08,비듬 없애는 샴푸,정수리 냄새 원인 지루성 두피염 샴푸 고르는 법과 두피 머리카락 사이로 비듬 이 떨어지거나 붉은 뾰루지가 돋아나고 가려움에 손을 대기 시작하면 당신의 정수리냄새제거 지루성두피염 샴푸 두피가려움증원인 두피피지관리 정수리냄새 없애는 법,"['정수리', '냄새', '원인', '지루', '머리카락', '사이', '비듬', '뾰루지', '시작', '정수리', '냄새', '제거', '지루', '가려움증', '원인', '두피피지관리', '정수리', '냄새']","['정수리_냄새', '냄새_원인', '원인_지루', '지루_머리카락', '머리카락_사이', '사이_비듬', '비듬_뾰루지', '뾰루지_시작', '시작_정수리', '정수리_냄새', '냄새_제거', '제거_지루', '지루_가려움증', '가려움증_원인', '원인_두피피지관리', '두피피지관리_정수리', '정수리_냄새']","['정수리', '냄새', '원인', '지루', '머리카락', '사이', '비듬', '뾰루지', '시작', '정수리', '냄새', '제거', '지루', '가려움증', '원인', '두피피지관리', '정수리', '냄새', '정수리_냄새', '냄새_원인', '원인_지루', '지루_머리카락', '머리카락_사이', '사이_비듬', '비듬_뾰루지', '뾰루지_시작', '시작_정수리', '정수리_냄새', '냄새_제거', '제거_지루', '지루_가려움증', '가려움증_원인', '원인_두피피지관리', '두피피지관리_정수리', '정수리_냄새']",[],,,2,"['뾰루지', '가려움']",0,[],-2,이탈위험,False
blog,2026-04-08,비듬 없애는 샴푸,닥터포헤어 폴리젠 비듬 개선 샴푸 지긋지긋한 비듬 고민 끝 개선 샴푸 를 만나게 되었습니다 이 제품은 단순히 비듬 을 일시적으로 없애는 것을 넘어 두피 본연의 건강을 되찾아주고 찰랑이는 머릿결까지 선사한다는 점에서 큰 기대를 갖게 했죠 특히 폴리젠,"['닥터포헤어', '폴리젠', '비듬', '개선', '비듬', '고민', '개선', '비듬', '일시', '본연', '건강', '머릿결', '선사', '기대', '폴리젠']","['닥터포헤어_폴리젠', '폴리젠_비듬', '비듬_개선', '개선_비듬', '비듬_고민', '고민_개선', '개선_비듬', '비듬_일시', '일시_본연', '본연_건강', '건강_머릿결', '머릿결_선사', '선사_기대', '기대_폴리젠']","['닥터포헤어', '폴리젠', '비듬', '개선', '비듬', '고민', '개선', '비듬', '일시', '본연', '건강', '머릿결', '선사', '기대', '폴리젠', '닥터포헤어_폴리젠', '폴리젠_비듬', '비듬_개선', '개선_비듬', '비듬_고민', '고민_개선', '개선_비듬', '비듬_일시', '일시_본연', '본연_건강', '건강_머릿결', '머릿결_선사', '선사_기대', '기대_폴리젠']",[],,,0,[],0,[],0,중립,False
blog,2026-04-08,비듬 없애는 샴푸,스칼프 샴푸 제대로 알고 써야 효과 있습니다 샴푸 는 처음 접해보는데요 워낙 사용자 후기가 좋기도 하고 실제로 지루두피인 사람들이나 비듬 고루트 샴푸 는 안좋은 냄새를 없애는 느낌이에요 아무래도 안좋은 냄새에 대한 탈취특허가 있어서 그런게,"['스칼프', '효과', '처음', '사용자', '지루두피', '비듬', '루트', '냄새', '느낌', '냄새', '탈취', '특허']","['스칼프_효과', '효과_처음', '처음_사용자', '사용자_지루두피', '지루두피_비듬', '비듬_루트', '루트_냄새', '냄새_느낌', '느낌_냄새', '냄새_탈취', '탈취_특허']","['스칼프', '효과', '처음', '사용자', '지루두피', '비듬', '루트', '냄새', '느낌', '냄새', '탈취', '특허', '스칼프_효과', '효과_처음', '처음_사용자', '사용자_지루두피', '지루두피_비듬', '비듬_루트', '루트_냄새', '냄새_느낌', '느낌_냄새', '냄새_탈취', '탈취_특허']",[],,,0,[],0,[],0,중립,False
blog,2026-04-07,비듬 없애는 샴푸,지성 두피 탈출 동구밭 고체 샴푸 바 솔직 후기 민감성두피 비듬없애는샴푸 올인원샴푸 데일리샴푸 헤어케어 모발관리 두피영양 지루성두피 순한성분 두피트러블 동구밭 동구밭샴푸바 고체샴푸바 지성샴푸 두피케어 천연샴푸 약산성샴푸,"['지성', '탈출', '동구', '고체', '비듬', '올인원', '데일리', '케어', '모발', '관리', '영양', '지루', '성분', '트러블', '동구', '동구', '고체', '지성', '케어', '천연', '산성']","['지성_탈출', '탈출_동구', '동구_고체', '고체_비듬', '비듬_올인원', '올인원_데일리', '데일리_케어', '케어_모발', '모발_관리', '관리_영양', '영양_지루', '지루_성분', '성분_트러블', '트러블_동구', '동구_동구', '동구_고체', '고체_지성', '지성_케어', '케어_천연', '천연_산성']","['지성', '탈출', '동구', '고체', '비듬', '올인원', '데일리', '케어', '모발', '관리', '영양', '지루', '성분', '트러블', '동구', '동구', '고체', '지성', '케어', '천연', '산성', '지성_탈출', '탈출_동구', '동구_고체', '고체_비듬', '비듬_올인원', '올인원_데일리', '데일리_케어', '케어_모발', '모발_관리', '관리_영양', '영양_지루', '지루_성분', '성분_트러블', '트러블_동구', '동구_동구', '동구_고체', '고체_지성', '지성_케어', '케어_천연', '천연_산성']",[],,,1,['트러블'],0,[],-1,이탈위험,False
blog,2026-04-07,비듬 없애는 샴푸,비듬없애는 방법 원인 샴푸 생활습관 두피 고민 해결 완벽 가이드 비듬없애는 방법은 올바른 샴푸 선택과 두피 환경 개선 그리고 꾸준한 생활 습관 관리가 함께 이루어질 때 가장 효과적이에요 오늘 알려드린 방법들을 하나씩 실천하다 보면 어느새 비듬 걱정 없는 건강한,"['비듬', '방법', '원인', '생활', '습관', '고민', '해결', '완벽', '가이드', '비듬', '방법', '선택', '환경', '개선', '생활', '습관', '관리', '효과', '방법', '실천', '비듬', '걱정', '건강']","['비듬_방법', '방법_원인', '원인_생활', '생활_습관', '습관_고민', '고민_해결', '해결_완벽', '완벽_가이드', '가이드_비듬', '비듬_방법', '방법_선택', '선택_환경', '환경_개선', '개선_생활', '생활_습관', '습관_관리', '관리_효과', '효과_방법', '방법_실천', '실천_비듬', '비듬_걱정', '걱정_건강']","['비듬', '방법', '원인', '생활', '습관', '고민', '해결', '완벽', '가이드', '비듬', '방법', '선택', '환경', '개선', '생활', '습관', '관리', '효과', '방법', '실천', '비듬', '걱정', '건강', '비듬_방법', '방법_원인', '원인_생활', '생활_습관', '습관_고민', '고민_해결', '해결_완벽', '완벽_가이드', '가이드_비듬', '비듬_방법', '방법_선택', '선택_환경', '환경_개선', '개선_생활', '생활_습관', '습관_관리', '관리_효과', '효과_방법', '방법_실천', '실천_비듬', '비듬_걱정', '걱정_건강']",[],,,0,[],0,[],0,중립,False
blog,2026-04-07,비듬 없애는 샴푸,어깨 위 하얀 가루 비듬 두피 가려움 원인 증상 예방법 3가지 잘못된 샴푸 습관 샴푸 잔여물이 남거나 두피를 제대로 말리지 않는 습관은 세균이 번식하기 딱 좋은 비듬 원인증상 지루성두피염원인 두피스케일링 머리가려울때 비듬없애는 법 지성 비듬 건성 비듬,"['어깨', '가루', '비듬', '원인', '증상', '예방법', '습관', '잔여', '습관', '세균', '번식', '비듬', '원인', '증상', '지루성두피염원', '스케일링', '비듬', '지성', '비듬', '건성', '비듬']","['어깨_가루', '가루_비듬', '비듬_원인', '원인_증상', '증상_예방법', '예방법_습관', '습관_잔여', '잔여_습관', '습관_세균', '세균_번식', '번식_비듬', '비듬_원인', '원인_증상', '증상_지루성두피염원', '지루성두피염원_스케일링', '스케일링_비듬', '비듬_지성', '지성_비듬', '비듬_건성', '건성_비듬']","['어깨', '가루', '비듬', '원인', '증상', '예방법', '습관', '잔여', '습관', '세균', '번식', '비듬', '원인', '증상', '지루성두피염원', '스케일링', '비듬', '지성', '비듬', '건성', '비듬', '어깨_가루', '가루_비듬', '비듬_원인', '원인_증상', '증상_예방법', '예방법_습관', '습관_잔여', '잔여_습관', '습관_세균', '세균_번식', '번식_비듬', '비듬_원인', '원인_증상', '증상_지루성두피염원', '지루성두피염원_스케일링', '스케일링_비듬', '비듬_지성', '지성_비듬', '비듬_건성', '건성_비듬']",[],,,1,['가려움'],0,[],-1,이탈위험,False
blog,2026-04-07,비듬 없애는 샴푸,청소년 비듬 샴푸 추천 두피 냄새 관리한 후기 고작 샴푸 를 찾는거지만 비듬 에만 효과가 있는게 아니라 연관된 문제인 냄새도 없애는 걸 원했어요 아무래도 본연의 체취가 있는데 애매한 향으로 덮기보다는 탈취효과가 있어서 냄새가 없어지면 좋겠다 는,"['청소년', '비듬', '냄새', '관리', '비듬', '효과', '연관', '문제', '냄새', '본연', '체취', '탈취', '효과', '냄새']","['청소년_비듬', '비듬_냄새', '냄새_관리', '관리_비듬', '비듬_효과', '효과_연관', '연관_문제', '문제_냄새', '냄새_본연', '본연_체취', '체취_탈취', '탈취_효과', '효과_냄새']","['청소년', '비듬', '냄새', '관리', '비듬', '효과', '연관', '문제', '냄새', '본연', '체취', '탈취', '효과', '냄새', '청소년_비듬', '비듬_냄새', '냄새_관리', '관리_비듬', '비듬_효과', '효과_연관', '연관_문제', '문제_냄새', '냄새_본연', '본연_체취', '체취_탈취', '탈취_효과', '효과_냄새']",[],,,0,[],1,['추천'],1,긍정,False
blog,2026-04-07,비듬 없애는 샴푸,비듬없애는 법 원인 샴푸 관리법 두피 전문가도 강조하는 핵심 주 2 3회 항진균 샴푸 를 사용하고 나머지는 순한 두피 전용 샴푸 로 번갈아 쓰는 방식이 비듬없애는 법으로 가장 효과적이랍니다 4 비듬 재발 방지 및 생활 습관 비듬없애는 법은 일시적인 해결보다 재발을 막는,"['비듬', '원인', '관리법', '전문가', '강조', '핵심', '진균', '나머지', '전용', '방식', '비듬', '효과', '비듬', '재발', '방지', '생활', '습관', '비듬', '일시', '해결', '재발']","['비듬_원인', '원인_관리법', '관리법_전문가', '전문가_강조', '강조_핵심', '핵심_진균', '진균_나머지', '나머지_전용', '전용_방식', '방식_비듬', '비듬_효과', '효과_비듬', '비듬_재발', '재발_방지', '방지_생활', '생활_습관', '습관_비듬', '비듬_일시', '일시_해결', '해결_재발']","['비듬', '원인', '관리법', '전문가', '강조', '핵심', '진균', '나머지', '전용', '방식', '비듬', '효과', '비듬', '재발', '방지', '생활', '습관', '비듬', '일시', '해결', '재발', '비듬_원인', '원인_관리법', '관리법_전문가', '전문가_강조', '강조_핵심', '핵심_진균', '진균_나머지', '나머지_전용', '전용_방식', '방식_비듬', '비듬_효과', '효과_비듬', '비듬_재발', '재발_방지', '방지_생활', '생활_습관', '습관_비듬', '비듬_일시', '일시_해결', '해결_재발']",[],,,0,[],0,[],0,중립,False
blog,2026-04-07,비듬 없애는 샴푸,닥터그루트 마이크로바이옴 탈모 샴푸 모르면 손해 보는 두피 약산성 샴푸 장점 탈모예방습관 모발굵어지는법 두피뾰루지원인 비듬없애는 법 홈케어두피관리 환절기탈모예방 출산후탈모시기 내용이 도움이 되셨다면 공감 하트 꾸욱,"['닥터그루트', '마이크로바이옴', '탈모', '손해', '약산', '장점', '탈모', '예방', '습관', '모발', '뾰루지', '원인', '비듬', '케어', '관리', '환절기', '탈모', '예방', '출산', '탈모', '시기', '내용', '도움', '공감', '하트']","['닥터그루트_마이크로바이옴', '마이크로바이옴_탈모', '탈모_손해', '손해_약산', '약산_장점', '장점_탈모', '탈모_예방', '예방_습관', '습관_모발', '모발_뾰루지', '뾰루지_원인', '원인_비듬', '비듬_케어', '케어_관리', '관리_환절기', '환절기_탈모', '탈모_예방', '예방_출산', '출산_탈모', '탈모_시기', '시기_내용', '내용_도움', '도움_공감', '공감_하트']","['닥터그루트', '마이크로바이옴', '탈모', '손해', '약산', '장점', '탈모', '예방', '습관', '모발', '뾰루지', '원인', '비듬', '케어', '관리', '환절기', '탈모', '예방', '출산', '탈모', '시기', '내용', '도움', '공감', '하트', '닥터그루트_마이크로바이옴', '마이크로바이옴_탈모', '탈모_손해', '손해_약산', '약산_장점', '장점_탈모', '탈모_예방', '예방_습관', '습관_모발', '모발_뾰루지', '뾰루지_원인', '원인_비듬', '비듬_케어', '케어_관리', '관리_환절기', '환절기_탈모', '탈모_예방', '예방_출산', '출산_탈모', '탈모_시기', '시기_내용', '내용_도움', '도움_공감', '공감_하트']",[],,,1,['뾰루지'],0,[],-1,이탈위험,False
blog,2026-04-07,비듬 없애는 샴푸,비듬 없애는 방법 두피 자극을 줄이는 것이 비듬 없애는 방법의 첫걸음이에요 샴푸 잔여물 없는 완벽한 헹굼 비듬 의 큰 원인 중 하나가 바로 샴푸 찌꺼기예요 샴푸 시간보다 헹구는 시간을 2배 더 길게 잡아주세요 특히 귀,"['비듬', '방법', '자극', '비듬', '방법', '첫걸음', '잔여', '완벽', '비듬', '원인', '찌꺼기', '시간', '시간']","['비듬_방법', '방법_자극', '자극_비듬', '비듬_방법', '방법_첫걸음', '첫걸음_잔여', '잔여_완벽', '완벽_비듬', '비듬_원인', '원인_찌꺼기', '찌꺼기_시간', '시간_시간']","['비듬', '방법', '자극', '비듬', '방법', '첫걸음', '잔여', '완벽', '비듬', '원인', '찌꺼기', '시간', '시간', '비듬_방법', '방법_자극', '자극_비듬', '비듬_방법', '방법_첫걸음', '첫걸음_잔여', '잔여_완벽', '완벽_비듬', '비듬_원인', '원인_찌꺼기', '찌꺼기_시간', '시간_시간']",[],,,1,['자극'],0,[],-1,이탈위험,False
blog,2026-04-07,비듬 없애는 샴푸,와프랩 긴머리용 비듬 없애는 청소년 샴푸 이에 제가 선택한 제품은 와프랩 긴머리용 비듬 없애는 청소년 샴푸 입니다 이 제품은 특히 긴 머리를 가진 청소년에게 적합하다고 알려져 있어 기대감을 가지고 사용해 보았습니다 비듬 문제는 물론이고 긴,"['와프랩', '비듬', '청소년', '선택', '와프랩', '비듬', '청소년', '청소년', '적합', '기대감', '비듬', '문제', '물론']","['와프랩_비듬', '비듬_청소년', '청소년_선택', '선택_와프랩', '와프랩_비듬', '비듬_청소년', '청소년_청소년', '청소년_적합', '적합_기대감', '기대감_비듬', '비듬_문제', '문제_물론']","['와프랩', '비듬', '청소년', '선택', '와프랩', '비듬', '청소년', '청소년', '적합', '기대감', '비듬', '문제', '물론', '와프랩_비듬', '비듬_청소년', '청소년_선택', '선택_와프랩', '와프랩_비듬', '비듬_청소년', '청소년_청소년', '청소년_적합', '적합_기대감', '기대감_비듬', '비듬_문제', '문제_물론']",[],,,0,[],0,[],0,중립,False
blog,2026-04-07,비듬 없애는 샴푸,민감한 두피 관리부터 비듬 없애는 일상 습관까지 정리 비듬 제거를 위한 천연 방법 중 하나로 식초를 희석한 물로 헹구거나 티트리 오일을 샴푸 에 한 방울 섞어 사용하는 방식이 두피의 유수분 균형을 잡는 데 매우 효과적입니다 모자 착용과 눌림 현상 모자를 자주,"['관리', '비듬', '일상', '습관', '정리', '비듬', '제거', '천연', '방법', '식초', '희석', '트리', '오일', '방울', '방식', '수분', '균형', '효과', '모자', '착용', '현상', '모자']","['관리_비듬', '비듬_일상', '일상_습관', '습관_정리', '정리_비듬', '비듬_제거', '제거_천연', '천연_방법', '방법_식초', '식초_희석', '희석_트리', '트리_오일', '오일_방울', '방울_방식', '방식_수분', '수분_균형', '균형_효과', '효과_모자', '모자_착용', '착용_현상', '현상_모자']","['관리', '비듬', '일상', '습관', '정리', '비듬', '제거', '천연', '방법', '식초', '희석', '트리', '오일', '방울', '방식', '수분', '균형', '효과', '모자', '착용', '현상', '모자', '관리_비듬', '비듬_일상', '일상_습관', '습관_정리', '정리_비듬', '비듬_제거', '제거_천연', '천연_방법', '방법_식초', '식초_희석', '희석_트리', '트리_오일', '오일_방울', '방울_방식', '방식_수분', '수분_균형', '균형_효과', '효과_모자', '모자_착용', '착용_현상', '현상_모자']",[],,,0,[],0,[],0,중립,False
blog,2026-04-06,비듬 없애는 샴푸,4월 두피 각질 해결 아침 vs 밤 머리 감기 최적의 시간은 찬바람으로 두피 속까지 말리기 04 주 1 2회 두피 스케일링 제품 활용 머리감는시간 두피각질제거 아침머리감기 밤에머리감기 환절기두피관리 비듬없애는 법 4월피부관리 탈모예방습관 올바른 샴푸 법,"['각질', '해결', '아침', '최적', '시간', '바람', '스케일링', '활용', '시간', '각질', '제거', '아침', '감기', '환절기', '관리', '비듬', '피부', '관리', '탈모', '예방', '습관']","['각질_해결', '해결_아침', '아침_최적', '최적_시간', '시간_바람', '바람_스케일링', '스케일링_활용', '활용_시간', '시간_각질', '각질_제거', '제거_아침', '아침_감기', '감기_환절기', '환절기_관리', '관리_비듬', '비듬_피부', '피부_관리', '관리_탈모', '탈모_예방', '예방_습관']","['각질', '해결', '아침', '최적', '시간', '바람', '스케일링', '활용', '시간', '각질', '제거', '아침', '감기', '환절기', '관리', '비듬', '피부', '관리', '탈모', '예방', '습관', '각질_해결', '해결_아침', '아침_최적', '최적_시간', '시간_바람', '바람_스케일링', '스케일링_활용', '활용_시간', '시간_각질', '각질_제거', '제거_아침', '아침_감기', '감기_환절기', '환절기_관리', '관리_비듬', '비듬_피부', '피부_관리', '관리_탈모', '탈모_예방', '예방_습관']",[],,,0,[],0,[],0,중립,False
blog,2026-04-06,비듬 없애는 샴푸,비듬없애는 방법 식초 샴푸 두피관리 완벽 가이드 혈액순환도 함께 촉진되는 효과가 있어요 ③ 식초 샴푸 혼합법 평소 쓰는 샴푸 에 사과식초 몇 방울을 섞어 사용하는 방법도 비듬없애는 방법으로 간편하게 실천할 수 있어요 무엇보다 꾸준함이 핵심이에요,"['비듬', '방법', '식초', '관리', '완벽', '가이드', '혈액', '순환', '촉진', '효과', '식초', '혼합', '평소', '사과', '식초', '방울', '방법', '비듬', '방법', '실천', '핵심']","['비듬_방법', '방법_식초', '식초_관리', '관리_완벽', '완벽_가이드', '가이드_혈액', '혈액_순환', '순환_촉진', '촉진_효과', '효과_식초', '식초_혼합', '혼합_평소', '평소_사과', '사과_식초', '식초_방울', '방울_방법', '방법_비듬', '비듬_방법', '방법_실천', '실천_핵심']","['비듬', '방법', '식초', '관리', '완벽', '가이드', '혈액', '순환', '촉진', '효과', '식초', '혼합', '평소', '사과', '식초', '방울', '방법', '비듬', '방법', '실천', '핵심', '비듬_방법', '방법_식초', '식초_관리', '관리_완벽', '완벽_가이드', '가이드_혈액', '혈액_순환', '순환_촉진', '촉진_효과', '효과_식초', '식초_혼합', '혼합_평소', '평소_사과', '사과_식초', '식초_방울', '방울_방법', '방법_비듬', '비듬_방법', '방법_실천', '실천_핵심']",[],,,0,[],0,[],0,중립,False
blog,2026-04-06,비듬 없애는 샴푸,비듬 제거 샴푸 써도 소용없던 이유 결국 답은 비듬 클리너 과거의 저는 비듬 에 대하여 엄청나게 검색을 했었어요 비듬 샴푸 추천 두피각질제거 방법 비듬 없애는 법 검색할 때마다 나오는 전용 제품들을 하나씩 써봤는데 니조랄도 써봤고 헤드앤숄더도 꽤 오래,"['비듬', '제거', '비듬', '클리너', '과거', '비듬', '검색', '비듬', '각질', '제거', '방법', '비듬', '검색', '전용', '니조랄']","['비듬_제거', '제거_비듬', '비듬_클리너', '클리너_과거', '과거_비듬', '비듬_검색', '검색_비듬', '비듬_각질', '각질_제거', '제거_방법', '방법_비듬', '비듬_검색', '검색_전용', '전용_니조랄']","['비듬', '제거', '비듬', '클리너', '과거', '비듬', '검색', '비듬', '각질', '제거', '방법', '비듬', '검색', '전용', '니조랄', '비듬_제거', '제거_비듬', '비듬_클리너', '클리너_과거', '과거_비듬', '비듬_검색', '검색_비듬', '비듬_각질', '각질_제거', '제거_방법', '방법_비듬', '비듬_검색', '검색_전용', '전용_니조랄']",[],,,2,"['소용없', '니조랄']",1,['추천'],-1,이탈위험,True
blog,2026-04-06,비듬 없애는 샴푸,비듬 없애는 방법 민간요법 효과 있을까 원인 검증법 관리법 지루성 피부염이 원인이라면 피부과에서 항진균 샴푸 나 외용제 처방을 받는 것이 가장 확실한 해결책이죠 비듬 없애는 방법 민간요법은 올바르게 선택하고 적용할 때 보조적인 도움이 될 수 있어요 하지만,"['비듬', '방법', '민간요법', '효과', '원인', '검증', '관리법', '지루성 피부염', '원인', '피부과', '항진', '용제', '처방', '해결책', '비듬', '방법', '민간요법', '선택', '적용', '보조', '도움']","['비듬_방법', '방법_민간요법', '민간요법_효과', '효과_원인', '원인_검증', '검증_관리법', '관리법_지루성 피부염', '지루성 피부염_원인', '원인_피부과', '피부과_항진', '항진_용제', '용제_처방', '처방_해결책', '해결책_비듬', '비듬_방법', '방법_민간요법', '민간요법_선택', '선택_적용', '적용_보조', '보조_도움']","['비듬', '방법', '민간요법', '효과', '원인', '검증', '관리법', '지루성 피부염', '원인', '피부과', '항진', '용제', '처방', '해결책', '비듬', '방법', '민간요법', '선택', '적용', '보조', '도움', '비듬_방법', '방법_민간요법', '민간요법_효과', '효과_원인', '원인_검증', '검증_관리법', '관리법_지루성 피부염', '지루성 피부염_원인', '원인_피부과', '피부과_항진', '항진_용제', '용제_처방', '처방_해결책', '해결책_비듬', '비듬_방법', '방법_민간요법', '민간요법_선택', '선택_적용', '적용_보조', '보조_도움']",[],,,0,[],0,[],0,중립,False
blog,2026-04-06,비듬 없애는 샴푸,비듬없애는 방법 두피 상태별로 고르면 쉬워져요 비듬없애는 방법 샴푸 성분부터 제대로 고르면 훨씬 쉬워져요 비듬없애는 방법을 찾을 때 가장 먼저 바꿔야 하는 건 샴푸 선택이에요 같은 비듬 샴푸 처럼 보여도 들어 있는 성분이 다르고 두피 반응도 꽤,"['비듬', '방법', '상태', '비듬', '방법', '성분', '비듬', '방법', '선택', '비듬', '성분', '반응']","['비듬_방법', '방법_상태', '상태_비듬', '비듬_방법', '방법_성분', '성분_비듬', '비듬_방법', '방법_선택', '선택_비듬', '비듬_성분', '성분_반응']","['비듬', '방법', '상태', '비듬', '방법', '성분', '비듬', '방법', '선택', '비듬', '성분', '반응', '비듬_방법', '방법_상태', '상태_비듬', '비듬_방법', '방법_성분', '성분_비듬', '비듬_방법', '방법_선택', '선택_비듬', '비듬_성분', '성분_반응']",[],,,1,['별로'],0,[],-1,이탈위험,False
blog,2026-04-06,비듬 없애는 샴푸,두피 냄새 원인과 제거 방법 총정리 확실하게 잡는 관리법 특히 말라세지아균 같은 곰팡이가 증가하면 비듬 냄새 가려움까지 같이 나타납니다 본 이미지는 두피 냄새 없애는 방법 집에서 가능 1 샴푸 방법부터 바꿔야 합니다 미지근한 물로 충분히 적시기,"['냄새', '원인', '제거', '방법', '정리', '관리법', '말라세지아균', '곰팡이', '증가', '비듬', '냄새', '이미지', '냄새', '방법', '방법']","['냄새_원인', '원인_제거', '제거_방법', '방법_정리', '정리_관리법', '관리법_말라세지아균', '말라세지아균_곰팡이', '곰팡이_증가', '증가_비듬', '비듬_냄새', '냄새_이미지', '이미지_냄새', '냄새_방법', '방법_방법']","['냄새', '원인', '제거', '방법', '정리', '관리법', '말라세지아균', '곰팡이', '증가', '비듬', '냄새', '이미지', '냄새', '방법', '방법', '냄새_원인', '원인_제거', '제거_방법', '방법_정리', '정리_관리법', '관리법_말라세지아균', '말라세지아균_곰팡이', '곰팡이_증가', '증가_비듬', '비듬_냄새', '냄새_이미지', '이미지_냄새', '냄새_방법', '방법_방법']",[],,,1,['가려움'],0,[],-1,이탈위험,False
blog,2026-04-06,비듬 없애는 샴푸,두피질환 왜 생길까요 원인부터 치료방법까지 한번에 부족 샴푸 후 두피 미건조 이러한 습관이 지속되면 두피 환경이 나빠지면서 질환이 반복될 수 있습니다 3 이런 증상이 있다면 두피질환을 의심해보세요 다음과 같은 증상이 반복된다면 단순 비듬 이,"['질환', '원인', '치료', '방법', '부족', '건조', '습관', '지속', '환경', '질환', '반복', '증상', '질환', '의심', '다음', '증상', '반복', '단순', '비듬']","['질환_원인', '원인_치료', '치료_방법', '방법_부족', '부족_건조', '건조_습관', '습관_지속', '지속_환경', '환경_질환', '질환_반복', '반복_증상', '증상_질환', '질환_의심', '의심_다음', '다음_증상', '증상_반복', '반복_단순', '단순_비듬']","['질환', '원인', '치료', '방법', '부족', '건조', '습관', '지속', '환경', '질환', '반복', '증상', '질환', '의심', '다음', '증상', '반복', '단순', '비듬', '질환_원인', '원인_치료', '치료_방법', '방법_부족', '부족_건조', '건조_습관', '습관_지속', '지속_환경', '환경_질환', '질환_반복', '반복_증상', '증상_질환', '질환_의심', '의심_다음', '다음_증상', '증상_반복', '반복_단순', '단순_비듬']",[],,,0,[],0,[],0,중립,False
blog,2026-04-05,비듬 없애는 샴푸,지루성 두피염 vs 일반 비듬 차이 이거 모르면 계속 반복됩니다 비듬 인데 왜 계속 안 낫는 걸까 비듬 이 생기면 대부분 샴푸 를 바꾸거나 자주 감는 것으로 해결하려 태그 지루성두피염 비듬 차이 두피염증 비듬 원인 두피가려움 두피질환 비듬없애는 법 두피관리 탈모예방,"['지루', '일반', '비듬', '차이', '반복', '비듬', '비듬', '대부분', '해결', '태그', '지루성두피염', '비듬', '차이', '염증', '비듬', '원인', '질환', '비듬', '관리', '탈모', '예방']","['지루_일반', '일반_비듬', '비듬_차이', '차이_반복', '반복_비듬', '비듬_비듬', '비듬_대부분', '대부분_해결', '해결_태그', '태그_지루성두피염', '지루성두피염_비듬', '비듬_차이', '차이_염증', '염증_비듬', '비듬_원인', '원인_질환', '질환_비듬', '비듬_관리', '관리_탈모', '탈모_예방']","['지루', '일반', '비듬', '차이', '반복', '비듬', '비듬', '대부분', '해결', '태그', '지루성두피염', '비듬', '차이', '염증', '비듬', '원인', '질환', '비듬', '관리', '탈모', '예방', '지루_일반', '일반_비듬', '비듬_차이', '차이_반복', '반복_비듬', '비듬_비듬', '비듬_대부분', '대부분_해결', '해결_태그', '태그_지루성두피염', '지루성두피염_비듬', '비듬_차이', '차이_염증', '염증_비듬', '비듬_원인', '원인_질환', '질환_비듬', '비듬_관리', '관리_탈모', '탈모_예방']",[],,,1,['가려움'],0,[],-1,이탈위험,False
blog,2026-04-05,비듬 없애는 샴푸,비듬 심할 때 절대 하면 안 되는 습관 5가지 오히려 더 어떤 방법을 써봤고 효과가 있었는지 댓글로 공유해 주세요 태그 비듬 원인 비듬없애는 법 두피염증 지루성두피염 두피관리 비듬 샴푸 두피건강 탈모예방 두피가려움 두피케어,"['비듬', '습관', '방법', '효과', '댓글', '공유', '태그', '비듬', '원인', '비듬', '염증', '지루성두피염', '관리', '비듬', '건강', '탈모', '예방', '케어']","['비듬_습관', '습관_방법', '방법_효과', '효과_댓글', '댓글_공유', '공유_태그', '태그_비듬', '비듬_원인', '원인_비듬', '비듬_염증', '염증_지루성두피염', '지루성두피염_관리', '관리_비듬', '비듬_건강', '건강_탈모', '탈모_예방', '예방_케어']","['비듬', '습관', '방법', '효과', '댓글', '공유', '태그', '비듬', '원인', '비듬', '염증', '지루성두피염', '관리', '비듬', '건강', '탈모', '예방', '케어', '비듬_습관', '습관_방법', '방법_효과', '효과_댓글', '댓글_공유', '공유_태그', '태그_비듬', '비듬_원인', '원인_비듬', '비듬_염증', '염증_지루성두피염', '지루성두피염_관리', '관리_비듬', '비듬_건강', '건강_탈모', '탈모_예방', '예방_케어']",[],,,1,['가려움'],0,[],-1,이탈위험,False
blog,2026-04-05,비듬 없애는 샴푸,향 좋은 샴푸 추천 바디브 약산성 미오 샴푸 헤어제품추천 바디브트리트먼트 약산성 샴푸 정수리냄새 샴푸 약산성트리트먼트 바디브 샴푸 향기좋은 샴푸 대용량삼푸 대용량트리트먼트 비듬없애는 방법 비듬 샴푸 서이추환영 서이추,"['바디브', '산성', '바디브', '트리트먼트', '약산', '정수리', '냄새', '산성', '트리트먼트', '바디브', '향기', '용량', '용량', '트리트먼트', '비듬', '방법', '비듬', '서이추환영', '서이추']","['바디브_산성', '산성_바디브', '바디브_트리트먼트', '트리트먼트_약산', '약산_정수리', '정수리_냄새', '냄새_산성', '산성_트리트먼트', '트리트먼트_바디브', '바디브_향기', '향기_용량', '용량_용량', '용량_트리트먼트', '트리트먼트_비듬', '비듬_방법', '방법_비듬', '비듬_서이추환영', '서이추환영_서이추']","['바디브', '산성', '바디브', '트리트먼트', '약산', '정수리', '냄새', '산성', '트리트먼트', '바디브', '향기', '용량', '용량', '트리트먼트', '비듬', '방법', '비듬', '서이추환영', '서이추', '바디브_산성', '산성_바디브', '바디브_트리트먼트', '트리트먼트_약산', '약산_정수리', '정수리_냄새', '냄새_산성', '산성_트리트먼트', '트리트먼트_바디브', '바디브_향기', '향기_용량', '용량_용량', '용량_트리트먼트', '트리트먼트_비듬', '비듬_방법', '방법_비듬', '비듬_서이추환영', '서이추환영_서이추']",[],,,0,[],1,['추천'],1,긍정,False
blog,2026-04-05,비듬 없애는 샴푸,비듬 제거빗 찾다가 정착한 비듬 클리너 참빗 솔직 후기 비듬 샴푸 로 바꾸면 해결되겠지 싶어서 헤드앤숄더도 써봤고 약국에서 파는 비듬 전용 제품 니조랄 1 2 비듬 클리너 스케일링 참빗 머릿니 두피 각질 없애는 제거 전용 빗 브러쉬 아뜰리에뮤즈 22 800 제가,"['비듬', '제거', '정착', '비듬', '클리너', '비듬', '해결', '비듬', '전용', '니조랄', '비듬', '클리너', '스케일링', '머릿니', '각질', '제거', '전용', '브러쉬', '아뜰리에뮤즈']","['비듬_제거', '제거_정착', '정착_비듬', '비듬_클리너', '클리너_비듬', '비듬_해결', '해결_비듬', '비듬_전용', '전용_니조랄', '니조랄_비듬', '비듬_클리너', '클리너_스케일링', '스케일링_머릿니', '머릿니_각질', '각질_제거', '제거_전용', '전용_브러쉬', '브러쉬_아뜰리에뮤즈']","['비듬', '제거', '정착', '비듬', '클리너', '비듬', '해결', '비듬', '전용', '니조랄', '비듬', '클리너', '스케일링', '머릿니', '각질', '제거', '전용', '브러쉬', '아뜰리에뮤즈', '비듬_제거', '제거_정착', '정착_비듬', '비듬_클리너', '클리너_비듬', '비듬_해결', '해결_비듬', '비듬_전용', '전용_니조랄', '니조랄_비듬', '비듬_클리너', '클리너_스케일링', '스케일링_머릿니', '머릿니_각질', '각질_제거', '제거_전용', '전용_브러쉬', '브러쉬_아뜰리에뮤즈']",[],,,1,['니조랄'],1,['정착'],0,중립,True
blog,2026-04-05,비듬 없애는 샴푸,BEST3 두피 고민 해결사 지성 비듬 탈모 완화 인생 샴푸 모음 비듬 은 일시적으로 없애는 게 중요한 게 아니라 생기지 않는 환경을 만드는 게 중요한데 이 샴푸 가 딱 그 역할을 해준답니다 깨끗하고 건강한 두피를 위해 선택해 보세요 최저가 확인하기 3 닥터포헤어,"['고민', '해결사', '지성', '비듬', '탈모', '완화', '인생', '비듬', '일시', '중요', '환경', '중요', '역할', '건강', '선택', '확인', '닥터포헤어']","['고민_해결사', '해결사_지성', '지성_비듬', '비듬_탈모', '탈모_완화', '완화_인생', '인생_비듬', '비듬_일시', '일시_중요', '중요_환경', '환경_중요', '중요_역할', '역할_건강', '건강_선택', '선택_확인', '확인_닥터포헤어']","['고민', '해결사', '지성', '비듬', '탈모', '완화', '인생', '비듬', '일시', '중요', '환경', '중요', '역할', '건강', '선택', '확인', '닥터포헤어', '고민_해결사', '해결사_지성', '지성_비듬', '비듬_탈모', '탈모_완화', '완화_인생', '인생_비듬', '비듬_일시', '일시_중요', '중요_환경', '환경_중요', '중요_역할', '역할_건강', '건강_선택', '선택_확인', '확인_닥터포헤어']",[],,,0,[],0,[],0,중립,False
blog,2026-04-05,비듬 없애는 샴푸,머리 감아도 계속되는 비듬 샴푸 탓 아니었다 놓치기 쉬운 quot 3주 넘은 입속 궤양 구내염 구강암 차이 결정적 증상 5가지 지금 바로 확인하기 비듬 원인 두피관리 샴푸 방법 건강습관 두피건강 비듬없애는 법 두피각질 올바른 샴푸 법 생활습관개선 지성 비듬,"['계속', '비듬', '궤양', '구내염', '구강', '차이', '결정', '증상', '확인', '비듬', '원인', '관리', '방법', '건강', '습관', '건강', '비듬', '각질', '생활', '습관', '개선', '지성', '비듬']","['계속_비듬', '비듬_궤양', '궤양_구내염', '구내염_구강', '구강_차이', '차이_결정', '결정_증상', '증상_확인', '확인_비듬', '비듬_원인', '원인_관리', '관리_방법', '방법_건강', '건강_습관', '습관_건강', '건강_비듬', '비듬_각질', '각질_생활', '생활_습관', '습관_개선', '개선_지성', '지성_비듬']","['계속', '비듬', '궤양', '구내염', '구강', '차이', '결정', '증상', '확인', '비듬', '원인', '관리', '방법', '건강', '습관', '건강', '비듬', '각질', '생활', '습관', '개선', '지성', '비듬', '계속_비듬', '비듬_궤양', '궤양_구내염', '구내염_구강', '구강_차이', '차이_결정', '결정_증상', '증상_확인', '확인_비듬', '비듬_원인', '원인_관리', '관리_방법', '방법_건강', '건강_습관', '습관_건강', '건강_비듬', '비듬_각질', '각질_생활', '생활_습관', '습관_개선', '개선_지성', '지성_비듬']",[],,,0,[],0,[],0,중립,False
blog,2026-04-05,비듬 없애는 샴푸,미세먼지로부터 모발 보호하고 비듬 없애는 두피 관리 체크리스트 큐티클 사이에 박힌 미세한 입자들은 두피 건강까지 위협하므로 귀가 직후 꼼꼼한 샴푸 루틴이 필요합니다 비듬 제거의 천연 접근법 가려움과 각질이 고민이라면 비듬 제거를 위한 천연 방법으로 녹차 우린,"['미세', '먼지', '모발', '보호', '비듬', '관리', '체크', '리스트', '큐티클', '사이', '입자', '건강', '위협', '귀가', '직후', '루틴', '필요', '비듬', '제거', '천연', '접근법', '각질', '고민', '비듬', '제거', '천연', '방법', '녹차']","['미세_먼지', '먼지_모발', '모발_보호', '보호_비듬', '비듬_관리', '관리_체크', '체크_리스트', '리스트_큐티클', '큐티클_사이', '사이_입자', '입자_건강', '건강_위협', '위협_귀가', '귀가_직후', '직후_루틴', '루틴_필요', '필요_비듬', '비듬_제거', '제거_천연', '천연_접근법', '접근법_각질', '각질_고민', '고민_비듬', '비듬_제거', '제거_천연', '천연_방법', '방법_녹차']","['미세', '먼지', '모발', '보호', '비듬', '관리', '체크', '리스트', '큐티클', '사이', '입자', '건강', '위협', '귀가', '직후', '루틴', '필요', '비듬', '제거', '천연', '접근법', '각질', '고민', '비듬', '제거', '천연', '방법', '녹차', '미세_먼지', '먼지_모발', '모발_보호', '보호_비듬', '비듬_관리', '관리_체크', '체크_리스트', '리스트_큐티클', '큐티클_사이', '사이_입자', '입자_건강', '건강_위협', '위협_귀가', '귀가_직후', '직후_루틴', '루틴_필요', '필요_비듬', '비듬_제거', '제거_천연', '천연_접근법', '접근법_각질', '각질_고민', '고민_비듬', '비듬_제거', '제거_천연', '천연_방법', '방법_녹차']",[],,,1,['가려움'],0,[],-1,이탈위험,False
blog,2026-04-05,비듬 없애는 샴푸,여수두피건선치료 혈액정화로 뿌리를 다스리다 머리를 감아도 금세 쌓이는 비듬 같은 각질 때문에 어두운색의 옷을 입기 꺼려지고 사람들의 시선이 따라서 건선치료의 궁극적인 목표는 단순히 피부 증상을 없애는 것을 넘어 면역체계의 균형을 바로잡아,"['여수두피건선치료', '혈액', '정화', '뿌리', '비듬', '각질', '시선', '건선', '치료', '궁극', '목표', '피부', '증상', '면역', '체계', '균형']","['여수두피건선치료_혈액', '혈액_정화', '정화_뿌리', '뿌리_비듬', '비듬_각질', '각질_시선', '시선_건선', '건선_치료', '치료_궁극', '궁극_목표', '목표_피부', '피부_증상', '증상_면역', '면역_체계', '체계_균형']","['여수두피건선치료', '혈액', '정화', '뿌리', '비듬', '각질', '시선', '건선', '치료', '궁극', '목표', '피부', '증상', '면역', '체계', '균형', '여수두피건선치료_혈액', '혈액_정화', '정화_뿌리', '뿌리_비듬', '비듬_각질', '각질_시선', '시선_건선', '건선_치료', '치료_궁극', '궁극_목표', '목표_피부', '피부_증상', '증상_면역', '면역_체계', '체계_균형']",[],,,0,[],0,[],0,중립,False
blog,2026-04-04,비듬 없애는 샴푸,비듬 없애는 방법 12가지 비듬 없애는 방법 비듬 없애는 방법 12가지 1 항진균 성분 샴푸 사용 비듬 의 주요 원인인 말라세지아 곰팡이균을 억제하기 위해 케토코나졸이나 징크피리치온 같은 항진균 성분이 포함된 기능성 샴푸 를,"['비듬', '방법', '비듬', '방법', '비듬', '방법', '항진', '성분', '비듬', '주요', '원인', '말라세지아', '곰팡이', '억제', '케토코나졸', '징크피리치온', '항진', '성분', '포함', '기능']","['비듬_방법', '방법_비듬', '비듬_방법', '방법_비듬', '비듬_방법', '방법_항진', '항진_성분', '성분_비듬', '비듬_주요', '주요_원인', '원인_말라세지아', '말라세지아_곰팡이', '곰팡이_억제', '억제_케토코나졸', '케토코나졸_징크피리치온', '징크피리치온_항진', '항진_성분', '성분_포함', '포함_기능']","['비듬', '방법', '비듬', '방법', '비듬', '방법', '항진', '성분', '비듬', '주요', '원인', '말라세지아', '곰팡이', '억제', '케토코나졸', '징크피리치온', '항진', '성분', '포함', '기능', '비듬_방법', '방법_비듬', '비듬_방법', '방법_비듬', '비듬_방법', '방법_항진', '항진_성분', '성분_비듬', '비듬_주요', '주요_원인', '원인_말라세지아', '말라세지아_곰팡이', '곰팡이_억제', '억제_케토코나졸', '케토코나졸_징크피리치온', '징크피리치온_항진', '항진_성분', '성분_포함', '포함_기능']",[],,,0,[],0,[],0,중립,False
blog,2026-04-15,두피각질 샴푸,두피 케어 및 탈모관리 미리 위한 아이템 다자르 구공 샴푸 앞으로 더워지는 만큼이나 보다 두피 와 모발에 시원함을 더하 주는 샴푸 쫀득쫀득 모발에 착 달라 붙는 느낌으로 모발 두피 에 있는 각질 과 비듬을 동시에 제거 가능하며 사용하고 난 후에는 두피 가 전체적으로,"['케어', '탈모', '관리', '아이템', '모발', '모발', '느낌', '모발', '각질', '비듬', '동시', '제거', '가능', '전체']","['케어_탈모', '탈모_관리', '관리_아이템', '아이템_모발', '모발_모발', '모발_느낌', '느낌_모발', '모발_각질', '각질_비듬', '비듬_동시', '동시_제거', '제거_가능', '가능_전체']","['케어', '탈모', '관리', '아이템', '모발', '모발', '느낌', '모발', '각질', '비듬', '동시', '제거', '가능', '전체', '케어_탈모', '탈모_관리', '관리_아이템', '아이템_모발', '모발_모발', '모발_느낌', '느낌_모발', '모발_각질', '각질_비듬', '비듬_동시', '동시_제거', '제거_가능', '가능_전체']",[],,,0,[],0,[],0,중립,False
blog,2026-04-15,두피각질 샴푸,솔랩 아쿠이픽 두피 스케일러 개운하게 두피각질 케어 제가 요즘 사용 중인 솔랩 아쿠아픽 두피 스케일러 입니다 샴푸 로도 활용 가능한 올인원 제품으로 모공 속 피지와 각질 을 녹여내고 샴푸 로 마무리하는 2step 집중 클렌징 루틴으로 관리 중인데 샴푸 로만,"['솔랩', '아쿠이픽', '스케일러', '각질', '케어', '아쿠아픽', '스케일러', '활용', '가능', '인원', '모공', '피지', '각질', '마무리', '집중', '클렌징', '루틴', '관리']","['솔랩_아쿠이픽', '아쿠이픽_스케일러', '스케일러_각질', '각질_케어', '케어_아쿠아픽', '아쿠아픽_스케일러', '스케일러_활용', '활용_가능', '가능_인원', '인원_모공', '모공_피지', '피지_각질', '각질_마무리', '마무리_집중', '집중_클렌징', '클렌징_루틴', '루틴_관리']","['솔랩', '아쿠이픽', '스케일러', '각질', '케어', '아쿠아픽', '스케일러', '활용', '가능', '인원', '모공', '피지', '각질', '마무리', '집중', '클렌징', '루틴', '관리', '솔랩_아쿠이픽', '아쿠이픽_스케일러', '스케일러_각질', '각질_케어', '케어_아쿠아픽', '아쿠아픽_스케일러', '스케일러_활용', '활용_가능', '가능_인원', '인원_모공', '모공_피지', '피지_각질', '각질_마무리', '마무리_집중', '집중_클렌징', '클렌징_루틴', '루틴_관리']",[],,,0,[],0,[],0,중립,False
blog,2026-04-15,두피각질 샴푸,청담동 미용실 비오른헤어 청담점 두피 클리닉 기름지고 두피각질 이 생겨 고민이라 이 문제를 빠르게 해결하고 싶었어요 제 두피 상태를 눈으로 진행되었습니다 두피 에 있는 열감이 싹 날아가는 것 같았어요 샴푸 까지 꼼꼼하게 진행하고 나면,"['청담동', '미용실', '청담', '클리닉', '각질', '고민', '문제', '해결', '상태', '진행', '진행']","['청담동_미용실', '미용실_청담', '청담_클리닉', '클리닉_각질', '각질_고민', '고민_문제', '문제_해결', '해결_상태', '상태_진행', '진행_진행']","['청담동', '미용실', '청담', '클리닉', '각질', '고민', '문제', '해결', '상태', '진행', '진행', '청담동_미용실', '미용실_청담', '청담_클리닉', '클리닉_각질', '각질_고민', '고민_문제', '문제_해결', '해결_상태', '상태_진행', '진행_진행']",[],,,0,[],0,[],0,중립,False
blog,2026-04-15,두피각질 샴푸,엠지에프 두피 탈모전문센터 분당야탑점 두번째는 진짜시원했던 두피 스케일링입니다 각질 피지 비듬 제거해서 모공 막힘을 해소하는 단계로 샴푸 중심 두피 관리 단순 세정이 아니라 두피 환경 개선 흡수 준비 탈모 완화 까지 포함된,"['엠지에프', '탈모', '전문', '센터', '분당', '야탑', '스케일링', '각질', '피지', '비듬', '제거', '모공', '해소', '단계', '중심', '관리', '단순', '세정', '환경', '개선', '흡수', '준비', '탈모', '완화', '포함']","['엠지에프_탈모', '탈모_전문', '전문_센터', '센터_분당', '분당_야탑', '야탑_스케일링', '스케일링_각질', '각질_피지', '피지_비듬', '비듬_제거', '제거_모공', '모공_해소', '해소_단계', '단계_중심', '중심_관리', '관리_단순', '단순_세정', '세정_환경', '환경_개선', '개선_흡수', '흡수_준비', '준비_탈모', '탈모_완화', '완화_포함']","['엠지에프', '탈모', '전문', '센터', '분당', '야탑', '스케일링', '각질', '피지', '비듬', '제거', '모공', '해소', '단계', '중심', '관리', '단순', '세정', '환경', '개선', '흡수', '준비', '탈모', '완화', '포함', '엠지에프_탈모', '탈모_전문', '전문_센터', '센터_분당', '분당_야탑', '야탑_스케일링', '스케일링_각질', '각질_피지', '피지_비듬', '비듬_제거', '제거_모공', '모공_해소', '해소_단계', '단계_중심', '중심_관리', '관리_단순', '단순_세정', '세정_환경', '환경_개선', '개선_흡수', '흡수_준비', '준비_탈모', '탈모_완화', '완화_포함']",[],,,0,[],0,[],0,중립,False
blog,2026-04-15,두피각질 샴푸,시작하는 두피 컨디션 관리 딱 맞는 더블유 헤어 로스 샴푸 추천 비듬예방 두피 보습 두피 순환 헤어케어루틴 헤어클리닉제품 두피각질 제거 두피 관리루틴 20대탈모 두피 강화 샴푸 두피 케어제품 베스트 샴푸 순한 샴푸 탈모 샴푸 탈모완화 샴푸 거품좋은 샴푸,"['시작', '컨디션', '관리', '더블', '로스', '비듬', '예방', '보습', '순환', '케어', '루틴', '클리닉', '각질', '제거', '관리', '루틴', '탈모', '강화', '케어', '베스트', '탈모', '탈모', '완화', '거품']","['시작_컨디션', '컨디션_관리', '관리_더블', '더블_로스', '로스_비듬', '비듬_예방', '예방_보습', '보습_순환', '순환_케어', '케어_루틴', '루틴_클리닉', '클리닉_각질', '각질_제거', '제거_관리', '관리_루틴', '루틴_탈모', '탈모_강화', '강화_케어', '케어_베스트', '베스트_탈모', '탈모_탈모', '탈모_완화', '완화_거품']","['시작', '컨디션', '관리', '더블', '로스', '비듬', '예방', '보습', '순환', '케어', '루틴', '클리닉', '각질', '제거', '관리', '루틴', '탈모', '강화', '케어', '베스트', '탈모', '탈모', '완화', '거품', '시작_컨디션', '컨디션_관리', '관리_더블', '더블_로스', '로스_비듬', '비듬_예방', '예방_보습', '보습_순환', '순환_케어', '케어_루틴', '루틴_클리닉', '클리닉_각질', '각질_제거', '제거_관리', '관리_루틴', '루틴_탈모', '탈모_강화', '강화_케어', '케어_베스트', '베스트_탈모', '탈모_탈모', '탈모_완화', '완화_거품']",[],,,0,[],1,['추천'],1,긍정,False
blog,2026-04-15,두피각질 샴푸,탈모방지 샴푸 추천 피토페시아 쿨 샴푸 두피각질 제거에도 좋아 게다가 체질이 바뀌었는지 두피각질 때문에 가려움도 심하게 느껴질 때가 있더라고요 탈모와 두피 고민을 동시에 해결할 수 있는 샴푸 를 찾다가 피토페시아 플러스 헤어 샴푸 를 알게 되었는데요 그동안,"['탈모', '방지', '피토페시아', '각질', '제거', '체질', '각질', '탈모', '고민', '동시', '해결', '피토페시아', '플러스', '그동안']","['탈모_방지', '방지_피토페시아', '피토페시아_각질', '각질_제거', '제거_체질', '체질_각질', '각질_탈모', '탈모_고민', '고민_동시', '동시_해결', '해결_피토페시아', '피토페시아_플러스', '플러스_그동안']","['탈모', '방지', '피토페시아', '각질', '제거', '체질', '각질', '탈모', '고민', '동시', '해결', '피토페시아', '플러스', '그동안', '탈모_방지', '방지_피토페시아', '피토페시아_각질', '각질_제거', '제거_체질', '체질_각질', '각질_탈모', '탈모_고민', '고민_동시', '동시_해결', '해결_피토페시아', '피토페시아_플러스', '플러스_그동안']",[],,,1,['가려움'],1,['추천'],0,중립,False
blog,2026-04-15,두피각질 샴푸,비듬은 두피 가 건조해서 생길까요 지루성 두피 때문입니다 비듬은 단순 각질 이 아니라 두피 염증 반응입니다 두피 에는 원래 1 두피 완전 건조 필수 2 하루 1회 샴푸 권장 3 미지근한 물 사용 4 두피 전용 샴푸 사용 이,"['비듬', '건조', '지루', '비듬', '단순', '각질', '염증', '반응', '원래', '건조', '필수', '하루', '권장', '전용']","['비듬_건조', '건조_지루', '지루_비듬', '비듬_단순', '단순_각질', '각질_염증', '염증_반응', '반응_원래', '원래_건조', '건조_필수', '필수_하루', '하루_권장', '권장_전용']","['비듬', '건조', '지루', '비듬', '단순', '각질', '염증', '반응', '원래', '건조', '필수', '하루', '권장', '전용', '비듬_건조', '건조_지루', '지루_비듬', '비듬_단순', '단순_각질', '각질_염증', '염증_반응', '반응_원래', '원래_건조', '건조_필수', '필수_하루', '하루_권장', '권장_전용']",[],,,0,[],0,[],0,중립,False
blog,2026-04-15,두피각질 샴푸,부산 망미동 탈모병원 가기전 직접 증상 체크하는 법 모공 주변에 묵은 비듬이나 각질 이 쌓여있다거나 뾰루지가 곳곳에 생겼다면 유해 세균 감염에 의한 지루성 두피 염을 의심해 봐야 하며 아침에 샴푸 를 했음에도 불구하고 오후만 되면 머리쪽이 번들거리면서,"['부산', '망미동', '탈모', '병원', '증상', '체크', '모공', '주변', '비듬', '각질', '뾰루지', '곳곳', '유해', '세균', '감염', '지루', '의심', '아침', '오후']","['부산_망미동', '망미동_탈모', '탈모_병원', '병원_증상', '증상_체크', '체크_모공', '모공_주변', '주변_비듬', '비듬_각질', '각질_뾰루지', '뾰루지_곳곳', '곳곳_유해', '유해_세균', '세균_감염', '감염_지루', '지루_의심', '의심_아침', '아침_오후']","['부산', '망미동', '탈모', '병원', '증상', '체크', '모공', '주변', '비듬', '각질', '뾰루지', '곳곳', '유해', '세균', '감염', '지루', '의심', '아침', '오후', '부산_망미동', '망미동_탈모', '탈모_병원', '병원_증상', '증상_체크', '체크_모공', '모공_주변', '주변_비듬', '비듬_각질', '각질_뾰루지', '뾰루지_곳곳', '곳곳_유해', '유해_세균', '세균_감염', '감염_지루', '지루_의심', '의심_아침', '아침_오후']",[],,,1,['뾰루지'],0,[],-1,이탈위험,False
blog,2026-04-15,두피각질 샴푸,비듬 vs 각질 구별법 각질 관리 보습 샴푸 트리트먼트 사용 두피 건조 방지 비듬 관리 두피 전용 샴푸 두피 완전 건조 피지 관리 관리 방향이 완전히 다릅니다 정리 작은 가루 각질 큰 덩어리 가려움,"['비듬', '각질', '구별', '각질', '관리', '보습', '트리트먼트', '건조', '방지', '비듬', '관리', '전용', '건조', '피지', '관리', '관리', '방향', '정리', '가루', '각질', '덩어리']","['비듬_각질', '각질_구별', '구별_각질', '각질_관리', '관리_보습', '보습_트리트먼트', '트리트먼트_건조', '건조_방지', '방지_비듬', '비듬_관리', '관리_전용', '전용_건조', '건조_피지', '피지_관리', '관리_관리', '관리_방향', '방향_정리', '정리_가루', '가루_각질', '각질_덩어리']","['비듬', '각질', '구별', '각질', '관리', '보습', '트리트먼트', '건조', '방지', '비듬', '관리', '전용', '건조', '피지', '관리', '관리', '방향', '정리', '가루', '각질', '덩어리', '비듬_각질', '각질_구별', '구별_각질', '각질_관리', '관리_보습', '보습_트리트먼트', '트리트먼트_건조', '건조_방지', '방지_비듬', '비듬_관리', '관리_전용', '전용_건조', '건조_피지', '피지_관리', '관리_관리', '관리_방향', '방향_정리', '정리_가루', '가루_각질', '각질_덩어리']",[],,,1,['가려움'],0,[],-1,이탈위험,False
blog,2026-04-15,두피각질 샴푸,지루피부염으로 인한 가려움 당신만의 해결책은 무엇인가요 같은 각질 이에요 이런 것들이 두피 에 쌓일 때 비듬 으로 나타나기도 하고 얼굴에서는 여드름처럼 들었고 샴푸 를 사용할 때도 자극 없는 제품을 선택했어요 아 그리고 기름진 음식이나 자극적인 음식은,"['지루', '피부염', '해결책', '각질', '비듬', '얼굴', '여드름', '자극', '선택', '음식', '자극', '음식']","['지루_피부염', '피부염_해결책', '해결책_각질', '각질_비듬', '비듬_얼굴', '얼굴_여드름', '여드름_자극', '자극_선택', '선택_음식', '음식_자극', '자극_음식']","['지루', '피부염', '해결책', '각질', '비듬', '얼굴', '여드름', '자극', '선택', '음식', '자극', '음식', '지루_피부염', '피부염_해결책', '해결책_각질', '각질_비듬', '비듬_얼굴', '얼굴_여드름', '여드름_자극', '자극_선택', '선택_음식', '음식_자극', '자극_음식']",[],,,2,"['자극', '가려움']",0,[],-2,이탈위험,False
blog,2026-04-15,두피각질 샴푸,비듬 예방과 모발 손상을 줄이는 두피 홈케어 원칙 너무 뜨거운 물은 두피 의 유분막을 과도하게 제거하여 오히려 각질 을 유발하게 됩니다 체온과 비슷한 두피 타입별 샴푸 선택의 기준 비듬 예방 및 관리법 중 하나로 본인의 두피 타입을 명확히 인지하는 것이,"['비듬', '예방', '모발', '손상', '홈케어', '원칙', '유분', '과도', '제거', '각질', '유발', '체온', '타입', '선택', '기준', '비듬', '예방', '관리', '본인', '타입', '인지']","['비듬_예방', '예방_모발', '모발_손상', '손상_홈케어', '홈케어_원칙', '원칙_유분', '유분_과도', '과도_제거', '제거_각질', '각질_유발', '유발_체온', '체온_타입', '타입_선택', '선택_기준', '기준_비듬', '비듬_예방', '예방_관리', '관리_본인', '본인_타입', '타입_인지']","['비듬', '예방', '모발', '손상', '홈케어', '원칙', '유분', '과도', '제거', '각질', '유발', '체온', '타입', '선택', '기준', '비듬', '예방', '관리', '본인', '타입', '인지', '비듬_예방', '예방_모발', '모발_손상', '손상_홈케어', '홈케어_원칙', '원칙_유분', '유분_과도', '과도_제거', '제거_각질', '각질_유발', '유발_체온', '체온_타입', '타입_선택', '선택_기준', '기준_비듬', '비듬_예방', '예방_관리', '관리_본인', '본인_타입', '타입_인지']",[],,,0,[],0,[],0,중립,False
blog,2026-04-15,두피각질 샴푸,비듬 없애는 방법 셀프로 해결했어요 받은 샴푸 로 바꾼 직후였어 선물이라서 그냥 쓰긴 했는데 아무래도 내 두피 타입이랑 안 맞는 것 같았음 살리실릭애씨드 두피 각질 케어 와 덱스판테놀 보습 이 함께 있는지 체크 이 기준으로 고르면 비듬,"['비듬', '방법', '셀프', '해결', '직후', '선물', '타입', '살리실릭애씨드', '각질', '케어', '덱스판테놀', '보습', '체크', '기준', '비듬']","['비듬_방법', '방법_셀프', '셀프_해결', '해결_직후', '직후_선물', '선물_타입', '타입_살리실릭애씨드', '살리실릭애씨드_각질', '각질_케어', '케어_덱스판테놀', '덱스판테놀_보습', '보습_체크', '체크_기준', '기준_비듬']","['비듬', '방법', '셀프', '해결', '직후', '선물', '타입', '살리실릭애씨드', '각질', '케어', '덱스판테놀', '보습', '체크', '기준', '비듬', '비듬_방법', '방법_셀프', '셀프_해결', '해결_직후', '직후_선물', '선물_타입', '타입_살리실릭애씨드', '살리실릭애씨드_각질', '각질_케어', '케어_덱스판테놀', '덱스판테놀_보습', '보습_체크', '체크_기준', '기준_비듬']",[],,,0,[],0,[],0,중립,False
blog,2026-04-15,두피각질 샴푸,피톤치드 향 가득 닥터라파알 맥주효모 샴푸 로 두피 건강 찾기 살리실릭애씨드 성분이 각질 정돈까지 깔끔하게 도와주니 비듬 걱정도 싹 사라졌어요 매일 써도 부담 이런 분들에게 닥터라파알 샴푸 를 추천해요 머리카락이 얇아져서 고민인 분 두피 가려움과 유분기가,"['피톤치드', '닥터라파알', '맥주', '효모', '건강', '살리실릭애씨드', '성분', '각질', '정돈', '비듬', '걱정', '부담', '닥터', '머리카락', '고민', '유분']","['피톤치드_닥터라파알', '닥터라파알_맥주', '맥주_효모', '효모_건강', '건강_살리실릭애씨드', '살리실릭애씨드_성분', '성분_각질', '각질_정돈', '정돈_비듬', '비듬_걱정', '걱정_부담', '부담_닥터', '닥터_머리카락', '머리카락_고민', '고민_유분']","['피톤치드', '닥터라파알', '맥주', '효모', '건강', '살리실릭애씨드', '성분', '각질', '정돈', '비듬', '걱정', '부담', '닥터', '머리카락', '고민', '유분', '피톤치드_닥터라파알', '닥터라파알_맥주', '맥주_효모', '효모_건강', '건강_살리실릭애씨드', '살리실릭애씨드_성분', '성분_각질', '각질_정돈', '정돈_비듬', '비듬_걱정', '걱정_부담', '부담_닥터', '닥터_머리카락', '머리카락_고민', '고민_유분']",[],,,1,['가려움'],2,"['사라졌', '추천']",1,긍정,False
blog,2026-04-15,두피각질 샴푸,용인 수지 수지구청역 두피 관리 추천 웰킨 두피 탈모센 특히 샴푸 단계에서 두피 가 숨 쉬는 느낌이 확 올라오는데 진짜 머리가 가벼워지고 열감이 빠지는 수지뷰티샵 두피각질 관리 두피 유분관리 두피 건강 탈모초기관리 남자 두피 관리 여자 두피 관리,"['용인', '수지', '수지구청역', '관리', '탈모', '단계', '느낌', '수지', '뷰티 샵', '각질', '관리', '유분', '관리', '건강', '탈모', '초기', '관리', '남자', '관리', '여자', '관리']","['용인_수지', '수지_수지구청역', '수지구청역_관리', '관리_탈모', '탈모_단계', '단계_느낌', '느낌_수지', '수지_뷰티 샵', '뷰티 샵_각질', '각질_관리', '관리_유분', '유분_관리', '관리_건강', '건강_탈모', '탈모_초기', '초기_관리', '관리_남자', '남자_관리', '관리_여자', '여자_관리']","['용인', '수지', '수지구청역', '관리', '탈모', '단계', '느낌', '수지', '뷰티 샵', '각질', '관리', '유분', '관리', '건강', '탈모', '초기', '관리', '남자', '관리', '여자', '관리', '용인_수지', '수지_수지구청역', '수지구청역_관리', '관리_탈모', '탈모_단계', '단계_느낌', '느낌_수지', '수지_뷰티 샵', '뷰티 샵_각질', '각질_관리', '관리_유분', '유분_관리', '관리_건강', '건강_탈모', '탈모_초기', '초기_관리', '관리_남자', '남자_관리', '관리_여자', '여자_관리']",[],,,1,['올라오'],1,['추천'],0,중립,False
blog,2026-04-15,두피각질 샴푸,지루성 두피 샴푸 내돈내산 두피 염 증상 완화 방법 이전에 써봤던 제품들은 대부분 비듬 각질 등 세정력을 강조하는 제품들이었다면 클라리파잉 샴푸 는 세정력 보다는 순한 천연성분으로 자극 최소화 약산성 밸런스 조절 등 건강한 두피 환경을 만들어주는,"['지루', '증상', '완화', '방법', '이전', '대부분', '비듬', '각질', '정력', '강조', '클라리파잉', '세정', '천연', '성분', '자극', '최소', '산성', '밸런스', '조절', '건강', '환경']","['지루_증상', '증상_완화', '완화_방법', '방법_이전', '이전_대부분', '대부분_비듬', '비듬_각질', '각질_정력', '정력_강조', '강조_클라리파잉', '클라리파잉_세정', '세정_천연', '천연_성분', '성분_자극', '자극_최소', '최소_산성', '산성_밸런스', '밸런스_조절', '조절_건강', '건강_환경']","['지루', '증상', '완화', '방법', '이전', '대부분', '비듬', '각질', '정력', '강조', '클라리파잉', '세정', '천연', '성분', '자극', '최소', '산성', '밸런스', '조절', '건강', '환경', '지루_증상', '증상_완화', '완화_방법', '방법_이전', '이전_대부분', '대부분_비듬', '비듬_각질', '각질_정력', '정력_강조', '강조_클라리파잉', '클라리파잉_세정', '세정_천연', '천연_성분', '성분_자극', '자극_최소', '최소_산성', '산성_밸런스', '밸런스_조절', '조절_건강', '건강_환경']",[],,,1,['자극'],0,[],-1,이탈위험,False
blog,2026-04-15,안티트로 샴푸 후기,문제성 두피 고민 끝 안티트로 샴푸 로 되찾는 편안한 두피 사용자들이 안티트로 샴푸 를 사용한 후 두피의 변화를 경험하고 있습니다 이전에는 샴푸 후에도 느껴지던 답답함이나 간지러움이 줄어들고 전체적으로 두피가 한결 가벼워지고 편안해졌다는 후기 가,"['문제', '고민', '안티트로', '편안', '사용자', '안티트로', '변화', '경험', '이전', '전체', '편안']","['문제_고민', '고민_안티트로', '안티트로_편안', '편안_사용자', '사용자_안티트로', '안티트로_변화', '변화_경험', '경험_이전', '이전_전체', '전체_편안']","['문제', '고민', '안티트로', '편안', '사용자', '안티트로', '변화', '경험', '이전', '전체', '편안', '문제_고민', '고민_안티트로', '안티트로_편안', '편안_사용자', '사용자_안티트로', '안티트로_변화', '변화_경험', '경험_이전', '이전_전체', '전체_편안']",[],,,1,['안티트로'],0,[],-1,이탈위험,True
blog,2026-04-15,안티트로 샴푸 후기,큐레브 안티트로 샴푸 두피 고민 끝 정착 후기 이 포스팅은 쿠팡 파트너스 활동의 일환으로 수수료를 지급받습니다 두피 고민 끝 큐레브 샴푸 솔직 후기 두피 고민 이제 안녕 본사정품 큐레브 안티트로 샴푸 로 달라진 경험을 공유합니다 혹시 잦은,"['큐레브', '안티트로', '고민', '정착', '파트너스', '활동', '일환', '수수료', '지급', '고민', '큐레브', '고민', '본사정품', '큐레브', '안티트로', '경험', '공유']","['큐레브_안티트로', '안티트로_고민', '고민_정착', '정착_파트너스', '파트너스_활동', '활동_일환', '일환_수수료', '수수료_지급', '지급_고민', '고민_큐레브', '큐레브_고민', '고민_본사정품', '본사정품_큐레브', '큐레브_안티트로', '안티트로_경험', '경험_공유']","['큐레브', '안티트로', '고민', '정착', '파트너스', '활동', '일환', '수수료', '지급', '고민', '큐레브', '고민', '본사정품', '큐레브', '안티트로', '경험', '공유', '큐레브_안티트로', '안티트로_고민', '고민_정착', '정착_파트너스', '파트너스_활동', '활동_일환', '일환_수수료', '수수료_지급', '지급_고민', '고민_큐레브', '큐레브_고민', '고민_본사정품', '본사정품_큐레브', '큐레브_안티트로', '안티트로_경험', '경험_공유']",[],,,2,"['안티트로', '달라진']",1,['정착'],-1,이탈위험,True
blog,2026-04-15,안티트로 샴푸 후기,가려움 떡짐 끝 안티트로 샴푸 로 지루성 두피 탈출 솔직 후기 안티트로 샴푸 지루성 샴푸 를 사용한 후 두피의 편안함과 개운함을 경험했다고 합니다 예를 들어 만성적인 가려움증으로 힘들었던 분들이 꾸준히 사용하면서 가려움증이 눈에 띄게 줄어들었다는 후기 가,"['떡짐', '안티트로', '지루', '탈출', '안티트로', '지루', '편안', '경험', '만성', '가려움증', '가려움증']","['떡짐_안티트로', '안티트로_지루', '지루_탈출', '탈출_안티트로', '안티트로_지루', '지루_편안', '편안_경험', '경험_만성', '만성_가려움증', '가려움증_가려움증']","['떡짐', '안티트로', '지루', '탈출', '안티트로', '지루', '편안', '경험', '만성', '가려움증', '가려움증', '떡짐_안티트로', '안티트로_지루', '지루_탈출', '탈출_안티트로', '안티트로_지루', '지루_편안', '편안_경험', '경험_만성', '만성_가려움증', '가려움증_가려움증']",[],,,2,"['가려움', '안티트로']",0,[],-2,이탈위험,True
blog,2026-04-15,안티트로 샴푸 후기,안티트로 샴푸 로 문제성 두피 고민 끝 간지러움 탈모 잡아낸 비결 두피 간지러움 탈모 개선 후기 실제로 많은 사용자들이 안티트로 샴푸 를 사용한 후 두피 간지러움이 줄고 머리카락 빠짐이 감소했다고 이야기합니다 한 사용자는 quot 잦은 펌과 염색으로 두피가 민감해져서,"['안티트로', '문제', '고민', '탈모', '비결', '탈모', '개선', '사용자', '안티트로', '머리카락', '감소', '이야기', '사용자', '염색']","['안티트로_문제', '문제_고민', '고민_탈모', '탈모_비결', '비결_탈모', '탈모_개선', '개선_사용자', '사용자_안티트로', '안티트로_머리카락', '머리카락_감소', '감소_이야기', '이야기_사용자', '사용자_염색']","['안티트로', '문제', '고민', '탈모', '비결', '탈모', '개선', '사용자', '안티트로', '머리카락', '감소', '이야기', '사용자', '염색', '안티트로_문제', '문제_고민', '고민_탈모', '탈모_비결', '비결_탈모', '탈모_개선', '개선_사용자', '사용자_안티트로', '안티트로_머리카락', '머리카락_감소', '감소_이야기', '이야기_사용자', '사용자_염색']",[],,,1,['안티트로'],0,[],-1,이탈위험,True
blog,2026-04-15,안티트로 샴푸 후기,두피 고민 끝 안티트로 샴푸 로 건강한 자신감 되찾으세요 오늘은 문제성 두피에 특화된 안티트로 샴푸 500ml 제품을 통해 두피 건강을 되찾는 여정에 대해 함께 또한 두피 가려움증이나 각질로 인한 불편함이 줄어들었다는 후기 도 자주 찾아볼 수 있습니다 중요한,"['고민', '안티트로', '건강', '자신감', '문제', '특화', '안티트로', '건강', '여정', '가려움증', '각질', '불편', '중요']","['고민_안티트로', '안티트로_건강', '건강_자신감', '자신감_문제', '문제_특화', '특화_안티트로', '안티트로_건강', '건강_여정', '여정_가려움증', '가려움증_각질', '각질_불편', '불편_중요']","['고민', '안티트로', '건강', '자신감', '문제', '특화', '안티트로', '건강', '여정', '가려움증', '각질', '불편', '중요', '고민_안티트로', '안티트로_건강', '건강_자신감', '자신감_문제', '문제_특화', '특화_안티트로', '안티트로_건강', '건강_여정', '여정_가려움증', '가려움증_각질', '각질_불편', '불편_중요']",[],,,2,"['가려움', '안티트로']",0,[],-2,이탈위험,True
blog,2026-04-15,안티트로 샴푸 후기,두피 고민 끝 큐레브 안티트로 샴푸 500ml 2개 본사정품으로 두피 가려움 완화 모발 부드러움 실제로 많은 사용자들이 큐레브 안티트로 샴푸 사용 후 두피의 가려움증이나 답답함이 줄어들고 모발이 한결 부드러워졌다는 후기 를 남기고 있습니다 이는 샴푸 의 효과적인,"['고민', '큐레브', '안티트로', '본사', '정품', '완화', '모발', '사용자', '큐레브', '안티트로', '가려움증', '모발', '효과']","['고민_큐레브', '큐레브_안티트로', '안티트로_본사', '본사_정품', '정품_완화', '완화_모발', '모발_사용자', '사용자_큐레브', '큐레브_안티트로', '안티트로_가려움증', '가려움증_모발', '모발_효과']","['고민', '큐레브', '안티트로', '본사', '정품', '완화', '모발', '사용자', '큐레브', '안티트로', '가려움증', '모발', '효과', '고민_큐레브', '큐레브_안티트로', '안티트로_본사', '본사_정품', '정품_완화', '완화_모발', '모발_사용자', '사용자_큐레브', '큐레브_안티트로', '안티트로_가려움증', '가려움증_모발', '모발_효과']",[],,,2,"['가려움', '안티트로']",0,[],-2,이탈위험,True
blog,2026-04-15,안티트로 샴푸 후기,두피 가려움 각질 안티트로 샴푸 로 속 시원하게 해결한 후기 이 포스팅은 쿠팡 파트너스 활동의 일환으로 수수료를 지급받습니다 두피 고민 안티트로 샴푸 로 해결 두피 고민 혹시 혼자 끙끙 앓고 계신가요 quot 안티트로 샴푸 문제성두피 특화 샴푸 500ml 1개 quot 라는 문구를,"['각질', '안티트로', '해결', '파트너스', '활동', '일환', '수수료', '지급', '고민', '안티트로', '해결', '고민', '혼자', '안티트로', '문제', '특화', '문구']","['각질_안티트로', '안티트로_해결', '해결_파트너스', '파트너스_활동', '활동_일환', '일환_수수료', '수수료_지급', '지급_고민', '고민_안티트로', '안티트로_해결', '해결_고민', '고민_혼자', '혼자_안티트로', '안티트로_문제', '문제_특화', '특화_문구']","['각질', '안티트로', '해결', '파트너스', '활동', '일환', '수수료', '지급', '고민', '안티트로', '해결', '고민', '혼자', '안티트로', '문제', '특화', '문구', '각질_안티트로', '안티트로_해결', '해결_파트너스', '파트너스_활동', '활동_일환', '일환_수수료', '수수료_지급', '지급_고민', '고민_안티트로', '안티트로_해결', '해결_고민', '고민_혼자', '혼자_안티트로', '안티트로_문제', '문제_특화', '특화_문구']",[],,,2,"['가려움', '안티트로']",0,[],-2,이탈위험,True
blog,2026-03-25,안티트로 샴푸 후기,안티트로 샴푸 지루성 두피 뾰루지 가려움 한 달 사용 효과 후기 안티트로 샴푸 를 알게 되어 사용해봤는데요 생각보다 효과가 안나타난다는 분들도 있고 주관적인 후기 사용 5일 차 가장 먼저 변한 건 quot 손이 머리로 안 간다 quot 는 거예요 기존에는 가려워서 무의식중에 긁느라,"['안티트로', '지루', '뾰루지', '효과', '안티트로', '효과', '주관', '의식']","['안티트로_지루', '지루_뾰루지', '뾰루지_효과', '효과_안티트로', '안티트로_효과', '효과_주관', '주관_의식']","['안티트로', '지루', '뾰루지', '효과', '안티트로', '효과', '주관', '의식', '안티트로_지루', '지루_뾰루지', '뾰루지_효과', '효과_안티트로', '안티트로_효과', '효과_주관', '주관_의식']",[],,,3,"['뾰루지', '가려움', '안티트로']",0,[],-3,이탈위험,True
blog,2026-03-24,안티트로 샴푸 후기,안티트로 샴푸 약국 후기 부작용 비듬 건성 임산부 모낭염 총정리 안티트로 샴푸 솔직 후기 자세히 보기 두피 케어는 꾸준함이 핵심인 만큼 내 두피 타입에 맞는 제품인지 먼저 꼼꼼하게 확인해 보시길 추천드려요 안티트로샴푸 큐레브안티트로 안티트로샴푸후기,"['안티트로', '부작용', '비듬', '건성', '임산부', '모낭', '정리', '안티트로', '케어', '핵심', '타입', '확인', '안티트로', '큐레브', '안티트로', '안티트로']","['안티트로_부작용', '부작용_비듬', '비듬_건성', '건성_임산부', '임산부_모낭', '모낭_정리', '정리_안티트로', '안티트로_케어', '케어_핵심', '핵심_타입', '타입_확인', '확인_안티트로', '안티트로_큐레브', '큐레브_안티트로', '안티트로_안티트로']","['안티트로', '부작용', '비듬', '건성', '임산부', '모낭', '정리', '안티트로', '케어', '핵심', '타입', '확인', '안티트로', '큐레브', '안티트로', '안티트로', '안티트로_부작용', '부작용_비듬', '비듬_건성', '건성_임산부', '임산부_모낭', '모낭_정리', '정리_안티트로', '안티트로_케어', '케어_핵심', '핵심_타입', '타입_확인', '확인_안티트로', '안티트로_큐레브', '큐레브_안티트로', '안티트로_안티트로']",[],,,1,['안티트로'],1,['추천'],0,중립,True
blog,2026-03-18,안티트로 샴푸 후기,안티트로 샴푸 문제성두피 특화 샴푸 500ml 솔직 사용 후기 안티트로 샴푸 용량 500ml 2개 특징 문제성 두피 집중 케어 피지 amp 각질 관리 쿨링감 깔끔한 레드 컬러 용기에 펌프형이라 욕실에 두고 쓰기도 편하고 위생적으로 사용 가능해요 실제 사용 후기 처음,"['안티트로', '문제', '특화', '안티트로', '용량', '특징', '문제', '집중', '케어', '피지', '각질', '관리', '쿨링감', '레드', '컬러', '용기', '펌프', '욕실', '위생', '가능', '실제']","['안티트로_문제', '문제_특화', '특화_안티트로', '안티트로_용량', '용량_특징', '특징_문제', '문제_집중', '집중_케어', '케어_피지', '피지_각질', '각질_관리', '관리_쿨링감', '쿨링감_레드', '레드_컬러', '컬러_용기', '용기_펌프', '펌프_욕실', '욕실_위생', '위생_가능', '가능_실제']","['안티트로', '문제', '특화', '안티트로', '용량', '특징', '문제', '집중', '케어', '피지', '각질', '관리', '쿨링감', '레드', '컬러', '용기', '펌프', '욕실', '위생', '가능', '실제', '안티트로_문제', '문제_특화', '특화_안티트로', '안티트로_용량', '용량_특징', '특징_문제', '문제_집중', '집중_케어', '케어_피지', '피지_각질', '각질_관리', '관리_쿨링감', '쿨링감_레드', '레드_컬러', '컬러_용기', '용기_펌프', '펌프_욕실', '욕실_위생', '위생_가능', '가능_실제']",[],,,1,['안티트로'],0,[],-1,이탈위험,True
blog,2026-03-17,안티트로 샴푸 후기,안티트로 샴푸 리뷰 2탄 내돈내산 한달이상 사용 후기 혹시라도 제 블로그 보고 구매하실 분들은 안티트로 샴푸 품절 풀려있고 재고 남아있을때 미리 미리 쟁여두시는거 추천드립니다 이렇게 안티트로 샴푸 한달 이상 사용 후기 까지 포함하여 2탄 리뷰는 마무리,"['안티트로', '리뷰', '이상', '블로그', '안티트로', '품절', '재고', '안티트로', '이상', '포함', '리뷰', '마무리']","['안티트로_리뷰', '리뷰_이상', '이상_블로그', '블로그_안티트로', '안티트로_품절', '품절_재고', '재고_안티트로', '안티트로_이상', '이상_포함', '포함_리뷰', '리뷰_마무리']","['안티트로', '리뷰', '이상', '블로그', '안티트로', '품절', '재고', '안티트로', '이상', '포함', '리뷰', '마무리', '안티트로_리뷰', '리뷰_이상', '이상_블로그', '블로그_안티트로', '안티트로_품절', '품절_재고', '재고_안티트로', '안티트로_이상', '이상_포함', '포함_리뷰', '리뷰_마무리']",[],,,1,['안티트로'],1,['추천'],0,중립,True
blog,2026-03-17,안티트로 샴푸 후기,안티트로샴푸 추천 BEST3 문제성 두피 고민 해결을 위한 완벽 바로 안티트로샴푸 와 그 친구들인데요 저도 한때는 환절기만 되면 일어나는 각질과 시도 때도 없이 유명하다는 샴푸 는 다 써봤지만 정착하지 못했던 제가 꼼꼼하게 성분과 후기 를 분석해서 고른 제품들을,"['안티트로', '문제', '고민', '해결', '완벽', '안티트로', '친구', '한때', '환절기', '각질', '유명', '정착', '성분', '분석']","['안티트로_문제', '문제_고민', '고민_해결', '해결_완벽', '완벽_안티트로', '안티트로_친구', '친구_한때', '한때_환절기', '환절기_각질', '각질_유명', '유명_정착', '정착_성분', '성분_분석']","['안티트로', '문제', '고민', '해결', '완벽', '안티트로', '친구', '한때', '환절기', '각질', '유명', '정착', '성분', '분석', '안티트로_문제', '문제_고민', '고민_해결', '해결_완벽', '완벽_안티트로', '안티트로_친구', '친구_한때', '한때_환절기', '환절기_각질', '각질_유명', '유명_정착', '정착_성분', '성분_분석']",[],,,1,['안티트로'],2,"['정착', '추천']",1,긍정,True
blog,2026-03-11,안티트로 샴푸 후기,긁적긁적 두피와 이별 안티트로 샴푸 로 되찾는 꿀피부 두피 실제 사용 후기 들을 살펴보면 가려움증 완화 두피 진정 효과를 경험했다는 의견이 많습니다 순한 성분 건강한 두피 혹시 샴푸 성분을 꼼꼼하게 확인하는 편이신가요 안티트로 샴푸 는 문제성 두피를 가진,"['이별', '안티트로', '피부', '실제', '가려움증', '완화', '진정', '효과', '경험', '의견', '성분', '건강', '성분', '확인', '안티트로', '문제']","['이별_안티트로', '안티트로_피부', '피부_실제', '실제_가려움증', '가려움증_완화', '완화_진정', '진정_효과', '효과_경험', '경험_의견', '의견_성분', '성분_건강', '건강_성분', '성분_확인', '확인_안티트로', '안티트로_문제']","['이별', '안티트로', '피부', '실제', '가려움증', '완화', '진정', '효과', '경험', '의견', '성분', '건강', '성분', '확인', '안티트로', '문제', '이별_안티트로', '안티트로_피부', '피부_실제', '실제_가려움증', '가려움증_완화', '완화_진정', '진정_효과', '효과_경험', '경험_의견', '의견_성분', '성분_건강', '건강_성분', '성분_확인', '확인_안티트로', '안티트로_문제']",[],,,2,"['가려움', '안티트로']",0,[],-2,이탈위험,True
blog,2026-03-07,안티트로 샴푸 후기,펌 염색으로 망가진 내 두피 안티트로 샴푸 하나로 되살린 후기 실제로 사용 후 두피 가려움이 줄었다는 후기 가 많은 것을 보면 그 효과를 짐작할 수 있겠죠 안티트로 샴푸 법 2분 마사지 단순히 좋은 성분을 넣는 것만으로는 충분하지 않습니다 quot 안티트로 샴푸 quot 는 두피,"['염색', '안티트로', '효과', '짐작', '안티트로', '마사지', '성분', '안티트로']","['염색_안티트로', '안티트로_효과', '효과_짐작', '짐작_안티트로', '안티트로_마사지', '마사지_성분', '성분_안티트로']","['염색', '안티트로', '효과', '짐작', '안티트로', '마사지', '성분', '안티트로', '염색_안티트로', '안티트로_효과', '효과_짐작', '짐작_안티트로', '안티트로_마사지', '마사지_성분', '성분_안티트로']",[],,,2,"['가려움', '안티트로']",0,[],-2,이탈위험,True
blog,2026-03-07,안티트로 샴푸 후기,두피 가려움 비듬 지옥 탈출 안티트로 샴푸 찐 후기 내돈내산 안티트로 샴푸 두피 트러블 잦은 가려움 뚝뚝 떨어지는 비듬 혹시 당신의 이야기인가요 그렇다면 실제 사용자들의 후기 를 살펴보면 꾸준히 사용했을 때 두피 가려움이 줄어들고 비듬이 개선되었다는,"['비듬', '지옥', '탈출', '안티트로', '안티트로', '트러블', '비듬', '이야기', '실제', '사용자', '비듬', '개선']","['비듬_지옥', '지옥_탈출', '탈출_안티트로', '안티트로_안티트로', '안티트로_트러블', '트러블_비듬', '비듬_이야기', '이야기_실제', '실제_사용자', '사용자_비듬', '비듬_개선']","['비듬', '지옥', '탈출', '안티트로', '안티트로', '트러블', '비듬', '이야기', '실제', '사용자', '비듬', '개선', '비듬_지옥', '지옥_탈출', '탈출_안티트로', '안티트로_안티트로', '안티트로_트러블', '트러블_비듬', '비듬_이야기', '이야기_실제', '실제_사용자', '사용자_비듬', '비듬_개선']",[],,,3,"['트러블', '가려움', '안티트로']",0,[],-3,이탈위험,True
blog,2026-03-03,안티트로 샴푸 후기,가렵고 붉은 두피 SOS 안티트로 샴푸 쓰고 비듬 지옥 탈출기 꼼꼼한 성분 구성 올바른 사용법 그리고 긍정적인 사용자 후기 들은 이 샴푸 의 효과를 뒷받침합니다 지금 바로 안티트로 샴푸 를 사용해보고 건강하고 깨끗한 두피로 거듭나는 경험을 해보세요 더 이상,"['안티트로', '비듬', '지옥', '탈출', '성분', '구성', '사용법', '긍정', '사용자', '효과', '뒷받침', '안티트로', '건강', '경험', '이상']","['안티트로_비듬', '비듬_지옥', '지옥_탈출', '탈출_성분', '성분_구성', '구성_사용법', '사용법_긍정', '긍정_사용자', '사용자_효과', '효과_뒷받침', '뒷받침_안티트로', '안티트로_건강', '건강_경험', '경험_이상']","['안티트로', '비듬', '지옥', '탈출', '성분', '구성', '사용법', '긍정', '사용자', '효과', '뒷받침', '안티트로', '건강', '경험', '이상', '안티트로_비듬', '비듬_지옥', '지옥_탈출', '탈출_성분', '성분_구성', '구성_사용법', '사용법_긍정', '긍정_사용자', '사용자_효과', '효과_뒷받침', '뒷받침_안티트로', '안티트로_건강', '건강_경험', '경험_이상']",[],,,1,['안티트로'],0,[],-1,이탈위험,True
blog,2026-03-01,안티트로 샴푸 후기,안티트로 샴푸 부작용 건성 지루성 두피 사용법은 건성 지루성 두피별 사용법과 후기 4 자주 묻는 질문 Q amp A 안티트로 샴푸 란 안티트로 는 쉽게 말해 지친 거품이 너무 안 나는 것 같아요 A 천연 계면활성제를 쓰면 처음엔 거품이 적게 느껴질 수 있답니다,"['안티트로', '부작용', '건성', '지루', '사용법', '건성', '지루', '사용법', '질문', '안티트로', '안티트로', '거품', '천연', '계면활성제', '처음', '거품']","['안티트로_부작용', '부작용_건성', '건성_지루', '지루_사용법', '사용법_건성', '건성_지루', '지루_사용법', '사용법_질문', '질문_안티트로', '안티트로_안티트로', '안티트로_거품', '거품_천연', '천연_계면활성제', '계면활성제_처음', '처음_거품']","['안티트로', '부작용', '건성', '지루', '사용법', '건성', '지루', '사용법', '질문', '안티트로', '안티트로', '거품', '천연', '계면활성제', '처음', '거품', '안티트로_부작용', '부작용_건성', '건성_지루', '지루_사용법', '사용법_건성', '건성_지루', '지루_사용법', '사용법_질문', '질문_안티트로', '안티트로_안티트로', '안티트로_거품', '거품_천연', '천연_계면활성제', '계면활성제_처음', '처음_거품']",[],,,1,['안티트로'],0,[],-1,이탈위험,True
blog,2026-02-22,안티트로 샴푸 후기,안티트로 샴푸 부작용 약국 내돈내산 후기 건성 비듬 임산부 계속해서 안티트로 샴푸 부작용 약국 약국가격 내돈내산 후기 건성 비듬 임산부 등에 대해서도 자세히 알아보세요 안티트로 샴푸 부작용 약국 내돈내산 후기 건성 비듬,"['안티트로', '부작용', '건성', '비듬', '임산부', '계속', '안티트로', '부작용', '건성', '비듬', '임산부', '안티트로', '부작용', '건성', '비듬']","['안티트로_부작용', '부작용_건성', '건성_비듬', '비듬_임산부', '임산부_계속', '계속_안티트로', '안티트로_부작용', '부작용_건성', '건성_비듬', '비듬_임산부', '임산부_안티트로', '안티트로_부작용', '부작용_건성', '건성_비듬']","['안티트로', '부작용', '건성', '비듬', '임산부', '계속', '안티트로', '부작용', '건성', '비듬', '임산부', '안티트로', '부작용', '건성', '비듬', '안티트로_부작용', '부작용_건성', '건성_비듬', '비듬_임산부', '임산부_계속', '계속_안티트로', '안티트로_부작용', '부작용_건성', '건성_비듬', '비듬_임산부', '임산부_안티트로', '안티트로_부작용', '부작용_건성', '건성_비듬']",[],,,1,['안티트로'],0,[],-1,이탈위험,True
blog,2026-01-28,안티트로 샴푸 후기,지루성두피염 큐레브 안티트로 샴푸 추천 효과 내돈내산 머리숱이 줄어들까 겁나고 안 나을까 봐 무섭더라고요 샴푸 도 2개 펌프도 2개 왔어요 저는 병원에서 큐레브 안티트로 샴푸 7일 사용 후 사실 2주는 사용하고 후기 를 남기려고 했는데 7일 사용했는데도 증상이,"['지루성두피염', '큐레브', '안티트로', '효과', '머리숱', '펌프', '병원', '큐레브', '안티트로', '증상']","['지루성두피염_큐레브', '큐레브_안티트로', '안티트로_효과', '효과_머리숱', '머리숱_펌프', '펌프_병원', '병원_큐레브', '큐레브_안티트로', '안티트로_증상']","['지루성두피염', '큐레브', '안티트로', '효과', '머리숱', '펌프', '병원', '큐레브', '안티트로', '증상', '지루성두피염_큐레브', '큐레브_안티트로', '안티트로_효과', '효과_머리숱', '머리숱_펌프', '펌프_병원', '병원_큐레브', '큐레브_안티트로', '안티트로_증상']",[],,,1,['안티트로'],1,['추천'],0,중립,True
blog,2026-01-25,안티트로 샴푸 후기,안티트로 샴푸 후기 지루성두피염 효과 및 장단점 안티트로샴푸 였어요 오늘은 저처럼 오랜 시간 두피 문제로 고민하셨을 분들을 위해 솔직한 후기 를 지루성두피염 샴푸 중에는 거품이 잘 안 나서 찝찝한 제품도 많은데 이건 소량으로도 충분히 개운하게 감을,"['안티트로', '지루성두피염', '효과', '장단점', '안티트로', '시간', '문제', '고민', '지루성두피염', '거품', '소량']","['안티트로_지루성두피염', '지루성두피염_효과', '효과_장단점', '장단점_안티트로', '안티트로_시간', '시간_문제', '문제_고민', '고민_지루성두피염', '지루성두피염_거품', '거품_소량']","['안티트로', '지루성두피염', '효과', '장단점', '안티트로', '시간', '문제', '고민', '지루성두피염', '거품', '소량', '안티트로_지루성두피염', '지루성두피염_효과', '효과_장단점', '장단점_안티트로', '안티트로_시간', '시간_문제', '문제_고민', '고민_지루성두피염', '지루성두피염_거품', '거품_소량']",[],,,1,['안티트로'],0,[],-1,이탈위험,True
blog,2026-01-11,안티트로 샴푸 후기,안티트로 샴푸 지루성두피염 효과 후기 그러다 SNS에서 후기 가 정말 많았던 안티트로 샴푸 를 알게 되었습니다 솔직히 처음엔 반신반의했어요 quot 광고겠지 quot quot 나한테도 효과가 있을까 quot 하는 마음에 후기 들을 샅샅이 뒤져봤는데 극찬하는 글도 많았지만,"['안티트로', '지루성두피염', '효과', '안티트로', '처음', '반신반의', '효과', '극찬']","['안티트로_지루성두피염', '지루성두피염_효과', '효과_안티트로', '안티트로_처음', '처음_반신반의', '반신반의_효과', '효과_극찬']","['안티트로', '지루성두피염', '효과', '안티트로', '처음', '반신반의', '효과', '극찬', '안티트로_지루성두피염', '지루성두피염_효과', '효과_안티트로', '안티트로_처음', '처음_반신반의', '반신반의_효과', '효과_극찬']",[],,,1,['안티트로'],0,[],-1,이탈위험,True
blog,2026-01-04,안티트로 샴푸 후기,지루성두피염 안티트로샴푸 사용 후기 보통 기능성 샴푸 나 약용 샴푸 는 특유의 약 냄새가 나거나 거품이 잘 안 나서 뻣뻣한 느낌을 주기 제가 직접 사용해 본 경험과 여러 후기 를 종합해 볼 때 안티트로샴푸 는 이런 분들께 특히 도움이 될 것,"['지루성두피염', '안티트로', '보통', '기능', '약용', '특유', '냄새', '거품', '느낌', '경험', '종합', '안티트로', '도움']","['지루성두피염_안티트로', '안티트로_보통', '보통_기능', '기능_약용', '약용_특유', '특유_냄새', '냄새_거품', '거품_느낌', '느낌_경험', '경험_종합', '종합_안티트로', '안티트로_도움']","['지루성두피염', '안티트로', '보통', '기능', '약용', '특유', '냄새', '거품', '느낌', '경험', '종합', '안티트로', '도움', '지루성두피염_안티트로', '안티트로_보통', '보통_기능', '기능_약용', '약용_특유', '특유_냄새', '냄새_거품', '거품_느낌', '느낌_경험', '경험_종합', '종합_안티트로', '안티트로_도움']",[],,,1,['안티트로'],0,[],-1,이탈위험,True
blog,2025-12-24,안티트로 샴푸 후기,큐레브 안티트로 샴푸 내돈내산 리뷰 안티트로 샴푸 가격 39 900원 용량 500ml 이거 디자인 진짜 예뿌지 않나효 개인적으로 그래서 머리 감을 때마다 스파 받는 기분임 기분이 째져 실사용 후기 그래서 효과 봤냐가 제일,"['큐레브', '안티트로', '리뷰', '안티트로', '용량', '디자인', '개인', '스파', '기분', '기분', '효과']","['큐레브_안티트로', '안티트로_리뷰', '리뷰_안티트로', '안티트로_용량', '용량_디자인', '디자인_개인', '개인_스파', '스파_기분', '기분_기분', '기분_효과']","['큐레브', '안티트로', '리뷰', '안티트로', '용량', '디자인', '개인', '스파', '기분', '기분', '효과', '큐레브_안티트로', '안티트로_리뷰', '리뷰_안티트로', '안티트로_용량', '용량_디자인', '디자인_개인', '개인_스파', '스파_기분', '기분_기분', '기분_효과']",[],,,1,['안티트로'],0,[],-1,이탈위험,True
blog,2025-12-10,안티트로 샴푸 후기,내돈내산 큐레브 안티트로 샴푸 한달 후기 큐레브 안티트로 샴푸 한 달 후기 내돈내산 건선이 벌써 5년 정도 되어갑니다 컨디션 좋을 때는 금방 사라졌는데 나이도 들고 면역력도 떨어져서 그런지 상태가 점점 안 좋아지더라고요 발효주 마시면 건선이,"['큐레브', '안티트로', '큐레브', '안티트로', '건선', '컨디션', '나이', '면역력', '상태', '발효', '건선']","['큐레브_안티트로', '안티트로_큐레브', '큐레브_안티트로', '안티트로_건선', '건선_컨디션', '컨디션_나이', '나이_면역력', '면역력_상태', '상태_발효', '발효_건선']","['큐레브', '안티트로', '큐레브', '안티트로', '건선', '컨디션', '나이', '면역력', '상태', '발효', '건선', '큐레브_안티트로', '안티트로_큐레브', '큐레브_안티트로', '안티트로_건선', '건선_컨디션', '컨디션_나이', '나이_면역력', '면역력_상태', '상태_발효', '발효_건선']",[],,,1,['안티트로'],1,['사라졌'],0,중립,True
blog,2025-12-04,안티트로 샴푸 후기,이건 진짜 모르고 지나친다 안티트로 샴푸 지루성 두피염 ㅠㅠ 이건 그냥 놔두면 안 되겠다 싶어서 이것저것 알아보다가 후기 가 워낙 좋고 무려 12차까지 물량이 완판되었다는 안티트로 샴푸 를 반신반의하며 구매하게 됐어요 지금 한 달 넘게 꾸준히 써보고 있는데,"['안티트로', '지루', '이것저것', '물량', '완판', '안티트로', '반신반의']","['안티트로_지루', '지루_이것저것', '이것저것_물량', '물량_완판', '완판_안티트로', '안티트로_반신반의']","['안티트로', '지루', '이것저것', '물량', '완판', '안티트로', '반신반의', '안티트로_지루', '지루_이것저것', '이것저것_물량', '물량_완판', '완판_안티트로', '안티트로_반신반의']",[],,,1,['안티트로'],0,[],-1,이탈위험,True
blog,2025-12-02,안티트로 샴푸 후기,안티트로샴푸 부작용 성분 효능 찐 후기 두피뾰루지 제거 안티트로샴푸 부작용 내돈내산 후기 안티트로샴푸 에 대해서는 조금 심층적으로 다뤄바야할 내용이라서 개개인에 따른 부작용과 안티트로샴푸 내돈내산에 대해 훨씬더 꼼꼼하고 좋은 글이 있어서 자세한 내용은,"['안티트로', '부작용', '성분', '효능', '뾰루지', '제거', '안티트로', '부작용', '안티트로', '심층', '내용', '개개인', '부작용', '안티트로', '내용']","['안티트로_부작용', '부작용_성분', '성분_효능', '효능_뾰루지', '뾰루지_제거', '제거_안티트로', '안티트로_부작용', '부작용_안티트로', '안티트로_심층', '심층_내용', '내용_개개인', '개개인_부작용', '부작용_안티트로', '안티트로_내용']","['안티트로', '부작용', '성분', '효능', '뾰루지', '제거', '안티트로', '부작용', '안티트로', '심층', '내용', '개개인', '부작용', '안티트로', '내용', '안티트로_부작용', '부작용_성분', '성분_효능', '효능_뾰루지', '뾰루지_제거', '제거_안티트로', '안티트로_부작용', '부작용_안티트로', '안티트로_심층', '심층_내용', '내용_개개인', '개개인_부작용', '부작용_안티트로', '안티트로_내용']",[],,,2,"['뾰루지', '안티트로']",0,[],-2,이탈위험,True
blog,2025-12-01,안티트로 샴푸 후기,안티트로샴푸 성분 효능 부작용 후기 이성분으로 두피뾰루지제거 안티트로샴푸 효능 후기 안티트로샴푸에 함유된 주요원료에는 다양한 원료 및 성분들이 포함되어 안티트로샴푸 후기 몇 년째 지루성 두피염으로 고생하며 두피에 크고 작은 뾰루지가 자주 올라와 피까지,"['안티트로', '성분', '효능', '부작용', '성분', '뾰루지', '제거', '안티트로', '효능', '안티트로', '함유', '주요', '원료', '다양', '원료', '성분', '포함', '안티트로', '지루', '고생', '뾰루지']","['안티트로_성분', '성분_효능', '효능_부작용', '부작용_성분', '성분_뾰루지', '뾰루지_제거', '제거_안티트로', '안티트로_효능', '효능_안티트로', '안티트로_함유', '함유_주요', '주요_원료', '원료_다양', '다양_원료', '원료_성분', '성분_포함', '포함_안티트로', '안티트로_지루', '지루_고생', '고생_뾰루지']","['안티트로', '성분', '효능', '부작용', '성분', '뾰루지', '제거', '안티트로', '효능', '안티트로', '함유', '주요', '원료', '다양', '원료', '성분', '포함', '안티트로', '지루', '고생', '뾰루지', '안티트로_성분', '성분_효능', '효능_부작용', '부작용_성분', '성분_뾰루지', '뾰루지_제거', '제거_안티트로', '안티트로_효능', '효능_안티트로', '안티트로_함유', '함유_주요', '주요_원료', '원료_다양', '다양_원료', '원료_성분', '성분_포함', '포함_안티트로', '안티트로_지루', '지루_고생', '고생_뾰루지']",[],,,2,"['뾰루지', '안티트로']",0,[],-2,이탈위험,True
blog,2025-11-24,안티트로 샴푸 후기,안티트로 샴푸 내돈내산 후기 사용법 비듬에 효과 있나 feat 아니라서 진짜 삶의 질 올랐다 두피 때문에 미치겠는 분들 한 번쯤 써보세요 진짜 후회 없을 거예요 적어도 나는 안 했음 오늘도 안티트로 로 머리 감고 출근합니당 ㅎㅎ 안티트로 샴푸 다양한 후기 들,"['안티트로', '사용법', '비듬', '효과', '후회', '안티트로', '출근', '안티트로', '다양']","['안티트로_사용법', '사용법_비듬', '비듬_효과', '효과_후회', '후회_안티트로', '안티트로_출근', '출근_안티트로', '안티트로_다양']","['안티트로', '사용법', '비듬', '효과', '후회', '안티트로', '출근', '안티트로', '다양', '안티트로_사용법', '사용법_비듬', '비듬_효과', '효과_후회', '후회_안티트로', '안티트로_출근', '출근_안티트로', '안티트로_다양']",[],,,2,"['후회', '안티트로']",0,[],-2,이탈위험,True
blog,2025-11-21,안티트로 샴푸 후기,안티트로 샴푸 성분 분석 실제 후기 약용 샴푸 까지 근 5 6년간 정말 수없이 많은 샴푸 를 써봤는데 그중에서 가장 효과가 좋아서 유일하게 정착한 안티트로 샴푸 실제 후기 남겨볼게요 왜 안티트로 샴푸 가 다른건지 성분 분석까지 같이 함께,"['안티트로', '성분', '분석', '실제', '약용', '효과', '유일', '정착', '안티트로', '실제', '안티트로', '성분', '분석']","['안티트로_성분', '성분_분석', '분석_실제', '실제_약용', '약용_효과', '효과_유일', '유일_정착', '정착_안티트로', '안티트로_실제', '실제_안티트로', '안티트로_성분', '성분_분석']","['안티트로', '성분', '분석', '실제', '약용', '효과', '유일', '정착', '안티트로', '실제', '안티트로', '성분', '분석', '안티트로_성분', '성분_분석', '분석_실제', '실제_약용', '약용_효과', '효과_유일', '유일_정착', '정착_안티트로', '안티트로_실제', '실제_안티트로', '안티트로_성분', '성분_분석']",[],,,1,['안티트로'],1,['정착'],0,중립,True
blog,2025-11-19,안티트로 샴푸 후기,두피로 고생 중이라면 한 번 써볼만한 안티트로 샴푸 솔직 후기 마무리 후기 두피가 안 좋아지면 정말 일상이 불편해져요 가려움 냄새 각질 트러블 말 안 해도 고통 잘 아실 거예요 안티트로 샴푸 는 그런 불편함을 크게 줄여준 제품으로 단순한 세정력 보다 두피 상태,"['고생', '안티트로', '마무리', '일상', '불편', '냄새', '각질', '트러블', '고통', '안티트로', '불편', '단순', '세정', '상태']","['고생_안티트로', '안티트로_마무리', '마무리_일상', '일상_불편', '불편_냄새', '냄새_각질', '각질_트러블', '트러블_고통', '고통_안티트로', '안티트로_불편', '불편_단순', '단순_세정', '세정_상태']","['고생', '안티트로', '마무리', '일상', '불편', '냄새', '각질', '트러블', '고통', '안티트로', '불편', '단순', '세정', '상태', '고생_안티트로', '안티트로_마무리', '마무리_일상', '일상_불편', '불편_냄새', '냄새_각질', '각질_트러블', '트러블_고통', '고통_안티트로', '안티트로_불편', '불편_단순', '단순_세정', '세정_상태']",[],,,3,"['트러블', '가려움', '안티트로']",0,[],-3,이탈위험,True
blog,2025-11-17,안티트로 샴푸 후기,안티트로샴푸 효능 성분 개선 핵심정리 성분 효과 후기 안티트로샴푸 의 핵심 기전 직접 써보고 알게 된 사용 팁 그리고 솔직 후기 까지 싹 다 거품 하나도 안 남을 때까지 정 말 꼼꼼하게 헹궈주세욧 효과 없으면 환불 그래서 저도 시도했슴다 솔직히,"['안티트로', '효능', '성분', '개선', '핵심', '정리', '성분', '효과', '안티트로', '핵심', '기전', '거품', '효과', '환불', '시도']","['안티트로_효능', '효능_성분', '성분_개선', '개선_핵심', '핵심_정리', '정리_성분', '성분_효과', '효과_안티트로', '안티트로_핵심', '핵심_기전', '기전_거품', '거품_효과', '효과_환불', '환불_시도']","['안티트로', '효능', '성분', '개선', '핵심', '정리', '성분', '효과', '안티트로', '핵심', '기전', '거품', '효과', '환불', '시도', '안티트로_효능', '효능_성분', '성분_개선', '개선_핵심', '핵심_정리', '정리_성분', '성분_효과', '효과_안티트로', '안티트로_핵심', '핵심_기전', '기전_거품', '거품_효과', '효과_환불', '환불_시도']",[],,,2,"['환불', '안티트로']",0,[],-2,이탈위험,True
blog,2025-11-14,안티트로 샴푸 후기,안티트로 샴푸 9주차 후기 않을까 후기 보면 하루만에 좋아졌다는 분들 되게 많은데 아마 그런분들이 초기 분들에 해당하지 않을까 싶어요 어찌됐든 안티트로 샴푸 두피문제 때문에 찾아보신분들은 무조건 무조건 써보시는거 강추,"['안티트로', '하루', '초기', '해당', '안티트로', '문제']","['안티트로_하루', '하루_초기', '초기_해당', '해당_안티트로', '안티트로_문제']","['안티트로', '하루', '초기', '해당', '안티트로', '문제', '안티트로_하루', '하루_초기', '초기_해당', '해당_안티트로', '안티트로_문제']",[],,,1,['안티트로'],2,"['좋아졌', '강추']",1,긍정,True
blog,2025-11-12,안티트로 샴푸 후기,알리익스프레스 프로모션 코드 최신 업데이트 2025년 11월 com e _c3jVq12n 얘들아 직구했다가 이상한 거 올까 봐 맨날 후기 만 뒤졌지 이제 그럴 필요 없어 알리 안티트로샴푸 닥터그루트 샴푸 맥주효모 샴푸 아모스 샴푸 ts 샴푸 지루성두피염 샴푸 아베다 샴푸,"['알리익스프레스', '프로모션', '코드', '최신', '업데이트', '직구', '이상', '필요', '알리', '안티트로', '닥터그루트', '맥주', '효모', '아모스', '지루성두피염', '아베다']","['알리익스프레스_프로모션', '프로모션_코드', '코드_최신', '최신_업데이트', '업데이트_직구', '직구_이상', '이상_필요', '필요_알리', '알리_안티트로', '안티트로_닥터그루트', '닥터그루트_맥주', '맥주_효모', '효모_아모스', '아모스_지루성두피염', '지루성두피염_아베다']","['알리익스프레스', '프로모션', '코드', '최신', '업데이트', '직구', '이상', '필요', '알리', '안티트로', '닥터그루트', '맥주', '효모', '아모스', '지루성두피염', '아베다', '알리익스프레스_프로모션', '프로모션_코드', '코드_최신', '최신_업데이트', '업데이트_직구', '직구_이상', '이상_필요', '필요_알리', '알리_안티트로', '안티트로_닥터그루트', '닥터그루트_맥주', '맥주_효모', '효모_아모스', '아모스_지루성두피염', '지루성두피염_아베다']",[],,,1,['안티트로'],0,[],-1,이탈위험,True
blog,2025-11-11,안티트로 샴푸 후기,안티트로 샴푸 지루성 내돈내산 후기 비듬 가려움 효과 성분 오늘은 지루성 두피염으로 고생하던 제가 직접 구매해서 사용해본 안티트로 샴푸 에 대해 솔직하게 민감한 두피에도 자극이 없다는 후기 들을 보고 바로 구매했습니다 추천 지루성 샴푸 46 할인중 2주 만에,"['안티트로', '지루', '비듬', '효과', '성분', '지루', '고생', '안티트로', '자극', '지루']","['안티트로_지루', '지루_비듬', '비듬_효과', '효과_성분', '성분_지루', '지루_고생', '고생_안티트로', '안티트로_자극', '자극_지루']","['안티트로', '지루', '비듬', '효과', '성분', '지루', '고생', '안티트로', '자극', '지루', '안티트로_지루', '지루_비듬', '비듬_효과', '효과_성분', '성분_지루', '지루_고생', '고생_안티트로', '안티트로_자극', '자극_지루']",[],,,3,"['자극', '가려움', '안티트로']",1,['추천'],-2,이탈위험,True
blog,2025-11-06,안티트로 샴푸 후기,안티트로 샴푸 비듬 지루성 두피염 두피 트러블 효과 안티트로 샴푸 내돈내산 후기 5 1 quot 두피에 자꾸 뭐가 나서 고생했는데 이 샴푸 쓰고는 두피가 깨끗해진 게 느껴져요 quot 5 2 quot 기름기랑 비듬이 눈에 띄게 줄어서 자신감이 생겼어요 quot 5 3 quot 매일 아침 가려움,"['안티트로', '비듬', '지루', '트러블', '효과', '안티트로', '고생', '기름', '비듬', '자신감', '아침']","['안티트로_비듬', '비듬_지루', '지루_트러블', '트러블_효과', '효과_안티트로', '안티트로_고생', '고생_기름', '기름_비듬', '비듬_자신감', '자신감_아침']","['안티트로', '비듬', '지루', '트러블', '효과', '안티트로', '고생', '기름', '비듬', '자신감', '아침', '안티트로_비듬', '비듬_지루', '지루_트러블', '트러블_효과', '효과_안티트로', '안티트로_고생', '고생_기름', '기름_비듬', '비듬_자신감', '자신감_아침']",[],,,3,"['트러블', '가려움', '안티트로']",0,[],-3,이탈위험,True
blog,2025-11-04,안티트로 샴푸 후기,안티트로 샴푸 지루성 두피염 가려움 비듬 완화 후기 안티트로 샴푸 내돈내산 후기 5 1 quot 출근 전 머리 때문에 스트레스가 심했는데 이 샴푸 쓰고 나서 두피가 시원하고 진정된 느낌이에요 quot 5 2 quot 비듬 때문에 검은 옷은 꿈도 못 꿨는데 이젠 자신 있게 입어요 quot 5 3,"['안티트로', '지루', '비듬', '완화', '안티트로', '출근', '스트레스', '진정', '느낌', '비듬', '이제', '자신']","['안티트로_지루', '지루_비듬', '비듬_완화', '완화_안티트로', '안티트로_출근', '출근_스트레스', '스트레스_진정', '진정_느낌', '느낌_비듬', '비듬_이제', '이제_자신']","['안티트로', '지루', '비듬', '완화', '안티트로', '출근', '스트레스', '진정', '느낌', '비듬', '이제', '자신', '안티트로_지루', '지루_비듬', '비듬_완화', '완화_안티트로', '안티트로_출근', '출근_스트레스', '스트레스_진정', '진정_느낌', '느낌_비듬', '비듬_이제', '이제_자신']",[],,,2,"['가려움', '안티트로']",0,[],-2,이탈위험,True
blog,2025-10-11,안티트로 샴푸 후기,안티트로 샴푸 500ml 지루성두피염 내돈내산 일주일 찐 후기 특히 후기 가 너무 좋은 안티트로 샴푸 를 써봤어요 단점은 품절이 잘 된다는 것 가격이 비싸다는 점밖에 한번 펌프 하니깐 이만큼 나왔는데요 거품이 진짜 안 나요 와 계면활성제가 거의 안 들어 있는 건,"['안티트로', '지루성두피염', '안티트로', '단점', '품절', '펌프', '거품', '계면활성제']","['안티트로_지루성두피염', '지루성두피염_안티트로', '안티트로_단점', '단점_품절', '품절_펌프', '펌프_거품', '거품_계면활성제']","['안티트로', '지루성두피염', '안티트로', '단점', '품절', '펌프', '거품', '계면활성제', '안티트로_지루성두피염', '지루성두피염_안티트로', '안티트로_단점', '단점_품절', '품절_펌프', '펌프_거품', '거품_계면활성제']",[],,,1,['안티트로'],0,[],-1,이탈위험,True
blog,2025-09-10,안티트로 샴푸 후기,1탄 지루성두피 끝판왕 조합 안티트로 샴푸 힐모앤 두균억제제 근데 확실히 간지러움이 심한 제가 안 써본 토닉이 없거든요 닥터자르트 올리브영 00제품 등 이것은 것보다 안티트로 샴푸 랑 힐러앤 토닉 사는게 저한텐 합리적 소비 같습니다 나중에 한달 후기 도 가져올게요,"['지루', '끝판왕', '조합', '안티트로', '힐모앤', '두균억제제', '토닉', '닥터자르트', '올리브', '안티트로', '힐러', '토닉', '합리', '소비', '나중']","['지루_끝판왕', '끝판왕_조합', '조합_안티트로', '안티트로_힐모앤', '힐모앤_두균억제제', '두균억제제_토닉', '토닉_닥터자르트', '닥터자르트_올리브', '올리브_안티트로', '안티트로_힐러', '힐러_토닉', '토닉_합리', '합리_소비', '소비_나중']","['지루', '끝판왕', '조합', '안티트로', '힐모앤', '두균억제제', '토닉', '닥터자르트', '올리브', '안티트로', '힐러', '토닉', '합리', '소비', '나중', '지루_끝판왕', '끝판왕_조합', '조합_안티트로', '안티트로_힐모앤', '힐모앤_두균억제제', '두균억제제_토닉', '토닉_닥터자르트', '닥터자르트_올리브', '올리브_안티트로', '안티트로_힐러', '힐러_토닉', '토닉_합리', '합리_소비', '소비_나중']",[],,,1,['안티트로'],0,[],-1,이탈위험,True
blog,2025-08-26,안티트로 샴푸 후기,두피염 완화에 좋다고 소문난 큐레브 안티트로 샴푸 사용 후기 안티트로 샴푸 가 효과가 있었다는 후기 들이 꽤 많이 보이더라고요 가격 대비 용량은 작은 편이라 가성비가 좋진 않지만 효과가 좋아서 사용한다는 글을 보고 큰맘 먹고 구매를 했어요 이 빨간색 샴푸 가 큐레브,"['완화', '큐레브', '안티트로', '안티트로', '효과', '대비', '용량', '가성비', '효과', '빨간색', '큐레브']","['완화_큐레브', '큐레브_안티트로', '안티트로_안티트로', '안티트로_효과', '효과_대비', '대비_용량', '용량_가성비', '가성비_효과', '효과_빨간색', '빨간색_큐레브']","['완화', '큐레브', '안티트로', '안티트로', '효과', '대비', '용량', '가성비', '효과', '빨간색', '큐레브', '완화_큐레브', '큐레브_안티트로', '안티트로_안티트로', '안티트로_효과', '효과_대비', '대비_용량', '용량_가성비', '가성비_효과', '효과_빨간색', '빨간색_큐레브']",[],,,1,['안티트로'],0,[],-1,이탈위험,True
blog,2025-08-14,안티트로 샴푸 후기,안티트로 샴푸 효과 및 사용자 후기 지루성 두피염과 탈모 안티트로샴푸 지루성두피염 두피가려움 탈모예방 샴푸 두피각질개선 천연성분 샴푸 두피진정 민감성두피 샴푸후기 안티트로 사용기 두피건강 병풀추출물 세라마이드 샴푸 트러블두피케어,"['안티트로', '효과', '사용자', '지루', '탈모', '안티트로', '지루성두피염', '탈모', '예방', '각질', '개선', '천연', '성분', '진정', '안티트로', '건강', '병풀', '추출물', '세라마이드', '트러블', '케어']","['안티트로_효과', '효과_사용자', '사용자_지루', '지루_탈모', '탈모_안티트로', '안티트로_지루성두피염', '지루성두피염_탈모', '탈모_예방', '예방_각질', '각질_개선', '개선_천연', '천연_성분', '성분_진정', '진정_안티트로', '안티트로_건강', '건강_병풀', '병풀_추출물', '추출물_세라마이드', '세라마이드_트러블', '트러블_케어']","['안티트로', '효과', '사용자', '지루', '탈모', '안티트로', '지루성두피염', '탈모', '예방', '각질', '개선', '천연', '성분', '진정', '안티트로', '건강', '병풀', '추출물', '세라마이드', '트러블', '케어', '안티트로_효과', '효과_사용자', '사용자_지루', '지루_탈모', '탈모_안티트로', '안티트로_지루성두피염', '지루성두피염_탈모', '탈모_예방', '예방_각질', '각질_개선', '개선_천연', '천연_성분', '성분_진정', '진정_안티트로', '안티트로_건강', '건강_병풀', '병풀_추출물', '추출물_세라마이드', '세라마이드_트러블', '트러블_케어']",[],,,3,"['트러블', '가려움', '안티트로']",0,[],-3,이탈위험,True
blog,2025-08-07,안티트로 샴푸 후기,지루성 두피염 큐레브 안티트로 샴푸 사용 후기 내돈내산 그래서 인터넷 서치를 하던중 큐레브 안티트로 샴푸 를 발견했습니다 긴가민가 하는 마음에 살까말까 고민하다가 후기 도 좋고 속는셈치고 한개를 일단 구매했어요 성분 성분은 나이아신아미드,"['지루', '큐레브', '안티트로', '인터넷', '서치', '큐레브', '안티트로', '발견', '고민', '성분', '성분', '나이아신아미드']","['지루_큐레브', '큐레브_안티트로', '안티트로_인터넷', '인터넷_서치', '서치_큐레브', '큐레브_안티트로', '안티트로_발견', '발견_고민', '고민_성분', '성분_성분', '성분_나이아신아미드']","['지루', '큐레브', '안티트로', '인터넷', '서치', '큐레브', '안티트로', '발견', '고민', '성분', '성분', '나이아신아미드', '지루_큐레브', '큐레브_안티트로', '안티트로_인터넷', '인터넷_서치', '서치_큐레브', '큐레브_안티트로', '안티트로_발견', '발견_고민', '고민_성분', '성분_성분', '성분_나이아신아미드']",[],,,1,['안티트로'],0,[],-1,이탈위험,True
blog,2025-06-26,안티트로 샴푸 후기,내돈내산 뷰티 두피염증 amp 문제성두피 특화 안티트로샴푸 안티트로 샴푸 두피염증 지루성두피염 등 문제성두피 특화 지난 4월 겨울 끝나고 봄바람 살랑살랑 그래서 열심히 서칭해본 결과 찾은 샴푸 가 바로 이 샴푸 극찬 후기 들과 꽤 많은 판매량 그리고 품절도,"['염증', '문제', '특화', '안티트로', '안티트로', '염증', '지루성두피염', '문제', '특화', '겨울', '바람', '결과', '극찬', '판매량', '품절']","['염증_문제', '문제_특화', '특화_안티트로', '안티트로_안티트로', '안티트로_염증', '염증_지루성두피염', '지루성두피염_문제', '문제_특화', '특화_겨울', '겨울_바람', '바람_결과', '결과_극찬', '극찬_판매량', '판매량_품절']","['염증', '문제', '특화', '안티트로', '안티트로', '염증', '지루성두피염', '문제', '특화', '겨울', '바람', '결과', '극찬', '판매량', '품절', '염증_문제', '문제_특화', '특화_안티트로', '안티트로_안티트로', '안티트로_염증', '염증_지루성두피염', '지루성두피염_문제', '문제_특화', '특화_겨울', '겨울_바람', '바람_결과', '결과_극찬', '극찬_판매량', '판매량_품절']",[],,,1,['안티트로'],0,[],-1,이탈위험,True
blog,2025-06-20,안티트로 샴푸 후기,안티트로 샴푸 내돈내산 후기 효과 사용법 제거와 장벽 강화를 동시에 케어할 수 있는 복합 기능성 제품입니다 계속해서 안티트로 샴푸 효과 성분 사용법 내돈내산 후기 내용을 보시려면 아래를 클릭해 확인해 보세요 안티트로 샴푸 자세히 알아보기,"['안티트로', '효과', '사용법', '제거', '장벽', '강화', '동시', '케어', '복합', '기능', '계속', '안티트로', '효과', '성분', '사용법', '내용', '아래', '클릭', '확인', '안티트로']","['안티트로_효과', '효과_사용법', '사용법_제거', '제거_장벽', '장벽_강화', '강화_동시', '동시_케어', '케어_복합', '복합_기능', '기능_계속', '계속_안티트로', '안티트로_효과', '효과_성분', '성분_사용법', '사용법_내용', '내용_아래', '아래_클릭', '클릭_확인', '확인_안티트로']","['안티트로', '효과', '사용법', '제거', '장벽', '강화', '동시', '케어', '복합', '기능', '계속', '안티트로', '효과', '성분', '사용법', '내용', '아래', '클릭', '확인', '안티트로', '안티트로_효과', '효과_사용법', '사용법_제거', '제거_장벽', '장벽_강화', '강화_동시', '동시_케어', '케어_복합', '복합_기능', '기능_계속', '계속_안티트로', '안티트로_효과', '효과_성분', '성분_사용법', '사용법_내용', '내용_아래', '아래_클릭', '클릭_확인', '확인_안티트로']",[],,,1,['안티트로'],0,[],-1,이탈위험,True
blog,2025-05-12,안티트로 샴푸 후기,두피 가려움 amp 트러블 극복 과정 안티트로 샴푸 후기 두피루틴공유 ㅎㅎ 그와중에도 샴푸 후기 를 가져왔답니다 제가 환절기 마다 고생하는게 하나 있는데 피부 뒤집어 친구가 생일 선물로 안티트로샴푸 를 선물해줬어요 샴푸 500ml 한통에 거의 4만원 원래 저의 돈주고는,"['트러블', '극복', '과정', '안티트로', '루틴', '공유', '와중', '환절기', '고생', '피부', '친구', '생일', '선물', '안티트로', '선물']","['트러블_극복', '극복_과정', '과정_안티트로', '안티트로_루틴', '루틴_공유', '공유_와중', '와중_환절기', '환절기_고생', '고생_피부', '피부_친구', '친구_생일', '생일_선물', '선물_안티트로', '안티트로_선물']","['트러블', '극복', '과정', '안티트로', '루틴', '공유', '와중', '환절기', '고생', '피부', '친구', '생일', '선물', '안티트로', '선물', '트러블_극복', '극복_과정', '과정_안티트로', '안티트로_루틴', '루틴_공유', '공유_와중', '와중_환절기', '환절기_고생', '고생_피부', '피부_친구', '친구_생일', '생일_선물', '선물_안티트로', '안티트로_선물']",[],,,3,"['트러블', '가려움', '안티트로']",0,[],-3,이탈위험,True
blog,2025-04-26,안티트로 샴푸 후기,안티트로 샴푸 90일차 내돈내산 후기 솔직 후기 안티트로 샴푸 패키징 맘에 듬 고급지다 안티트로 샴푸 는 항진균 클렌징 이쪽 계열은 아님 오히려 그래서 선택했다 나는 좀 두피가 예민한 편이라 염증 위주로 많이 올라오고 가려움도 굉장히 많은,"['안티트로', '안티트로', '패키징', '고급', '안티트로', '항진', '클렌징', '계열', '선택', '염증', '위주']","['안티트로_안티트로', '안티트로_패키징', '패키징_고급', '고급_안티트로', '안티트로_항진', '항진_클렌징', '클렌징_계열', '계열_선택', '선택_염증', '염증_위주']","['안티트로', '안티트로', '패키징', '고급', '안티트로', '항진', '클렌징', '계열', '선택', '염증', '위주', '안티트로_안티트로', '안티트로_패키징', '패키징_고급', '고급_안티트로', '안티트로_항진', '항진_클렌징', '클렌징_계열', '계열_선택', '선택_염증', '염증_위주']",[],,,3,"['올라오', '가려움', '안티트로']",0,[],-3,이탈위험,True
blog,2025-04-24,안티트로 샴푸 후기,큐레브 안티트로 샴푸 내돈내산 임산부 지루성두피염 치료 후기 그래도 효과 없으면 무조건 환불처리도 진행해주더라구요 그래서 부담없이 일단 시도해보시는걸 추천드려요 그럼 여기까지 안티트로 샴푸 로 지루성 두피염 치료한 후기 마치겠습니다 읽어주셔서 감사합니당,"['큐레브', '안티트로', '임산부', '지루성두피염', '치료', '효과', '환불', '처리', '진행', '부담', '시도', '안티트로', '지루', '치료', '감사']","['큐레브_안티트로', '안티트로_임산부', '임산부_지루성두피염', '지루성두피염_치료', '치료_효과', '효과_환불', '환불_처리', '처리_진행', '진행_부담', '부담_시도', '시도_안티트로', '안티트로_지루', '지루_치료', '치료_감사']","['큐레브', '안티트로', '임산부', '지루성두피염', '치료', '효과', '환불', '처리', '진행', '부담', '시도', '안티트로', '지루', '치료', '감사', '큐레브_안티트로', '안티트로_임산부', '임산부_지루성두피염', '지루성두피염_치료', '치료_효과', '효과_환불', '환불_처리', '처리_진행', '진행_부담', '부담_시도', '시도_안티트로', '안티트로_지루', '지루_치료', '치료_감사']",[],,,2,"['환불', '안티트로']",1,['추천'],-1,이탈위험,True
blog,2025-04-24,안티트로 샴푸 후기,안티트로샴푸 큐레브 지루성 두피염에 써본 후기 아는 지인분이 안티트로 샴푸 라고 치료용 샴푸 를 선물해줬는데 큐레브 안티트로 샴푸 지루성 두피염 사용 후기 이게 효과가 너무 좋아서 찐 내돈내산 선물받음 후기 를 같이 공유드리려구요 피부과,"['안티트로', '큐레브', '지루', '지인', '안티트로', '치료', '선물', '큐레브', '안티트로', '지루', '효과', '선물', '공유', '피부과']","['안티트로_큐레브', '큐레브_지루', '지루_지인', '지인_안티트로', '안티트로_치료', '치료_선물', '선물_큐레브', '큐레브_안티트로', '안티트로_지루', '지루_효과', '효과_선물', '선물_공유', '공유_피부과']","['안티트로', '큐레브', '지루', '지인', '안티트로', '치료', '선물', '큐레브', '안티트로', '지루', '효과', '선물', '공유', '피부과', '안티트로_큐레브', '큐레브_지루', '지루_지인', '지인_안티트로', '안티트로_치료', '치료_선물', '선물_큐레브', '큐레브_안티트로', '안티트로_지루', '지루_효과', '효과_선물', '선물_공유', '공유_피부과']",[],,,1,['안티트로'],0,[],-1,이탈위험,True
blog,2025-02-04,안티트로 샴푸 후기,안티트로 트러블 특화 샴푸 두달째 찐 후기 안티트로 트러블 특화 샴푸 두달째 찐 후기 독박육아에 집안일까지 겹치다보니까 스트레스가 쌓였는지 언제부턴가 두피에 염증 트러블 여드름 이런것들이 계속 올라왔습니다 시간 지나면 괜찮아지겠지,"['안티트로', '트러블', '특화', '안티트로', '트러블', '특화', '육아', '집안일', '스트레스', '염증', '트러블', '여드름', '시간']","['안티트로_트러블', '트러블_특화', '특화_안티트로', '안티트로_트러블', '트러블_특화', '특화_육아', '육아_집안일', '집안일_스트레스', '스트레스_염증', '염증_트러블', '트러블_여드름', '여드름_시간']","['안티트로', '트러블', '특화', '안티트로', '트러블', '특화', '육아', '집안일', '스트레스', '염증', '트러블', '여드름', '시간', '안티트로_트러블', '트러블_특화', '특화_안티트로', '안티트로_트러블', '트러블_특화', '특화_육아', '육아_집안일', '집안일_스트레스', '스트레스_염증', '염증_트러블', '트러블_여드름', '여드름_시간']",[],,,3,"['트러블', '올라왔', '안티트로']",0,[],-3,이탈위험,True
blog,2024-11-30,안티트로 샴푸 후기,안티트로 지루성두피 특화 샴푸 4주차 후기 안티트로 지루성성두피 특화 샴푸 후기 지루성두피염 특히 두피 여드름이랑 염증이 너무 심하다 아니 요 몇달간 갑자기 더 심해진것 같다 원래도 두피 여드름이 올라오는 두피였지만 이번에 갑자기 너무,"['안티트로', '지루성두피', '특화', '안티트로', '지루성성두피', '특화', '지루성두피염', '여드름', '염증', '여드름', '이번']","['안티트로_지루성두피', '지루성두피_특화', '특화_안티트로', '안티트로_지루성성두피', '지루성성두피_특화', '특화_지루성두피염', '지루성두피염_여드름', '여드름_염증', '염증_여드름', '여드름_이번']","['안티트로', '지루성두피', '특화', '안티트로', '지루성성두피', '특화', '지루성두피염', '여드름', '염증', '여드름', '이번', '안티트로_지루성두피', '지루성두피_특화', '특화_안티트로', '안티트로_지루성성두피', '지루성성두피_특화', '특화_지루성두피염', '지루성두피염_여드름', '여드름_염증', '염증_여드름', '여드름_이번']",[],,,2,"['올라오', '안티트로']",0,[],-2,이탈위험,True
blog,2026-04-15,지루성두피 샴푸 추천,부산 해운대 탈모 셀비오 해운대점 관리 편안해지고 추천 두피 열도 내려가고 피지가 1차적으로 정리됨 자극이 없어 더 좋았던 관리 1회만으로 탈모관리 부산해운대탈모 해운대탈모 해운대탈모관리 지루성두피 염 원형탈모 건선 두피,"['부산', '해운대', '탈모', '셀비오', '해운대점', '관리', '편안', '피지', '정리', '자극', '관리', '탈모', '관리', '부산', '해운대', '탈모', '해운대', '탈모', '해운대', '탈모', '관리', '지루', '원형', '탈모', '건선']","['부산_해운대', '해운대_탈모', '탈모_셀비오', '셀비오_해운대점', '해운대점_관리', '관리_편안', '편안_피지', '피지_정리', '정리_자극', '자극_관리', '관리_탈모', '탈모_관리', '관리_부산', '부산_해운대', '해운대_탈모', '탈모_해운대', '해운대_탈모', '탈모_해운대', '해운대_탈모', '탈모_관리', '관리_지루', '지루_원형', '원형_탈모', '탈모_건선']","['부산', '해운대', '탈모', '셀비오', '해운대점', '관리', '편안', '피지', '정리', '자극', '관리', '탈모', '관리', '부산', '해운대', '탈모', '해운대', '탈모', '해운대', '탈모', '관리', '지루', '원형', '탈모', '건선', '부산_해운대', '해운대_탈모', '탈모_셀비오', '셀비오_해운대점', '해운대점_관리', '관리_편안', '편안_피지', '피지_정리', '정리_자극', '자극_관리', '관리_탈모', '탈모_관리', '관리_부산', '부산_해운대', '해운대_탈모', '탈모_해운대', '해운대_탈모', '탈모_해운대', '해운대_탈모', '탈모_관리', '관리_지루', '지루_원형', '원형_탈모', '탈모_건선']",[],,,1,['자극'],1,['추천'],0,중립,False
blog,2026-04-15,지루성두피 샴푸 추천,lt 수원 gt 탈모가 신경쓰인다면 광교 두피 관리샵 모디슨 광교점 있는데요 두피 는 스케일링이 정말 중요하대요 샴푸 가 우리 머리 안에있는 노폐물을 다 광교점 추천 드립니다 광교 두피 광교탈모 광교 지루성 광교헤드스파 광교 두피 관리 광교 지루성두피,"['수원', '탈모', '신경', '광교', '관리', '모디슨', '광교', '스케일링', '중요', '노폐물', '광교', '광교', '광교', '탈모', '광교', '지루성', '광교헤드스파', '광교', '관리', '광교', '지루성두피']","['수원_탈모', '탈모_신경', '신경_광교', '광교_관리', '관리_모디슨', '모디슨_광교', '광교_스케일링', '스케일링_중요', '중요_노폐물', '노폐물_광교', '광교_광교', '광교_광교', '광교_탈모', '탈모_광교', '광교_지루성', '지루성_광교헤드스파', '광교헤드스파_광교', '광교_관리', '관리_광교', '광교_지루성두피']","['수원', '탈모', '신경', '광교', '관리', '모디슨', '광교', '스케일링', '중요', '노폐물', '광교', '광교', '광교', '탈모', '광교', '지루성', '광교헤드스파', '광교', '관리', '광교', '지루성두피', '수원_탈모', '탈모_신경', '신경_광교', '광교_관리', '관리_모디슨', '모디슨_광교', '광교_스케일링', '스케일링_중요', '중요_노폐물', '노폐물_광교', '광교_광교', '광교_광교', '광교_탈모', '탈모_광교', '광교_지루성', '지루성_광교헤드스파', '광교헤드스파_광교', '광교_관리', '관리_광교', '광교_지루성두피']",[],,,0,[],1,['추천'],1,긍정,False
blog,2026-04-15,지루성두피 샴푸 추천,탈모 샴푸 추천 지성 두피 두피 가려움 케어까지 가능한 몽잘 추천 드리고 싶어요 요즘처럼 두피 관리 중요한 시기에 한 번 써보셔도 좋을 것 같아요 구매링크 몽잘탈모 샴푸 몽잘커피 샴푸 탈모 샴푸 카페인 샴푸 지성 두피샴푸 탈모 두피 가려움 커피 샴푸 지루성두피,"['탈모', '지성', '케어', '가능', '관리', '중요', '시기', '탈모', '커피', '탈모', '카페인', '지성', '탈모', '커피', '지루성두피']","['탈모_지성', '지성_케어', '케어_가능', '가능_관리', '관리_중요', '중요_시기', '시기_탈모', '탈모_커피', '커피_탈모', '탈모_카페인', '카페인_지성', '지성_탈모', '탈모_커피', '커피_지루성두피']","['탈모', '지성', '케어', '가능', '관리', '중요', '시기', '탈모', '커피', '탈모', '카페인', '지성', '탈모', '커피', '지루성두피', '탈모_지성', '지성_케어', '케어_가능', '가능_관리', '관리_중요', '중요_시기', '시기_탈모', '탈모_커피', '커피_탈모', '탈모_카페인', '카페인_지성', '지성_탈모', '탈모_커피', '커피_지루성두피']",[],,,1,['가려움'],1,['추천'],0,중립,False
blog,2026-04-15,지루성두피 샴푸 추천,파주 두피 케어 리데이 헤드스파 지루성두피 후기 관리사님이 추천 해 주셔서 남편은 지루성 두피 염 완화에 도움을 주는 티트리 오일로 결정 1 두피 진단 스케일링제를 두피 에 도포하고 샴푸 브러시로 각질 제거를 하는데 남편의 후기가 스케일링이,"['파주', '케어', '리데이', '헤드스파', '지루성두피', '관리사', '남편', '지루', '완화', '도움', '트리', '오일', '결정', '진단', '스케일링', '도포', '브러시', '각질', '제거', '남편', '스케일링']","['파주_케어', '케어_리데이', '리데이_헤드스파', '헤드스파_지루성두피', '지루성두피_관리사', '관리사_남편', '남편_지루', '지루_완화', '완화_도움', '도움_트리', '트리_오일', '오일_결정', '결정_진단', '진단_스케일링', '스케일링_도포', '도포_브러시', '브러시_각질', '각질_제거', '제거_남편', '남편_스케일링']","['파주', '케어', '리데이', '헤드스파', '지루성두피', '관리사', '남편', '지루', '완화', '도움', '트리', '오일', '결정', '진단', '스케일링', '도포', '브러시', '각질', '제거', '남편', '스케일링', '파주_케어', '케어_리데이', '리데이_헤드스파', '헤드스파_지루성두피', '지루성두피_관리사', '관리사_남편', '남편_지루', '지루_완화', '완화_도움', '도움_트리', '트리_오일', '오일_결정', '결정_진단', '진단_스케일링', '스케일링_도포', '도포_브러시', '브러시_각질', '각질_제거', '제거_남편', '남편_스케일링']",[],,,0,[],1,['추천'],1,긍정,False
blog,2026-04-15,지루성두피 샴푸 추천,두피 건강 놓치지 않을 거예요 나에게 딱 맞는 케어 가이드 어떤 분들은 지성 두피 인데도 건성용 제품을 쓰거나 민감성 두피 인데도 강한 세정력의 샴푸 를 써서 예를 들어 만성적인 비듬 지루성 두피 염 심한 가려움증 초기 탈모 증상 등 문제성 두피 케어 가 필요한,"['건강', '케어', '가이드', '지성', '건성', '세정', '만성', '비듬', '지루', '가려움증', '초기', '탈모', '증상', '문제', '케어', '필요']","['건강_케어', '케어_가이드', '가이드_지성', '지성_건성', '건성_세정', '세정_만성', '만성_비듬', '비듬_지루', '지루_가려움증', '가려움증_초기', '초기_탈모', '탈모_증상', '증상_문제', '문제_케어', '케어_필요']","['건강', '케어', '가이드', '지성', '건성', '세정', '만성', '비듬', '지루', '가려움증', '초기', '탈모', '증상', '문제', '케어', '필요', '건강_케어', '케어_가이드', '가이드_지성', '지성_건성', '건성_세정', '세정_만성', '만성_비듬', '비듬_지루', '지루_가려움증', '가려움증_초기', '초기_탈모', '탈모_증상', '증상_문제', '문제_케어', '케어_필요']",[],,,1,['가려움'],0,[],-1,이탈위험,False
blog,2026-04-15,지루성두피 샴푸 추천,두피 건선 샴푸 내돈내산 건성러가 말아주는 후기 추천 까지 받았어요 병원도 진짜 고민했지만 솔직히 두피 를 보여주는 것도 민망하고 약 쓰는 건 너무 과하다고 생각해 일단 샴푸 부터 바꿨어요 다짐했어요 인터넷에 건조한 머리 부터 두피 건선 지루성두피,"['건선', '건성러', '병원', '고민', '다짐', '인터넷', '건조', '건선', '지루성두피']","['건선_건성러', '건성러_병원', '병원_고민', '고민_다짐', '다짐_인터넷', '인터넷_건조', '건조_건선', '건선_지루성두피']","['건선', '건성러', '병원', '고민', '다짐', '인터넷', '건조', '건선', '지루성두피', '건선_건성러', '건성러_병원', '병원_고민', '고민_다짐', '다짐_인터넷', '인터넷_건조', '건조_건선', '건선_지루성두피']",[],,,0,[],1,['추천'],1,긍정,False
blog,2026-04-15,지루성두피 샴푸 추천,머리 하루 한번 두번 저녁 샴푸 추천 보통 두피 하루 1번 또는 격일 운동 땀 많으면 하루 1번 건성 두피 굵은 모발 곱슬 2 3일 간격도 가능 너무 자주 감으면 푸석해질 수 있음 비듬 지루성 두피 염 관리 중 제품 지시에 맞춤,"['하루', '저녁', '하루', '격일', '운동', '하루', '건성', '모발', '간격', '가능', '푸석', '비듬', '지루', '관리', '지시']","['하루_저녁', '저녁_하루', '하루_격일', '격일_운동', '운동_하루', '하루_건성', '건성_모발', '모발_간격', '간격_가능', '가능_푸석', '푸석_비듬', '비듬_지루', '지루_관리', '관리_지시']","['하루', '저녁', '하루', '격일', '운동', '하루', '건성', '모발', '간격', '가능', '푸석', '비듬', '지루', '관리', '지시', '하루_저녁', '저녁_하루', '하루_격일', '격일_운동', '운동_하루', '하루_건성', '건성_모발', '모발_간격', '간격_가능', '가능_푸석', '푸석_비듬', '비듬_지루', '지루_관리', '관리_지시']",[],,,0,[],1,['추천'],1,긍정,False
blog,2026-04-15,지루성두피 샴푸 추천,하남 두피 밥 후기 여름철 두피 관리 제대로 받고 온 솔직 후기 2 두피 클렌징 본격적으로 두피 를 깨끗하게 정리해주는 단계입니다 평소에 샴푸 만으로는 잘 안 두피 케어 여름 두피 관리 두피 관리 추천 하남탈모관리 미사역 지루성두피 하남 지루성두피 미사역 두피 관리,"['하남', '여름철', '관리', '클렌징', '본격', '정리', '단계', '평소', '케어', '여름', '관리', '관리', '하남', '탈모', '관리', '미사', '지루성두피', '하남', '지루성두피', '미사역', '관리']","['하남_여름철', '여름철_관리', '관리_클렌징', '클렌징_본격', '본격_정리', '정리_단계', '단계_평소', '평소_케어', '케어_여름', '여름_관리', '관리_관리', '관리_하남', '하남_탈모', '탈모_관리', '관리_미사', '미사_지루성두피', '지루성두피_하남', '하남_지루성두피', '지루성두피_미사역', '미사역_관리']","['하남', '여름철', '관리', '클렌징', '본격', '정리', '단계', '평소', '케어', '여름', '관리', '관리', '하남', '탈모', '관리', '미사', '지루성두피', '하남', '지루성두피', '미사역', '관리', '하남_여름철', '여름철_관리', '관리_클렌징', '클렌징_본격', '본격_정리', '정리_단계', '단계_평소', '평소_케어', '케어_여름', '여름_관리', '관리_관리', '관리_하남', '하남_탈모', '탈모_관리', '관리_미사', '미사_지루성두피', '지루성두피_하남', '하남_지루성두피', '지루성두피_미사역', '미사역_관리']",[],,,0,[],1,['추천'],1,긍정,False
blog,2026-04-15,지루성두피 샴푸 추천,지루성 두피 염 안 낫는 이유 웰킨 두피 탈모센터 송파문정점 상담 선생님의 추천 으로 저는 이날 lt 트러플산소케어 gt 를 진행하기로 했습니다 지루성두피 염 케어 받은 두피 스케일링 스팀으로 두피 불리기 오투젯으로 들뜬 각질들 날리기 샴푸 앰플 도포,"['지루', '탈모', '센터', '송파문정점', '상담', '선생', '이날', '트러플', '산소', '케어', '진행', '지루성두피', '케어', '스케일링', '스팀', '오투젯', '각질', '앰플', '도포']","['지루_탈모', '탈모_센터', '센터_송파문정점', '송파문정점_상담', '상담_선생', '선생_이날', '이날_트러플', '트러플_산소', '산소_케어', '케어_진행', '진행_지루성두피', '지루성두피_케어', '케어_스케일링', '스케일링_스팀', '스팀_오투젯', '오투젯_각질', '각질_앰플', '앰플_도포']","['지루', '탈모', '센터', '송파문정점', '상담', '선생', '이날', '트러플', '산소', '케어', '진행', '지루성두피', '케어', '스케일링', '스팀', '오투젯', '각질', '앰플', '도포', '지루_탈모', '탈모_센터', '센터_송파문정점', '송파문정점_상담', '상담_선생', '선생_이날', '이날_트러플', '트러플_산소', '산소_케어', '케어_진행', '진행_지루성두피', '지루성두피_케어', '케어_스케일링', '스케일링_스팀', '스팀_오투젯', '오투젯_각질', '각질_앰플', '앰플_도포']",[],,,0,[],1,['추천'],1,긍정,False
blog,2026-04-15,지루성두피 샴푸 추천,부모님 효도선물로 김포 두피 관리 WT메소드 김포점 예약해드린 부모님과 함께 다같이 방문해보려고해요 미리미리 김포 두피 관리 받고 지루성두피 나 탈모 예방하세요 김포헤드스파 김포 두피 관리 김포 두피 클리닉 부모님선물 선물 추천 김포탈모관리 김포힐링,"['부모', '효도', '선물', '김포', '관리', '메소드', '김포점', '예약', '부모', '방문', '김포', '관리', '지루성두피', '탈모', '예방', '김포헤드스파', '김포', '관리', '김포', '클리닉', '부모', '선물', '선물', '김포', '탈모', '관리', '김포힐링']","['부모_효도', '효도_선물', '선물_김포', '김포_관리', '관리_메소드', '메소드_김포점', '김포점_예약', '예약_부모', '부모_방문', '방문_김포', '김포_관리', '관리_지루성두피', '지루성두피_탈모', '탈모_예방', '예방_김포헤드스파', '김포헤드스파_김포', '김포_관리', '관리_김포', '김포_클리닉', '클리닉_부모', '부모_선물', '선물_선물', '선물_김포', '김포_탈모', '탈모_관리', '관리_김포힐링']","['부모', '효도', '선물', '김포', '관리', '메소드', '김포점', '예약', '부모', '방문', '김포', '관리', '지루성두피', '탈모', '예방', '김포헤드스파', '김포', '관리', '김포', '클리닉', '부모', '선물', '선물', '김포', '탈모', '관리', '김포힐링', '부모_효도', '효도_선물', '선물_김포', '김포_관리', '관리_메소드', '메소드_김포점', '김포점_예약', '예약_부모', '부모_방문', '방문_김포', '김포_관리', '관리_지루성두피', '지루성두피_탈모', '탈모_예방', '예방_김포헤드스파', '김포헤드스파_김포', '김포_관리', '관리_김포', '김포_클리닉', '클리닉_부모', '부모_선물', '선물_선물', '선물_김포', '김포_탈모', '탈모_관리', '관리_김포힐링']",[],,,0,[],1,['추천'],1,긍정,False
blog,2026-04-15,지루성두피 샴푸 추천,좋은 바디브 미오 샴푸 정수리냄새 비듬 지루성 두피 떡짐 해결 단백질 샴푸추천 바디브미오 샴푸 바디브 샴푸 지루성두피샴푸 비듬 샴푸추천 약산성 샴푸 대용량 샴푸 향좋은 샴푸 디렉터파이 추천 2025 샴푸 TOP 정수리냄새제거 청소년머리냄새 사춘기정수리약산성,"['바디브', '미오', '정수리', '냄새', '비듬', '지루', '해결', '단백질', '바디브미오', '바디브', '지루', '비듬', '산성', '용량', '디렉터파이', '정수리', '냄새', '제거', '청소년', '냄새', '사춘기', '정수리', '산성']","['바디브_미오', '미오_정수리', '정수리_냄새', '냄새_비듬', '비듬_지루', '지루_해결', '해결_단백질', '단백질_바디브미오', '바디브미오_바디브', '바디브_지루', '지루_비듬', '비듬_산성', '산성_용량', '용량_디렉터파이', '디렉터파이_정수리', '정수리_냄새', '냄새_제거', '제거_청소년', '청소년_냄새', '냄새_사춘기', '사춘기_정수리', '정수리_산성']","['바디브', '미오', '정수리', '냄새', '비듬', '지루', '해결', '단백질', '바디브미오', '바디브', '지루', '비듬', '산성', '용량', '디렉터파이', '정수리', '냄새', '제거', '청소년', '냄새', '사춘기', '정수리', '산성', '바디브_미오', '미오_정수리', '정수리_냄새', '냄새_비듬', '비듬_지루', '지루_해결', '해결_단백질', '단백질_바디브미오', '바디브미오_바디브', '바디브_지루', '지루_비듬', '비듬_산성', '산성_용량', '용량_디렉터파이', '디렉터파이_정수리', '정수리_냄새', '냄새_제거', '제거_청소년', '청소년_냄새', '냄새_사춘기', '사춘기_정수리', '정수리_산성']",[],,,0,[],1,['추천'],1,긍정,False
blog,2026-04-15,지루성두피 샴푸 추천,수원 건강한 두피 관리 영통 두피 관리 추천 두피 밥 수원점 후기 염증성 지루성 두피 에 좋음 알콜의 20배이상 살균소독으로 무좀 비듬에 효과 가려움 증상 완화 및 이후 샴푸 실에서 꼼꼼히 샴푸 해주시고 굉장히 시원했차가웠다고 한다 그리고 꼼꼼히 머리 말리고,"['수원', '건강', '관리', '영통', '관리', '수원점', '염증', '지루', '알콜', '이상', '살균', '소독', '무좀', '비듬', '효과', '증상', '완화', '이후']","['수원_건강', '건강_관리', '관리_영통', '영통_관리', '관리_수원점', '수원점_염증', '염증_지루', '지루_알콜', '알콜_이상', '이상_살균', '살균_소독', '소독_무좀', '무좀_비듬', '비듬_효과', '효과_증상', '증상_완화', '완화_이후']","['수원', '건강', '관리', '영통', '관리', '수원점', '염증', '지루', '알콜', '이상', '살균', '소독', '무좀', '비듬', '효과', '증상', '완화', '이후', '수원_건강', '건강_관리', '관리_영통', '영통_관리', '관리_수원점', '수원점_염증', '염증_지루', '지루_알콜', '알콜_이상', '이상_살균', '살균_소독', '소독_무좀', '무좀_비듬', '비듬_효과', '효과_증상', '증상_완화', '완화_이후']",[],,,1,['가려움'],1,['추천'],0,중립,False
blog,2026-04-15,지루성두피 샴푸 추천,인천 주안 헤드스파로 건강한 두피 를 위한 관리 시작 후기 추천 해드리려해요 1 WT메소드 주안점 방문 계기 사실 헤드스파나 두피 클리닉은 미용실에서 보통 두피 노폐물 각질은 집에서 완전히 제거 어렵기 때문에 모르고 방치한다면 지루성두피 염이나 탈모로,"['인천', '주안', '헤드스파', '건강', '관리', '시작', '메소드', '주안점', '방문', '계기', '헤드스파', '클리닉', '미용실', '노폐물', '각질', '제거', '방치', '지루', '탈모']","['인천_주안', '주안_헤드스파', '헤드스파_건강', '건강_관리', '관리_시작', '시작_메소드', '메소드_주안점', '주안점_방문', '방문_계기', '계기_헤드스파', '헤드스파_클리닉', '클리닉_미용실', '미용실_노폐물', '노폐물_각질', '각질_제거', '제거_방치', '방치_지루', '지루_탈모']","['인천', '주안', '헤드스파', '건강', '관리', '시작', '메소드', '주안점', '방문', '계기', '헤드스파', '클리닉', '미용실', '노폐물', '각질', '제거', '방치', '지루', '탈모', '인천_주안', '주안_헤드스파', '헤드스파_건강', '건강_관리', '관리_시작', '시작_메소드', '메소드_주안점', '주안점_방문', '방문_계기', '계기_헤드스파', '헤드스파_클리닉', '클리닉_미용실', '미용실_노폐물', '노폐물_각질', '각질_제거', '제거_방치', '방치_지루', '지루_탈모']",[],,,0,[],1,['추천'],1,긍정,False
blog,2026-04-15,지루성두피 샴푸 추천,샴푸 추천 탈모 샴푸 찾는다면 몽잘 바리스칼프 로즈마리 샴푸 개운한 샴푸 좋아하는 분이나 지성 두피 인 사람한테 진짜 추천 해요 개인적으로 향이 좋고 민감성 탈모 샴푸 카페인 샴푸 지성 두피샴푸 탈모 두피 가려움 로즈마리 샴푸 지루성두피 염 탈모증상완화,"['탈모', '바리스칼프', '로즈마리', '지성', '개인', '탈모', '카페인', '지성', '탈모', '로즈마리', '지루', '탈모', '증상', '완화']","['탈모_바리스칼프', '바리스칼프_로즈마리', '로즈마리_지성', '지성_개인', '개인_탈모', '탈모_카페인', '카페인_지성', '지성_탈모', '탈모_로즈마리', '로즈마리_지루', '지루_탈모', '탈모_증상', '증상_완화']","['탈모', '바리스칼프', '로즈마리', '지성', '개인', '탈모', '카페인', '지성', '탈모', '로즈마리', '지루', '탈모', '증상', '완화', '탈모_바리스칼프', '바리스칼프_로즈마리', '로즈마리_지성', '지성_개인', '개인_탈모', '탈모_카페인', '카페인_지성', '지성_탈모', '탈모_로즈마리', '로즈마리_지루', '지루_탈모', '탈모_증상', '증상_완화']",[],,,1,['가려움'],1,['추천'],0,중립,False
blog,2026-04-15,지루성두피 샴푸 추천,각질 단순 비듬일까 두피 유형별 원인과 인생 샴푸 추천 가이드 유형별 샴푸 amp 트리트먼트 추천 리스트까지 완벽하게 정리해 드립니다 1 내 두피 는 어떤 상태일까 유형 진단 각질이라고 다 같은 비듬이 아닙니다 원인을 알아야 해결책이 보입니다 지루성 두피 염 지성,"['각질', '단순', '비듬', '유형', '원인', '인생', '가이드', '유형', '트리트먼트', '리스트', '완벽', '정리', '상태', '유형', '진단', '각질', '비듬', '원인', '해결책', '지루']","['각질_단순', '단순_비듬', '비듬_유형', '유형_원인', '원인_인생', '인생_가이드', '가이드_유형', '유형_트리트먼트', '트리트먼트_리스트', '리스트_완벽', '완벽_정리', '정리_상태', '상태_유형', '유형_진단', '진단_각질', '각질_비듬', '비듬_원인', '원인_해결책', '해결책_지루']","['각질', '단순', '비듬', '유형', '원인', '인생', '가이드', '유형', '트리트먼트', '리스트', '완벽', '정리', '상태', '유형', '진단', '각질', '비듬', '원인', '해결책', '지루', '각질_단순', '단순_비듬', '비듬_유형', '유형_원인', '원인_인생', '인생_가이드', '가이드_유형', '유형_트리트먼트', '트리트먼트_리스트', '리스트_완벽', '완벽_정리', '정리_상태', '상태_유형', '유형_진단', '진단_각질', '각질_비듬', '비듬_원인', '원인_해결책', '해결책_지루']",[],,,0,[],1,['추천'],1,긍정,False
blog,2026-04-15,지루성두피 샴푸 추천,지루성두피샴푸 고민 끝 모미래 핑크솔트 두피샴푸 로 시작하는 글 읽어주셔서 감사하고 모두 아름다운 하루 보내세요 안녕 지루성두피샴푸 모미래 핑크솔트 두피샴푸 모미래 샴푸 탈모 샴푸추천 비듬 샴푸 약산성 샴푸 두피 스케일링 탈모케어 뷰티블로거 리뷰 헤어케어,"['지루', '고민', '미래', '핑크솔트', '시작', '감사', '하루', '지루성두피샴푸', '모미래', '핑크솔트', '두피샴푸', '모미래', '탈모', '비듬', '산성', '스케일링', '탈모', '케어', '블로거', '리뷰', '케어']","['지루_고민', '고민_미래', '미래_핑크솔트', '핑크솔트_시작', '시작_감사', '감사_하루', '하루_지루성두피샴푸', '지루성두피샴푸_모미래', '모미래_핑크솔트', '핑크솔트_두피샴푸', '두피샴푸_모미래', '모미래_탈모', '탈모_비듬', '비듬_산성', '산성_스케일링', '스케일링_탈모', '탈모_케어', '케어_블로거', '블로거_리뷰', '리뷰_케어']","['지루', '고민', '미래', '핑크솔트', '시작', '감사', '하루', '지루성두피샴푸', '모미래', '핑크솔트', '두피샴푸', '모미래', '탈모', '비듬', '산성', '스케일링', '탈모', '케어', '블로거', '리뷰', '케어', '지루_고민', '고민_미래', '미래_핑크솔트', '핑크솔트_시작', '시작_감사', '감사_하루', '하루_지루성두피샴푸', '지루성두피샴푸_모미래', '모미래_핑크솔트', '핑크솔트_두피샴푸', '두피샴푸_모미래', '모미래_탈모', '탈모_비듬', '비듬_산성', '산성_스케일링', '스케일링_탈모', '탈모_케어', '케어_블로거', '블로거_리뷰', '리뷰_케어']",[],,,0,[],1,['추천'],1,긍정,False
blog,2026-04-15,지루성두피 샴푸 추천,두피 타입별 맞춤 케어 건강한 모발을 위한 필수 가이드 민감성 두피 는 작은 자극에도 쉽게 붉어지고 가렵거나 따가움을 느끼는 타입이에요 자극적인 샴푸 나 문제성 두피 케어 비듬 지루성 두피 염 모낭염 등 특정 문제에 대해서는 해당 문제에 특화된 성분과 기술을,"['타입', '맞춤', '케어', '건강', '모발', '필수', '가이드', '자극', '타입', '자극', '문제', '케어', '비듬', '지루', '모낭염', '특정', '문제', '해당', '문제', '특화', '성분', '기술']","['타입_맞춤', '맞춤_케어', '케어_건강', '건강_모발', '모발_필수', '필수_가이드', '가이드_자극', '자극_타입', '타입_자극', '자극_문제', '문제_케어', '케어_비듬', '비듬_지루', '지루_모낭염', '모낭염_특정', '특정_문제', '문제_해당', '해당_문제', '문제_특화', '특화_성분', '성분_기술']","['타입', '맞춤', '케어', '건강', '모발', '필수', '가이드', '자극', '타입', '자극', '문제', '케어', '비듬', '지루', '모낭염', '특정', '문제', '해당', '문제', '특화', '성분', '기술', '타입_맞춤', '맞춤_케어', '케어_건강', '건강_모발', '모발_필수', '필수_가이드', '가이드_자극', '자극_타입', '타입_자극', '자극_문제', '문제_케어', '케어_비듬', '비듬_지루', '지루_모낭염', '모낭염_특정', '특정_문제', '문제_해당', '해당_문제', '문제_특화', '특화_성분', '성분_기술']",[],,,2,"['자극', '따가']",0,[],-2,이탈위험,False
blog,2026-04-15,지루성두피 샴푸 추천,약국 비듬 샴푸 비듬약 샴푸 써봐도 진정 안될때 해결법 의1사 선생님이 추천 해 주셨지만 바로 구입하는게 살짝 걱정이되더라구요 ㅋ 그래서 소리 젠 샴푸 에 대해서 알아봤더니 임상시험과 특허까지 갖춘 두피 전문 제품이더라구요 대한민국에서 유일하게 지루성 두,"['비듬', '비듬', '진정', '해결', '선생', '구입', '걱정', '소리', '임상', '시험', '특허', '전문', '대한민국', '유일', '지루']","['비듬_비듬', '비듬_진정', '진정_해결', '해결_선생', '선생_구입', '구입_걱정', '걱정_소리', '소리_임상', '임상_시험', '시험_특허', '특허_전문', '전문_대한민국', '대한민국_유일', '유일_지루']","['비듬', '비듬', '진정', '해결', '선생', '구입', '걱정', '소리', '임상', '시험', '특허', '전문', '대한민국', '유일', '지루', '비듬_비듬', '비듬_진정', '진정_해결', '해결_선생', '선생_구입', '구입_걱정', '걱정_소리', '소리_임상', '임상_시험', '시험_특허', '특허_전문', '전문_대한민국', '대한민국_유일', '유일_지루']",[],,,0,[],1,['추천'],1,긍정,False
blog,2026-04-15,지루성두피 샴푸 추천,살림백서 약산성 샴푸 유칼립투스 비듬 무실리콘 지성 민감성 저희 집에는 저처럼 민감성 두피 인 사람도 있고 남편처럼 지루성 두피 염이 있는 사람도 있고 아이들도 민감성 두피 라 순한 샴푸 를 찾으시는 분들께 정말 강력 추천 하고 싶어요 약산성 샴푸 를 아직 안,"['살림', '백서', '산성', '유칼립투스', '비듬', '실리콘', '지성', '남편', '지루', '아이', '강력', '산성']","['살림_백서', '백서_산성', '산성_유칼립투스', '유칼립투스_비듬', '비듬_실리콘', '실리콘_지성', '지성_남편', '남편_지루', '지루_아이', '아이_강력', '강력_산성']","['살림', '백서', '산성', '유칼립투스', '비듬', '실리콘', '지성', '남편', '지루', '아이', '강력', '산성', '살림_백서', '백서_산성', '산성_유칼립투스', '유칼립투스_비듬', '비듬_실리콘', '실리콘_지성', '지성_남편', '남편_지루', '지루_아이', '아이_강력', '강력_산성']",[],,,0,[],1,['추천'],1,긍정,False
blog,2026-04-15,지루성두피 샴푸 추천,탈모 샴푸 지루성 두피 샴푸 비듬 가려움 맥주효모 약산성 천연 결론적으로 탈모 샴푸 맥주효모 지루성 두피 샴푸 비듬 가려움 임산부 100ml 1개는 지루성 두피 로 고민하거나 머리카락이 가늘어져서 힘없는 분들께 추천 하고 싶어요 저처럼 두피 가려움이나 비듬 때문에,"['탈모', '지루', '비듬', '맥주', '효모', '산성', '천연', '결론', '탈모', '맥주', '효모', '지루', '비듬', '임산부', '지루', '고민', '머리카락', '비듬']","['탈모_지루', '지루_비듬', '비듬_맥주', '맥주_효모', '효모_산성', '산성_천연', '천연_결론', '결론_탈모', '탈모_맥주', '맥주_효모', '효모_지루', '지루_비듬', '비듬_임산부', '임산부_지루', '지루_고민', '고민_머리카락', '머리카락_비듬']","['탈모', '지루', '비듬', '맥주', '효모', '산성', '천연', '결론', '탈모', '맥주', '효모', '지루', '비듬', '임산부', '지루', '고민', '머리카락', '비듬', '탈모_지루', '지루_비듬', '비듬_맥주', '맥주_효모', '효모_산성', '산성_천연', '천연_결론', '결론_탈모', '탈모_맥주', '맥주_효모', '효모_지루', '지루_비듬', '비듬_임산부', '임산부_지루', '지루_고민', '고민_머리카락', '머리카락_비듬']",[],,,1,['가려움'],1,['추천'],0,중립,False
blog,2026-04-15,지루성두피 샴푸 추천,부산 정수리 탈모 예방 세안 후 샴푸 가 정답인 이유 부산 지루성두피 염 관리 전문점 닥터모아젠 관리 전후 사진 세안 잔여물과 산화된 피지가 만나면 딱딱한 산화피지물이 형성되어 일반적인 샴푸 로는 잘 제거되지 않는 고착화된 노폐물이 됩니다 그래서,"['부산', '정수리', '탈모', '예방', '세안', '정답', '부산', '지루', '관리', '전문점', '닥터모아젠', '관리', '전후', '사진', '세안', '잔여', '산화', '피지', '산화피지물', '형성', '일반', '제거', '고착', '노폐물']","['부산_정수리', '정수리_탈모', '탈모_예방', '예방_세안', '세안_정답', '정답_부산', '부산_지루', '지루_관리', '관리_전문점', '전문점_닥터모아젠', '닥터모아젠_관리', '관리_전후', '전후_사진', '사진_세안', '세안_잔여', '잔여_산화', '산화_피지', '피지_산화피지물', '산화피지물_형성', '형성_일반', '일반_제거', '제거_고착', '고착_노폐물']","['부산', '정수리', '탈모', '예방', '세안', '정답', '부산', '지루', '관리', '전문점', '닥터모아젠', '관리', '전후', '사진', '세안', '잔여', '산화', '피지', '산화피지물', '형성', '일반', '제거', '고착', '노폐물', '부산_정수리', '정수리_탈모', '탈모_예방', '예방_세안', '세안_정답', '정답_부산', '부산_지루', '지루_관리', '관리_전문점', '전문점_닥터모아젠', '닥터모아젠_관리', '관리_전후', '전후_사진', '사진_세안', '세안_잔여', '잔여_산화', '산화_피지', '피지_산화피지물', '산화피지물_형성', '형성_일반', '일반_제거', '제거_고착', '고착_노폐물']",[],,,0,[],0,[],0,중립,False
blog,2026-04-15,지루성두피 샴푸 추천,비듬전용 샴푸 추천 두피 각질 해결 비듬전용 샴푸 추천 두피 각질 해결 꽤 오랫동안 고민이 있었는데요 머리가 간지럽고 비듬 생겨서 일을 후기들을 봤는데도 가려움이나 각질에 많은 도움이 됐다고도 하고 지루성 나 두피 문제에 도움을 주는,"['비듬', '전용', '각질', '해결', '비듬', '전용', '각질', '해결', '오랫동안', '고민', '비듬', '각질', '도움', '지루', '문제', '도움']","['비듬_전용', '전용_각질', '각질_해결', '해결_비듬', '비듬_전용', '전용_각질', '각질_해결', '해결_오랫동안', '오랫동안_고민', '고민_비듬', '비듬_각질', '각질_도움', '도움_지루', '지루_문제', '문제_도움']","['비듬', '전용', '각질', '해결', '비듬', '전용', '각질', '해결', '오랫동안', '고민', '비듬', '각질', '도움', '지루', '문제', '도움', '비듬_전용', '전용_각질', '각질_해결', '해결_비듬', '비듬_전용', '전용_각질', '각질_해결', '해결_오랫동안', '오랫동안_고민', '고민_비듬', '비듬_각질', '각질_도움', '도움_지루', '지루_문제', '문제_도움']",[],,,1,['가려움'],1,['추천'],0,중립,False
blog,2026-04-15,지루성두피 샴푸 추천,지루성 두피 고민 끝 메르필 AC매직 샴푸 로 되찾은 개운함 만약 여러분도 저처럼 잦은 비듬 두피 가려움증 과도한 유분기 등으로 스트레스 받고 있다면 메르필 지루성 두피 약산성 샴푸 를 한번 고려해보시는 것을 추천 합니다 310ml 용량 3개로 구성된 패키지는 꾸준히,"['지루', '고민', '메르필', '매직', '비듬', '가려움증', '과도', '유분', '스트레스', '메르필', '지루', '약산', '고려', '용량', '구성', '패키지']","['지루_고민', '고민_메르필', '메르필_매직', '매직_비듬', '비듬_가려움증', '가려움증_과도', '과도_유분', '유분_스트레스', '스트레스_메르필', '메르필_지루', '지루_약산', '약산_고려', '고려_용량', '용량_구성', '구성_패키지']","['지루', '고민', '메르필', '매직', '비듬', '가려움증', '과도', '유분', '스트레스', '메르필', '지루', '약산', '고려', '용량', '구성', '패키지', '지루_고민', '고민_메르필', '메르필_매직', '매직_비듬', '비듬_가려움증', '가려움증_과도', '과도_유분', '유분_스트레스', '스트레스_메르필', '메르필_지루', '지루_약산', '약산_고려', '고려_용량', '용량_구성', '구성_패키지']",[],,,1,['가려움'],1,['추천'],0,중립,False
blog,2026-04-15,지루성두피 샴푸 추천,탈모치료의 완성은 모앤 두피 탈모 광교 직영점에서 문제 증상 완화 뿐만 아니라 10년간 앓아온 두부건선 지루성두피 염 호전에도 탁월한 효과가 있어서 두피 로 고민하시는 이웃분들 계시다면 여기 한 번 방문해보시는거 추천 드립니다 예약 링크 남겨드려용,"['탈모', '치료', '완성', '탈모', '광교', '직영점', '문제', '증상', '완화', '두부건선', '지루성두피', '호전', '효과', '고민', '방문', '예약']","['탈모_치료', '치료_완성', '완성_탈모', '탈모_광교', '광교_직영점', '직영점_문제', '문제_증상', '증상_완화', '완화_두부건선', '두부건선_지루성두피', '지루성두피_호전', '호전_효과', '효과_고민', '고민_방문', '방문_예약']","['탈모', '치료', '완성', '탈모', '광교', '직영점', '문제', '증상', '완화', '두부건선', '지루성두피', '호전', '효과', '고민', '방문', '예약', '탈모_치료', '치료_완성', '완성_탈모', '탈모_광교', '광교_직영점', '직영점_문제', '문제_증상', '증상_완화', '완화_두부건선', '두부건선_지루성두피', '지루성두피_호전', '호전_효과', '효과_고민', '고민_방문', '방문_예약']",[],,,0,[],1,['추천'],1,긍정,False
blog,2026-04-15,지루성두피 샴푸 추천,티샤 지루성 두피 염 전용 샴푸 가려움과 비듬 걱정 덜어줄 친구 머리 가려움과 냄새 비듬으로 스트레스 받는 분들께 이 제품을 추천 드립니다 특히 500ml의 넉넉한 용량으로 오랫동안 사용하실 수 있어 실용적입니다 이 샴푸 의 가장 큰 특징은 지루성 두피 염을 완화하는 데,"['티샤', '지루', '전용', '비듬', '걱정', '친구', '냄새', '비듬', '스트레스', '용량', '오랫동안', '실용', '특징', '지루', '완화']","['티샤_지루', '지루_전용', '전용_비듬', '비듬_걱정', '걱정_친구', '친구_냄새', '냄새_비듬', '비듬_스트레스', '스트레스_용량', '용량_오랫동안', '오랫동안_실용', '실용_특징', '특징_지루', '지루_완화']","['티샤', '지루', '전용', '비듬', '걱정', '친구', '냄새', '비듬', '스트레스', '용량', '오랫동안', '실용', '특징', '지루', '완화', '티샤_지루', '지루_전용', '전용_비듬', '비듬_걱정', '걱정_친구', '친구_냄새', '냄새_비듬', '비듬_스트레스', '스트레스_용량', '용량_오랫동안', '오랫동안_실용', '실용_특징', '특징_지루', '지루_완화']",[],,,1,['가려움'],1,['추천'],0,중립,False
blog,2026-04-15,지루성두피 샴푸 추천,안산 지루성두피 염 두피 질환 치료법 대개 추천 되는 치료법으로는 다음과 같은 것들이 있습니다 약물 치료는 피부과에서 흔히 처방하는 특히 항진균 성분이 들어간 샴푸 는 지루성두피 염 예방과 증상 개선에 도움을 줄 수 있는데 하루 또는 이틀,"['안산', '지루성두피', '질환', '치료법', '치료법', '다음', '약물', '치료', '피부과', '처방', '항진', '성분', '지루', '예방', '증상', '개선', '도움', '하루', '이틀']","['안산_지루성두피', '지루성두피_질환', '질환_치료법', '치료법_치료법', '치료법_다음', '다음_약물', '약물_치료', '치료_피부과', '피부과_처방', '처방_항진', '항진_성분', '성분_지루', '지루_예방', '예방_증상', '증상_개선', '개선_도움', '도움_하루', '하루_이틀']","['안산', '지루성두피', '질환', '치료법', '치료법', '다음', '약물', '치료', '피부과', '처방', '항진', '성분', '지루', '예방', '증상', '개선', '도움', '하루', '이틀', '안산_지루성두피', '지루성두피_질환', '질환_치료법', '치료법_치료법', '치료법_다음', '다음_약물', '약물_치료', '치료_피부과', '피부과_처방', '처방_항진', '항진_성분', '성분_지루', '지루_예방', '예방_증상', '증상_개선', '개선_도움', '도움_하루', '하루_이틀']",[],,,0,[],1,['추천'],1,긍정,False
blog,2026-04-15,지루성두피 샴푸 추천,오프온 B7블랙빈 쿨 샴푸 솔직 사용기 가격 비교 강력 추천 합니다 올리브영 할인 기간을 활용하여 합리적인 가격으로 만나보시길 바랍니다 오프온 B7블랙빈쿨 샴푸 쿨 샴푸 지루성두피 염 샴푸 탈모완화 샴푸 비듬예방 샴푸 약산성 샴푸 비건 샴푸 남자 샴푸,"['오프', '블랙', '비교', '강력', '올리브', '기간', '활용', '합리', '오프', '블랙', '지루', '탈모', '완화', '비듬', '예방', '산성', '남자']","['오프_블랙', '블랙_비교', '비교_강력', '강력_올리브', '올리브_기간', '기간_활용', '활용_합리', '합리_오프', '오프_블랙', '블랙_지루', '지루_탈모', '탈모_완화', '완화_비듬', '비듬_예방', '예방_산성', '산성_남자']","['오프', '블랙', '비교', '강력', '올리브', '기간', '활용', '합리', '오프', '블랙', '지루', '탈모', '완화', '비듬', '예방', '산성', '남자', '오프_블랙', '블랙_비교', '비교_강력', '강력_올리브', '올리브_기간', '기간_활용', '활용_합리', '합리_오프', '오프_블랙', '블랙_지루', '지루_탈모', '탈모_완화', '완화_비듬', '비듬_예방', '예방_산성', '산성_남자']",[],,,0,[],1,['추천'],1,긍정,False
blog,2026-04-15,지루성두피 샴푸 추천,지루성두피 염 완화 오프온 쿨 샴푸 사용 후기 최근에 두피 문제로 고민하던 차에 친구의 추천 으로 오프온 지루성두피 염 볼륨 탈모완화 쿨 샴푸 를 만나게 되었어요 비듬 예방과 탈모 완화에 도움을 준다는 이야기에 정말 기대가 컸답니다 관심 있으시다면,"['지루', '완화', '오프', '문제', '고민', '친구', '오프', '지루', '볼륨', '탈모', '완화', '비듬', '예방', '탈모', '완화', '도움', '이야기', '기대', '관심']","['지루_완화', '완화_오프', '오프_문제', '문제_고민', '고민_친구', '친구_오프', '오프_지루', '지루_볼륨', '볼륨_탈모', '탈모_완화', '완화_비듬', '비듬_예방', '예방_탈모', '탈모_완화', '완화_도움', '도움_이야기', '이야기_기대', '기대_관심']","['지루', '완화', '오프', '문제', '고민', '친구', '오프', '지루', '볼륨', '탈모', '완화', '비듬', '예방', '탈모', '완화', '도움', '이야기', '기대', '관심', '지루_완화', '완화_오프', '오프_문제', '문제_고민', '고민_친구', '친구_오프', '오프_지루', '지루_볼륨', '볼륨_탈모', '탈모_완화', '완화_비듬', '비듬_예방', '예방_탈모', '탈모_완화', '완화_도움', '도움_이야기', '이야기_기대', '기대_관심']",[],,,0,[],1,['추천'],1,긍정,False
blog,2026-04-15,지루성두피 샴푸 추천,닥터그루트 클리니컬 릴리프 두피 샴푸 써보니 이렇다 닥터그루트 샴푸 추천 템으로 꼭 기억해 주세요 닥터그루트 닥터그루트 샴푸 클리니컬릴리프 지루성두피샴푸 약산성 샴푸 두피 스케일러 워터스케일러 10초스케일러 두피 케어 헤어케어 두피 각질제거,"['닥터그루트', '클리니컬', '릴리프', '닥터그루트', '기억', '닥터그루트', '닥터그루트', '클리니컬릴리프', '지루성두피샴푸', '약산', '스케일러', '워터스케일러', '10초스케일러', '케어', '케어', '각질', '제거']","['닥터그루트_클리니컬', '클리니컬_릴리프', '릴리프_닥터그루트', '닥터그루트_기억', '기억_닥터그루트', '닥터그루트_닥터그루트', '닥터그루트_클리니컬릴리프', '클리니컬릴리프_지루성두피샴푸', '지루성두피샴푸_약산', '약산_스케일러', '스케일러_워터스케일러', '워터스케일러_10초스케일러', '10초스케일러_케어', '케어_케어', '케어_각질', '각질_제거']","['닥터그루트', '클리니컬', '릴리프', '닥터그루트', '기억', '닥터그루트', '닥터그루트', '클리니컬릴리프', '지루성두피샴푸', '약산', '스케일러', '워터스케일러', '10초스케일러', '케어', '케어', '각질', '제거', '닥터그루트_클리니컬', '클리니컬_릴리프', '릴리프_닥터그루트', '닥터그루트_기억', '기억_닥터그루트', '닥터그루트_닥터그루트', '닥터그루트_클리니컬릴리프', '클리니컬릴리프_지루성두피샴푸', '지루성두피샴푸_약산', '약산_스케일러', '스케일러_워터스케일러', '워터스케일러_10초스케일러', '10초스케일러_케어', '케어_케어', '케어_각질', '각질_제거']",[],,,0,[],1,['추천'],1,긍정,False
blog,2026-04-15,지루성두피 샴푸 추천,21 시월다래 친환경 중성 샴푸 15L 비듬 두피 냄새 케어 청소년 민감성 두피 라 강한 성분 피하고 싶은 분에게 중성 샴푸 로 부담이 적어서 추천 하고 싶어요 2 1 구성은 다가오더라고요 샴푸 자체가 자극적이지 않아 자주 쓰기 무난해요 다만 극심한 지루성 두피 염이나 전문,"['시월다래', '친환경', '중성', '비듬', '냄새', '케어', '청소년', '성분', '중성', '부담', '구성은', '자체', '자극', '지루', '전문']","['시월다래_친환경', '친환경_중성', '중성_비듬', '비듬_냄새', '냄새_케어', '케어_청소년', '청소년_성분', '성분_중성', '중성_부담', '부담_구성은', '구성은_자체', '자체_자극', '자극_지루', '지루_전문']","['시월다래', '친환경', '중성', '비듬', '냄새', '케어', '청소년', '성분', '중성', '부담', '구성은', '자체', '자극', '지루', '전문', '시월다래_친환경', '친환경_중성', '중성_비듬', '비듬_냄새', '냄새_케어', '케어_청소년', '청소년_성분', '성분_중성', '중성_부담', '부담_구성은', '구성은_자체', '자체_자극', '자극_지루', '지루_전문']",[],,,1,['자극'],1,['추천'],0,중립,False
blog,2026-04-15,지루성두피 샴푸 추천,율량동 헤드스파 이담헤드스파 남자친구 두피 힐링 제대로 그래서인지 지루성두피 염이나 가려움증 때문에 남모르게 고생을 좀 했거든요 머리카락도 예전보다 힘이 없어지는 것 같아 걱정하던 차에 단순히 샴푸 만으로는 해결되지 않는 답답함이 느껴진다고 해서 이번,"['헤드스파', '이담헤드스파', '남자', '친구', '힐링', '지루', '가려움증', '고생', '머리카락', '예전', '걱정', '해결', '이번']","['헤드스파_이담헤드스파', '이담헤드스파_남자', '남자_친구', '친구_힐링', '힐링_지루', '지루_가려움증', '가려움증_고생', '고생_머리카락', '머리카락_예전', '예전_걱정', '걱정_해결', '해결_이번']","['헤드스파', '이담헤드스파', '남자', '친구', '힐링', '지루', '가려움증', '고생', '머리카락', '예전', '걱정', '해결', '이번', '헤드스파_이담헤드스파', '이담헤드스파_남자', '남자_친구', '친구_힐링', '힐링_지루', '지루_가려움증', '가려움증_고생', '고생_머리카락', '머리카락_예전', '예전_걱정', '걱정_해결', '해결_이번']",[],,,1,['가려움'],0,[],-1,이탈위험,False
blog,2026-04-15,지루성두피 샴푸 추천,약산성 단백질 샴푸 향기좋은 바디브 미오 샴푸 추천 2025 샴푸 TOP OF TOP 선정 지루성 두피 부문 됐다고 하니 이젠 인기 샴푸 로 많이들 사용하실 것 같아요 샴푸 두피 가려움 샴푸 바디브약산성 샴푸 퍼퓸 샴푸 바디브 샴푸 비듬 샴푸 청소년 샴푸추천,"['약산', '단백질', '향기', '바디브', '미오', '선정', '지루', '부문', '이제', '인기', '바디브', '산성', '퍼퓸', '바디브', '비듬', '청소년']","['약산_단백질', '단백질_향기', '향기_바디브', '바디브_미오', '미오_선정', '선정_지루', '지루_부문', '부문_이제', '이제_인기', '인기_바디브', '바디브_산성', '산성_퍼퓸', '퍼퓸_바디브', '바디브_비듬', '비듬_청소년']","['약산', '단백질', '향기', '바디브', '미오', '선정', '지루', '부문', '이제', '인기', '바디브', '산성', '퍼퓸', '바디브', '비듬', '청소년', '약산_단백질', '단백질_향기', '향기_바디브', '바디브_미오', '미오_선정', '선정_지루', '지루_부문', '부문_이제', '이제_인기', '인기_바디브', '바디브_산성', '산성_퍼퓸', '퍼퓸_바디브', '바디브_비듬', '비듬_청소년']",[],,,1,['가려움'],1,['추천'],0,중립,False
blog,2026-04-15,지루성두피 샴푸 추천,미사역 두피 관리 하남 지루성두피 미사역 두피 밥에서 남자 안마의자 누워서 샴푸 가능 안마의자를 눕혀서 그 위에 편안하게 눕고 눈에는 안대를 덮어줘요 그 하남 지루성두피 로 고민 중이신 분들 탈모가 슬슬 신경 쓰이기 시작한 분들한테 추천 해드려요 염색을,"['미사', '관리', '하남', '지루성두피', '미사역', '남자', '안마', '의자', '가능', '안마', '의자', '편안', '안대', '하남', '지루성두피', '고민', '탈모', '신경', '시작', '염색']","['미사_관리', '관리_하남', '하남_지루성두피', '지루성두피_미사역', '미사역_남자', '남자_안마', '안마_의자', '의자_가능', '가능_안마', '안마_의자', '의자_편안', '편안_안대', '안대_하남', '하남_지루성두피', '지루성두피_고민', '고민_탈모', '탈모_신경', '신경_시작', '시작_염색']","['미사', '관리', '하남', '지루성두피', '미사역', '남자', '안마', '의자', '가능', '안마', '의자', '편안', '안대', '하남', '지루성두피', '고민', '탈모', '신경', '시작', '염색', '미사_관리', '관리_하남', '하남_지루성두피', '지루성두피_미사역', '미사역_남자', '남자_안마', '안마_의자', '의자_가능', '가능_안마', '안마_의자', '의자_편안', '편안_안대', '안대_하남', '하남_지루성두피', '지루성두피_고민', '고민_탈모', '탈모_신경', '신경_시작', '시작_염색']",[],,,0,[],1,['추천'],1,긍정,False
blog,2026-04-15,지루성두피 샴푸 추천,지루성 두피 샴푸 1 1 정착 후기 6개월 사용 꿀팁 지루성 두피 때문에 고민이시라면 이 약산성 샴푸 꼭 한번 써보시길 강력 추천 드려요 제 후기가 조금이나마 도움이 되었으면 좋겠네요 궁금한 점 있으시면 댓글로 언제든 물어보세요 지루성두피샴푸,"['지루', '정착', '지루', '고민', '산성', '강력', '조금', '도움', '댓글', '지루성두피샴푸']","['지루_정착', '정착_지루', '지루_고민', '고민_산성', '산성_강력', '강력_조금', '조금_도움', '도움_댓글', '댓글_지루성두피샴푸']","['지루', '정착', '지루', '고민', '산성', '강력', '조금', '도움', '댓글', '지루성두피샴푸', '지루_정착', '정착_지루', '지루_고민', '고민_산성', '산성_강력', '강력_조금', '조금_도움', '도움_댓글', '댓글_지루성두피샴푸']",[],,,0,[],2,"['정착', '추천']",2,긍정,False
blog,2026-04-15,지루성두피 샴푸 추천,익산 지루성두피 염 피부과 선택 전에 살펴볼 관리 방법 의료진의 가이드에 따라 선별된 항염 제품이나 바르는 연고 세정용 샴푸 등을 사용하며 가려운 감각을 관련하여 익산 지루성두피 염 피부과 상세한 상담을 받아보시길 추천 하며 궁금한 점은 언제든 조언을,"['익산', '지루성두피', '피부과', '선택', '관리', '방법', '의료진', '가이드', '선별', '연고', '세정', '감각', '익산', '지루성두피', '피부과', '상담', '조언']","['익산_지루성두피', '지루성두피_피부과', '피부과_선택', '선택_관리', '관리_방법', '방법_의료진', '의료진_가이드', '가이드_선별', '선별_연고', '연고_세정', '세정_감각', '감각_익산', '익산_지루성두피', '지루성두피_피부과', '피부과_상담', '상담_조언']","['익산', '지루성두피', '피부과', '선택', '관리', '방법', '의료진', '가이드', '선별', '연고', '세정', '감각', '익산', '지루성두피', '피부과', '상담', '조언', '익산_지루성두피', '지루성두피_피부과', '피부과_선택', '선택_관리', '관리_방법', '방법_의료진', '의료진_가이드', '가이드_선별', '선별_연고', '연고_세정', '세정_감각', '감각_익산', '익산_지루성두피', '지루성두피_피부과', '피부과_상담', '상담_조언']",[],,,0,[],1,['추천'],1,긍정,False
blog,2026-04-14,지루성두피 샴푸 추천,30대부터는 두피 관리 미사역 두피 관리 두피 밥 방문 후기 두피 스케일링에 들어갑니다 췩췩 너무 시원해 보이더라고요 꼼꼼하게 샴푸 에 들어갔어요 잘 헹궈준 미사탈모관리 하남탈모관리 미사 지루성두피 하남 지루성두피 탈모관리 추천 두피 관리후기,"['관리', '미사역', '관리', '방문', '스케일링', '췩췩', '미사', '탈모', '관리', '하남', '탈모', '관리', '미사', '지루성두피', '하남', '지루성두피', '탈모', '관리', '관리']","['관리_미사역', '미사역_관리', '관리_방문', '방문_스케일링', '스케일링_췩췩', '췩췩_미사', '미사_탈모', '탈모_관리', '관리_하남', '하남_탈모', '탈모_관리', '관리_미사', '미사_지루성두피', '지루성두피_하남', '하남_지루성두피', '지루성두피_탈모', '탈모_관리', '관리_관리']","['관리', '미사역', '관리', '방문', '스케일링', '췩췩', '미사', '탈모', '관리', '하남', '탈모', '관리', '미사', '지루성두피', '하남', '지루성두피', '탈모', '관리', '관리', '관리_미사역', '미사역_관리', '관리_방문', '방문_스케일링', '스케일링_췩췩', '췩췩_미사', '미사_탈모', '탈모_관리', '관리_하남', '하남_탈모', '탈모_관리', '관리_미사', '미사_지루성두피', '지루성두피_하남', '하남_지루성두피', '지루성두피_탈모', '탈모_관리', '관리_관리']",[],,,0,[],1,['추천'],1,긍정,False
blog,2026-04-14,지루성두피 샴푸 추천,오월의아침 콜레세라 샴푸 후기 민감성 두피 샴푸 추천 이유 네이버 구매시 최대 32 48 까지 할인된 금액으로 구매가 가능하니 꼭 들러보세요 오월의아침 콜레세라샴푸 민감성두피샴푸 두피케어 약산성샴푸 두피가려움 두피각질 지루성두피 샴푸추천 헤어케어,"['오월', '아침', '콜레세라', '민감', '네이버', '금액', '가능', '아침', '콜레세라샴푸', '케어', '산성', '각질', '지루', '케어']","['오월_아침', '아침_콜레세라', '콜레세라_민감', '민감_네이버', '네이버_금액', '금액_가능', '가능_아침', '아침_콜레세라샴푸', '콜레세라샴푸_케어', '케어_산성', '산성_각질', '각질_지루', '지루_케어']","['오월', '아침', '콜레세라', '민감', '네이버', '금액', '가능', '아침', '콜레세라샴푸', '케어', '산성', '각질', '지루', '케어', '오월_아침', '아침_콜레세라', '콜레세라_민감', '민감_네이버', '네이버_금액', '금액_가능', '가능_아침', '아침_콜레세라샴푸', '콜레세라샴푸_케어', '케어_산성', '산성_각질', '각질_지루', '지루_케어']",[],,,1,['가려움'],1,['추천'],0,중립,False
blog,2026-04-14,지루성두피 샴푸 추천,모앤영 김포장기점 김포 두피 관리 열감 각질 비듬 케어후기 이용을 추천 드려요 1시간에 1 500원이라는 아주 저렴한 금액이기 때문에 전혀 부담없었어요 장기1 50 할인 된 저렴한 금액으로 각질 가려움 비듬 지루성두피 염등의 다양한 두피 문제에 대한 케어를 받아,"['모앤영', '김포장기점', '김포', '관리', '각질', '비듬', '케어', '이용', '금액', '부담', '장기', '금액', '각질', '비듬', '지루성두피', '다양', '문제', '케어']","['모앤영_김포장기점', '김포장기점_김포', '김포_관리', '관리_각질', '각질_비듬', '비듬_케어', '케어_이용', '이용_금액', '금액_부담', '부담_장기', '장기_금액', '금액_각질', '각질_비듬', '비듬_지루성두피', '지루성두피_다양', '다양_문제', '문제_케어']","['모앤영', '김포장기점', '김포', '관리', '각질', '비듬', '케어', '이용', '금액', '부담', '장기', '금액', '각질', '비듬', '지루성두피', '다양', '문제', '케어', '모앤영_김포장기점', '김포장기점_김포', '김포_관리', '관리_각질', '각질_비듬', '비듬_케어', '케어_이용', '이용_금액', '금액_부담', '부담_장기', '장기_금액', '금액_각질', '각질_비듬', '비듬_지루성두피', '지루성두피_다양', '다양_문제', '문제_케어']",[],,,1,['가려움'],1,['추천'],0,중립,False
blog,2026-04-14,지루성두피 샴푸 추천,수원 지루성두피 염병원 추천 하는 곳 지루성두피 염 진행 양상과 수원 지루성두피 염병원 추천 하는 곳 지루성두피 염 진행 양상과 원인 반가워요 수원 근방에서 여러 피부 지루성두피 염은 발생하는 요인이 참 다양한데 무엇보다 나에게 맞지 않는 샴푸 나 자극적인 화학,"['수원', '지루성두피', '염병원', '지루성두피', '진행', '양상', '수원', '지루성두피', '염병원', '지루성두피', '진행', '양상', '원인', '수원', '근방', '피부', '지루', '발생', '요인', '다양', '자극', '화학']","['수원_지루성두피', '지루성두피_염병원', '염병원_지루성두피', '지루성두피_진행', '진행_양상', '양상_수원', '수원_지루성두피', '지루성두피_염병원', '염병원_지루성두피', '지루성두피_진행', '진행_양상', '양상_원인', '원인_수원', '수원_근방', '근방_피부', '피부_지루', '지루_발생', '발생_요인', '요인_다양', '다양_자극', '자극_화학']","['수원', '지루성두피', '염병원', '지루성두피', '진행', '양상', '수원', '지루성두피', '염병원', '지루성두피', '진행', '양상', '원인', '수원', '근방', '피부', '지루', '발생', '요인', '다양', '자극', '화학', '수원_지루성두피', '지루성두피_염병원', '염병원_지루성두피', '지루성두피_진행', '진행_양상', '양상_수원', '수원_지루성두피', '지루성두피_염병원', '염병원_지루성두피', '지루성두피_진행', '진행_양상', '양상_원인', '원인_수원', '수원_근방', '근방_피부', '피부_지루', '지루_발생', '발생_요인', '요인_다양', '다양_자극', '자극_화학']",[],,,1,['자극'],1,['추천'],0,중립,False
blog,2026-04-14,지루성두피 샴푸 추천,비듬 두피 탈모 집중케어 두피 관리 전문가가 직접 관리 교육 두피 진단부터 관리 헤어시술까지 한번에 010 이런 분들께 추천 드립니다 비듬이 반복되는 두피 유수분 불균형 잘못된 샴푸 습관 스트레스 및 호르몬 변화 지루성 두피 염 진행 이런,"['비듬', '탈모', '집중', '케어', '관리', '전문가', '관리', '교육', '진단', '관리', '시술', '비듬', '반복', '수분', '균형', '습관', '스트레스', '호르몬', '변화', '지루', '진행']","['비듬_탈모', '탈모_집중', '집중_케어', '케어_관리', '관리_전문가', '전문가_관리', '관리_교육', '교육_진단', '진단_관리', '관리_시술', '시술_비듬', '비듬_반복', '반복_수분', '수분_균형', '균형_습관', '습관_스트레스', '스트레스_호르몬', '호르몬_변화', '변화_지루', '지루_진행']","['비듬', '탈모', '집중', '케어', '관리', '전문가', '관리', '교육', '진단', '관리', '시술', '비듬', '반복', '수분', '균형', '습관', '스트레스', '호르몬', '변화', '지루', '진행', '비듬_탈모', '탈모_집중', '집중_케어', '케어_관리', '관리_전문가', '전문가_관리', '관리_교육', '교육_진단', '진단_관리', '관리_시술', '시술_비듬', '비듬_반복', '반복_수분', '수분_균형', '균형_습관', '습관_스트레스', '스트레스_호르몬', '호르몬_변화', '변화_지루', '지루_진행']",[],,,0,[],1,['추천'],1,긍정,False
blog,2026-04-14,지루성두피 샴푸 추천,지성 두피 아워케미 피그 블로섬 토탈 스칼프 케어 샴푸 각질 고민 있으신 분 상쾌한 두피 케어를 원하는 분 샴푸 의 플로럴 향을 원하는 분 추천 드려요 아워케미 피그 블로섬 토탈 스칼프 케어 샴푸 비듬 샴푸 지루성 샴푸 지성 두피샴푸 청소년 샴푸 탈모 샴푸,"['지성', '아워케미', '피그', '블로섬', '토탈', '스칼프', '케어', '각질', '고민', '케어', '플로럴', '아워케미', '피그', '블로섬', '토탈', '스칼프', '케어', '비듬', '지루', '지성', '청소년', '탈모']","['지성_아워케미', '아워케미_피그', '피그_블로섬', '블로섬_토탈', '토탈_스칼프', '스칼프_케어', '케어_각질', '각질_고민', '고민_케어', '케어_플로럴', '플로럴_아워케미', '아워케미_피그', '피그_블로섬', '블로섬_토탈', '토탈_스칼프', '스칼프_케어', '케어_비듬', '비듬_지루', '지루_지성', '지성_청소년', '청소년_탈모']","['지성', '아워케미', '피그', '블로섬', '토탈', '스칼프', '케어', '각질', '고민', '케어', '플로럴', '아워케미', '피그', '블로섬', '토탈', '스칼프', '케어', '비듬', '지루', '지성', '청소년', '탈모', '지성_아워케미', '아워케미_피그', '피그_블로섬', '블로섬_토탈', '토탈_스칼프', '스칼프_케어', '케어_각질', '각질_고민', '고민_케어', '케어_플로럴', '플로럴_아워케미', '아워케미_피그', '피그_블로섬', '블로섬_토탈', '토탈_스칼프', '스칼프_케어', '케어_비듬', '비듬_지루', '지루_지성', '지성_청소년', '청소년_탈모']",[],,,0,[],1,['추천'],1,긍정,False
blog,2026-04-14,지루성두피 샴푸 추천,모미래 핑크솔트 두피샴푸 지루성두피샴푸 추천 사실 저처럼 오후만 되면 머리가 금방 떡지고 자꾸만 손이 정수리로 향해서 고민인 분들이라면 아마 지루성두피샴푸 유목민 생활을 한 번쯤은 해보셨을 것 같아요 저 역시 좋다는 건 다 써봤지만 정착하지,"['미래', '핑크솔트', '지루', '오후', '정수리', '고민', '지루', '유목민', '생활', '정착']","['미래_핑크솔트', '핑크솔트_지루', '지루_오후', '오후_정수리', '정수리_고민', '고민_지루', '지루_유목민', '유목민_생활', '생활_정착']","['미래', '핑크솔트', '지루', '오후', '정수리', '고민', '지루', '유목민', '생활', '정착', '미래_핑크솔트', '핑크솔트_지루', '지루_오후', '오후_정수리', '정수리_고민', '고민_지루', '지루_유목민', '유목민_생활', '생활_정착']",[],,,0,[],2,"['정착', '추천']",2,긍정,False
cafearticle,,헤드앤숄더 후기,헤드앤숄더 가려운 두피케어 트리트먼트 1 1L 1개 리뷰 두피 가려움과 건조함을 동시에 편안하게 잡아준 오늘은 제가 실제로 구매해 꾸준히 사용한 헤드앤숄더 가려운 두피케어 트리트먼트 후기 를 나누고 할인 링크는 이 소개 바로 아래와 글 맨 마지막에도 정리해둘게요 가려움 올라오던 날 샴푸 후 그 편안함이,"['케어', '트리트먼트', '리뷰', '건조', '동시', '편안', '케어', '트리트먼트', '소개', '아래', '마지막', '정리', '편안']","['케어_트리트먼트', '트리트먼트_리뷰', '리뷰_건조', '건조_동시', '동시_편안', '편안_케어', '케어_트리트먼트', '트리트먼트_소개', '소개_아래', '아래_마지막', '마지막_정리', '정리_편안']","['케어', '트리트먼트', '리뷰', '건조', '동시', '편안', '케어', '트리트먼트', '소개', '아래', '마지막', '정리', '편안', '케어_트리트먼트', '트리트먼트_리뷰', '리뷰_건조', '건조_동시', '동시_편안', '편안_케어', '케어_트리트먼트', '트리트먼트_소개', '소개_아래', '아래_마지막', '마지막_정리', '정리_편안']",[],,,2,"['올라오', '가려움']",0,[],-2,이탈위험,False
cafearticle,,헤드앤숄더 후기,헤드앤숄더 비듬샴푸 추천 약산성 비교 사용 후기 헤드앤숄더 비듬샴푸 추천 약산성 비교 사용 후기 사실 큰 샴푸를 굴절해 본 1인 이참에 산 상품 너무 뜻에 드는데요 우선 페로몬 향 또 계속력이 대박임 이전부터 넘치는 헤드앤숄더 비듬샴푸 썼었어요 크게 향부분,"['비듬', '약산', '비교', '비듬', '약산', '비교', '굴절', '이참', '페로몬', '계속', '이전', '비듬']","['비듬_약산', '약산_비교', '비교_비듬', '비듬_약산', '약산_비교', '비교_굴절', '굴절_이참', '이참_페로몬', '페로몬_계속', '계속_이전', '이전_비듬']","['비듬', '약산', '비교', '비듬', '약산', '비교', '굴절', '이참', '페로몬', '계속', '이전', '비듬', '비듬_약산', '약산_비교', '비교_비듬', '비듬_약산', '약산_비교', '비교_굴절', '굴절_이참', '이참_페로몬', '페로몬_계속', '계속_이전', '이전_비듬']",[],,,0,[],1,['추천'],1,긍정,False
cafearticle,,헤드앤숄더 후기,헤드앤숄더 두피 토탈 솔루션 딥클린 샴푸 후기 오늘은 제가 최근에 사용해본 헤드앤숄더 두피 토탈 솔루션 딥클린 샴푸에 대한 후기 를 남겨보려고 해요 제가 두피 관리에 신경을 많이 쓰는 편인데 이 제품이 제가 기대했던 만큼 좋았던 것 같아서 이렇게 글을 쓰게,"['토탈', '솔루션', '클린', '토탈', '솔루션', '클린', '관리', '신경', '기대']","['토탈_솔루션', '솔루션_클린', '클린_토탈', '토탈_솔루션', '솔루션_클린', '클린_관리', '관리_신경', '신경_기대']","['토탈', '솔루션', '클린', '토탈', '솔루션', '클린', '관리', '신경', '기대', '토탈_솔루션', '솔루션_클린', '클린_토탈', '토탈_솔루션', '솔루션_클린', '클린_관리', '관리_신경', '신경_기대']",[],,,0,[],0,[],0,중립,False
cafearticle,,헤드앤숄더 후기,헤드앤숄더 클리니컬 스트렝스 왜이러죠 좀 알아보고 살걸 후기 만 보고 직구한게 진짜 후회돼요ㅠ 게다가 헤드앤숄더 클리니컬 스트렝스 쓴 뒤로 머리 빠지는양이 확 늘었어요 한번만 감아도 배수구에 머리카락이 엉키면서 꽉막히거든요ㅠ 원래 절대 이정도,"['클리니컬', '스트렝스', '직구', '후회', '클리니컬', '스트렝스', '배수구', '머리카락']","['클리니컬_스트렝스', '스트렝스_직구', '직구_후회', '후회_클리니컬', '클리니컬_스트렝스', '스트렝스_배수구', '배수구_머리카락']","['클리니컬', '스트렝스', '직구', '후회', '클리니컬', '스트렝스', '배수구', '머리카락', '클리니컬_스트렝스', '스트렝스_직구', '직구_후회', '후회_클리니컬', '클리니컬_스트렝스', '스트렝스_배수구', '배수구_머리카락']",[],,,1,['후회'],0,[],-1,이탈위험,False
cafearticle,,헤드앤숄더 후기,헤드앤숄더 클리니컬 스트렝스 어때요 헤드앤숄더 클리니컬 스트렝스 직접 써보신 분들 후기 가 듣고 싶어요ㅜㅜ 헤드앤숄더 클리니컬 스트렝스 사실 샤워할 때마다 빠지는 머리카락 양이 점점 늘어나는 것 같아서 걱정이 많아요 특히 헤어라인 부분이 예전보다,"['클리니컬', '스트렝스', '클리니컬', '스트렝스', '클리니컬', '스트렝스', '샤워', '머리카락', '걱정', '라인', '예전']","['클리니컬_스트렝스', '스트렝스_클리니컬', '클리니컬_스트렝스', '스트렝스_클리니컬', '클리니컬_스트렝스', '스트렝스_샤워', '샤워_머리카락', '머리카락_걱정', '걱정_라인', '라인_예전']","['클리니컬', '스트렝스', '클리니컬', '스트렝스', '클리니컬', '스트렝스', '샤워', '머리카락', '걱정', '라인', '예전', '클리니컬_스트렝스', '스트렝스_클리니컬', '클리니컬_스트렝스', '스트렝스_클리니컬', '클리니컬_스트렝스', '스트렝스_샤워', '샤워_머리카락', '머리카락_걱정', '걱정_라인', '라인_예전']",[],,,0,[],0,[],0,중립,False
cafearticle,,헤드앤숄더 후기,헤드앤숄더 스트렝스 써보신 분 헤드앤숄더 스트렝스 블로그 후기 들 보면 헤드앤숄더 스트렝스가 세정력이 좋다고 하는데 혹시 너무 강해서 오히려 두피가 건조해지거나 그런 건 없을까요 샴푸 바꿨다가 더 안 좋아진 경험이 있어서 신중하게 고르려고,"['스트렝스', '스트렝스', '블로그', '스트렝스', '세정', '건조', '경험', '신중']","['스트렝스_스트렝스', '스트렝스_블로그', '블로그_스트렝스', '스트렝스_세정', '세정_건조', '건조_경험', '경험_신중']","['스트렝스', '스트렝스', '블로그', '스트렝스', '세정', '건조', '경험', '신중', '스트렝스_스트렝스', '스트렝스_블로그', '블로그_스트렝스', '스트렝스_세정', '세정_건조', '건조_경험', '경험_신중']",[],,,0,[],0,[],0,중립,False
cafearticle,,헤드앤숄더 후기,헤드앤숄더 울트라 쿨멘솔 샴푸 사용 후기 오늘은 코스트코에서 구매한 헤드앤숄더 울트라 쿨멘솔 샴푸에 대해 이야기해보려고 해요 요즘 날씨가 사용해보고 나니 헤드앤숄더 울트라 쿨멘솔 샴푸는 각질 제거와 두피 가려움 완화에 정말 효과적이었어요 씻고,"['울트라', '울트라', '이야기', '날씨', '울트라', '각질', '제거', '완화', '효과']","['울트라_울트라', '울트라_이야기', '이야기_날씨', '날씨_울트라', '울트라_각질', '각질_제거', '제거_완화', '완화_효과']","['울트라', '울트라', '이야기', '날씨', '울트라', '각질', '제거', '완화', '효과', '울트라_울트라', '울트라_이야기', '이야기_날씨', '날씨_울트라', '울트라_각질', '각질_제거', '제거_완화', '완화_효과']",[],,,1,['가려움'],0,[],-1,이탈위험,False
cafearticle,,헤드앤숄더 후기,헤드앤숄더 두피 토탈 솔루션 딥클린 샴푸 1 2L 13 090원 무통보 삭제글 운영진 승인없는 글 댓가성 후기 글 스튜디오 백일 공구 전통돌상 성장동영상 출산선물 젖병소독기 신생아선물 임산부선물 2 각종 댓가성 이벤트 후기 는 무통보 삭제 운영진 사전 미승인 후기,"['토탈', '솔루션', '클린', '통보', '삭제', '운영', '승인', '댓가', '스튜디오', '공구', '전통', '성장', '동영상', '출산', '선물', '젖병', '소독', '신생아', '선물', '임산부', '선물', '각종', '댓가', '통보', '삭제', '운영', '사전', '승인']","['토탈_솔루션', '솔루션_클린', '클린_통보', '통보_삭제', '삭제_운영', '운영_승인', '승인_댓가', '댓가_스튜디오', '스튜디오_공구', '공구_전통', '전통_성장', '성장_동영상', '동영상_출산', '출산_선물', '선물_젖병', '젖병_소독', '소독_신생아', '신생아_선물', '선물_임산부', '임산부_선물', '선물_각종', '각종_댓가', '댓가_통보', '통보_삭제', '삭제_운영', '운영_사전', '사전_승인']","['토탈', '솔루션', '클린', '통보', '삭제', '운영', '승인', '댓가', '스튜디오', '공구', '전통', '성장', '동영상', '출산', '선물', '젖병', '소독', '신생아', '선물', '임산부', '선물', '각종', '댓가', '통보', '삭제', '운영', '사전', '승인', '토탈_솔루션', '솔루션_클린', '클린_통보', '통보_삭제', '삭제_운영', '운영_승인', '승인_댓가', '댓가_스튜디오', '스튜디오_공구', '공구_전통', '전통_성장', '성장_동영상', '동영상_출산', '출산_선물', '선물_젖병', '젖병_소독', '소독_신생아', '신생아_선물', '선물_임산부', '임산부_선물', '선물_각종', '각종_댓가', '댓가_통보', '통보_삭제', '삭제_운영', '운영_사전', '사전_승인']",[],,,0,[],0,[],0,중립,False
cafearticle,,헤드앤숄더 후기,헤드앤숄더 두피 토탈 솔루션 애플프레쉬 두피 트리트먼트 후기 오늘은 제가 최근에 사용해본 헤드앤숄더 두피 토탈 솔루션 애플프레쉬 두피 트리트먼트에 대해 솔직하게 후기 를 남겨보려고 해요 평소에 두피에도 신경을 많이 쓰는 편인데 이 트리트먼트는 특히 애플 향이,"['토탈', '솔루션', '애플프레쉬', '트리트먼트', '토탈', '솔루션', '애플프레쉬', '트리트먼트', '평소', '신경', '트리트먼트', '애플']","['토탈_솔루션', '솔루션_애플프레쉬', '애플프레쉬_트리트먼트', '트리트먼트_토탈', '토탈_솔루션', '솔루션_애플프레쉬', '애플프레쉬_트리트먼트', '트리트먼트_평소', '평소_신경', '신경_트리트먼트', '트리트먼트_애플']","['토탈', '솔루션', '애플프레쉬', '트리트먼트', '토탈', '솔루션', '애플프레쉬', '트리트먼트', '평소', '신경', '트리트먼트', '애플', '토탈_솔루션', '솔루션_애플프레쉬', '애플프레쉬_트리트먼트', '트리트먼트_토탈', '토탈_솔루션', '솔루션_애플프레쉬', '애플프레쉬_트리트먼트', '트리트먼트_평소', '평소_신경', '신경_트리트먼트', '트리트먼트_애플']",[],,,0,[],0,[],0,중립,False
cafearticle,,헤드앤숄더 후기,헤드앤숄더 건성 두피 케어 샴푸 코코넛 플로럴향 가성비 실화 솔직 리뷰 공유합니다 헤드앤숄더 건성 두피 케어 샴푸 코코넛 플로럴향 후기 건성 두피를 위한 섬세한 케어 헤드앤숄더 건성 두피 케어 샴푸 코코넛 플로럴향 이번에 제가 직접 사용해 본 제품은 바로 헤드앤숄더 건성 두피 케어 샴푸,"['건성', '케어', '코코넛', '플로럴', '가성비', '실화', '리뷰', '공유', '건성', '케어', '코코넛', '플로럴향', '건성', '케어', '건성', '케어', '코코넛', '플로럴', '이번', '건성', '케어']","['건성_케어', '케어_코코넛', '코코넛_플로럴', '플로럴_가성비', '가성비_실화', '실화_리뷰', '리뷰_공유', '공유_건성', '건성_케어', '케어_코코넛', '코코넛_플로럴향', '플로럴향_건성', '건성_케어', '케어_건성', '건성_케어', '케어_코코넛', '코코넛_플로럴', '플로럴_이번', '이번_건성', '건성_케어']","['건성', '케어', '코코넛', '플로럴', '가성비', '실화', '리뷰', '공유', '건성', '케어', '코코넛', '플로럴향', '건성', '케어', '건성', '케어', '코코넛', '플로럴', '이번', '건성', '케어', '건성_케어', '케어_코코넛', '코코넛_플로럴', '플로럴_가성비', '가성비_실화', '실화_리뷰', '리뷰_공유', '공유_건성', '건성_케어', '케어_코코넛', '코코넛_플로럴향', '플로럴향_건성', '건성_케어', '케어_건성', '건성_케어', '케어_코코넛', '코코넛_플로럴', '플로럴_이번', '이번_건성', '건성_케어']",['솔직_리뷰'],,,0,[],0,[],0,중립,False
cafearticle,,헤드앤숄더 후기,헤드앤숄더 두피 토탈 솔루션 딥클린 샴푸 사용 후기 오늘은 제가 최근에 사용해본 헤드앤숄더 두피 토탈 솔루션 딥클린 샴푸에 대해 여러분께 솔직한 후기 를 남기려고 해요 요즘처럼 건조한 날씨에는 두피도 많이 고민이 되는데 이 샴푸로 그 고민이 어떻게 해결되었는지,"['토탈', '솔루션', '클린', '토탈', '솔루션', '클린', '건조', '날씨', '고민', '고민', '해결']","['토탈_솔루션', '솔루션_클린', '클린_토탈', '토탈_솔루션', '솔루션_클린', '클린_건조', '건조_날씨', '날씨_고민', '고민_고민', '고민_해결']","['토탈', '솔루션', '클린', '토탈', '솔루션', '클린', '건조', '날씨', '고민', '고민', '해결', '토탈_솔루션', '솔루션_클린', '클린_토탈', '토탈_솔루션', '솔루션_클린', '클린_건조', '건조_날씨', '날씨_고민', '고민_고민', '고민_해결']",[],,,0,[],0,[],0,중립,False
cafearticle,,헤드앤숄더 후기,헤드앤숄더 쿨멘솔 쓸지말지ㅠ 고민돼요ㅠㅠ 헤드앤숄더 쿨멘솔 후기 보면 시원해서 좋다는 사람도 있고 오히려 따갑다는 얘기도 있어서 더 헷갈려요 요즘은 머리 감기 전부터 괜히 두피 상태가 신경 쓰여서 손으로 자꾸 만져보게 되고 이미 예민해진,"['쿨멘솔', '고민', '쿨멘솔', '얘기', '상태', '신경']","['쿨멘솔_고민', '고민_쿨멘솔', '쿨멘솔_얘기', '얘기_상태', '상태_신경']","['쿨멘솔', '고민', '쿨멘솔', '얘기', '상태', '신경', '쿨멘솔_고민', '고민_쿨멘솔', '쿨멘솔_얘기', '얘기_상태', '상태_신경']",[],,,0,[],0,[],0,중립,False
cafearticle,,헤드앤숄더 후기,헤드앤숄더 가려운두피 원래 이런건가요 혹시 헤드앤숄더 가려운두피 써보신 분 계신가요 헤드앤숄더 가려운두피 원래 이런건지 궁금해서 글 남겨봐요 요즘 들어 두피가 계속 가려워서 너무 스트레스예요ㅠ 긁으면 안 되는 거 알면서도 참기가 너무,['스트레스'],[],['스트레스'],[],,,0,[],0,[],0,중립,False
cafearticle,,헤드앤숄더 후기,헤드앤숄더 비듬샴푸 탈모에도 도움이 될까요 따갑다는 후기 도 있던데 헤드앤숄더 비듬샴푸는 어떤가요 두피가 예민한 편이라서 자극적인 성분 들어간 제품 쓰면 가려움증 생기거나 각질이 더 생길까봐 걱정돼요 그리고 헤드앤숄더 비듬샴푸 매일 사용해도 괜찮은,"['비듬', '탈모', '도움', '비듬', '자극', '성분', '가려움증', '각질', '걱정', '비듬']","['비듬_탈모', '탈모_도움', '도움_비듬', '비듬_자극', '자극_성분', '성분_가려움증', '가려움증_각질', '각질_걱정', '걱정_비듬']","['비듬', '탈모', '도움', '비듬', '자극', '성분', '가려움증', '각질', '걱정', '비듬', '비듬_탈모', '탈모_도움', '도움_비듬', '비듬_자극', '자극_성분', '성분_가려움증', '가려움증_각질', '각질_걱정', '걱정_비듬']",[],,,2,"['자극', '가려움']",0,[],-2,이탈위험,False
cafearticle,,헤드앤숄더 후기,헤드앤숄더 두피 토탈 솔루션 샴푸 쿨 멘솔 사용 후기 오늘은 최근에 제가 사용해본 헤드앤숄더 두피 토탈 솔루션 샴푸 쿨 멘솔에 대한 후기 를 남겨볼까 해요 요즘 어쩐지 두피가 간지럽기도 하고 예민해진 것 같아서 뭔가 좋은 제품이 없을까 찾아봤는데 이 제품이 눈에,"['토탈', '솔루션', '토탈', '솔루션']","['토탈_솔루션', '솔루션_토탈', '토탈_솔루션']","['토탈', '솔루션', '토탈', '솔루션', '토탈_솔루션', '솔루션_토탈', '토탈_솔루션']",[],,,0,[],0,[],0,중립,False
cafearticle,,헤드앤숄더 후기,직접 비교해봤습니다 헤드앤숄더 두피 토탈 솔루션 샴푸 딥클린 최종 추천 사용 후기 를 꼼꼼히 비교해 보시고 자신에게 맞는 제품을 선택하는 것이 중요합니다 헤드앤숄더 두피 토탈 솔루션 샴푸 딥클린은 두피 고민을 가진 많은 분들에게 좋은 선택지가 될 수 있을 것 같아요 특히 딥클린,"['비교', '토탈', '솔루션', '클린', '최종', '비교', '자신', '선택', '중요', '토탈', '솔루션', '클린', '고민', '선택지', '클린']","['비교_토탈', '토탈_솔루션', '솔루션_클린', '클린_최종', '최종_비교', '비교_자신', '자신_선택', '선택_중요', '중요_토탈', '토탈_솔루션', '솔루션_클린', '클린_고민', '고민_선택지', '선택지_클린']","['비교', '토탈', '솔루션', '클린', '최종', '비교', '자신', '선택', '중요', '토탈', '솔루션', '클린', '고민', '선택지', '클린', '비교_토탈', '토탈_솔루션', '솔루션_클린', '클린_최종', '최종_비교', '비교_자신', '자신_선택', '선택_중요', '중요_토탈', '토탈_솔루션', '솔루션_클린', '클린_고민', '고민_선택지', '선택지_클린']",[],,,0,[],1,['추천'],1,긍정,False
cafearticle,,헤드앤숄더 후기,헤드앤숄더 클리니컬 스트렝스 고민ㅠ 그래서 헤드앤숄더 클리니컬 스트렝스 이거 찾아보게 됐는데 후기 보면 좋다는 글도 있고 그냥 그렇다는 글도 있어서 더 헷갈리더라구요 괜히 바꿨다가 더 뒤집어지면 어쩌나 싶고 안 바꾸자니 지금 상태도 너무 힘들고,"['클리니컬', '스트렝스', '고민', '클리니컬', '스트렝스', '상태']","['클리니컬_스트렝스', '스트렝스_고민', '고민_클리니컬', '클리니컬_스트렝스', '스트렝스_상태']","['클리니컬', '스트렝스', '고민', '클리니컬', '스트렝스', '상태', '클리니컬_스트렝스', '스트렝스_고민', '고민_클리니컬', '클리니컬_스트렝스', '스트렝스_상태']",[],,,0,[],0,[],0,중립,False
cafearticle,,헤드앤숄더 후기,헤드앤숄더 프로페셔널 안티 댄드러프 샴푸 진짜 만족스럽네요 중에 헤드앤숄더 프로페셔널 안티 댄드러프 어드밴스드 오일 컨트롤 샴푸를 사용해보기로 결심했어요 가격은 25 400원이더라고요 가격대가 조금 있는 편이라 망설였지만 정말 효과가 뛰어난지 직접 사용해본 후기 를,"['프로페셔널', '안티', '댄드러프', '만족', '프로페셔널', '안티', '댄드러프', '어드밴스드', '오일', '컨트롤', '결심', '가격대', '효과']","['프로페셔널_안티', '안티_댄드러프', '댄드러프_만족', '만족_프로페셔널', '프로페셔널_안티', '안티_댄드러프', '댄드러프_어드밴스드', '어드밴스드_오일', '오일_컨트롤', '컨트롤_결심', '결심_가격대', '가격대_효과']","['프로페셔널', '안티', '댄드러프', '만족', '프로페셔널', '안티', '댄드러프', '어드밴스드', '오일', '컨트롤', '결심', '가격대', '효과', '프로페셔널_안티', '안티_댄드러프', '댄드러프_만족', '만족_프로페셔널', '프로페셔널_안티', '안티_댄드러프', '댄드러프_어드밴스드', '어드밴스드_오일', '오일_컨트롤', '컨트롤_결심', '결심_가격대', '가격대_효과']",[],,,0,[],0,[],0,중립,False
cafearticle,,헤드앤숄더 후기,헤드앤숄더 클리니컬 스트렝스 어때요 헤드앤숄더 클리니컬 스트렝스 써본 분들 후기 궁금해서 글 남겨요 요즘 정수리 쪽이 너무 훤히 들여다보여서 스트레스가 이만저만이 아니에요ㅠㅠ 머리를 묶을 때마다 예전보다 양이 확연히 줄어든 게 느껴져서 매일 거울,"['클리니컬', '스트렝스', '클리니컬', '스트렝스', '정수리', '스트레스', '이만저만', '예전', '거울']","['클리니컬_스트렝스', '스트렝스_클리니컬', '클리니컬_스트렝스', '스트렝스_정수리', '정수리_스트레스', '스트레스_이만저만', '이만저만_예전', '예전_거울']","['클리니컬', '스트렝스', '클리니컬', '스트렝스', '정수리', '스트레스', '이만저만', '예전', '거울', '클리니컬_스트렝스', '스트렝스_클리니컬', '클리니컬_스트렝스', '스트렝스_정수리', '정수리_스트레스', '스트레스_이만저만', '이만저만_예전', '예전_거울']",[],,,0,[],0,[],0,중립,False
cafearticle,,헤드앤숄더 후기,헤드앤숄더 딥클린 왜이래요 도대체 왜이럴까요ㅜㅜ 헤드앤숄더 딥클린 후기 찾아보니까 저처럼 두피 트러블 올라왔다고 얘기하는 분들도 꽤 있는 것 같더라고요 그래서 더 혼란스러워요 저처럼 지성인데 두피까지 민감한 경우는 도대체 어떤 샴푸를,"['클린', '클린', '트러블', '얘기', '혼란', '지성']","['클린_클린', '클린_트러블', '트러블_얘기', '얘기_혼란', '혼란_지성']","['클린', '클린', '트러블', '얘기', '혼란', '지성', '클린_클린', '클린_트러블', '트러블_얘기', '얘기_혼란', '혼란_지성']",[],,,2,"['트러블', '올라왔']",0,[],-2,이탈위험,False
cafearticle,,헤드앤숄더 후기,P amp G 헤드앤숄더 쿨 멘솔 린스 사용 후기 안녕하세요 오늘은 제가 최근에 구매한 P amp G 헤드앤숄더 쿨 멘솔 린스에 대해 이야기해보려고 해요 이 P amp G 헤드앤숄더 쿨 멘솔 린스를 바르고 나면 두피가 뭔가 더 맑아지는 느낌이 드는 게 정말 좋더라고요 향도,"['린스', '린스', '이야기', '린스', '느낌']","['린스_린스', '린스_이야기', '이야기_린스', '린스_느낌']","['린스', '린스', '이야기', '린스', '느낌', '린스_린스', '린스_이야기', '이야기_린스', '린스_느낌']",[],,,0,[],0,[],0,중립,False
cafearticle,,헤드앤숄더 후기,두피 가려움 때문에 고민이라면 헤드앤숄더 토탈 솔루션으로 해결해봤어요 그래서 제가 직접 사용해 헤드앤숄더 토탈 솔루션 샴푸를 바탕으로 두피 가려움 관리 방법부터 제품 후기 까지 싹 정리해 드릴게요 오늘의 추천템 바로가기 두피 가려움 원인,"['고민', '토탈', '솔루션', '해결', '토탈', '솔루션', '바탕', '관리', '방법', '정리', '원인']","['고민_토탈', '토탈_솔루션', '솔루션_해결', '해결_토탈', '토탈_솔루션', '솔루션_바탕', '바탕_관리', '관리_방법', '방법_정리', '정리_원인']","['고민', '토탈', '솔루션', '해결', '토탈', '솔루션', '바탕', '관리', '방법', '정리', '원인', '고민_토탈', '토탈_솔루션', '솔루션_해결', '해결_토탈', '토탈_솔루션', '솔루션_바탕', '바탕_관리', '관리_방법', '방법_정리', '정리_원인']",[],,,1,['가려움'],1,['추천'],0,중립,False
cafearticle,,헤드앤숄더 후기,정수리 샴푸 광고 사절 감이 안와요 서칭을 해보니 gd샴푸 헤드앤숄더 쓴다는 글이 많이 보이네요 집에서 어른들은 헤드앤숄더 쓰고 있어요 gd샴푸 헤드앤숄더 쓰시는분 찐 후기 듣고 싶어요 광고말고 진짜 사용하시는 샴푸도 추천 받고 싶네요,"['정수리', '사절', '서칭', '어른']","['정수리_사절', '사절_서칭', '서칭_어른']","['정수리', '사절', '서칭', '어른', '정수리_사절', '사절_서칭', '서칭_어른']",[],,,0,[],1,['추천'],1,긍정,False
cafearticle,,헤드앤숄더 후기,헤드앤숄더 가려운두피케어 샴푸 사용 후기 안녕하세요 오늘은 제가 최근에 사용해본 헤드앤숄더 가려운두피케어 샴푸에 대해 얘기해보려고 해요 그동안 가려움이 심해서 신경이 많이 썼는데 헤드앤숄더 가려운두피케어 샴푸를 쓰고 나서는 그런 불편함이 많이,"['케어', '케어', '얘기', '그동안', '신경', '케어', '불편']","['케어_케어', '케어_얘기', '얘기_그동안', '그동안_신경', '신경_케어', '케어_불편']","['케어', '케어', '얘기', '그동안', '신경', '케어', '불편', '케어_케어', '케어_얘기', '얘기_그동안', '그동안_신경', '신경_케어', '케어_불편']",[],,,1,['가려움'],0,[],-1,이탈위험,False
cafearticle,,헤드앤숄더 후기,헤드앤숄더 스트렝스 괜찮나요 헤드앤숄더 스트렝스 괜찮나요 헤드앤숄더 스트렝스 요즘 이거 계속 고민이에요ㅠㅠ 두피 트러블이 진짜 점점 심해지는 느낌이라 이제는 그냥 넘길 수가 없네요 처음에는 그냥 간지러운 정도였는데 요즘은 긁으면 바로,"['스트렝스', '스트렝스', '스트렝스', '고민', '트러블', '느낌', '이제', '처음']","['스트렝스_스트렝스', '스트렝스_스트렝스', '스트렝스_고민', '고민_트러블', '트러블_느낌', '느낌_이제', '이제_처음']","['스트렝스', '스트렝스', '스트렝스', '고민', '트러블', '느낌', '이제', '처음', '스트렝스_스트렝스', '스트렝스_스트렝스', '스트렝스_고민', '고민_트러블', '트러블_느낌', '느낌_이제', '이제_처음']",[],,,1,['트러블'],0,[],-1,이탈위험,False
cafearticle,,헤드앤숄더 후기,헤드앤숄더 가려운 두피 케어 샴푸 850ml 효과 어떠셨나요 이대로 가다간 탈모까지 진행될 것 같아서 너무 불안합니다 헤드앤숄더 가려운 두피 케어 샴푸 사용해보신 분들 계신가요 정말 가려움증 완화에 도움이 되는지 솔직한 후기 좀 알려주세요,"['케어', '효과', '탈모', '진행', '불안', '케어', '가려움증', '완화', '도움']","['케어_효과', '효과_탈모', '탈모_진행', '진행_불안', '불안_케어', '케어_가려움증', '가려움증_완화', '완화_도움']","['케어', '효과', '탈모', '진행', '불안', '케어', '가려움증', '완화', '도움', '케어_효과', '효과_탈모', '탈모_진행', '진행_불안', '불안_케어', '케어_가려움증', '가려움증_완화', '완화_도움']",[],,,1,['가려움'],0,[],-1,이탈위험,False
cafearticle,,헤드앤숄더 후기,헤드앤숄더 클리니컬 스트렝스 당황 혹시 저만 그런 건가 싶어서 헤드앤숄더 클리니컬 스트렝스 후기 들을 좀 찾아봤는데 저처럼 비슷하게 더 악화됐다는 글들도 꽤 보이더라고요 헤드앤숄더 클리니컬 스트렝스가 항진균 샴푸라서 성분이 강한 편이라고,"['클리니컬', '스트렝스', '당황', '클리니컬', '스트렝스', '악화', '클리니컬', '스트렝스', '항진', '성분']","['클리니컬_스트렝스', '스트렝스_당황', '당황_클리니컬', '클리니컬_스트렝스', '스트렝스_악화', '악화_클리니컬', '클리니컬_스트렝스', '스트렝스_항진', '항진_성분']","['클리니컬', '스트렝스', '당황', '클리니컬', '스트렝스', '악화', '클리니컬', '스트렝스', '항진', '성분', '클리니컬_스트렝스', '스트렝스_당황', '당황_클리니컬', '클리니컬_스트렝스', '스트렝스_악화', '악화_클리니컬', '클리니컬_스트렝스', '스트렝스_항진', '항진_성분']",[],,,0,[],0,[],0,중립,False
cafearticle,,헤드앤숄더 후기,헤드앤숄더 건성 두피 케어 샴푸 써보신 분 어떠셨나요 혹시 헤드앤숄더 건성 두피 케어 샴푸 써보신 분들 계신가요 건조하고 민감한 두피에도 자극 없이 쓸 수 있는지 궁금하고 실제로 사용해보신 후기 들려주시면 정말 감사하겠습니다,"['건성', '케어', '건성', '케어', '건조', '자극', '감사']","['건성_케어', '케어_건성', '건성_케어', '케어_건조', '건조_자극', '자극_감사']","['건성', '케어', '건성', '케어', '건조', '자극', '감사', '건성_케어', '케어_건성', '건성_케어', '케어_건조', '건조_자극', '자극_감사']",[],,,1,['자극'],0,[],-1,이탈위험,False
cafearticle,,헤드앤숄더 후기,헤드앤숄더 가려운 두피케어 트리트먼트 사용 건조하고 가려운 두피에 찾아온 놀라운 편안함 오늘은 제가 직접 구매하고 사용하며 감탄한 헤드앤숄더 가려운 두피케어 트리트먼트 후기 를 들려드리려고 해요 할인가로 구매할 수 있는 링크는 이 글이 시작되는 바로 여기와 글의 마지막에 함께 안내해 드릴게요,"['케어', '트리트먼트', '건조', '편안', '감탄', '케어', '트리트먼트', '시작', '마지막', '안내']","['케어_트리트먼트', '트리트먼트_건조', '건조_편안', '편안_감탄', '감탄_케어', '케어_트리트먼트', '트리트먼트_시작', '시작_마지막', '마지막_안내']","['케어', '트리트먼트', '건조', '편안', '감탄', '케어', '트리트먼트', '시작', '마지막', '안내', '케어_트리트먼트', '트리트먼트_건조', '건조_편안', '편안_감탄', '감탄_케어', '케어_트리트먼트', '트리트먼트_시작', '시작_마지막', '마지막_안내']",[],,,0,[],0,[],0,중립,False
cafearticle,,헤드앤숄더 후기,헤드앤숄더 비듬샴푸 직구 효과 어떠셨나요 헤드앤숄더 효과가 좀 다르다는 얘기들을 봤는데 직구로 사야 하는 건지도 잘 모르겠고요 이런 상황에서 헤드앤숄더 비듬샴푸 써보신 분들 계신가요 정말 효과 있으셨는지 솔직한 후기 좀 들어보고 싶어요,"['비듬', '직구', '효과', '효과', '얘기', '직구', '상황', '비듬', '효과']","['비듬_직구', '직구_효과', '효과_효과', '효과_얘기', '얘기_직구', '직구_상황', '상황_비듬', '비듬_효과']","['비듬', '직구', '효과', '효과', '얘기', '직구', '상황', '비듬', '효과', '비듬_직구', '직구_효과', '효과_효과', '효과_얘기', '얘기_직구', '직구_상황', '상황_비듬', '비듬_효과']",[],,,0,[],0,[],0,중립,False
cafearticle,,헤드앤숄더 후기,헤드앤숄더 가려운두피 정말 효과 있어요 헤드앤숄더 가려운두피 정말 효과 있어요 요즘 두피가 너무 간지러워서 진짜 스트레스 장난 아니에요ㅠ 가만히 있어도 자꾸 간질간질하고 신경 쓰여서 계속 손이 가네요 그래서 이것저것 찾아보다가 헤드앤숄더,"['효과', '효과', '스트레스', '장난', '신경', '이것저것']","['효과_효과', '효과_스트레스', '스트레스_장난', '장난_신경', '신경_이것저것']","['효과', '효과', '스트레스', '장난', '신경', '이것저것', '효과_효과', '효과_스트레스', '스트레스_장난', '장난_신경', '신경_이것저것']",[],,,0,[],0,[],0,중립,False
cafearticle,,헤드앤숄더 후기,초5랑 중1 남자아이 샴푸 추천해주세요 초5 갑자기 비듬도 생기고 냄새도 나고하네요 중1은 계속 머리를 만지고 간지럽다고해요 요즘 갑자기 그러네요 샴푸도 쓰던거 별탈없이 썼었는데 갑자기 그래서 샴푸를 바꿔보려는데 초5 중1 남자아이들 샴푸 뭐,"['남자아이', '비듬', '냄새', '남자아이']","['남자아이_비듬', '비듬_냄새', '냄새_남자아이']","['남자아이', '비듬', '냄새', '남자아이', '남자아이_비듬', '비듬_냄새', '냄새_남자아이']",[],,,0,[],1,['추천'],1,긍정,False
cafearticle,,헤드앤숄더 후기,청소년 샴푸 추천 BEST 비듬 두피 고민 한 번에 해결 ㅎㅎ 그래서 오늘은 청소년 샴푸 선택부터 실제 사용 후기 까지 한 번에 정리해드릴게요 청소년 샴푸 지금 가장 반응 좋은 청소년 샴푸 재고 있을 때 확인해보세요 quot 헤드앤숄더 퍼퓸 프레쉬 샴푸,"['청소년', '비듬', '고민', '해결', '청소년', '선택', '실제', '정리', '청소년', '반응', '청소년', '확인', '퍼퓸', '프레쉬']","['청소년_비듬', '비듬_고민', '고민_해결', '해결_청소년', '청소년_선택', '선택_실제', '실제_정리', '정리_청소년', '청소년_반응', '반응_청소년', '청소년_확인', '확인_퍼퓸', '퍼퓸_프레쉬']","['청소년', '비듬', '고민', '해결', '청소년', '선택', '실제', '정리', '청소년', '반응', '청소년', '확인', '퍼퓸', '프레쉬', '청소년_비듬', '비듬_고민', '고민_해결', '해결_청소년', '청소년_선택', '선택_실제', '실제_정리', '정리_청소년', '청소년_반응', '반응_청소년', '청소년_확인', '확인_퍼퓸', '퍼퓸_프레쉬']",[],,,0,[],1,['추천'],1,긍정,False
cafearticle,,헤드앤숄더 후기,2026 03 25 쇼핑 후기 헤드앤숄더 살까 하다가 할인해서 블랙포레 샴푸로 사봤어요 아직 써보진 않았지만 두피랑 탈모에 좋다고 하니 좀더 더워지면 시원하게 써도 좋을것 같아요 7 트러플 크래커 11 990원 너무너무 맛있어요 육퇴하고,"['쇼핑', '블랙포레', '탈모', '트러플', '크래커', '육퇴']","['쇼핑_블랙포레', '블랙포레_탈모', '탈모_트러플', '트러플_크래커', '크래커_육퇴']","['쇼핑', '블랙포레', '탈모', '트러플', '크래커', '육퇴', '쇼핑_블랙포레', '블랙포레_탈모', '탈모_트러플', '트러플_크래커', '크래커_육퇴']",[],,,0,[],0,[],0,중립,False
cafearticle,,헤드앤숄더 후기,지성두피라 고민이에요ㅠㅠ 안녕하세요 모여라리뷰 입니다 카페활동 친목 수다글 없이 업체추천 및 후기 글만 작성시 글삭제 및 요새 날이 더워져서 그런가 싶기도 한데 일단 피부과 가볼까 싶어요ㅠㅠ 헤드앤숄더 를 써볼지 어떨지 고민되네요,"['지성두피', '고민', '리뷰', '카페', '활동', '친목', '수다', '업체', '작성', '삭제', '요새', '피부과', '고민']","['지성두피_고민', '고민_리뷰', '리뷰_카페', '카페_활동', '활동_친목', '친목_수다', '수다_업체', '업체_작성', '작성_삭제', '삭제_요새', '요새_피부과', '피부과_고민']","['지성두피', '고민', '리뷰', '카페', '활동', '친목', '수다', '업체', '작성', '삭제', '요새', '피부과', '고민', '지성두피_고민', '고민_리뷰', '리뷰_카페', '카페_활동', '활동_친목', '친목_수다', '수다_업체', '업체_작성', '작성_삭제', '삭제_요새', '요새_피부과', '피부과_고민']",[],,,0,[],1,['추천'],1,긍정,False
cafearticle,,헤드앤숄더 후기,헤드앤숄더 스트렝스 별루네요 ㅠㅠ 못해요 헤드앤숄더 스트렝스 후기 를 여러곳에서 보게됐어요 비듬이랑 가려움증에 효과있다는 리뷰가 엄청 많더라구요 헤드앤숄더 스트렝스 별점이 높게 유지되고 있었고 후기 숫자도 많아서 헤드앤숄더 스트렝스 한번,"['스트렝스', '스트렝스', '비듬', '가려움증', '효과', '리뷰', '스트렝스', '유지', '숫자', '스트렝스']","['스트렝스_스트렝스', '스트렝스_비듬', '비듬_가려움증', '가려움증_효과', '효과_리뷰', '리뷰_스트렝스', '스트렝스_유지', '유지_숫자', '숫자_스트렝스']","['스트렝스', '스트렝스', '비듬', '가려움증', '효과', '리뷰', '스트렝스', '유지', '숫자', '스트렝스', '스트렝스_스트렝스', '스트렝스_비듬', '비듬_가려움증', '가려움증_효과', '효과_리뷰', '리뷰_스트렝스', '스트렝스_유지', '유지_숫자', '숫자_스트렝스']",[],,,1,['가려움'],1,['효과있'],0,중립,False
cafearticle,,헤드앤숄더 후기,헤드앤숄더 두피 토탈 솔루션 샴푸 쿨 멘솔 1 2L 12 870원 무통보 삭제글 운영진 승인없는 글 댓가성 후기 글 스튜디오 백일 공구 전통돌상 성장동영상 출산선물 젖병소독기 신생아선물 임산부선물 2 각종 댓가성 이벤트 후기 는 무통보 삭제 운영진 사전 미승인 후기,"['토탈', '솔루션', '통보', '삭제', '운영', '승인', '댓가', '스튜디오', '공구', '전통', '성장', '동영상', '출산', '선물', '젖병', '소독', '신생아', '선물', '임산부', '선물', '각종', '댓가', '통보', '삭제', '운영', '사전', '승인']","['토탈_솔루션', '솔루션_통보', '통보_삭제', '삭제_운영', '운영_승인', '승인_댓가', '댓가_스튜디오', '스튜디오_공구', '공구_전통', '전통_성장', '성장_동영상', '동영상_출산', '출산_선물', '선물_젖병', '젖병_소독', '소독_신생아', '신생아_선물', '선물_임산부', '임산부_선물', '선물_각종', '각종_댓가', '댓가_통보', '통보_삭제', '삭제_운영', '운영_사전', '사전_승인']","['토탈', '솔루션', '통보', '삭제', '운영', '승인', '댓가', '스튜디오', '공구', '전통', '성장', '동영상', '출산', '선물', '젖병', '소독', '신생아', '선물', '임산부', '선물', '각종', '댓가', '통보', '삭제', '운영', '사전', '승인', '토탈_솔루션', '솔루션_통보', '통보_삭제', '삭제_운영', '운영_승인', '승인_댓가', '댓가_스튜디오', '스튜디오_공구', '공구_전통', '전통_성장', '성장_동영상', '동영상_출산', '출산_선물', '선물_젖병', '젖병_소독', '소독_신생아', '신생아_선물', '선물_임산부', '임산부_선물', '선물_각종', '각종_댓가', '댓가_통보', '통보_삭제', '삭제_운영', '운영_사전', '사전_승인']",[],,,0,[],0,[],0,중립,False
cafearticle,,헤드앤숄더 후기,두피 염증과 진물 때문에 고생하시나요 지루성 두피염 해결에 도움을 준 인생 샴푸 후기 입니다 여러 종류의 제품을 사용해 봤지 만큰 효과를 보지 못하다가 해외 직구로 구한 헤드앤숄더 클리니컬 스트렝스 제품을 만나고 드디어 정착하게 되었습니다 남색 용기에 담긴 이 제품은 황화셀레늄 성분이 포함되어 있어,"['염증', '진물', '고생', '지루', '해결', '도움', '인생', '종류', '효과', '해외', '직구', '클리니컬', '스트렝스', '정착', '남색', '용기', '황화셀레늄', '성분', '포함']","['염증_진물', '진물_고생', '고생_지루', '지루_해결', '해결_도움', '도움_인생', '인생_종류', '종류_효과', '효과_해외', '해외_직구', '직구_클리니컬', '클리니컬_스트렝스', '스트렝스_정착', '정착_남색', '남색_용기', '용기_황화셀레늄', '황화셀레늄_성분', '성분_포함']","['염증', '진물', '고생', '지루', '해결', '도움', '인생', '종류', '효과', '해외', '직구', '클리니컬', '스트렝스', '정착', '남색', '용기', '황화셀레늄', '성분', '포함', '염증_진물', '진물_고생', '고생_지루', '지루_해결', '해결_도움', '도움_인생', '인생_종류', '종류_효과', '효과_해외', '해외_직구', '직구_클리니컬', '클리니컬_스트렝스', '스트렝스_정착', '정착_남색', '남색_용기', '용기_황화셀레늄', '황화셀레늄_성분', '성분_포함']",[],,,0,[],1,['정착'],1,긍정,False
cafearticle,,헤드앤숄더 후기,헤드앤숄더 클리니컬 스트렝스 쓰신분 헤드앤숄더 클리니컬 스트렝스 말고도 평소에 관리하는 방법이 있을까요 식단이나 생활습관을 바꿔야 하는 건지도 궁금하고요 온라인 후기 들 보면 헤드앤숄더 클리니컬 스트렝스 효과 있다는 글들도 있던데 개인차가 있는,"['클리니컬', '스트렝스', '쓰신분', '클리니컬', '스트렝스', '평소', '관리', '방법', '식단', '생활', '습관', '온라인', '클리니컬', '스트렝스', '효과', '개인차']","['클리니컬_스트렝스', '스트렝스_쓰신분', '쓰신분_클리니컬', '클리니컬_스트렝스', '스트렝스_평소', '평소_관리', '관리_방법', '방법_식단', '식단_생활', '생활_습관', '습관_온라인', '온라인_클리니컬', '클리니컬_스트렝스', '스트렝스_효과', '효과_개인차']","['클리니컬', '스트렝스', '쓰신분', '클리니컬', '스트렝스', '평소', '관리', '방법', '식단', '생활', '습관', '온라인', '클리니컬', '스트렝스', '효과', '개인차', '클리니컬_스트렝스', '스트렝스_쓰신분', '쓰신분_클리니컬', '클리니컬_스트렝스', '스트렝스_평소', '평소_관리', '관리_방법', '방법_식단', '식단_생활', '생활_습관', '습관_온라인', '온라인_클리니컬', '클리니컬_스트렝스', '스트렝스_효과', '효과_개인차']",[],,,0,[],0,[],0,중립,False
cafearticle,,헤드앤숄더 후기,코스트코에서 드디어 나온 헤드앤숄더 클린앤밸런스 대용량 리필형 코스트코에서 드디어 나온 헤드앤숄더 클린앤밸런스 대용량 리필형은 비듬 샴푸 비싸다 라는 공식을 아래에 성분 효과 가격 메리트 실사용 후기 추천 대상 사용 팁 까지 완전히 실전 기준으로,"['클린앤밸런스', '용량', '리필', '클린앤밸런스', '용량', '리필', '비듬', '공식', '아래', '성분', '효과', '메리트', '대상', '실전', '기준']","['클린앤밸런스_용량', '용량_리필', '리필_클린앤밸런스', '클린앤밸런스_용량', '용량_리필', '리필_비듬', '비듬_공식', '공식_아래', '아래_성분', '성분_효과', '효과_메리트', '메리트_대상', '대상_실전', '실전_기준']","['클린앤밸런스', '용량', '리필', '클린앤밸런스', '용량', '리필', '비듬', '공식', '아래', '성분', '효과', '메리트', '대상', '실전', '기준', '클린앤밸런스_용량', '용량_리필', '리필_클린앤밸런스', '클린앤밸런스_용량', '용량_리필', '리필_비듬', '비듬_공식', '공식_아래', '아래_성분', '성분_효과', '효과_메리트', '메리트_대상', '대상_실전', '실전_기준']",[],,,0,[],1,['추천'],1,긍정,False
cafearticle,,헤드앤숄더 후기,헤드앤숄더 스트렝스 어질어질 ㅠㅠ 중에서 후기 수 제일 많고 평점 높은 헤드앤숄더 스트렝스 제품 골라서 샀어요 써보고 처음 열흘 정도는 진짜 눈에 띄게 달라졌어요 헤드앤숄더 스트렝스 로 감으면 두피가 뽀득하게 세정되는 느낌이 나고 화끈거리던게,"['스트렝스', '스트렝스', '처음', '열흘', '스트렝스', '세정', '느낌']","['스트렝스_스트렝스', '스트렝스_처음', '처음_열흘', '열흘_스트렝스', '스트렝스_세정', '세정_느낌']","['스트렝스', '스트렝스', '처음', '열흘', '스트렝스', '세정', '느낌', '스트렝스_스트렝스', '스트렝스_처음', '처음_열흘', '열흘_스트렝스', '스트렝스_세정', '세정_느낌']",[],,,0,[],0,[],0,중립,False
cafearticle,,헤드앤숄더 후기,헤드앤숄더 스트렝스 탈모에도 도움 될까요 그래서 탈모커뮤니티 후기 를 찾아보다가 헤드앤숄더 스트렝스 샴푸가 지루성두피염 치료에 효과 좋다고 해서 알아보고 있습니다 헤드앤숄더 스트렝스 샴푸 사용 경험 있으신 분들 계신가요 솔직한 이야기가 듣고,"['스트렝스', '탈모', '도움', '탈모', '커뮤니티', '스트렝스', '지루성두피염', '치료', '효과', '스트렝스', '경험', '이야기']","['스트렝스_탈모', '탈모_도움', '도움_탈모', '탈모_커뮤니티', '커뮤니티_스트렝스', '스트렝스_지루성두피염', '지루성두피염_치료', '치료_효과', '효과_스트렝스', '스트렝스_경험', '경험_이야기']","['스트렝스', '탈모', '도움', '탈모', '커뮤니티', '스트렝스', '지루성두피염', '치료', '효과', '스트렝스', '경험', '이야기', '스트렝스_탈모', '탈모_도움', '도움_탈모', '탈모_커뮤니티', '커뮤니티_스트렝스', '스트렝스_지루성두피염', '지루성두피염_치료', '치료_효과', '효과_스트렝스', '스트렝스_경험', '경험_이야기']",[],,,0,[],0,[],0,중립,False
cafearticle,,헤드앤숄더 후기,지성두피 샴푸 ㅜㅜ 프레시팝 모히또 샴푸 헤드앤숄더 딥클린 약국 샴푸나 한살림 두피샴푸도 기름기 쏙 빠진다는 후기 들이 많더라고요 정말 기름기 확 잡히는 지성샴푸 추천 실사용해보고 만족하신 제품이 있으면 추가로 알려주세요,"['지성', '프레시팝', '모히또', '클린', '한살림', '기름', '기름', '지성', '만족', '추가']","['지성_프레시팝', '프레시팝_모히또', '모히또_클린', '클린_한살림', '한살림_기름', '기름_기름', '기름_지성', '지성_만족', '만족_추가']","['지성', '프레시팝', '모히또', '클린', '한살림', '기름', '기름', '지성', '만족', '추가', '지성_프레시팝', '프레시팝_모히또', '모히또_클린', '클린_한살림', '한살림_기름', '기름_기름', '기름_지성', '지성_만족', '만족_추가']",[],,,0,[],1,['추천'],1,긍정,False
cafearticle,,헤드앤숄더 후기,헤드앤숄더 프로페셔널 안티 댄드러프 어드밴스드 오일 컨트롤 샴푸 사용 후기 저는 특히 여름철에 땀도 많이 흘리고 외출 후 기 름진 두피가 걱정인데 헤드앤숄더 프로페셔널 안티 댄드러프 어드밴스드 오일 컨트롤 샴푸 때문에 이 여름을 무사히 넘길 수 있을 것 같네요 매번 기름진 두피 때문에,"['프로페셔널', '안티', '댄드러프', '어드밴스드', '오일', '컨트롤', '여름철', '외출', '름진', '걱정', '프로페셔널', '안티', '댄드러프', '어드밴스드', '오일', '컨트롤', '여름']","['프로페셔널_안티', '안티_댄드러프', '댄드러프_어드밴스드', '어드밴스드_오일', '오일_컨트롤', '컨트롤_여름철', '여름철_외출', '외출_름진', '름진_걱정', '걱정_프로페셔널', '프로페셔널_안티', '안티_댄드러프', '댄드러프_어드밴스드', '어드밴스드_오일', '오일_컨트롤', '컨트롤_여름']","['프로페셔널', '안티', '댄드러프', '어드밴스드', '오일', '컨트롤', '여름철', '외출', '름진', '걱정', '프로페셔널', '안티', '댄드러프', '어드밴스드', '오일', '컨트롤', '여름', '프로페셔널_안티', '안티_댄드러프', '댄드러프_어드밴스드', '어드밴스드_오일', '오일_컨트롤', '컨트롤_여름철', '여름철_외출', '외출_름진', '름진_걱정', '걱정_프로페셔널', '프로페셔널_안티', '안티_댄드러프', '댄드러프_어드밴스드', '어드밴스드_오일', '오일_컨트롤', '컨트롤_여름']",[],,,0,[],0,[],0,중립,False
cafearticle,,헤드앤숄더 후기,3월20일 대전점 쇼핑 후기 헤드앤숄더 리필 2l 16 990 3 500 2리터 대용량 리필용 샴푸예요 대전점 여사님이 행사하고 계셔서 여행용 꺼끌한면으로 닦아주면 각질제거에 피부도 매끈해지는것 같아 좋아요 영수증 첨부하고 이상 후기 를 마칩니다,"['대전점', '쇼핑', '리필', '용량', '리필', '대전점', '여사', '행사', '여행', '꺼끌', '각질', '제거', '피부', '영수증', '첨부', '이상']","['대전점_쇼핑', '쇼핑_리필', '리필_용량', '용량_리필', '리필_대전점', '대전점_여사', '여사_행사', '행사_여행', '여행_꺼끌', '꺼끌_각질', '각질_제거', '제거_피부', '피부_영수증', '영수증_첨부', '첨부_이상']","['대전점', '쇼핑', '리필', '용량', '리필', '대전점', '여사', '행사', '여행', '꺼끌', '각질', '제거', '피부', '영수증', '첨부', '이상', '대전점_쇼핑', '쇼핑_리필', '리필_용량', '용량_리필', '리필_대전점', '대전점_여사', '여사_행사', '행사_여행', '여행_꺼끌', '꺼끌_각질', '각질_제거', '제거_피부', '피부_영수증', '영수증_첨부', '첨부_이상']",[],,,0,[],0,[],0,중립,False
cafearticle,,헤드앤숄더 후기,헤드앤숄더 스트렝스 노답 ㅠㅠ 잠도 설치고 일상이 다 두피 중심으로 돌아가고 있어요 헤드앤숄더 스트렝스 후기 를 되게 많이 봤어요 두피 트러블이나 가려움에 효과 좋다는 분들이 많이 계시더라고요 헤드앤숄더 스트렝스 성분이 두피 트러블에 효과,"['스트렝스', '노답', '일상', '중심', '스트렝스', '트러블', '효과', '스트렝스', '성분', '트러블', '효과']","['스트렝스_노답', '노답_일상', '일상_중심', '중심_스트렝스', '스트렝스_트러블', '트러블_효과', '효과_스트렝스', '스트렝스_성분', '성분_트러블', '트러블_효과']","['스트렝스', '노답', '일상', '중심', '스트렝스', '트러블', '효과', '스트렝스', '성분', '트러블', '효과', '스트렝스_노답', '노답_일상', '일상_중심', '중심_스트렝스', '스트렝스_트러블', '트러블_효과', '효과_스트렝스', '스트렝스_성분', '성분_트러블', '트러블_효과']",[],,,2,"['트러블', '가려움']",0,[],-2,이탈위험,False
cafearticle,,헤드앤숄더 후기,헤드앤숄더 비듬샴푸 써보신 분 어떠셨나요 비듬샴푸 종류도 워낙 많아서 뭘 써야 할지 모르겠고 헤드앤숄더 가 괜찮다는 얘기도 들었는데 확신이 안 서네요 혹시 헤드앤숄더 비듬샴푸 써보신 분들 계신가요 어떤 변화가 있었는지 솔직한 후기 좀 알려주세요,"['비듬', '비듬', '종류', '얘기', '확신', '비듬', '변화']","['비듬_비듬', '비듬_종류', '종류_얘기', '얘기_확신', '확신_비듬', '비듬_변화']","['비듬', '비듬', '종류', '얘기', '확신', '비듬', '변화', '비듬_비듬', '비듬_종류', '종류_얘기', '얘기_확신', '확신_비듬', '비듬_변화']",[],,,0,[],0,[],0,중립,False
cafearticle,,헤드앤숄더 후기,헤드앤숄더 스트렝스 막막함 ㅠㅠ 이러다가 후기 들 찾아보다가 헤드앤숄더 스트렝스를 알게됐어요 직구 제품이 더 효과 좋다는 얘기가 많아서 구매대행으로 구매했어요 헤드앤숄더 스트렝스는 셀레늄설파이드라는 성분이 1 들어있는 비듬 샴푸인데 이,"['스트렝스', '스트렝스', '직구', '효과', '얘기', '대행', '스트렝스', '셀레늄설파이드', '성분', '비듬']","['스트렝스_스트렝스', '스트렝스_직구', '직구_효과', '효과_얘기', '얘기_대행', '대행_스트렝스', '스트렝스_셀레늄설파이드', '셀레늄설파이드_성분', '성분_비듬']","['스트렝스', '스트렝스', '직구', '효과', '얘기', '대행', '스트렝스', '셀레늄설파이드', '성분', '비듬', '스트렝스_스트렝스', '스트렝스_직구', '직구_효과', '효과_얘기', '얘기_대행', '대행_스트렝스', '스트렝스_셀레늄설파이드', '셀레늄설파이드_성분', '성분_비듬']",[],,,0,[],0,[],0,중립,False
cafearticle,,헤드앤숄더 후기,헤드앤숄더 두피케어 샴푸 써보신 분 어떠셨나요 제품이 괜찮다는 얘기를 들었는데 정말 도움이 될지 확신이 안 서네요 이런 두피 문제로 고생해보신 분들 중에 헤드앤숄더 두피케어 샴푸 써보신 분 계신가요 실제 사용해보시고 어떠셨는지 솔직한 후기 좀 듣고 싶습니다,"['케어', '얘기', '도움', '확신', '문제', '고생', '케어', '실제']","['케어_얘기', '얘기_도움', '도움_확신', '확신_문제', '문제_고생', '고생_케어', '케어_실제']","['케어', '얘기', '도움', '확신', '문제', '고생', '케어', '실제', '케어_얘기', '얘기_도움', '도움_확신', '확신_문제', '문제_고생', '고생_케어', '케어_실제']",[],,,0,[],0,[],0,중립,False
cafearticle,,헤드앤숄더 후기,헤드앤숄더 두피 토탈 솔루션 샴푸 딥클린 1 2L 1개 브랜드 제품명 헤드앤숄더 두피 토탈 솔루션 샴푸 딥클린 1 2L 1개 구매처 쿠팡 가격 12970원 장점 양이 넉넉해서 한동안 쓸듯여 체험단 후기 작성 시 위 내용 삭제 후 체험단 말머리 필수,"['토탈', '솔루션', '클린', '토탈', '솔루션', '클린', '구매처', '장점', '한동안', '체험', '작성', '내용', '삭제', '체험', '필수']","['토탈_솔루션', '솔루션_클린', '클린_토탈', '토탈_솔루션', '솔루션_클린', '클린_구매처', '구매처_장점', '장점_한동안', '한동안_체험', '체험_작성', '작성_내용', '내용_삭제', '삭제_체험', '체험_필수']","['토탈', '솔루션', '클린', '토탈', '솔루션', '클린', '구매처', '장점', '한동안', '체험', '작성', '내용', '삭제', '체험', '필수', '토탈_솔루션', '솔루션_클린', '클린_토탈', '토탈_솔루션', '솔루션_클린', '클린_구매처', '구매처_장점', '장점_한동안', '한동안_체험', '체험_작성', '작성_내용', '내용_삭제', '삭제_체험', '체험_필수']",[],,,0,[],0,[],0,중립,False
cafearticle,,헤드앤숄더 후기,코스트코 양평점 헤드앤숄더 클린앤밸런스 리필 상품명 헤드앤숄더 클린 앤 밸런스 샴푸 2L 대용량 리필 2 구입지점 예 코스트코 양재점 코스트코 두피 환경이 깨끗하고 건강해야 모발도 힘 있게 버티는 법인데 그런 면에서 세정력 확실한 헤드앤숄더 가,"['양평점', '클린앤밸런스', '리필', '클린', '밸런스', '용량', '리필', '구입', '지점', '양재점', '환경', '건강', '모발', '세정']","['양평점_클린앤밸런스', '클린앤밸런스_리필', '리필_클린', '클린_밸런스', '밸런스_용량', '용량_리필', '리필_구입', '구입_지점', '지점_양재점', '양재점_환경', '환경_건강', '건강_모발', '모발_세정']","['양평점', '클린앤밸런스', '리필', '클린', '밸런스', '용량', '리필', '구입', '지점', '양재점', '환경', '건강', '모발', '세정', '양평점_클린앤밸런스', '클린앤밸런스_리필', '리필_클린', '클린_밸런스', '밸런스_용량', '용량_리필', '리필_구입', '구입_지점', '지점_양재점', '양재점_환경', '환경_건강', '건강_모발', '모발_세정']",[],,,0,[],0,[],0,중립,False
cafearticle,,헤드앤숄더 후기,두피 기름기 싹 잡아주는 헤드앤숄더 두피 토탈 솔루션 샴푸 딥클린 찐 후기 헤드앤숄더 두피 토탈 솔루션 샴푸 딥클린 가격이 너무 착해서 혹시 성분이 너무 독하거나 머릿결이 뻣뻣해지면 어쩌나 걱정했던 것도 사실이에요 그런데 후기 를 보니까 저처럼 지성 두피로 고생하는 분들이 인생템이라고,"['기름', '토탈', '솔루션', '클린', '토탈', '솔루션', '클린', '성분', '머릿결', '걱정', '지성', '고생', '인생템']","['기름_토탈', '토탈_솔루션', '솔루션_클린', '클린_토탈', '토탈_솔루션', '솔루션_클린', '클린_성분', '성분_머릿결', '머릿결_걱정', '걱정_지성', '지성_고생', '고생_인생템']","['기름', '토탈', '솔루션', '클린', '토탈', '솔루션', '클린', '성분', '머릿결', '걱정', '지성', '고생', '인생템', '기름_토탈', '토탈_솔루션', '솔루션_클린', '클린_토탈', '토탈_솔루션', '솔루션_클린', '클린_성분', '성분_머릿결', '머릿결_걱정', '걱정_지성', '지성_고생', '고생_인생템']",[],,,0,[],1,['인생템'],1,긍정,False
cafearticle,,헤드앤숄더 후기,헤드앤숄더 비듬 샴푸 2in1 클래식클린 지긋지긋한 두피 고민 해결한 솔직 후기 진짜 스트레스가 극에 달했을 때 헤드앤숄더 비듬 샴푸 제품을 다시 보게 됐어요 사실 너무 유명한 브랜드라 amp amp 귀차니즘 만렙을 위한 헤드앤숄더 비듬 샴푸 2in1의 매력 처음 제품을 받았을 때 가장 마음에 들었던 건,"['비듬', '클래식클린', '고민', '해결', '스트레스', '비듬', '유명', '귀차니즘', '만렙', '비듬', '매력', '처음']","['비듬_클래식클린', '클래식클린_고민', '고민_해결', '해결_스트레스', '스트레스_비듬', '비듬_유명', '유명_귀차니즘', '귀차니즘_만렙', '만렙_비듬', '비듬_매력', '매력_처음']","['비듬', '클래식클린', '고민', '해결', '스트레스', '비듬', '유명', '귀차니즘', '만렙', '비듬', '매력', '처음', '비듬_클래식클린', '클래식클린_고민', '고민_해결', '해결_스트레스', '스트레스_비듬', '비듬_유명', '유명_귀차니즘', '귀차니즘_만렙', '만렙_비듬', '비듬_매력', '매력_처음']",[],,,0,[],0,[],0,중립,False
cafearticle,,헤드앤숄더 후기,헤드앤숄더 2인1 클리니컬 스트렝스 드라이 스칼프 레스큐 샴푸 이렇게 좋았더라고요 그래서 주변의 후기 들을 많이 찾아봤어요 대다수의 사람들에게 좋은 반응을 얻고 있더라고요 결국 선택한 헤드앤숄더 여러 제품을 비교하다 보니 헤드앤숄더 2인1 클리니컬 스트렝스 드라이 스칼프 레스큐 샴푸가 눈에,"['클리니컬', '스트렝스', '드라이', '스칼프', '레스큐', '주변', '대다수', '반응', '선택', '비교', '클리니컬', '스트렝스', '드라이', '스칼프', '레스큐']","['클리니컬_스트렝스', '스트렝스_드라이', '드라이_스칼프', '스칼프_레스큐', '레스큐_주변', '주변_대다수', '대다수_반응', '반응_선택', '선택_비교', '비교_클리니컬', '클리니컬_스트렝스', '스트렝스_드라이', '드라이_스칼프', '스칼프_레스큐']","['클리니컬', '스트렝스', '드라이', '스칼프', '레스큐', '주변', '대다수', '반응', '선택', '비교', '클리니컬', '스트렝스', '드라이', '스칼프', '레스큐', '클리니컬_스트렝스', '스트렝스_드라이', '드라이_스칼프', '스칼프_레스큐', '레스큐_주변', '주변_대다수', '대다수_반응', '반응_선택', '선택_비교', '비교_클리니컬', '클리니컬_스트렝스', '스트렝스_드라이', '드라이_스칼프', '스칼프_레스큐']",[],,,0,[],0,[],0,중립,False
cafearticle,,헤드앤숄더 후기,헤드앤숄더 가려운 두피케어 브랜드 제품명 헤드앤숄더 가려운 두피케어 구매처 쿠팡 가격 12 630원 장점 가려운 두피에 도움을 쓰고 두피가 괜찮아졌으면 좋겠어요 체험단 후기 작성 시 위 내용 삭제 후 체험단 말머리 필수,"['케어', '제품명', '케어', '구매처', '장점', '도움', '체험', '작성', '내용', '삭제', '체험', '필수']","['케어_제품명', '제품명_케어', '케어_구매처', '구매처_장점', '장점_도움', '도움_체험', '체험_작성', '작성_내용', '내용_삭제', '삭제_체험', '체험_필수']","['케어', '제품명', '케어', '구매처', '장점', '도움', '체험', '작성', '내용', '삭제', '체험', '필수', '케어_제품명', '제품명_케어', '케어_구매처', '구매처_장점', '장점_도움', '도움_체험', '체험_작성', '작성_내용', '내용_삭제', '삭제_체험', '체험_필수']",[],,,0,[],0,[],0,중립,False
cafearticle,,헤드앤숄더 후기,헤드앤숄더 울트라 쿨멘솔 샴푸 두피 손상이 군데군데 있다고해서 바꿔봤어요 헤드앤숄더 제품이 가려움이나 비듬완화에 괜찮다고하는데 요제품은 잘 맞길 바래봅니다 체험단 후기 작성 시 위 내용 삭제 후 체험단 말머리 필수,"['울트라', '손상', '비듬', '완화', '체험', '작성', '내용', '삭제', '체험', '필수']","['울트라_손상', '손상_비듬', '비듬_완화', '완화_체험', '체험_작성', '작성_내용', '내용_삭제', '삭제_체험', '체험_필수']","['울트라', '손상', '비듬', '완화', '체험', '작성', '내용', '삭제', '체험', '필수', '울트라_손상', '손상_비듬', '비듬_완화', '완화_체험', '체험_작성', '작성_내용', '내용_삭제', '삭제_체험', '체험_필수']",[],,,1,['가려움'],0,[],-1,이탈위험,False
cafearticle,,헤드앤숄더 후기,머리 가려움 끝판왕 헤드앤숄더 클리니컬 스트렝스 솔직한 사용 후기 추천으로 헤드앤숄더 클리니컬 스트렝스 제품을 알게 됐는데 처음에는 솔직히 반신반의하는 마음이 컸답니다 워낙 유명한 제품이긴 하지만 제 예민한 두피에도 잘 맞을지 걱정됐거든요 기름기 싹 잡아주는 헤드앤숄더,"['끝판왕', '클리니컬', '스트렝스', '클리니컬', '스트렝스', '처음', '반신반의', '유명', '걱정', '기름']","['끝판왕_클리니컬', '클리니컬_스트렝스', '스트렝스_클리니컬', '클리니컬_스트렝스', '스트렝스_처음', '처음_반신반의', '반신반의_유명', '유명_걱정', '걱정_기름']","['끝판왕', '클리니컬', '스트렝스', '클리니컬', '스트렝스', '처음', '반신반의', '유명', '걱정', '기름', '끝판왕_클리니컬', '클리니컬_스트렝스', '스트렝스_클리니컬', '클리니컬_스트렝스', '스트렝스_처음', '처음_반신반의', '반신반의_유명', '유명_걱정', '걱정_기름']",[],,,1,['가려움'],1,['추천'],0,중립,False
cafearticle,,헤드앤숄더 후기,사춘기 중딩이 샴푸 휴ㅠ 가끔 머리 말려주는 날에는 보면 각질이 많이 일어나서 헉하고 놀랄때가ㅠㅠ 샴푸 바꿔야 할거같은데 헤드앤숄더 써볼까하다가 너무 뽀득 씻겨서 건조해지고 오히려 가려운 증상이 더 심해졌단 후기 들도 더러,"['사춘기', '각질', '건조', '증상']","['사춘기_각질', '각질_건조', '건조_증상']","['사춘기', '각질', '건조', '증상', '사춘기_각질', '각질_건조', '건조_증상']",[],,,0,[],0,[],0,중립,False
cafearticle,,헤드앤숄더 후기,헤드앤숄더 베어 퓨어클린 비듬샴푸 지긋지긋한 두피 고민 끝내준 정착템 후기 헤드앤숄더 베어 퓨어클린 비듬샴푸 캐나다 내수용 제품이었어요 처음에는 샴푸 2개에 50 290원이라는 가격을 보고 살짝 주춤했던 게 사실이에요 일반 마트 샴푸보다는 확실히 몸값이 좀 나가는 편이니까요 하지만 후기 들,"['베어', '퓨어클린', '비듬', '고민', '정착템', '베어', '퓨어클린', '비듬', '캐나다', '내수', '처음', '일반', '마트', '몸값']","['베어_퓨어클린', '퓨어클린_비듬', '비듬_고민', '고민_정착템', '정착템_베어', '베어_퓨어클린', '퓨어클린_비듬', '비듬_캐나다', '캐나다_내수', '내수_처음', '처음_일반', '일반_마트', '마트_몸값']","['베어', '퓨어클린', '비듬', '고민', '정착템', '베어', '퓨어클린', '비듬', '캐나다', '내수', '처음', '일반', '마트', '몸값', '베어_퓨어클린', '퓨어클린_비듬', '비듬_고민', '고민_정착템', '정착템_베어', '베어_퓨어클린', '퓨어클린_비듬', '비듬_캐나다', '캐나다_내수', '내수_처음', '처음_일반', '일반_마트', '마트_몸값']",[],,,0,[],1,['정착'],1,긍정,False
cafearticle,,헤드앤숄더 후기,헤드앤숄더 스트렝스 질문이요 부분에서 헤드앤숄더 스트렝스가 괜찮은지 솔직한 후기 가 듣고 싶어요 저처럼 두피 건조하면서 가려움 심한 분들 어떤 샴푸 쓰고 계신지도 공유해주시면 감사하겠습니다 이대로 두면 머리숱이 더 줄어들까 봐 요즘은 괜히,"['스트렝스', '질문', '스트렝스', '건조', '공유', '감사', '머리숱']","['스트렝스_질문', '질문_스트렝스', '스트렝스_건조', '건조_공유', '공유_감사', '감사_머리숱']","['스트렝스', '질문', '스트렝스', '건조', '공유', '감사', '머리숱', '스트렝스_질문', '질문_스트렝스', '스트렝스_건조', '건조_공유', '공유_감사', '감사_머리숱']",[],,,1,['가려움'],0,[],-1,이탈위험,False
cafearticle,,헤드앤숄더 후기,헤드앤숄더 꿀딜 후기 지성두피라 이 제품만 사용합니다 최근에 할인이 없어서 슬펐는데 오늘 꿀딜로 2개 겟 했습니다 감사합니다 더 주문하다 놓칠까봐 이것만 주문한 것이 조금 아쉽습니다 ㅠㅠ,"['지성두피라', '감사', '주문', '주문']","['지성두피라_감사', '감사_주문', '주문_주문']","['지성두피라', '감사', '주문', '주문', '지성두피라_감사', '감사_주문', '주문_주문']",[],,,0,[],0,[],0,중립,False
cafearticle,,헤드앤숄더 후기,헤드앤숄더 스트렝스 직구할까요ㅠ 당기지 않는 느낌이면 그게 제일 좋겠거든요 괜히 머리 더 빠질까 봐 요즘 거울 보는 것도 좀 무서워요 비슷하게 두피 예민한 분들 헤드앤숄더 스트렝스 직구 후기 있으면 솔직하게 알려주시면 감사할 것 같아요 ㅠㅠ,"['스트렝스', '직구할까요', '느낌', '거울', '스트렝스', '직구', '감사']","['스트렝스_직구할까요', '직구할까요_느낌', '느낌_거울', '거울_스트렝스', '스트렝스_직구', '직구_감사']","['스트렝스', '직구할까요', '느낌', '거울', '스트렝스', '직구', '감사', '스트렝스_직구할까요', '직구할까요_느낌', '느낌_거울', '거울_스트렝스', '스트렝스_직구', '직구_감사']",[],,,0,[],0,[],0,중립,False
cafearticle,,헤드앤숄더 후기,헤드앤숄더 클리니컬 스트렝스 보라색 썼는데ㅠ 헤드앤숄더 클리니컬 스트렝스 보라색 쓰고 두피 더 망가진 느낌이에요 ㅠ 요즘 두피 때문에 진짜 멘탈 하다가 헤드앤숄더 클리니컬 스트렝스 보라색 얘기가 많이 나오길래 직구까지 해서 헤드앤숄더 클리니컬 스트렝스,"['클리니컬', '스트렝스', '클리니컬', '스트렝스', '느낌', '멘탈', '클리니컬', '스트렝스', '얘기', '직구', '클리니컬', '스트렝스']","['클리니컬_스트렝스', '스트렝스_클리니컬', '클리니컬_스트렝스', '스트렝스_느낌', '느낌_멘탈', '멘탈_클리니컬', '클리니컬_스트렝스', '스트렝스_얘기', '얘기_직구', '직구_클리니컬', '클리니컬_스트렝스']","['클리니컬', '스트렝스', '클리니컬', '스트렝스', '느낌', '멘탈', '클리니컬', '스트렝스', '얘기', '직구', '클리니컬', '스트렝스', '클리니컬_스트렝스', '스트렝스_클리니컬', '클리니컬_스트렝스', '스트렝스_느낌', '느낌_멘탈', '멘탈_클리니컬', '클리니컬_스트렝스', '스트렝스_얘기', '얘기_직구', '직구_클리니컬', '클리니컬_스트렝스']",[],,,0,[],0,[],0,중립,False
cafearticle,,헤드앤숄더 후기,헤드앤숄더 클리니컬 스트렝스 질문요 특히 비듬이나 가려움 같은 트러블이 같이 있어서 고생하셨던 분들의 후기 가 너무 궁금합니다 지금은 그냥 마트에서 파는 일반 샴푸 쓰고 있는데 헤드앤숄더 클리니컬 스트렝스로 갈아타면 확실히 차이가 있을까요,"['클리니컬', '스트렝스', '질문', '비듬', '트러블', '고생', '지금', '마트', '일반', '클리니컬', '스트렝스', '차이']","['클리니컬_스트렝스', '스트렝스_질문', '질문_비듬', '비듬_트러블', '트러블_고생', '고생_지금', '지금_마트', '마트_일반', '일반_클리니컬', '클리니컬_스트렝스', '스트렝스_차이']","['클리니컬', '스트렝스', '질문', '비듬', '트러블', '고생', '지금', '마트', '일반', '클리니컬', '스트렝스', '차이', '클리니컬_스트렝스', '스트렝스_질문', '질문_비듬', '비듬_트러블', '트러블_고생', '고생_지금', '지금_마트', '마트_일반', '일반_클리니컬', '클리니컬_스트렝스', '스트렝스_차이']",[],,,2,"['트러블', '가려움']",0,[],-2,이탈위험,False
cafearticle,,헤드앤숄더 후기,헤드앤숄더 두피 토탈 솔루션 쿨 멘솔 비듬케어 끝판왕 들어갔나 헤드앤숄더 는 워낙 비듬샴푸로 유명하잖아요 두피 토탈 솔루션 라인은 비듬 원인균 케어에 실사용 후기 솔직 정리 저는 두피가,"['토탈', '솔루션', '비듬', '케어', '끝판왕', '비듬', '유명', '토탈', '솔루션', '라인', '비듬', '원인', '케어', '정리']","['토탈_솔루션', '솔루션_비듬', '비듬_케어', '케어_끝판왕', '끝판왕_비듬', '비듬_유명', '유명_토탈', '토탈_솔루션', '솔루션_라인', '라인_비듬', '비듬_원인', '원인_케어', '케어_정리']","['토탈', '솔루션', '비듬', '케어', '끝판왕', '비듬', '유명', '토탈', '솔루션', '라인', '비듬', '원인', '케어', '정리', '토탈_솔루션', '솔루션_비듬', '비듬_케어', '케어_끝판왕', '끝판왕_비듬', '비듬_유명', '유명_토탈', '토탈_솔루션', '솔루션_라인', '라인_비듬', '비듬_원인', '원인_케어', '케어_정리']",['솔직_정리'],,,0,[],0,[],0,중립,False
cafearticle,,헤드앤숄더 후기,헤드앤숄더 딥클린 써 보신 분 알아보다가 헤드앤숄더 딥클린이 개운하다는 글을 봤어요 기름기 잡아준다는 후기 들도 많고 가격도 부담 없어서 써볼까 고민 중이에요 근데 민감한 두피에 괜찮을지 잘 모르겠네요 괜히 세정력 강한 거 썼다가 두피 더,"['클린', '클린', '기름', '부담', '고민', '세정']","['클린_클린', '클린_기름', '기름_부담', '부담_고민', '고민_세정']","['클린', '클린', '기름', '부담', '고민', '세정', '클린_클린', '클린_기름', '기름_부담', '부담_고민', '고민_세정']",[],,,0,[],0,[],0,중립,False
cafearticle,,헤드앤숄더 후기,헤드앤숄더 쿨멘솔 써볼까 하는데 바꾸는 것도 이렇게 고민이 되는 상황이에요ㅠㅠ 혹시 헤드앤숄더 쿨멘솔 써보신 분들 계시면 민감성 두피에도 괜찮았는지 궁금해요 가려움이나 기름기 쪽으로 좀 나아지는 느낌 있었는지도 솔직한 후기 좀 부탁드려요ㅠㅠ,"['쿨멘솔', '고민', '상황', '쿨멘솔', '기름', '느낌']","['쿨멘솔_고민', '고민_상황', '상황_쿨멘솔', '쿨멘솔_기름', '기름_느낌']","['쿨멘솔', '고민', '상황', '쿨멘솔', '기름', '느낌', '쿨멘솔_고민', '고민_상황', '상황_쿨멘솔', '쿨멘솔_기름', '기름_느낌']",[],,,1,['가려움'],0,[],-1,이탈위험,False
cafearticle,,헤드앤숄더 후기,초등 아이 비듬 문의글에 대한 후기 저의 사이버 친정같은 느낌 향기맘 지난 번에 문의글 쓰고 이제사 감사 겸 후기 겸 글을 씁니다 문의글에 댓글도 다 드려야 하는데 이 또한 워킹맘이라 바쁘다는 핑계로 못드리는 점 죄송하고 양해부탁드려요,"['초등', '아이', '비듬', '사이버', '친정', '느낌', '향기', '문의', '감사', '문의', '댓글', '워킹맘', '핑계', '양해', '부탁']","['초등_아이', '아이_비듬', '비듬_사이버', '사이버_친정', '친정_느낌', '느낌_향기', '향기_문의', '문의_감사', '감사_문의', '문의_댓글', '댓글_워킹맘', '워킹맘_핑계', '핑계_양해', '양해_부탁']","['초등', '아이', '비듬', '사이버', '친정', '느낌', '향기', '문의', '감사', '문의', '댓글', '워킹맘', '핑계', '양해', '부탁', '초등_아이', '아이_비듬', '비듬_사이버', '사이버_친정', '친정_느낌', '느낌_향기', '향기_문의', '문의_감사', '감사_문의', '문의_댓글', '댓글_워킹맘', '워킹맘_핑계', '핑계_양해', '양해_부탁']",[],,,0,[],0,[],0,중립,False
cafearticle,,헤드앤숄더 후기,헤드앤숄더 이거 효과 있나요 때문인지 헷갈려서 더 답답하네요ㅠㅠ 혹시 헤드앤숄더 써보신 분들 계시면 가려움이나 각질 쪽으로 좀 나아졌는지 솔직한 후기 좀 알려주세요 저처럼 민감성 두피에 탈모까지 걱정되는 분들 어떤 거 쓰셨는지도 궁금해요,"['효과', '각질', '탈모', '걱정']","['효과_각질', '각질_탈모', '탈모_걱정']","['효과', '각질', '탈모', '걱정', '효과_각질', '각질_탈모', '탈모_걱정']",[],,,1,['가려움'],1,['나아졌'],0,중립,False
cafearticle,,헤드앤숄더 후기,헤드앤숄더 클리니컬 스트렝스 화딱지 ㅠㅠ 분들 후기 에서는 헤드앤숄더 클리니컬 스트렝스로 지루성 두피염이 일주일 만에 싹 사라졌다는 사람도 있고 비듬이랑 가려움이 완전히 잡혔다는 사람도 정말 많은데 왜 나만 이렇게 되는건지 모르겠어요 ㅜㅜ 같은,"['클리니컬', '스트렝스', '화딱지', '클리니컬', '스트렝스', '지루', '비듬']","['클리니컬_스트렝스', '스트렝스_화딱지', '화딱지_클리니컬', '클리니컬_스트렝스', '스트렝스_지루', '지루_비듬']","['클리니컬', '스트렝스', '화딱지', '클리니컬', '스트렝스', '지루', '비듬', '클리니컬_스트렝스', '스트렝스_화딱지', '화딱지_클리니컬', '클리니컬_스트렝스', '스트렝스_지루', '지루_비듬']",[],,,1,['가려움'],1,['사라졌'],0,중립,False
cafearticle,,헤드앤숄더 후기,헤드앤숄더 클리니컬 스트렝스 엉망 ㅠㅠ 제품 후기 들을 엄청 찾아봤어요 그러다 헤드앤숄더 클리니컬 스트렝스를 발견했는데 국내에 정식 유통이 아니라 구매대행으로 구해야 하는 제품이더라구요 성분을 보니까 셀레늄설파이드 1 가 들어 있어서 항균 작용으로,"['클리니컬', '스트렝스', '엉망', '클리니컬', '스트렝스', '발견', '국내', '정식', '유통', '대행', '성분', '셀레늄설파이드', '항균', '작용']","['클리니컬_스트렝스', '스트렝스_엉망', '엉망_클리니컬', '클리니컬_스트렝스', '스트렝스_발견', '발견_국내', '국내_정식', '정식_유통', '유통_대행', '대행_성분', '성분_셀레늄설파이드', '셀레늄설파이드_항균', '항균_작용']","['클리니컬', '스트렝스', '엉망', '클리니컬', '스트렝스', '발견', '국내', '정식', '유통', '대행', '성분', '셀레늄설파이드', '항균', '작용', '클리니컬_스트렝스', '스트렝스_엉망', '엉망_클리니컬', '클리니컬_스트렝스', '스트렝스_발견', '발견_국내', '국내_정식', '정식_유통', '유통_대행', '대행_성분', '성분_셀레늄설파이드', '셀레늄설파이드_항균', '항균_작용']",[],,,0,[],0,[],0,중립,False
cafearticle,,헤드앤숄더 후기,헤드앤숄더 스트렝스 환장 ㅠㅠ 분들 후기 보면 헤드앤숄더 스트렝스로 효과 보셨다는 분들이 많은데 저만 이러고 있으니까 뭘 잘못하고 있는 건지 너무 답답하고 속상해요 사용 방법이 틀린건지 제 두피가 뭔가 맞지 않는건지 이유를 모르겠어요 처음에,"['스트렝스', '환장', '스트렝스', '효과', '방법', '처음']","['스트렝스_환장', '환장_스트렝스', '스트렝스_효과', '효과_방법', '방법_처음']","['스트렝스', '환장', '스트렝스', '효과', '방법', '처음', '스트렝스_환장', '환장_스트렝스', '스트렝스_효과', '효과_방법', '방법_처음']",[],,,0,[],0,[],0,중립,False
cafearticle,,헤드앤숄더 후기,헤드앤숄더 비듬샴푸 직구 해보신 분 계세요 근데 약한 걸 쓰면 또 효과 없을 것 같고 애매한 상황 헤드앤숄더 비듬샤푸 직구 해보신 분들 어떤 제품 쓰셨는지 후기 궁금해요 ㅠㅠ 그리고 얼마나 써야 효과 보셨는지도 알려주세요 저만 이런 고민하는 거 아니죠,"['비듬', '직구', '효과', '상황', '비듬샤푸', '직구', '효과', '고민']","['비듬_직구', '직구_효과', '효과_상황', '상황_비듬샤푸', '비듬샤푸_직구', '직구_효과', '효과_고민']","['비듬', '직구', '효과', '상황', '비듬샤푸', '직구', '효과', '고민', '비듬_직구', '직구_효과', '효과_상황', '상황_비듬샤푸', '비듬샤푸_직구', '직구_효과', '효과_고민']",[],,,0,[],0,[],0,중립,False
cafearticle,,헤드앤숄더 후기,헤드앤숄더 스트렝스 효과있나요 친구가 헤드앤숄더 스트렝스 써보라고 추천해줬는데 실제로 효과 보신 분 계신가요 비듬샴푸로만 알고 있었는데 탈모 케어 라인도 있더라구요 후기 찾아보니까 괜찮다는 말도 있고 별로라는 얘기도 있어서 고민중이에요,"['스트렝스', '효과', '친구', '스트렝스', '효과', '비듬', '탈모', '케어', '라인', '얘기', '고민']","['스트렝스_효과', '효과_친구', '친구_스트렝스', '스트렝스_효과', '효과_비듬', '비듬_탈모', '탈모_케어', '케어_라인', '라인_얘기', '얘기_고민']","['스트렝스', '효과', '친구', '스트렝스', '효과', '비듬', '탈모', '케어', '라인', '얘기', '고민', '스트렝스_효과', '효과_친구', '친구_스트렝스', '스트렝스_효과', '효과_비듬', '비듬_탈모', '탈모_케어', '케어_라인', '라인_얘기', '얘기_고민']",[],,,1,['별로'],2,"['효과있', '추천']",1,긍정,False
cafearticle,,헤드앤숄더 샴푸 사용후기,헤드앤숄더 가려운 두피케어 트리트먼트 1 1L 1개 리뷰 두피 가려움과 건조함을 동시에 편안하게 잡아준 오늘은 제가 실제로 구매해 꾸준히 사용 한 헤드앤숄더 가려운 두피케어 트리트먼트 후기 를 나누고 할인 링크는 이 소개 바로 아래와 글 맨 마지막에도 정리해둘게요 가려움 올라오던 날 샴푸 후 그 편안함이,"['케어', '트리트먼트', '리뷰', '건조', '동시', '편안', '케어', '트리트먼트', '소개', '아래', '마지막', '정리', '편안']","['케어_트리트먼트', '트리트먼트_리뷰', '리뷰_건조', '건조_동시', '동시_편안', '편안_케어', '케어_트리트먼트', '트리트먼트_소개', '소개_아래', '아래_마지막', '마지막_정리', '정리_편안']","['케어', '트리트먼트', '리뷰', '건조', '동시', '편안', '케어', '트리트먼트', '소개', '아래', '마지막', '정리', '편안', '케어_트리트먼트', '트리트먼트_리뷰', '리뷰_건조', '건조_동시', '동시_편안', '편안_케어', '케어_트리트먼트', '트리트먼트_소개', '소개_아래', '아래_마지막', '마지막_정리', '정리_편안']",[],,,2,"['올라오', '가려움']",0,[],-2,이탈위험,False
cafearticle,,헤드앤숄더 샴푸 사용후기,헤드앤숄더 비듬 샴푸 추천 약산성 비교 사용 후기 헤드앤숄더 비듬 샴푸 추천 약산성 비교 사용 후기 사실 큰 샴푸 를 굴절해 본 1인 이참에 산 상품 너무 뜻에 드는데요 우선 페로몬 향 또 계속력이 대박임 이전부터 넘치는 헤드앤숄더 비듬 샴푸 썼었어요 크게 향부분,"['비듬', '약산', '비교', '비듬', '약산', '비교', '굴절', '이참', '페로몬', '계속', '이전', '비듬']","['비듬_약산', '약산_비교', '비교_비듬', '비듬_약산', '약산_비교', '비교_굴절', '굴절_이참', '이참_페로몬', '페로몬_계속', '계속_이전', '이전_비듬']","['비듬', '약산', '비교', '비듬', '약산', '비교', '굴절', '이참', '페로몬', '계속', '이전', '비듬', '비듬_약산', '약산_비교', '비교_비듬', '비듬_약산', '약산_비교', '비교_굴절', '굴절_이참', '이참_페로몬', '페로몬_계속', '계속_이전', '이전_비듬']",[],,,0,[],1,['추천'],1,긍정,False
cafearticle,,헤드앤숄더 샴푸 사용후기,헤드앤숄더 두피 토탈 솔루션 딥클린 샴푸 후기 오늘은 제가 최근에 사용 해본 헤드앤숄더 두피 토탈 솔루션 딥클린 샴푸 에 대한 후기 를 남겨보려고 해요 제가 두피 관리에 신경을 많이 쓰는 편인데 이 제품이 제가 기대했던 만큼 좋았던 것 같아서 이렇게 글을 쓰게,"['토탈', '솔루션', '클린', '토탈', '솔루션', '클린', '관리', '신경', '기대']","['토탈_솔루션', '솔루션_클린', '클린_토탈', '토탈_솔루션', '솔루션_클린', '클린_관리', '관리_신경', '신경_기대']","['토탈', '솔루션', '클린', '토탈', '솔루션', '클린', '관리', '신경', '기대', '토탈_솔루션', '솔루션_클린', '클린_토탈', '토탈_솔루션', '솔루션_클린', '클린_관리', '관리_신경', '신경_기대']",[],,,0,[],0,[],0,중립,False
cafearticle,,헤드앤숄더 샴푸 사용후기,헤드앤숄더 클리니컬 스트렝스 어때요 여러 샴푸 들을 써봤는데 헤드앤숄더 클리니컬 스트렝스는 처음 알게 됐어요 성분이나 효과 면에서 일반 헤드앤숄더 클리니컬 스트렝스 직접 써보신 분들 후기 가 듣고 싶어요ㅜㅜ 헤드앤숄더 클리니컬 스트렝스 사실,"['클리니컬', '스트렝스', '클리니컬', '스트렝스', '처음', '성분', '효과', '일반', '클리니컬', '스트렝스', '클리니컬', '스트렝스']","['클리니컬_스트렝스', '스트렝스_클리니컬', '클리니컬_스트렝스', '스트렝스_처음', '처음_성분', '성분_효과', '효과_일반', '일반_클리니컬', '클리니컬_스트렝스', '스트렝스_클리니컬', '클리니컬_스트렝스']","['클리니컬', '스트렝스', '클리니컬', '스트렝스', '처음', '성분', '효과', '일반', '클리니컬', '스트렝스', '클리니컬', '스트렝스', '클리니컬_스트렝스', '스트렝스_클리니컬', '클리니컬_스트렝스', '스트렝스_처음', '처음_성분', '성분_효과', '효과_일반', '일반_클리니컬', '클리니컬_스트렝스', '스트렝스_클리니컬', '클리니컬_스트렝스']",[],,,0,[],0,[],0,중립,False
cafearticle,,헤드앤숄더 샴푸 사용후기,헤드앤숄더 스트렝스 써보신 분 헤드앤숄더 스트렝스 블로그 후기 들 보면 헤드앤숄더 스트렝스가 세정력이 좋다고 하는데 혹시 너무 강해서 오히려 두피가 건조해지거나 그런 건 없을까요 샴푸 바꿨다가 더 안 좋아진 경험이 있어서 신중하게 고르려고,"['스트렝스', '스트렝스', '블로그', '스트렝스', '세정', '건조', '경험', '신중']","['스트렝스_스트렝스', '스트렝스_블로그', '블로그_스트렝스', '스트렝스_세정', '세정_건조', '건조_경험', '경험_신중']","['스트렝스', '스트렝스', '블로그', '스트렝스', '세정', '건조', '경험', '신중', '스트렝스_스트렝스', '스트렝스_블로그', '블로그_스트렝스', '스트렝스_세정', '세정_건조', '건조_경험', '경험_신중']",[],,,0,[],0,[],0,중립,False
cafearticle,,헤드앤숄더 샴푸 사용후기,헤드앤숄더 울트라 쿨멘솔 샴푸 사용 후기 사용 해보고 나니 헤드앤숄더 울트라 쿨멘솔 샴푸 는 각질 제거와 두피 가려움 완화에 정말 효과적이었어요 씻고 나면 두피가 얼얼할 정도로 시원한 느낌이 나서 더운데도 기분이 상쾌했어요 샴푸 의 향도 좋아서 기분,"['울트라', '울트라', '각질', '제거', '완화', '효과', '느낌', '기분', '기분']","['울트라_울트라', '울트라_각질', '각질_제거', '제거_완화', '완화_효과', '효과_느낌', '느낌_기분', '기분_기분']","['울트라', '울트라', '각질', '제거', '완화', '효과', '느낌', '기분', '기분', '울트라_울트라', '울트라_각질', '각질_제거', '제거_완화', '완화_효과', '효과_느낌', '느낌_기분', '기분_기분']",[],,,1,['가려움'],0,[],-1,이탈위험,False
cafearticle,,헤드앤숄더 샴푸 사용후기,헤드앤숄더 두피 토탈 솔루션 애플프레쉬 두피 트리트먼트 후기 최근에 사용 해본 헤드앤숄더 두피 토탈 솔루션 애플프레쉬 두피 트리트먼트에 대해 솔직하게 후기 를 또한 이 트리트먼트의 사용 법도 간단해요 샴푸 후에 적당량을 손에 덜어 두피에 고루 바르고 몇 분 기다리면 됩니다,"['토탈', '솔루션', '애플프레쉬', '트리트먼트', '토탈', '솔루션', '애플프레쉬', '트리트먼트', '트리트먼트', '적당량']","['토탈_솔루션', '솔루션_애플프레쉬', '애플프레쉬_트리트먼트', '트리트먼트_토탈', '토탈_솔루션', '솔루션_애플프레쉬', '애플프레쉬_트리트먼트', '트리트먼트_트리트먼트', '트리트먼트_적당량']","['토탈', '솔루션', '애플프레쉬', '트리트먼트', '토탈', '솔루션', '애플프레쉬', '트리트먼트', '트리트먼트', '적당량', '토탈_솔루션', '솔루션_애플프레쉬', '애플프레쉬_트리트먼트', '트리트먼트_토탈', '토탈_솔루션', '솔루션_애플프레쉬', '애플프레쉬_트리트먼트', '트리트먼트_트리트먼트', '트리트먼트_적당량']",[],,,0,[],0,[],0,중립,False
cafearticle,,헤드앤숄더 샴푸 사용후기,헤드앤숄더 건성 두피 케어 샴푸 코코넛 플로럴향 가성비 실화 솔직 리뷰 공유합니다 헤드앤숄더 건성 두피 케어 샴푸 코코넛 플로럴향 후기 건성 두피를 위한 섬세한 케어 헤드앤숄더 건성 두피 케어 샴푸 코코넛 플로럴향 이번에 제가 직접 사용 해 본 제품은 바로 헤드앤숄더 건성 두피 케어 샴푸,"['건성', '케어', '코코넛', '플로럴', '가성비', '실화', '리뷰', '공유', '건성', '케어', '코코넛', '플로럴향', '건성', '케어', '건성', '케어', '코코넛', '플로럴', '이번', '건성', '케어']","['건성_케어', '케어_코코넛', '코코넛_플로럴', '플로럴_가성비', '가성비_실화', '실화_리뷰', '리뷰_공유', '공유_건성', '건성_케어', '케어_코코넛', '코코넛_플로럴향', '플로럴향_건성', '건성_케어', '케어_건성', '건성_케어', '케어_코코넛', '코코넛_플로럴', '플로럴_이번', '이번_건성', '건성_케어']","['건성', '케어', '코코넛', '플로럴', '가성비', '실화', '리뷰', '공유', '건성', '케어', '코코넛', '플로럴향', '건성', '케어', '건성', '케어', '코코넛', '플로럴', '이번', '건성', '케어', '건성_케어', '케어_코코넛', '코코넛_플로럴', '플로럴_가성비', '가성비_실화', '실화_리뷰', '리뷰_공유', '공유_건성', '건성_케어', '케어_코코넛', '코코넛_플로럴향', '플로럴향_건성', '건성_케어', '케어_건성', '건성_케어', '케어_코코넛', '코코넛_플로럴', '플로럴_이번', '이번_건성', '건성_케어']",['솔직_리뷰'],,,0,[],0,[],0,중립,False
cafearticle,,헤드앤숄더 샴푸 사용후기,헤드앤숄더 두피 토탈 솔루션 딥클린 샴푸 사용 후기 오늘은 제가 최근에 사용 해본 헤드앤숄더 두피 토탈 솔루션 딥클린 샴푸 에 대해 여러분께 솔직한 후기 를 남기려고 해요 요즘처럼 건조한 날씨에는 두피도 많이 고민이 되는데 이 샴푸 로 그 고민이 어떻게 해결되었는지,"['토탈', '솔루션', '클린', '토탈', '솔루션', '클린', '건조', '날씨', '고민', '고민', '해결']","['토탈_솔루션', '솔루션_클린', '클린_토탈', '토탈_솔루션', '솔루션_클린', '클린_건조', '건조_날씨', '날씨_고민', '고민_고민', '고민_해결']","['토탈', '솔루션', '클린', '토탈', '솔루션', '클린', '건조', '날씨', '고민', '고민', '해결', '토탈_솔루션', '솔루션_클린', '클린_토탈', '토탈_솔루션', '솔루션_클린', '클린_건조', '건조_날씨', '날씨_고민', '고민_고민', '고민_해결']",[],,,0,[],0,[],0,중립,False
cafearticle,,헤드앤숄더 샴푸 사용후기,헤드앤숄더 가려운두피 원래 이런건가요 그래서 샴푸 를 바꿔볼까 싶어서 찾아보다가 헤드앤숄더 가려운두피 제품을 알게 돼서 써봤거든요 근데 그래서인지 헤드앤숄더 가려운두피 사용 하고 나서 오히려 가려움이 더 심해지고 없던 뾰루지까지 올라와서,['뾰루지'],[],['뾰루지'],[],,,2,"['뾰루지', '가려움']",0,[],-2,이탈위험,False
cafearticle,,헤드앤숄더 샴푸 사용후기,헤드앤숄더 비듬 샴푸 탈모에도 도움이 될까요 아니면 다른 탈모 전용 샴푸 랑 함께 번갈아 쓰는 게 더 나은 방법일까요 혹시 헤드앤숄더 비듬 샴푸 쓰면서 머리 빠지는 양이 줄었다거나 두피 상태가 좋아졌다는 분 계신가요 실제 사용 후기 듣고 싶어요 아니면 비듬이랑,"['비듬', '탈모', '도움', '탈모', '전용', '방법', '비듬', '상태', '실제', '비듬']","['비듬_탈모', '탈모_도움', '도움_탈모', '탈모_전용', '전용_방법', '방법_비듬', '비듬_상태', '상태_실제', '실제_비듬']","['비듬', '탈모', '도움', '탈모', '전용', '방법', '비듬', '상태', '실제', '비듬', '비듬_탈모', '탈모_도움', '도움_탈모', '탈모_전용', '전용_방법', '방법_비듬', '비듬_상태', '상태_실제', '실제_비듬']",[],,,0,[],1,['좋아졌'],1,긍정,False
cafearticle,,헤드앤숄더 샴푸 사용후기,헤드앤숄더 두피 토탈 솔루션 샴푸 쿨 멘솔 사용 후기 오늘은 최근에 제가 사용 해본 헤드앤숄더 두피 토탈 솔루션 샴푸 쿨 멘솔에 대한 후기 를 남겨볼까 해요 요즘 어쩐지 두피가 간지럽기도 하고 예민해진 것 같아서 뭔가 좋은 제품이 없을까 찾아봤는데 이 제품이 눈에,"['토탈', '솔루션', '토탈', '솔루션']","['토탈_솔루션', '솔루션_토탈', '토탈_솔루션']","['토탈', '솔루션', '토탈', '솔루션', '토탈_솔루션', '솔루션_토탈', '토탈_솔루션']",[],,,0,[],0,[],0,중립,False
cafearticle,,헤드앤숄더 샴푸 사용후기,직접 비교해봤습니다 헤드앤숄더 두피 토탈 솔루션 샴푸 딥클린 최종 추천 사용 후기 를 꼼꼼히 비교해 보시고 자신에게 맞는 제품을 선택하는 것이 중요합니다 헤드앤숄더 두피 토탈 솔루션 샴푸 딥클린은 두피 고민을 가진 많은 분들에게 좋은 선택지가 될 수 있을 것 같아요 특히 딥클린,"['비교', '토탈', '솔루션', '클린', '최종', '비교', '자신', '선택', '중요', '토탈', '솔루션', '클린', '고민', '선택지', '클린']","['비교_토탈', '토탈_솔루션', '솔루션_클린', '클린_최종', '최종_비교', '비교_자신', '자신_선택', '선택_중요', '중요_토탈', '토탈_솔루션', '솔루션_클린', '클린_고민', '고민_선택지', '선택지_클린']","['비교', '토탈', '솔루션', '클린', '최종', '비교', '자신', '선택', '중요', '토탈', '솔루션', '클린', '고민', '선택지', '클린', '비교_토탈', '토탈_솔루션', '솔루션_클린', '클린_최종', '최종_비교', '비교_자신', '자신_선택', '선택_중요', '중요_토탈', '토탈_솔루션', '솔루션_클린', '클린_고민', '고민_선택지', '선택지_클린']",[],,,0,[],1,['추천'],1,긍정,False
cafearticle,,헤드앤숄더 샴푸 사용후기,헤드앤숄더 프로페셔널 안티 댄드러프 샴푸 진짜 만족스럽네요 그러던 중에 헤드앤숄더 프로페셔널 안티 댄드러프 어드밴스드 오일 컨트롤 샴푸 를 사용 해보기로 가격대가 조금 있는 편이라 망설였지만 정말 효과가 뛰어난지 직접 사용 해본 후기 를 남겨볼게요 일단 샴푸 를 처음,"['프로페셔널', '안티', '댄드러프', '만족', '프로페셔널', '안티', '댄드러프', '어드밴스드', '오일', '컨트롤', '가격대', '효과', '처음']","['프로페셔널_안티', '안티_댄드러프', '댄드러프_만족', '만족_프로페셔널', '프로페셔널_안티', '안티_댄드러프', '댄드러프_어드밴스드', '어드밴스드_오일', '오일_컨트롤', '컨트롤_가격대', '가격대_효과', '효과_처음']","['프로페셔널', '안티', '댄드러프', '만족', '프로페셔널', '안티', '댄드러프', '어드밴스드', '오일', '컨트롤', '가격대', '효과', '처음', '프로페셔널_안티', '안티_댄드러프', '댄드러프_만족', '만족_프로페셔널', '프로페셔널_안티', '안티_댄드러프', '댄드러프_어드밴스드', '어드밴스드_오일', '오일_컨트롤', '컨트롤_가격대', '가격대_효과', '효과_처음']",[],,,0,[],0,[],0,중립,False
cafearticle,,헤드앤숄더 샴푸 사용후기,헤드앤숄더 클리니컬 스트렝스 어때요 헤드앤숄더 클리니컬 스트렝스 써본 분들 후기 궁금해서 글 남겨요 요즘 정수리 쪽이 너무 훤히 들여다보여서 매일 사용 하는 거다 보니까 헤드앤숄더 클리니컬 스트렝스 선택에 신중해지네요 단순히 샴푸 하나 바꾼다고,"['클리니컬', '스트렝스', '클리니컬', '스트렝스', '정수리', '클리니컬', '스트렝스', '선택', '신중']","['클리니컬_스트렝스', '스트렝스_클리니컬', '클리니컬_스트렝스', '스트렝스_정수리', '정수리_클리니컬', '클리니컬_스트렝스', '스트렝스_선택', '선택_신중']","['클리니컬', '스트렝스', '클리니컬', '스트렝스', '정수리', '클리니컬', '스트렝스', '선택', '신중', '클리니컬_스트렝스', '스트렝스_클리니컬', '클리니컬_스트렝스', '스트렝스_정수리', '정수리_클리니컬', '클리니컬_스트렝스', '스트렝스_선택', '선택_신중']",[],,,0,[],0,[],0,중립,False
cafearticle,,헤드앤숄더 샴푸 사용후기,헤드앤숄더 딥클린 왜이래요 알아보다가 헤드앤숄더 딥클린이 후기 가 괜찮아 보이길래 써봤거든요 근데 막상 써보니까 생각보다 두피에 어떤 샴푸 를 써야 할지 감이 안 와요 그리고 더 문제는 헤드앤숄더 딥클린 사용 한 뒤로 두피가 예민해지니까,"['클린', '클린', '문제', '클린']","['클린_클린', '클린_문제', '문제_클린']","['클린', '클린', '문제', '클린', '클린_클린', '클린_문제', '문제_클린']",[],,,0,[],0,[],0,중립,False
cafearticle,,헤드앤숄더 샴푸 사용후기,두피 가려움 때문에 고민이라면 헤드앤숄더 토탈 솔루션으로 해결해봤어요 그래서 제가 직접 사용 해 헤드앤숄더 토탈 솔루션 샴푸 를 바탕으로 두피 가려움 관리 방법부터 제품 후기 까지 싹 정리해 드릴게요 오늘의 추천템 바로가기 두피 가려움 원인,"['고민', '토탈', '솔루션', '해결', '토탈', '솔루션', '바탕', '관리', '방법', '정리', '원인']","['고민_토탈', '토탈_솔루션', '솔루션_해결', '해결_토탈', '토탈_솔루션', '솔루션_바탕', '바탕_관리', '관리_방법', '방법_정리', '정리_원인']","['고민', '토탈', '솔루션', '해결', '토탈', '솔루션', '바탕', '관리', '방법', '정리', '원인', '고민_토탈', '토탈_솔루션', '솔루션_해결', '해결_토탈', '토탈_솔루션', '솔루션_바탕', '바탕_관리', '관리_방법', '방법_정리', '정리_원인']",[],,,1,['가려움'],1,['추천'],0,중립,False
cafearticle,,헤드앤숄더 샴푸 사용후기,정수리 샴푸 광고 사절 감이 안와요 서칭을 해보니 gd 샴푸 헤드앤숄더 쓴다는 글이 많이 보이네요 집에서 어른들은 헤드앤숄더 쓰고 있어요 gd 샴푸 헤드앤숄더 쓰시는분 찐 후기 듣고 싶어요 광고말고 진짜 사용 하시는 샴푸 도 추천 받고 싶네요,"['정수리', '사절', '서칭', '어른']","['정수리_사절', '사절_서칭', '서칭_어른']","['정수리', '사절', '서칭', '어른', '정수리_사절', '사절_서칭', '서칭_어른']",[],,,0,[],1,['추천'],1,긍정,False
cafearticle,,헤드앤숄더 샴푸 사용후기,헤드앤숄더 가려운두피케어 샴푸 사용 후기 안녕하세요 오늘은 제가 최근에 사용 해본 헤드앤숄더 가려운두피케어 샴푸 에 대해 얘기해보려고 해요 평소에 두피가 가렵고 각질도 많아서 고민이었던 저에게 이 샴푸 는 꽤 기대가 됐거든요 그래서 사용 해보고 느낀,"['케어', '케어', '얘기', '평소', '각질', '고민', '기대']","['케어_케어', '케어_얘기', '얘기_평소', '평소_각질', '각질_고민', '고민_기대']","['케어', '케어', '얘기', '평소', '각질', '고민', '기대', '케어_케어', '케어_얘기', '얘기_평소', '평소_각질', '각질_고민', '고민_기대']",[],,,0,[],0,[],0,중립,False
cafearticle,,헤드앤숄더 샴푸 사용후기,헤드앤숄더 가려운 두피 케어 샴푸 850ml 효과 어떠셨나요 이대로 가다간 탈모까지 진행될 것 같아서 너무 불안합니다 헤드앤숄더 가려운 두피 케어 샴푸 사용 해보신 분들 계신가요 정말 가려움증 완화에 도움이 되는지 솔직한 후기 좀 알려주세요,"['케어', '효과', '탈모', '진행', '불안', '케어', '가려움증', '완화', '도움']","['케어_효과', '효과_탈모', '탈모_진행', '진행_불안', '불안_케어', '케어_가려움증', '가려움증_완화', '완화_도움']","['케어', '효과', '탈모', '진행', '불안', '케어', '가려움증', '완화', '도움', '케어_효과', '효과_탈모', '탈모_진행', '진행_불안', '불안_케어', '케어_가려움증', '가려움증_완화', '완화_도움']",[],,,1,['가려움'],0,[],-1,이탈위험,False
cafearticle,,헤드앤숄더 샴푸 사용후기,헤드앤숄더 클리니컬 스트렝스 당황 혹시 저만 그런 건가 싶어서 헤드앤숄더 클리니컬 스트렝스 후기 들을 좀 찾아봤는데 저처럼 비슷하게 더 악화됐다는 글들도 꽤 보이더라고요 헤드앤숄더 클리니컬 스트렝스가 항진균 샴푸 라서 성분이 강한 편이라고,"['클리니컬', '스트렝스', '당황', '클리니컬', '스트렝스', '악화', '클리니컬', '스트렝스', '항진', '성분']","['클리니컬_스트렝스', '스트렝스_당황', '당황_클리니컬', '클리니컬_스트렝스', '스트렝스_악화', '악화_클리니컬', '클리니컬_스트렝스', '스트렝스_항진', '항진_성분']","['클리니컬', '스트렝스', '당황', '클리니컬', '스트렝스', '악화', '클리니컬', '스트렝스', '항진', '성분', '클리니컬_스트렝스', '스트렝스_당황', '당황_클리니컬', '클리니컬_스트렝스', '스트렝스_악화', '악화_클리니컬', '클리니컬_스트렝스', '스트렝스_항진', '항진_성분']",[],,,0,[],0,[],0,중립,False
cafearticle,,헤드앤숄더 샴푸 사용후기,헤드앤숄더 건성 두피 케어 샴푸 써보신 분 어떠셨나요 혹시 헤드앤숄더 건성 두피 케어 샴푸 써보신 분들 계신가요 건조하고 민감한 두피에도 자극 없이 쓸 수 있는지 궁금하고 실제로 사용 해보신 후기 들려주시면 정말 감사하겠습니다,"['건성', '케어', '건성', '케어', '건조', '자극', '감사']","['건성_케어', '케어_건성', '건성_케어', '케어_건조', '건조_자극', '자극_감사']","['건성', '케어', '건성', '케어', '건조', '자극', '감사', '건성_케어', '케어_건성', '건성_케어', '케어_건조', '건조_자극', '자극_감사']",[],,,1,['자극'],0,[],-1,이탈위험,False
cafearticle,,헤드앤숄더 샴푸 사용후기,헤드앤숄더 가려운 두피케어 트리트먼트 사용 건조하고 가려운 두피에 찾아온 놀라운 편안함 오늘은 제가 직접 구매하고 사용 하며 감탄한 헤드앤숄더 가려운 두피케어 트리트먼트 후기 를 들려드리려고 트리트먼트를 사용 했더니 즉각적인 진정감이 온몸으로 퍼지는 듯했어요 샴푸 후에도 두피가 가렵지 않고,"['케어', '트리트먼트', '건조', '편안', '감탄', '케어', '트리트먼트', '트리트먼트', '진정', '온몸']","['케어_트리트먼트', '트리트먼트_건조', '건조_편안', '편안_감탄', '감탄_케어', '케어_트리트먼트', '트리트먼트_트리트먼트', '트리트먼트_진정', '진정_온몸']","['케어', '트리트먼트', '건조', '편안', '감탄', '케어', '트리트먼트', '트리트먼트', '진정', '온몸', '케어_트리트먼트', '트리트먼트_건조', '건조_편안', '편안_감탄', '감탄_케어', '케어_트리트먼트', '트리트먼트_트리트먼트', '트리트먼트_진정', '진정_온몸']",[],,,0,[],0,[],0,중립,False
cafearticle,,헤드앤숄더 샴푸 사용후기,헤드앤숄더 가려운두피 정말 효과 있어요 찾아보다가 헤드앤숄더 가려운두피 케어 샴푸 를 알게 됐는데 비듬이나 가려움 완화에 도움 되는 성분이 들어있다고 해서 많이들 사용 한다고 하더라고요 근데 막상 써도 괜찮은 건지 실제로 효과가 있는 건지,"['효과', '케어', '비듬', '완화', '도움', '성분', '효과']","['효과_케어', '케어_비듬', '비듬_완화', '완화_도움', '도움_성분', '성분_효과']","['효과', '케어', '비듬', '완화', '도움', '성분', '효과', '효과_케어', '케어_비듬', '비듬_완화', '완화_도움', '도움_성분', '성분_효과']",[],,,1,['가려움'],0,[],-1,이탈위험,False
cafearticle,,헤드앤숄더 샴푸 사용후기,청소년 샴푸 추천 BEST 비듬 두피 고민 한 번에 해결 ㅎㅎ 그래서 오늘은 청소년 샴푸 선택부터 실제 사용 후기 까지 한 번에 정리해드릴게요 청소년 샴푸 지금 가장 반응 좋은 청소년 샴푸 재고 있을 때 확인해보세요 quot 헤드앤숄더 퍼퓸 프레쉬 샴푸,"['청소년', '비듬', '고민', '해결', '청소년', '선택', '실제', '정리', '청소년', '반응', '청소년', '확인', '퍼퓸', '프레쉬']","['청소년_비듬', '비듬_고민', '고민_해결', '해결_청소년', '청소년_선택', '선택_실제', '실제_정리', '정리_청소년', '청소년_반응', '반응_청소년', '청소년_확인', '확인_퍼퓸', '퍼퓸_프레쉬']","['청소년', '비듬', '고민', '해결', '청소년', '선택', '실제', '정리', '청소년', '반응', '청소년', '확인', '퍼퓸', '프레쉬', '청소년_비듬', '비듬_고민', '고민_해결', '해결_청소년', '청소년_선택', '선택_실제', '실제_정리', '정리_청소년', '청소년_반응', '반응_청소년', '청소년_확인', '확인_퍼퓸', '퍼퓸_프레쉬']",[],,,0,[],1,['추천'],1,긍정,False
cafearticle,,헤드앤숄더 샴푸 사용후기,두피 염증과 진물 때문에 고생하시나요 지루성 두피염 해결에 도움을 준 인생 샴푸 후기 입니다 여러 종류의 제품을 사용 해 봤지 만큰 효과를 보지 못하다가 해외 직구로 구한 헤드앤숄더 클리니컬 스트렝스 매일 사용 하는 것보다 일주일에 두 번에서 세 번 정도만 이 샴푸 를 쓰고 다른 날에는 자극이 적은 순한,"['염증', '진물', '고생', '지루', '해결', '도움', '인생', '종류', '효과', '해외', '직구', '클리니컬', '스트렝스', '일주일', '자극']","['염증_진물', '진물_고생', '고생_지루', '지루_해결', '해결_도움', '도움_인생', '인생_종류', '종류_효과', '효과_해외', '해외_직구', '직구_클리니컬', '클리니컬_스트렝스', '스트렝스_일주일', '일주일_자극']","['염증', '진물', '고생', '지루', '해결', '도움', '인생', '종류', '효과', '해외', '직구', '클리니컬', '스트렝스', '일주일', '자극', '염증_진물', '진물_고생', '고생_지루', '지루_해결', '해결_도움', '도움_인생', '인생_종류', '종류_효과', '효과_해외', '해외_직구', '직구_클리니컬', '클리니컬_스트렝스', '스트렝스_일주일', '일주일_자극']",[],,,1,['자극'],0,[],-1,이탈위험,False
cafearticle,,헤드앤숄더 샴푸 사용후기,코스트코에서 드디어 나온 헤드앤숄더 클린앤밸런스 대용량 리필형 아래에 성분 효과 가격 메리트 실 사용 후기 추천 대상 사용 팁 까지 완전히 실전 기준으로 정리했습니다 1 제품 특징 amp 구성 핵심 특징 비듬 케어 전용 샴푸 두피 밸런스 유지 코스트코 단독 대용량,"['클린앤밸런스', '용량', '리필', '아래', '성분', '효과', '메리트', '대상', '실전', '기준', '정리', '특징', '구성', '핵심', '특징', '비듬', '케어', '전용', '밸런스', '유지', '단독', '용량']","['클린앤밸런스_용량', '용량_리필', '리필_아래', '아래_성분', '성분_효과', '효과_메리트', '메리트_대상', '대상_실전', '실전_기준', '기준_정리', '정리_특징', '특징_구성', '구성_핵심', '핵심_특징', '특징_비듬', '비듬_케어', '케어_전용', '전용_밸런스', '밸런스_유지', '유지_단독', '단독_용량']","['클린앤밸런스', '용량', '리필', '아래', '성분', '효과', '메리트', '대상', '실전', '기준', '정리', '특징', '구성', '핵심', '특징', '비듬', '케어', '전용', '밸런스', '유지', '단독', '용량', '클린앤밸런스_용량', '용량_리필', '리필_아래', '아래_성분', '성분_효과', '효과_메리트', '메리트_대상', '대상_실전', '실전_기준', '기준_정리', '정리_특징', '특징_구성', '구성_핵심', '핵심_특징', '특징_비듬', '비듬_케어', '케어_전용', '전용_밸런스', '밸런스_유지', '유지_단독', '단독_용량']",[],,,0,[],1,['추천'],1,긍정,False
cafearticle,,헤드앤숄더 샴푸 사용후기,헤드앤숄더 스트렝스 어질어질 ㅠㅠ 됐어요 헤드앤숄더 스트렝스 에 대해 찾아봤더니 징크피리치온 성분이 들어간 비듬케어 샴푸 인데 두피 트러블에도 효과가 있다는 사용 후기 가 엄청 많이 올라와 있더라고요 특히 지루성두피염이나 두피 뾰루지에 써봤더니,"['스트렝스', '스트렝스', '징크피리치온', '성분', '비듬', '케어', '트러블', '효과', '지루성두피염', '뾰루지']","['스트렝스_스트렝스', '스트렝스_징크피리치온', '징크피리치온_성분', '성분_비듬', '비듬_케어', '케어_트러블', '트러블_효과', '효과_지루성두피염', '지루성두피염_뾰루지']","['스트렝스', '스트렝스', '징크피리치온', '성분', '비듬', '케어', '트러블', '효과', '지루성두피염', '뾰루지', '스트렝스_스트렝스', '스트렝스_징크피리치온', '징크피리치온_성분', '성분_비듬', '비듬_케어', '케어_트러블', '트러블_효과', '효과_지루성두피염', '지루성두피염_뾰루지']",[],,,2,"['트러블', '뾰루지']",0,[],-2,이탈위험,False
cafearticle,,헤드앤숄더 샴푸 사용후기,헤드앤숄더 스트렝스 탈모에도 도움 될까요 병원에서는 약용 샴푸 를 같이 사용 하라고 권유하셨는데 약국 전용 샴푸 는 너무 비싸더라고요 그래서 탈모커뮤니티 후기 를 찾아보다가 헤드앤숄더 스트렝스 샴푸 가 지루성두피염 치료에 효과 좋다고 해서 알아보고,"['스트렝스', '탈모', '도움', '병원', '권유', '전용', '탈모', '커뮤니티', '스트렝스', '지루성두피염', '치료', '효과']","['스트렝스_탈모', '탈모_도움', '도움_병원', '병원_권유', '권유_전용', '전용_탈모', '탈모_커뮤니티', '커뮤니티_스트렝스', '스트렝스_지루성두피염', '지루성두피염_치료', '치료_효과']","['스트렝스', '탈모', '도움', '병원', '권유', '전용', '탈모', '커뮤니티', '스트렝스', '지루성두피염', '치료', '효과', '스트렝스_탈모', '탈모_도움', '도움_병원', '병원_권유', '권유_전용', '전용_탈모', '탈모_커뮤니티', '커뮤니티_스트렝스', '스트렝스_지루성두피염', '지루성두피염_치료', '치료_효과']",[],,,0,[],0,[],0,중립,False
cafearticle,,헤드앤숄더 샴푸 사용후기,헤드앤숄더 프로페셔널 안티 댄드러프 어드밴스드 오일 컨트롤 샴푸 사용 후기 오늘은 제가 최근에 사용 해본 헤드앤숄더 프로페셔널 안티 댄드러프 어드밴스드 오일 컨트롤 샴푸 에 대해 저는 특히 여름철에 땀도 많이 흘리고 외출 후 기 름진 두피가 걱정인데 헤드앤숄더 프로페셔널 안티 댄드러프,"['프로페셔널', '안티', '댄드러프', '어드밴스드', '오일', '컨트롤', '프로페셔널', '안티', '댄드러프', '어드밴스드', '오일', '컨트롤', '여름철', '외출', '름진', '걱정', '프로페셔널', '안티', '댄드러프']","['프로페셔널_안티', '안티_댄드러프', '댄드러프_어드밴스드', '어드밴스드_오일', '오일_컨트롤', '컨트롤_프로페셔널', '프로페셔널_안티', '안티_댄드러프', '댄드러프_어드밴스드', '어드밴스드_오일', '오일_컨트롤', '컨트롤_여름철', '여름철_외출', '외출_름진', '름진_걱정', '걱정_프로페셔널', '프로페셔널_안티', '안티_댄드러프']","['프로페셔널', '안티', '댄드러프', '어드밴스드', '오일', '컨트롤', '프로페셔널', '안티', '댄드러프', '어드밴스드', '오일', '컨트롤', '여름철', '외출', '름진', '걱정', '프로페셔널', '안티', '댄드러프', '프로페셔널_안티', '안티_댄드러프', '댄드러프_어드밴스드', '어드밴스드_오일', '오일_컨트롤', '컨트롤_프로페셔널', '프로페셔널_안티', '안티_댄드러프', '댄드러프_어드밴스드', '어드밴스드_오일', '오일_컨트롤', '컨트롤_여름철', '여름철_외출', '외출_름진', '름진_걱정', '걱정_프로페셔널', '프로페셔널_안티', '안티_댄드러프']",[],,,0,[],0,[],0,중립,False
cafearticle,,헤드앤숄더 샴푸 사용후기,헤드앤숄더 두피케어 샴푸 써보신 분 어떠셨나요 제품이 괜찮다는 얘기를 들었는데 정말 도움이 될지 확신이 안 서네요 이런 두피 문제로 고생해보신 분들 중에 헤드앤숄더 두피케어 샴푸 써보신 분 계신가요 실제 사용 해보시고 어떠셨는지 솔직한 후기 좀 듣고 싶습니다,"['케어', '얘기', '도움', '확신', '문제', '고생', '케어', '실제']","['케어_얘기', '얘기_도움', '도움_확신', '확신_문제', '문제_고생', '고생_케어', '케어_실제']","['케어', '얘기', '도움', '확신', '문제', '고생', '케어', '실제', '케어_얘기', '얘기_도움', '도움_확신', '확신_문제', '문제_고생', '고생_케어', '케어_실제']",[],,,0,[],0,[],0,중립,False
cafearticle,,헤드앤숄더 샴푸 사용후기,두피 기름기 싹 잡아주는 헤드앤숄더 두피 토탈 솔루션 샴푸 딥클린 찐 후기 헤드앤숄더 두피 토탈 솔루션 샴푸 딥클린 가격이 너무 착해서 혹시 성분이 너무 독하거나 머릿결이 뻣뻣해지면 어쩌나 걱정했던 것도 사실이에요 그런데 후기 를 보니까 저처럼 지성 두피로 고생하는 분들이 인생템이라고,"['기름', '토탈', '솔루션', '클린', '토탈', '솔루션', '클린', '성분', '머릿결', '걱정', '지성', '고생', '인생템']","['기름_토탈', '토탈_솔루션', '솔루션_클린', '클린_토탈', '토탈_솔루션', '솔루션_클린', '클린_성분', '성분_머릿결', '머릿결_걱정', '걱정_지성', '지성_고생', '고생_인생템']","['기름', '토탈', '솔루션', '클린', '토탈', '솔루션', '클린', '성분', '머릿결', '걱정', '지성', '고생', '인생템', '기름_토탈', '토탈_솔루션', '솔루션_클린', '클린_토탈', '토탈_솔루션', '솔루션_클린', '클린_성분', '성분_머릿결', '머릿결_걱정', '걱정_지성', '지성_고생', '고생_인생템']",[],,,0,[],1,['인생템'],1,긍정,False
cafearticle,,헤드앤숄더 샴푸 사용후기,헤드앤숄더 비듬 샴푸 2in1 클래식클린 지긋지긋한 두피 고민 해결한 솔직 후기 가성비와 성능 모두 잡은 헤드앤숄더 비듬 샴푸 사용 경험 일주일 정도 꾸준히 사용 해보니 확실히 두피 상태가 달라지는 게 느껴졌어요 예전에는 오후 3시만 되면 머리가 근질근질해서 미칠 것 같았는데 이제는 퇴근할,"['비듬', '클래식클린', '고민', '해결', '가성비', '성능', '비듬', '경험', '일주일', '상태', '예전', '오후', '이제', '퇴근']","['비듬_클래식클린', '클래식클린_고민', '고민_해결', '해결_가성비', '가성비_성능', '성능_비듬', '비듬_경험', '경험_일주일', '일주일_상태', '상태_예전', '예전_오후', '오후_이제', '이제_퇴근']","['비듬', '클래식클린', '고민', '해결', '가성비', '성능', '비듬', '경험', '일주일', '상태', '예전', '오후', '이제', '퇴근', '비듬_클래식클린', '클래식클린_고민', '고민_해결', '해결_가성비', '가성비_성능', '성능_비듬', '비듬_경험', '경험_일주일', '일주일_상태', '상태_예전', '예전_오후', '오후_이제', '이제_퇴근']",[],,,0,[],0,[],0,중립,False
cafearticle,,헤드앤숄더 샴푸 사용후기,헤드앤숄더 2인1 클리니컬 스트렝스 드라이 스칼프 레스큐 샴푸 이렇게 좋았더라고요 그래서 주변의 후기 들을 많이 찾아봤어요 대다수의 사람들에게 좋은 반응을 얻고 있더라고요 결국 선택한 보니 헤드앤숄더 2인1 클리니컬 스트렝스 드라이 스칼프 레스큐 샴푸 가 눈에 띄었어요 사용 해본 친구가,"['클리니컬', '스트렝스', '드라이', '스칼프', '레스큐', '주변', '대다수', '반응', '선택', '보니', '클리니컬', '스트렝스', '드라이', '스칼프', '레스큐', '친구']","['클리니컬_스트렝스', '스트렝스_드라이', '드라이_스칼프', '스칼프_레스큐', '레스큐_주변', '주변_대다수', '대다수_반응', '반응_선택', '선택_보니', '보니_클리니컬', '클리니컬_스트렝스', '스트렝스_드라이', '드라이_스칼프', '스칼프_레스큐', '레스큐_친구']","['클리니컬', '스트렝스', '드라이', '스칼프', '레스큐', '주변', '대다수', '반응', '선택', '보니', '클리니컬', '스트렝스', '드라이', '스칼프', '레스큐', '친구', '클리니컬_스트렝스', '스트렝스_드라이', '드라이_스칼프', '스칼프_레스큐', '레스큐_주변', '주변_대다수', '대다수_반응', '반응_선택', '선택_보니', '보니_클리니컬', '클리니컬_스트렝스', '스트렝스_드라이', '드라이_스칼프', '스칼프_레스큐', '레스큐_친구']",[],,,0,[],0,[],0,중립,False
cafearticle,,헤드앤숄더 샴푸 사용후기,머리 가려움 끝판왕 헤드앤숄더 클리니컬 스트렝스 솔직한 사용 후기 기름기 싹 잡아주는 헤드앤숄더 클리니컬 스트렝스 실 사용 경험담 이 제품의 정식 명칭은 헤드앤숄더 클리니컬 스트렝스 댄드러프 디펜스 어드밴스드 오일 컨트롤 샴푸 예요 이름이 조금 길긴 하지만 핵심은 강력한 오일,"['끝판왕', '클리니컬', '스트렝스', '기름', '클리니컬', '스트렝스', '경험담', '정식', '명칭', '클리니컬', '스트렝스', '댄드러프', '디펜스', '어드밴스드', '오일', '컨트롤', '핵심', '오일']","['끝판왕_클리니컬', '클리니컬_스트렝스', '스트렝스_기름', '기름_클리니컬', '클리니컬_스트렝스', '스트렝스_경험담', '경험담_정식', '정식_명칭', '명칭_클리니컬', '클리니컬_스트렝스', '스트렝스_댄드러프', '댄드러프_디펜스', '디펜스_어드밴스드', '어드밴스드_오일', '오일_컨트롤', '컨트롤_핵심', '핵심_오일']","['끝판왕', '클리니컬', '스트렝스', '기름', '클리니컬', '스트렝스', '경험담', '정식', '명칭', '클리니컬', '스트렝스', '댄드러프', '디펜스', '어드밴스드', '오일', '컨트롤', '핵심', '오일', '끝판왕_클리니컬', '클리니컬_스트렝스', '스트렝스_기름', '기름_클리니컬', '클리니컬_스트렝스', '스트렝스_경험담', '경험담_정식', '정식_명칭', '명칭_클리니컬', '클리니컬_스트렝스', '스트렝스_댄드러프', '댄드러프_디펜스', '디펜스_어드밴스드', '어드밴스드_오일', '오일_컨트롤', '컨트롤_핵심', '핵심_오일']",[],,,1,['가려움'],0,[],-1,이탈위험,False
cafearticle,,헤드앤숄더 샴푸 사용후기,헤드앤숄더 베어 퓨어클린 비듬 샴푸 지긋지긋한 두피 고민 끝내준 정착템 후기 일반 마트 샴푸 보다는 확실히 몸값이 좀 나가는 편이니까요 하지만 후기 들을 읽어보니 이건 단순히 비듬만 부분은 사용 후의 두피 컨디션이에요 헤드앤숄더 베어 퓨어클린 비듬 샴푸 를 일주일 정도 꾸준히 썼더니 어깨,"['베어', '퓨어클린', '비듬', '고민', '정착템', '일반', '마트', '몸값', '비듬', '컨디션', '베어', '퓨어클린', '비듬', '일주일', '어깨']","['베어_퓨어클린', '퓨어클린_비듬', '비듬_고민', '고민_정착템', '정착템_일반', '일반_마트', '마트_몸값', '몸값_비듬', '비듬_컨디션', '컨디션_베어', '베어_퓨어클린', '퓨어클린_비듬', '비듬_일주일', '일주일_어깨']","['베어', '퓨어클린', '비듬', '고민', '정착템', '일반', '마트', '몸값', '비듬', '컨디션', '베어', '퓨어클린', '비듬', '일주일', '어깨', '베어_퓨어클린', '퓨어클린_비듬', '비듬_고민', '고민_정착템', '정착템_일반', '일반_마트', '마트_몸값', '몸값_비듬', '비듬_컨디션', '컨디션_베어', '베어_퓨어클린', '퓨어클린_비듬', '비듬_일주일', '일주일_어깨']",[],,,0,[],1,['정착'],1,긍정,False
cafearticle,,헤드앤숄더 샴푸 사용후기,헤드앤숄더 클리니컬 스트렝스 질문요 분들의 후기 가 너무 궁금합니다 지금은 그냥 마트에서 파는 일반 샴푸 쓰고 있는데 헤드앤숄더 클리니컬 스트렝스로 갈아타면 확실히 차이가 있을까요 특유의 사용 감이나 향은 어떤지도 알고 싶고 헤드앤숄더 클리니컬,"['클리니컬', '스트렝스', '질문', '지금', '마트', '일반', '클리니컬', '스트렝스', '차이', '특유', '클리니컬']","['클리니컬_스트렝스', '스트렝스_질문', '질문_지금', '지금_마트', '마트_일반', '일반_클리니컬', '클리니컬_스트렝스', '스트렝스_차이', '차이_특유', '특유_클리니컬']","['클리니컬', '스트렝스', '질문', '지금', '마트', '일반', '클리니컬', '스트렝스', '차이', '특유', '클리니컬', '클리니컬_스트렝스', '스트렝스_질문', '질문_지금', '지금_마트', '마트_일반', '일반_클리니컬', '클리니컬_스트렝스', '스트렝스_차이', '차이_특유', '특유_클리니컬']",[],,,0,[],0,[],0,중립,False
cafearticle,,헤드앤숄더 샴푸 사용후기,헤드앤숄더 두피 토탈 솔루션 쿨 멘솔 비듬케어 끝판왕 들어갔나 헤드앤숄더 는 워낙 비듬 샴푸 로 유명하잖아요 두피 토탈 솔루션 라인은 비듬 원인균 케어에 실 사용 후기 솔직 정리 저는 두피가 예민한 편인데 트러블 없이 잘 맞았어요 샴푸 후 머리카락이 뻣뻣해지는,"['토탈', '솔루션', '비듬', '케어', '끝판왕', '비듬', '유명', '토탈', '솔루션', '라인', '비듬', '원인', '케어', '정리', '트러블', '머리카락']","['토탈_솔루션', '솔루션_비듬', '비듬_케어', '케어_끝판왕', '끝판왕_비듬', '비듬_유명', '유명_토탈', '토탈_솔루션', '솔루션_라인', '라인_비듬', '비듬_원인', '원인_케어', '케어_정리', '정리_트러블', '트러블_머리카락']","['토탈', '솔루션', '비듬', '케어', '끝판왕', '비듬', '유명', '토탈', '솔루션', '라인', '비듬', '원인', '케어', '정리', '트러블', '머리카락', '토탈_솔루션', '솔루션_비듬', '비듬_케어', '케어_끝판왕', '끝판왕_비듬', '비듬_유명', '유명_토탈', '토탈_솔루션', '솔루션_라인', '라인_비듬', '비듬_원인', '원인_케어', '케어_정리', '정리_트러블', '트러블_머리카락']",['솔직_정리'],,,1,['트러블'],0,[],-1,이탈위험,False
cafearticle,,헤드앤숄더 샴푸 사용후기,헤드앤숄더 클리니컬 스트렝스 엉망 ㅠㅠ 분들 후기 가 꽤 많았고 의사가 직접 써보고 리뷰한 내용도 찾아봤는데 나쁘지 않게 평가하더라구요 최소 주 2회 이상 써야 효과가 제대로 난다고 해서 그 방식대로 사용 했어요 헤드앤숄더 클리니컬 스트렝스를 한 열흘 넘게,"['클리니컬', '스트렝스', '엉망', '의사', '리뷰', '내용', '평가', '최소', '이상', '효과', '방식', '클리니컬', '스트렝스', '열흘']","['클리니컬_스트렝스', '스트렝스_엉망', '엉망_의사', '의사_리뷰', '리뷰_내용', '내용_평가', '평가_최소', '최소_이상', '이상_효과', '효과_방식', '방식_클리니컬', '클리니컬_스트렝스', '스트렝스_열흘']","['클리니컬', '스트렝스', '엉망', '의사', '리뷰', '내용', '평가', '최소', '이상', '효과', '방식', '클리니컬', '스트렝스', '열흘', '클리니컬_스트렝스', '스트렝스_엉망', '엉망_의사', '의사_리뷰', '리뷰_내용', '내용_평가', '평가_최소', '최소_이상', '이상_효과', '효과_방식', '방식_클리니컬', '클리니컬_스트렝스', '스트렝스_열흘']",[],,,0,[],0,[],0,중립,False
cafearticle,,헤드앤숄더 샴푸 사용후기,헤드앤숄더 스트렝스 환장 ㅠㅠ 기능성 샴푸 들 후기 를 여러 개 찾아봤는데 헤드앤숄더 스트렝스가 비듬이랑 지루성 두피에 효과 있다는 속상해요 사용 방법이 틀린건지 제 두피가 뭔가 맞지 않는건지 이유를 모르겠어요 처음에 아무 변화도 없었으면,"['스트렝스', '환장', '기능', '스트렝스', '비듬', '지루', '효과', '방법', '처음', '변화']","['스트렝스_환장', '환장_기능', '기능_스트렝스', '스트렝스_비듬', '비듬_지루', '지루_효과', '효과_방법', '방법_처음', '처음_변화']","['스트렝스', '환장', '기능', '스트렝스', '비듬', '지루', '효과', '방법', '처음', '변화', '스트렝스_환장', '환장_기능', '기능_스트렝스', '스트렝스_비듬', '비듬_지루', '지루_효과', '효과_방법', '방법_처음', '처음_변화']",[],,,0,[],0,[],0,중립,False
cafearticle,,헤드앤숄더 샴푸 사용후기,헤드앤숄더 클리니컬 스트렝스 아이고 ㅠㅠ 그러다가 헤드앤숄더 클리니컬 스트렝스라는 샴푸 를 보게 됐어요 후기 들을 읽어보니까 비듬이 드라마틱하게 지금은 헤드앤숄더 클리니컬 스트렝스 사용 은 일단 중단하고 성분 순한 샴푸 랑 두피 진정 트리트먼트를 쓰고,"['클리니컬', '스트렝스', '클리니컬', '스트렝스', '비듬', '지금', '클리니컬', '스트렝스', '중단', '성분', '진정', '트리트먼트']","['클리니컬_스트렝스', '스트렝스_클리니컬', '클리니컬_스트렝스', '스트렝스_비듬', '비듬_지금', '지금_클리니컬', '클리니컬_스트렝스', '스트렝스_중단', '중단_성분', '성분_진정', '진정_트리트먼트']","['클리니컬', '스트렝스', '클리니컬', '스트렝스', '비듬', '지금', '클리니컬', '스트렝스', '중단', '성분', '진정', '트리트먼트', '클리니컬_스트렝스', '스트렝스_클리니컬', '클리니컬_스트렝스', '스트렝스_비듬', '비듬_지금', '지금_클리니컬', '클리니컬_스트렝스', '스트렝스_중단', '중단_성분', '성분_진정', '진정_트리트먼트']",[],,,0,[],0,[],0,중립,False
cafearticle,,헤드앤숄더 샴푸 사용후기,지성 두피인데 헤드앤숄더 쿨멘솔 매일 써도 자극 없을지 궁금해요 정도인지 사용 해 보신 분들의 후기 가 궁금해요 너무 강하다면 주 2 3회 정도만 헤드앤숄더 쿨멘솔 쓰고 나머지 날은 순한 샴푸 로 병행하는 게 나을지 고민이에요 그리고 샴푸 후에 모발이 너무 뻣뻣해지지는 않는지도,"['지성', '쿨멘솔', '자극', '쿨멘솔', '나머지', '병행', '고민', '모발']","['지성_쿨멘솔', '쿨멘솔_자극', '자극_쿨멘솔', '쿨멘솔_나머지', '나머지_병행', '병행_고민', '고민_모발']","['지성', '쿨멘솔', '자극', '쿨멘솔', '나머지', '병행', '고민', '모발', '지성_쿨멘솔', '쿨멘솔_자극', '자극_쿨멘솔', '쿨멘솔_나머지', '나머지_병행', '병행_고민', '고민_모발']",[],,,1,['자극'],0,[],-1,이탈위험,False
cafearticle,,헤드앤숄더 샴푸 사용후기,헤드앤숄더 비듬 샴푸 써본 분 계실까요ㅜㅜ 인터넷에 검색해보면 헤드앤숄더샴푸 후기 가 꽤 많이 올라와 있는데 대부분이 비듬 개선 후기 고 두피 고민으로 헤드앤숄더샴푸 사용 해보신 분이 계시면 솔직한 경험담 좀 들려주시면 정말 큰 힘이 될 것 같습니다ㅠㅠ,"['비듬', '인터넷', '검색', '헤드앤숄더샴푸', '대부분', '비듬', '개선', '고민', '헤드앤숄더샴푸', '경험담']","['비듬_인터넷', '인터넷_검색', '검색_헤드앤숄더샴푸', '헤드앤숄더샴푸_대부분', '대부분_비듬', '비듬_개선', '개선_고민', '고민_헤드앤숄더샴푸', '헤드앤숄더샴푸_경험담']","['비듬', '인터넷', '검색', '헤드앤숄더샴푸', '대부분', '비듬', '개선', '고민', '헤드앤숄더샴푸', '경험담', '비듬_인터넷', '인터넷_검색', '검색_헤드앤숄더샴푸', '헤드앤숄더샴푸_대부분', '대부분_비듬', '비듬_개선', '개선_고민', '고민_헤드앤숄더샴푸', '헤드앤숄더샴푸_경험담']",[],,,0,[],0,[],0,중립,False
cafearticle,,헤드앤숄더 샴푸 사용후기,헤드앤숄더 쿨멘솔 샴푸 어때요 같거든요 사용 해보신 분들은 얼마나 쓰셨는지랑 전이랑 어떤 점이 달라졌는지 후기 를 공유해주시면 감사하겠습니다 그리고 헤드앤숄더 쿨멘솔 샴푸 로 관리 하는 방법 말고도 두피에 좋은 다른 관리법 있으시면 공유,"['공유', '감사', '관리', '방법', '관리', '공유']","['공유_감사', '감사_관리', '관리_방법', '방법_관리', '관리_공유']","['공유', '감사', '관리', '방법', '관리', '공유', '공유_감사', '감사_관리', '관리_방법', '방법_관리', '관리_공유']",[],,,0,[],0,[],0,중립,False
cafearticle,,헤드앤숄더 샴푸 사용후기,탈모에 좋은 샴푸 TOP5 TS 탈모 샴푸 광고로 유명하지만 카페에서는 실제 사용 후기 도 꾸준해요 한방 추출물 중심 두피 각질 비듬 헤드앤숄더 탈모 케어 라인 의외로 카페에서 언급이 많아요 특히 비듬형 탈모 고민하는 경우요 1 비듬,"['탈모', '탈모', '유명', '카페', '실제', '한방', '추출물', '중심', '각질', '비듬', '탈모', '케어', '라인', '카페', '언급', '비듬', '탈모', '고민', '비듬']","['탈모_탈모', '탈모_유명', '유명_카페', '카페_실제', '실제_한방', '한방_추출물', '추출물_중심', '중심_각질', '각질_비듬', '비듬_탈모', '탈모_케어', '케어_라인', '라인_카페', '카페_언급', '언급_비듬', '비듬_탈모', '탈모_고민', '고민_비듬']","['탈모', '탈모', '유명', '카페', '실제', '한방', '추출물', '중심', '각질', '비듬', '탈모', '케어', '라인', '카페', '언급', '비듬', '탈모', '고민', '비듬', '탈모_탈모', '탈모_유명', '유명_카페', '카페_실제', '실제_한방', '한방_추출물', '추출물_중심', '중심_각질', '각질_비듬', '비듬_탈모', '탈모_케어', '케어_라인', '라인_카페', '카페_언급', '언급_비듬', '비듬_탈모', '탈모_고민', '고민_비듬']",[],,,0,[],0,[],0,중립,False
cafearticle,,헤드앤숄더 샴푸 사용후기,지루성두피염 헤드앤숄더 비듬 샴푸 효과 있을까요ㅠㅠ 때문에 헤드앤숄더샴푸 사용 해보신 분 계시면 솔직한 후기 좀 들려주시면 진짜 큰 힘이 될 것 같아요ㅠㅠ 그리고 헤드앤숄더샴푸 도 라인이 여러 개잖아요 클래식클린 딥클렌징 이런 종류들요 두피 여드름 개선 목적이면,"['지루성두피염', '비듬', '효과', '헤드앤숄더샴푸', '헤드앤숄더샴푸', '라인', '클래식', '클린', '클렌징', '종류', '여드름', '개선', '목적']","['지루성두피염_비듬', '비듬_효과', '효과_헤드앤숄더샴푸', '헤드앤숄더샴푸_헤드앤숄더샴푸', '헤드앤숄더샴푸_라인', '라인_클래식', '클래식_클린', '클린_클렌징', '클렌징_종류', '종류_여드름', '여드름_개선', '개선_목적']","['지루성두피염', '비듬', '효과', '헤드앤숄더샴푸', '헤드앤숄더샴푸', '라인', '클래식', '클린', '클렌징', '종류', '여드름', '개선', '목적', '지루성두피염_비듬', '비듬_효과', '효과_헤드앤숄더샴푸', '헤드앤숄더샴푸_헤드앤숄더샴푸', '헤드앤숄더샴푸_라인', '라인_클래식', '클래식_클린', '클린_클렌징', '클렌징_종류', '종류_여드름', '여드름_개선', '개선_목적']",[],,,0,[],0,[],0,중립,False
cafearticle,,헤드앤숄더 샴푸 사용후기,고등학생 지루성두피 도와주세요ㅠㅠ 안녕하세요 혹시 지루성두피때문에 치료받아서 효과 보신분 있을까여 ㅜㅜ 피부과병원 치료두 받아봤는데 고딩아이랑은 안맞나봐요 ㅜㅜ 샴푸 두 약국 샴푸 두 쓰구 지루성두피에 좋은 샴푸 두 써봤는데 좀 좋아졌다가 다시,"['고등학생', '지루성두피', '지루성두피', '치료', '효과', '피부과', '병원', '치료', '고딩아이', '지루']","['고등학생_지루성두피', '지루성두피_지루성두피', '지루성두피_치료', '치료_효과', '효과_피부과', '피부과_병원', '병원_치료', '치료_고딩아이', '고딩아이_지루']","['고등학생', '지루성두피', '지루성두피', '치료', '효과', '피부과', '병원', '치료', '고딩아이', '지루', '고등학생_지루성두피', '지루성두피_지루성두피', '지루성두피_치료', '치료_효과', '효과_피부과', '피부과_병원', '병원_치료', '치료_고딩아이', '고딩아이_지루']",[],,,0,[],1,['좋아졌'],1,긍정,False
cafearticle,,헤드앤숄더 샴푸 사용후기,비교우드qi4d 정보 헤드앤숄더 쿨 멘솔 샴푸 이렇게 사용 해 보세요 두피 토탈 솔루션의 효과를 제대로 느끼려면 올바른 비교우드qi4d 상품에 대한 다양한 찐 후기 를 원하시는 분들은 아래에서 확인해보시길 바랍니다 비교우드qi4d,"['비교', '우드', '정보', '토탈', '솔루션', '효과', '비교', '우드', '다양', '아래', '확인', '비교', '우드']","['비교_우드', '우드_정보', '정보_토탈', '토탈_솔루션', '솔루션_효과', '효과_비교', '비교_우드', '우드_다양', '다양_아래', '아래_확인', '확인_비교', '비교_우드']","['비교', '우드', '정보', '토탈', '솔루션', '효과', '비교', '우드', '다양', '아래', '확인', '비교', '우드', '비교_우드', '우드_정보', '정보_토탈', '토탈_솔루션', '솔루션_효과', '효과_비교', '비교_우드', '우드_다양', '다양_아래', '아래_확인', '확인_비교', '비교_우드']",[],,,0,[],0,[],0,중립,False
cafearticle,,헤드앤숄더 샴푸 사용후기,신혼생활용품 헤드앤숄더 두피토탈솔루션 샴푸 강추 헤드앤숄더 두피토탈솔루션 샴푸 를 신혼생활용품으로 사용 해본 솔직한 후기 입니당 신혼집을 꾸리면서 생활용품들을 하나하나 선택하는 게 즐겁기도 하지만 고민도 많았는데 두피 관리가 중요하다고 생각해 이 제품을,"['신혼', '생활', '용품', '두피토탈솔루션', '두피토탈솔루션', '신혼', '생활', '용품', '신혼', '생활용품', '선택', '고민', '관리', '중요']","['신혼_생활', '생활_용품', '용품_두피토탈솔루션', '두피토탈솔루션_두피토탈솔루션', '두피토탈솔루션_신혼', '신혼_생활', '생활_용품', '용품_신혼', '신혼_생활용품', '생활용품_선택', '선택_고민', '고민_관리', '관리_중요']","['신혼', '생활', '용품', '두피토탈솔루션', '두피토탈솔루션', '신혼', '생활', '용품', '신혼', '생활용품', '선택', '고민', '관리', '중요', '신혼_생활', '생활_용품', '용품_두피토탈솔루션', '두피토탈솔루션_두피토탈솔루션', '두피토탈솔루션_신혼', '신혼_생활', '생활_용품', '용품_신혼', '신혼_생활용품', '생활용품_선택', '선택_고민', '고민_관리', '관리_중요']",[],,,0,[],1,['강추'],1,긍정,False
cafearticle,,헤드앤숄더 샴푸 사용후기,헤드앤숄더 두피 토탈 솔루션 샴푸 쿨 멘솔 헤드앤숄더 두피 토탈 솔루션 샴푸 쿨 멘솔은 오랜 시간 동안 사용 자 후기 를 통해 검증된 제품으로 두피에 자극 없이 건강한 상태를 유지하는 데 도움을 줍니다 또 머리카락이 부드럽고 산뜻하게 유지돼서 매일 사용 하는,"['토탈', '솔루션', '토탈', '솔루션', '시간', '동안', '검증', '자극', '건강', '상태', '유지', '도움', '머리카락', '유지']","['토탈_솔루션', '솔루션_토탈', '토탈_솔루션', '솔루션_시간', '시간_동안', '동안_검증', '검증_자극', '자극_건강', '건강_상태', '상태_유지', '유지_도움', '도움_머리카락', '머리카락_유지']","['토탈', '솔루션', '토탈', '솔루션', '시간', '동안', '검증', '자극', '건강', '상태', '유지', '도움', '머리카락', '유지', '토탈_솔루션', '솔루션_토탈', '토탈_솔루션', '솔루션_시간', '시간_동안', '동안_검증', '검증_자극', '자극_건강', '건강_상태', '상태_유지', '유지_도움', '도움_머리카락', '머리카락_유지']",[],,,1,['자극'],0,[],-1,이탈위험,False
cafearticle,,헤드앤숄더 샴푸 사용후기,헤드앤숄더 가려운 두피케어 린스 850ml 자연스럽게 헤드앤숄더 가려운 두피케어 린스 850ml를 접하게 되었어요 이 제품을 사용 한 후 후기 와 사용 방법과 일상 속에서의 활용법 이 린스는 샴푸 후 마지막 단계에서 충분히 헹구기 전에 적당량을 머리 전체에,"['케어', '린스', '자연', '케어', '린스', '방법', '일상', '활용법', '린스', '마지막', '단계', '적당량', '전체']","['케어_린스', '린스_자연', '자연_케어', '케어_린스', '린스_방법', '방법_일상', '일상_활용법', '활용법_린스', '린스_마지막', '마지막_단계', '단계_적당량', '적당량_전체']","['케어', '린스', '자연', '케어', '린스', '방법', '일상', '활용법', '린스', '마지막', '단계', '적당량', '전체', '케어_린스', '린스_자연', '자연_케어', '케어_린스', '린스_방법', '방법_일상', '일상_활용법', '활용법_린스', '린스_마지막', '마지막_단계', '단계_적당량', '적당량_전체']",[],,,0,[],0,[],0,중립,False
cafearticle,,헤드앤숄더 샴푸 사용후기,헤드앤숄더 가려운 두피 케어 두피 트리트먼트 후기 에서도 많은 분들이 가려움 완화와 두피 건강 개선 에 큰 도움을 받았다고 하더라고요 저는 매일 샴푸 마무리하며 지인에게 추천받아 시작한 헤드앤숄더 가려운 두피 케어 두피 트리트먼트 사용 후기 는 정말,"['케어', '트리트먼트', '완화', '건강', '개선', '도움', '마무리', '지인', '시작', '케어', '트리트먼트']","['케어_트리트먼트', '트리트먼트_완화', '완화_건강', '건강_개선', '개선_도움', '도움_마무리', '마무리_지인', '지인_시작', '시작_케어', '케어_트리트먼트']","['케어', '트리트먼트', '완화', '건강', '개선', '도움', '마무리', '지인', '시작', '케어', '트리트먼트', '케어_트리트먼트', '트리트먼트_완화', '완화_건강', '건강_개선', '개선_도움', '도움_마무리', '마무리_지인', '지인_시작', '시작_케어', '케어_트리트먼트']",[],,,1,['가려움'],1,['추천'],0,중립,False
cafearticle,,헤드앤숄더 샴푸 사용후기,헤드앤숄더 가려운 두피 케어 샴푸 그러던 중 친구가 추천해준 헤드앤숄더 가려운 두피 케어 샴푸 를 사용 하게 되었는데 정말 후기 가 좋아서 기대를 하게 되었어요 처음 샴푸 를 사용 했을 때부터 두피가 차분해지고 가려움이 눈에 띄게 줄어든 것을 느껴서,"['케어', '친구', '케어', '기대', '처음']","['케어_친구', '친구_케어', '케어_기대', '기대_처음']","['케어', '친구', '케어', '기대', '처음', '케어_친구', '친구_케어', '케어_기대', '기대_처음']",[],,,1,['가려움'],1,['추천'],0,중립,False
cafearticle,,헤드앤숄더 샴푸 사용후기,지긋지긋한 두피 가려움과의 작별 헤드앤숄더 가려운 두피 케어 샴푸 가 가져온 기적 이 좋은 경험을 저만 알고 있기 아까워서 이렇게 길게 후기 를 남깁니다 꼭 한 번 사용 해보시고 저와 같은 상쾌함을 느껴보시길 바라요 헤드앤숄더 가려운 두피 케어 샴푸 850ml 1개 49 할인 소식 바로가기,"['작별', '케어', '기적', '경험', '케어', '소식']","['작별_케어', '케어_기적', '기적_경험', '경험_케어', '케어_소식']","['작별', '케어', '기적', '경험', '케어', '소식', '작별_케어', '케어_기적', '기적_경험', '경험_케어', '케어_소식']",[],,,1,['가려움'],0,[],-1,이탈위험,False
cafearticle,,헤드앤숄더 샴푸 사용후기,헤드앤숄더 가려운 샴푸 amp 두피케어 트리트먼트 세트 그러던 중에 친구가 이 헤드앤숄더 가려운 샴푸 와 두피케어 트리트먼트 세트를 추천해줬어요 후기 와 사용 기를 찾아보니 두피를 건강하게 만들어주는 성분들이 포함돼 있고 피부 자극 없이 진정 효과가 뛰어나다고,"['케어', '트리트먼트', '세트', '친구', '케어', '트리트먼트', '세트', '건강', '성분', '포함', '피부', '자극', '진정', '효과']","['케어_트리트먼트', '트리트먼트_세트', '세트_친구', '친구_케어', '케어_트리트먼트', '트리트먼트_세트', '세트_건강', '건강_성분', '성분_포함', '포함_피부', '피부_자극', '자극_진정', '진정_효과']","['케어', '트리트먼트', '세트', '친구', '케어', '트리트먼트', '세트', '건강', '성분', '포함', '피부', '자극', '진정', '효과', '케어_트리트먼트', '트리트먼트_세트', '세트_친구', '친구_케어', '케어_트리트먼트', '트리트먼트_세트', '세트_건강', '건강_성분', '성분_포함', '포함_피부', '피부_자극', '자극_진정', '진정_효과']",[],,,1,['자극'],1,['추천'],0,중립,False
cafearticle,,헤드앤숄더 샴푸 사용후기,헤드앤숄더 2in1 가려운 두피케어 컨디셔너 겸용 샴푸 상쾌한향 그러던 차에 지인 분이 추천해준 것이 바로 헤드앤숄더 2in1 가려운 두피케어 샴푸 였어요 후기 와 사용 기를 찾아보니 이 제품이 두피 건강과 두피 냄새까지 잡아주는 효과가 뛰어나다는 평이 많더군요 특히 2in1 기능으로,"['케어', '컨디셔너', '겸용', '지인', '케어', '건강', '냄새', '효과', '기능']","['케어_컨디셔너', '컨디셔너_겸용', '겸용_지인', '지인_케어', '케어_건강', '건강_냄새', '냄새_효과', '효과_기능']","['케어', '컨디셔너', '겸용', '지인', '케어', '건강', '냄새', '효과', '기능', '케어_컨디셔너', '컨디셔너_겸용', '겸용_지인', '지인_케어', '케어_건강', '건강_냄새', '냄새_효과', '효과_기능']",[],,,0,[],1,['추천'],1,긍정,False
cafearticle,,헤드앤숄더 샴푸 사용후기,헤드앤숄더 가려운두피케어 샴푸 처음에는 제품이 효과가 있을까 하는 기대반 걱정반이었지만 사용 후에 정말로 놀라운 변화가 있었어요 이번 후기 에서는 제가 경험한 솔직한 이야기를 들려드리려고 해요 헤드앤숄더 가려운두피케어 샴푸 왜,"['케어', '처음', '효과', '기대', '걱정', '변화', '이번', '경험', '이야기', '케어']","['케어_처음', '처음_효과', '효과_기대', '기대_걱정', '걱정_변화', '변화_이번', '이번_경험', '경험_이야기', '이야기_케어']","['케어', '처음', '효과', '기대', '걱정', '변화', '이번', '경험', '이야기', '케어', '케어_처음', '처음_효과', '효과_기대', '기대_걱정', '걱정_변화', '변화_이번', '이번_경험', '경험_이야기', '이야기_케어']",[],,,0,[],0,[],0,중립,False
cafearticle,,헤드앤숄더 샴푸 사용후기,헤드앤숄더 2in1 가려운 두피 케어 샴푸 컨디셔너 겸용 없이 사용 할 수 있다는 점이 마음에 들었어요 혹시 여러분도 두피 가려움 때문에 고민하고 계시다면 이 제품이 정말 좋은 선택이 될 수 있답니다 헤드앤숄더 2in1 가려운 두피 케어 샴푸 의 특징은 이 제품의 가장 큰,"['케어', '컨디셔너', '겸용', '고민', '선택', '케어', '특징']","['케어_컨디셔너', '컨디셔너_겸용', '겸용_고민', '고민_선택', '선택_케어', '케어_특징']","['케어', '컨디셔너', '겸용', '고민', '선택', '케어', '특징', '케어_컨디셔너', '컨디셔너_겸용', '겸용_고민', '고민_선택', '선택_케어', '케어_특징']",[],,,1,['가려움'],0,[],-1,이탈위험,False
cafearticle,,헤드앤숄더 샴푸 사용후기,헤드앤숄더 클리니컬 스트렝스 어떤지 특화된 샴푸 가 필요하다고 생각했어요ㅠㅠㅠ 혹시 헤드앤숄더 클리니컬 스트렝스 사용 하시면서 식습관이나 중에 헤드앤숄더 클리니컬 스트렝스 써보신 분 계시면 솔직한 후기 부탁드려요 효과 있었는지 얼마나,"['클리니컬', '스트렝스', '특화', '필요', '클리니컬', '스트렝스', '식습관', '클리니컬', '스트렝스', '효과']","['클리니컬_스트렝스', '스트렝스_특화', '특화_필요', '필요_클리니컬', '클리니컬_스트렝스', '스트렝스_식습관', '식습관_클리니컬', '클리니컬_스트렝스', '스트렝스_효과']","['클리니컬', '스트렝스', '특화', '필요', '클리니컬', '스트렝스', '식습관', '클리니컬', '스트렝스', '효과', '클리니컬_스트렝스', '스트렝스_특화', '특화_필요', '필요_클리니컬', '클리니컬_스트렝스', '스트렝스_식습관', '식습관_클리니컬', '클리니컬_스트렝스', '스트렝스_효과']",[],,,0,[],0,[],0,중립,False
cafearticle,,헤드앤숄더 샴푸 사용후기,다운펌 후 2주차에 비듬 나오는 분들 추천 관리법 내돈내산 후기 입니다 저 같은 경우 다운펌 할 때 15 28일차 평소 쓰던 샴푸 만 으로 2달 사용 해봤습니다 효과가 꽤 괜찮은듯 합니다 머리 여드름도 줄었구요,"['다운펌', '비듬', '관리', '다운펌', '평소', '효과', '여드름']","['다운펌_비듬', '비듬_관리', '관리_다운펌', '다운펌_평소', '평소_효과', '효과_여드름']","['다운펌', '비듬', '관리', '다운펌', '평소', '효과', '여드름', '다운펌_비듬', '비듬_관리', '관리_다운펌', '다운펌_평소', '평소_효과', '효과_여드름']",[],,,0,[],1,['추천'],1,긍정,False
cafearticle,,헤드앤숄더 샴푸 사용후기,헤드앤숄더 프로페셔널 비듬 가려움 어드밴스드 샴푸 사용 후기 헤드앤숄더 프로페셔널 비듬 가려움 어드밴스드 샴푸 사용 후기 두피 건강은 모발 건강만큼이나 중요하다고 늘 생각하고 있어요 특히 환절기나 스트레스를 많이 받을 때면 두피가 민감해지고 가려움이 느껴져서 신경이,"['프로페셔널', '비듬', '어드밴스드', '프로페셔널', '비듬', '어드밴스드', '건강', '모발', '건강', '중요', '환절기', '스트레스', '신경']","['프로페셔널_비듬', '비듬_어드밴스드', '어드밴스드_프로페셔널', '프로페셔널_비듬', '비듬_어드밴스드', '어드밴스드_건강', '건강_모발', '모발_건강', '건강_중요', '중요_환절기', '환절기_스트레스', '스트레스_신경']","['프로페셔널', '비듬', '어드밴스드', '프로페셔널', '비듬', '어드밴스드', '건강', '모발', '건강', '중요', '환절기', '스트레스', '신경', '프로페셔널_비듬', '비듬_어드밴스드', '어드밴스드_프로페셔널', '프로페셔널_비듬', '비듬_어드밴스드', '어드밴스드_건강', '건강_모발', '모발_건강', '건강_중요', '중요_환절기', '환절기_스트레스', '스트레스_신경']",[],,,1,['가려움'],0,[],-1,이탈위험,False
cafearticle,,헤드앤숄더 샴푸 사용후기,헤드앤숄더 프로페셔널 어떤가요ㅠ 그래서 샴푸 를 바꿔야 하나 고민하다가 헤드앤숄더 프로페셔널을 보게 됐어요 사실 헤드앤숄더 는 예전에 혹시 헤드앤숄더 프로페셔널 사용 해보신 분들 중에 민감성 두피였던 분 계시면 가려움이나 각질 쪽에서 어떤,"['프로페셔널', '고민', '프로페셔널', '예전', '프로페셔널', '민감', '각질']","['프로페셔널_고민', '고민_프로페셔널', '프로페셔널_예전', '예전_프로페셔널', '프로페셔널_민감', '민감_각질']","['프로페셔널', '고민', '프로페셔널', '예전', '프로페셔널', '민감', '각질', '프로페셔널_고민', '고민_프로페셔널', '프로페셔널_예전', '예전_프로페셔널', '프로페셔널_민감', '민감_각질']",[],,,1,['가려움'],0,[],-1,이탈위험,False
cafearticle,,헤드앤숄더 샴푸 사용후기,신혼생활 서비스용품 헤드엔숄더 클리니컬 스트렝스 비듬 오일컨트롤 샴푸 오일컨트롤 샴푸 후기 입니다 두피상태가 기름이 많이 지는 지루성두피염이 있으면 추천드려요 남편이 두피에 기름이 빨리지고 저는 두피에 기름은 덜지는데 뾰루지 딱지같은게 생겨서 사용 해봤습니다 남편 두피 기름도,"['신혼', '생활', '서비스', '용품', '헤드엔숄더', '클리니컬', '스트렝스', '비듬', '오일', '컨트롤', '오일', '컨트롤', '상태', '기름', '지루성두피염', '남편', '기름', '기름', '뾰루지', '딱지', '남편', '기름']","['신혼_생활', '생활_서비스', '서비스_용품', '용품_헤드엔숄더', '헤드엔숄더_클리니컬', '클리니컬_스트렝스', '스트렝스_비듬', '비듬_오일', '오일_컨트롤', '컨트롤_오일', '오일_컨트롤', '컨트롤_상태', '상태_기름', '기름_지루성두피염', '지루성두피염_남편', '남편_기름', '기름_기름', '기름_뾰루지', '뾰루지_딱지', '딱지_남편', '남편_기름']","['신혼', '생활', '서비스', '용품', '헤드엔숄더', '클리니컬', '스트렝스', '비듬', '오일', '컨트롤', '오일', '컨트롤', '상태', '기름', '지루성두피염', '남편', '기름', '기름', '뾰루지', '딱지', '남편', '기름', '신혼_생활', '생활_서비스', '서비스_용품', '용품_헤드엔숄더', '헤드엔숄더_클리니컬', '클리니컬_스트렝스', '스트렝스_비듬', '비듬_오일', '오일_컨트롤', '컨트롤_오일', '오일_컨트롤', '컨트롤_상태', '상태_기름', '기름_지루성두피염', '지루성두피염_남편', '남편_기름', '기름_기름', '기름_뾰루지', '뾰루지_딱지', '딱지_남편', '남편_기름']",[],,,1,['뾰루지'],1,['추천'],0,중립,False
cafearticle,,헤드앤숄더 샴푸 사용후기,헤드앤숄더 클리니컬 쓰시는분 최근에 헤드앤숄더 클리니컬 샴푸 를 보게 됐어요 처음엔 탈모 또는 민감성 두피용이라는 말 듣고 기대했는데 혹시 사용 해보신 분들 중에 민감성 두피 비듬 많았던 분 계신지 궁금해요 효과는 괜찮았는지 두피 자극은,"['클리니컬', '클리니컬', '처음', '탈모', '기대', '민감', '비듬', '효과', '자극']","['클리니컬_클리니컬', '클리니컬_처음', '처음_탈모', '탈모_기대', '기대_민감', '민감_비듬', '비듬_효과', '효과_자극']","['클리니컬', '클리니컬', '처음', '탈모', '기대', '민감', '비듬', '효과', '자극', '클리니컬_클리니컬', '클리니컬_처음', '처음_탈모', '탈모_기대', '기대_민감', '민감_비듬', '비듬_효과', '효과_자극']",[],,,1,['자극'],0,[],-1,이탈위험,False
cafearticle,,헤드앤숄더 샴푸 사용후기,헤드앤숄더 프로페셔널 뭐죠 싶어서 헤드앤숄더 프로페셔널 후기 좀 찾아봤는데 별점 낮은 후기 들 보면 피부염처럼 더 심해졌다는 분들도 쓰여요ㅠㅠ 헤드앤숄더 프로페셔널 포함해서 웬만한 샴푸 다 사용 해본 것 같은데 마음이 참 답답하네요,"['프로페셔널', '프로페셔널', '피부염', '프로페셔널', '포함']","['프로페셔널_프로페셔널', '프로페셔널_피부염', '피부염_프로페셔널', '프로페셔널_포함']","['프로페셔널', '프로페셔널', '피부염', '프로페셔널', '포함', '프로페셔널_프로페셔널', '프로페셔널_피부염', '피부염_프로페셔널', '프로페셔널_포함']",[],,,0,[],0,[],0,중립,False
cafearticle,,헤드앤숄더 샴푸 사용후기,아마존에서 헤드앤숄더 크리니컬 샴푸 왔어요 쇼핑몰 아마존 미국 브랜드 헤드앤숄더 제품명 크리니컬 비듬 샴푸 외 가격 배송비 무배 저 이거 쓰고나서 니조랄 샴푸 사용 안한지 오래이고 계절마다 생긴 비듬이 사라졌어요 지금은 일반 샴푸,"['아마존', '크리니컬', '쇼핑몰', '아마존', '미국', '제품명', '크리니컬', '비듬', '배송비', '무배', '니조랄', '계절', '비듬', '지금', '일반']","['아마존_크리니컬', '크리니컬_쇼핑몰', '쇼핑몰_아마존', '아마존_미국', '미국_제품명', '제품명_크리니컬', '크리니컬_비듬', '비듬_배송비', '배송비_무배', '무배_니조랄', '니조랄_계절', '계절_비듬', '비듬_지금', '지금_일반']","['아마존', '크리니컬', '쇼핑몰', '아마존', '미국', '제품명', '크리니컬', '비듬', '배송비', '무배', '니조랄', '계절', '비듬', '지금', '일반', '아마존_크리니컬', '크리니컬_쇼핑몰', '쇼핑몰_아마존', '아마존_미국', '미국_제품명', '제품명_크리니컬', '크리니컬_비듬', '비듬_배송비', '배송비_무배', '무배_니조랄', '니조랄_계절', '계절_비듬', '비듬_지금', '지금_일반']",[],,,1,['니조랄'],1,['사라졌'],0,중립,True
cafearticle,,헤드앤숄더 샴푸 사용후기,헤드앤숄더 클리니컬 효과 있나요 비듬 샴푸 여러개 써봤는데 큰 효과를 못봐서 이번엔 헤드앤숄더 클리니컬로 제대로 해결해보려고 하는데 실제로 써보신 분들 후기 가 듣고 싶어요 처음엔 좀 나아지는것 같다가도 며칠 지나면 다시 증상이 나타나서 정말,"['클리니컬', '효과', '비듬', '효과', '이번', '클리니컬', '해결', '처음', '며칠', '증상']","['클리니컬_효과', '효과_비듬', '비듬_효과', '효과_이번', '이번_클리니컬', '클리니컬_해결', '해결_처음', '처음_며칠', '며칠_증상']","['클리니컬', '효과', '비듬', '효과', '이번', '클리니컬', '해결', '처음', '며칠', '증상', '클리니컬_효과', '효과_비듬', '비듬_효과', '효과_이번', '이번_클리니컬', '클리니컬_해결', '해결_처음', '처음_며칠', '며칠_증상']",[],,,0,[],0,[],0,중립,False
cafearticle,,헤드앤숄더 샴푸 사용후기,헤드앤숄더 스트렝스 허무 ㅠㅠ 괜찮고 사용후기 도 좋은거 같아서 한번 써보기로 햇어요 헤드앤숄더 스트렝스가 클리니컬 등급이라서 일반 샴푸 보다 셀레늄 성분이 더 많이 들어잇고 헤드앤숄더 스트렝스가 비듬이랑 지루성두피에 특화되 있다는 말에,"['스트렝스', '허무', '스트렝스', '클리니컬', '일반', '레늄', '성분', '스트렝스', '비듬', '지루', '특화']","['스트렝스_허무', '허무_스트렝스', '스트렝스_클리니컬', '클리니컬_일반', '일반_레늄', '레늄_성분', '성분_스트렝스', '스트렝스_비듬', '비듬_지루', '지루_특화']","['스트렝스', '허무', '스트렝스', '클리니컬', '일반', '레늄', '성분', '스트렝스', '비듬', '지루', '특화', '스트렝스_허무', '허무_스트렝스', '스트렝스_클리니컬', '클리니컬_일반', '일반_레늄', '레늄_성분', '성분_스트렝스', '스트렝스_비듬', '비듬_지루', '지루_특화']",[],,,0,[],0,[],0,중립,False
cafearticle,,헤드앤숄더 샴푸 사용후기,헤드앤숄더 쿨멘솔 샴푸 속상ㅠ 헤드앤숄더 쿨멘솔 샴푸 사용 해보신 분 계신가요 헤드앤숄더 쿨멘솔 샴푸 원래 이런가요 두피도 나이가 나서 샴푸 할 때마다 신경쓰이더라구요ㅠ 1점 후기 뒤늦게 보니까 저처럼 두피 예민한 분들은 헤드앤숄더 쿨멘솔,"['쿨멘솔', '나이', '신경', '쿨멘솔']","['쿨멘솔_나이', '나이_신경', '신경_쿨멘솔']","['쿨멘솔', '나이', '신경', '쿨멘솔', '쿨멘솔_나이', '나이_신경', '신경_쿨멘솔']",[],,,0,[],0,[],0,중립,False
cafearticle,,헤드앤숄더 샴푸 사용후기,데일리 PICK 헤드앤숄더 토탈 솔루션 가려운 두피 케어 샴푸 프리지아향 후기 남성 기준 데일리 PICK 헤드앤숄더 토탈 솔루션 가려운 두피 케어 샴푸 프리지아향 후기 남성 기준 날씨가 헤드앤숄더 라인은 청량감이 확실해서 운동 후나 바쁜 하루 끝에 사용 하기 좋더라고요 선택 이유 민감할 때도 부담,"['데일리', '토탈', '솔루션', '케어', '프리지아', '남성', '기준', '데일리', '토탈', '솔루션', '케어', '프리지아', '남성', '기준', '날씨', '라인', '청량감', '운동', '하루', '선택', '부담']","['데일리_토탈', '토탈_솔루션', '솔루션_케어', '케어_프리지아', '프리지아_남성', '남성_기준', '기준_데일리', '데일리_토탈', '토탈_솔루션', '솔루션_케어', '케어_프리지아', '프리지아_남성', '남성_기준', '기준_날씨', '날씨_라인', '라인_청량감', '청량감_운동', '운동_하루', '하루_선택', '선택_부담']","['데일리', '토탈', '솔루션', '케어', '프리지아', '남성', '기준', '데일리', '토탈', '솔루션', '케어', '프리지아', '남성', '기준', '날씨', '라인', '청량감', '운동', '하루', '선택', '부담', '데일리_토탈', '토탈_솔루션', '솔루션_케어', '케어_프리지아', '프리지아_남성', '남성_기준', '기준_데일리', '데일리_토탈', '토탈_솔루션', '솔루션_케어', '케어_프리지아', '프리지아_남성', '남성_기준', '기준_날씨', '날씨_라인', '라인_청량감', '청량감_운동', '운동_하루', '하루_선택', '선택_부담']",[],,,0,[],0,[],0,중립,False
cafearticle,,헤드앤숄더 샴푸 사용후기,과다피지문제 지루성피부염 두피염 탈모용 샴푸 효과 보신 분 이소티논 효과 보신 분 아무 도움이나 조 근데 헤드앤숄더 샴푸 가 후기 는 많은 것 같은데 발암물질이 있다는 얘기가 있어 확실한진 모르겠고 걱정이 좀 되네요 혹시 효과 보신 샴푸 나 루틴 방법 이소티논 복용 후기 등 알려주시면 정말 진심으로,"['과다', '피지', '문제', '지루성 피부염', '효과', '이소티논', '효과', '도움', '발암', '물질', '얘기', '걱정', '효과', '루틴', '방법', '이소티논', '복용', '진심']","['과다_피지', '피지_문제', '문제_지루성 피부염', '지루성 피부염_효과', '효과_이소티논', '이소티논_효과', '효과_도움', '도움_발암', '발암_물질', '물질_얘기', '얘기_걱정', '걱정_효과', '효과_루틴', '루틴_방법', '방법_이소티논', '이소티논_복용', '복용_진심']","['과다', '피지', '문제', '지루성 피부염', '효과', '이소티논', '효과', '도움', '발암', '물질', '얘기', '걱정', '효과', '루틴', '방법', '이소티논', '복용', '진심', '과다_피지', '피지_문제', '문제_지루성 피부염', '지루성 피부염_효과', '효과_이소티논', '이소티논_효과', '효과_도움', '도움_발암', '발암_물질', '물질_얘기', '얘기_걱정', '걱정_효과', '효과_루틴', '루틴_방법', '방법_이소티논', '이소티논_복용', '복용_진심']",[],,,0,[],0,[],0,중립,False
cafearticle,,헤드앤숄더 샴푸 사용후기,헤드앤숄더 스트렝스 효과 느끼신 분 있나요 헤드앤숄더 스트렝스가 모근 강화에 좋다는 후기 를 봐서 믿고 써보는 중인데 저한텐 아직 큰 변화는 모르겠어요 요즘 두피도 민감하고 각질도 조금씩 올라와서 혹시 이게 샴푸 성분 때문인지 아니면 탈모가 더 진행돼서,"['스트렝스', '효과', '스트렝스', '모근', '강화', '변화', '각질', '조금', '성분', '탈모', '진행']","['스트렝스_효과', '효과_스트렝스', '스트렝스_모근', '모근_강화', '강화_변화', '변화_각질', '각질_조금', '조금_성분', '성분_탈모', '탈모_진행']","['스트렝스', '효과', '스트렝스', '모근', '강화', '변화', '각질', '조금', '성분', '탈모', '진행', '스트렝스_효과', '효과_스트렝스', '스트렝스_모근', '모근_강화', '강화_변화', '변화_각질', '각질_조금', '조금_성분', '성분_탈모', '탈모_진행']",[],,,0,[],0,[],0,중립,False
cafearticle,,헤드앤숄더 샴푸 사용후기,안티트로 샴푸 두피 고민 끝낼 수 있을까요 솔직 사용 후기 많은 분들이 안티트로 샴푸 하면 떠올리는 브랜드가 있죠 바로 헤드앤숄더 인데요 이번에 제가 사용 해 본 프로페셔널 안티 댄드러프 어드밴스드 오일 컨트롤 샴푸 는 이름처럼 정말 강력한 효과를,"['안티트로', '고민', '안티트로', '이번', '프로페셔널', '안티', '댄드러프', '어드밴스드', '오일', '컨트롤', '효과']","['안티트로_고민', '고민_안티트로', '안티트로_이번', '이번_프로페셔널', '프로페셔널_안티', '안티_댄드러프', '댄드러프_어드밴스드', '어드밴스드_오일', '오일_컨트롤', '컨트롤_효과']","['안티트로', '고민', '안티트로', '이번', '프로페셔널', '안티', '댄드러프', '어드밴스드', '오일', '컨트롤', '효과', '안티트로_고민', '고민_안티트로', '안티트로_이번', '이번_프로페셔널', '프로페셔널_안티', '안티_댄드러프', '댄드러프_어드밴스드', '어드밴스드_오일', '오일_컨트롤', '컨트롤_효과']",[],,,1,['안티트로'],0,[],-1,이탈위험,True
cafearticle,,헤드앤숄더 샴푸 사용후기,헤드앤숄더 쿨멘솔 샴푸 추천 가려움과 비듬 완화 후기 이 제품을 추천하는 이유와 이처럼 헤드앤숄더 쿨멘솔 샴푸 는 가려운 두피와 비듬 샴푸 두피 진정에 효과적인 제품으로 많은 후기 와 사용 기를 통해 그 효과를 인정받았어요 저 역시 몇 주간 사용 하면서 두피가,"['비듬', '완화', '비듬', '진정', '효과', '효과', '인정']","['비듬_완화', '완화_비듬', '비듬_진정', '진정_효과', '효과_효과', '효과_인정']","['비듬', '완화', '비듬', '진정', '효과', '효과', '인정', '비듬_완화', '완화_비듬', '비듬_진정', '진정_효과', '효과_효과', '효과_인정']",[],,,1,['가려움'],1,['추천'],0,중립,False
cafearticle,,헤드앤숄더 샴푸 사용후기,헤드앤숄더 가려운 두피케어 후기 로 두피 고민 해결하세요 오늘은 이 제품의 추천 이유와 후기 사용 기를 자연스럽게 나누고 싶어요 구매하러가기 왜 헤드앤숄더 가려운 두피케어 샴푸 를 선택하게 되었나요 저는 평소에 두피에 비듬이 자주 생기고 가려움이 심해서 언제나,"['케어', '고민', '해결', '자연', '케어', '선택', '평소', '비듬']","['케어_고민', '고민_해결', '해결_자연', '자연_케어', '케어_선택', '선택_평소', '평소_비듬']","['케어', '고민', '해결', '자연', '케어', '선택', '평소', '비듬', '케어_고민', '고민_해결', '해결_자연', '자연_케어', '케어_선택', '선택_평소', '평소_비듬']",[],,,1,['가려움'],1,['추천'],0,중립,False
cafearticle,,헤드앤숄더 샴푸 사용후기,헤드앤숄더 딥클린 샴푸 추천 비듬 가려움 해결 후기 그러던 차에 친구가 추천한 제품이 바로 헤드앤숄더 딥클린 샴푸 였어요 후기 와 사용 기를 찾아보고 제품의 뛰어난 딥클린 효과와 비듬 제거력에 관심이 가더라고요 그래서 바로 구매를 결정했고 처음 사용 후 놀라운,"['클린', '비듬', '해결', '친구', '클린', '클린', '효과', '비듬', '제거', '관심', '결정', '처음']","['클린_비듬', '비듬_해결', '해결_친구', '친구_클린', '클린_클린', '클린_효과', '효과_비듬', '비듬_제거', '제거_관심', '관심_결정', '결정_처음']","['클린', '비듬', '해결', '친구', '클린', '클린', '효과', '비듬', '제거', '관심', '결정', '처음', '클린_비듬', '비듬_해결', '해결_친구', '친구_클린', '클린_클린', '클린_효과', '효과_비듬', '비듬_제거', '제거_관심', '관심_결정', '결정_처음']",[],,,1,['가려움'],1,['추천'],0,중립,False
cafearticle,,헤드앤숄더 샴푸 사용후기,헤드앤숄더 가려운 두피케어 샴푸 850ml 2개 비듬 샴푸 가려움 두피진정 8 헤드앤숄더 가려운 두피케어 샴푸 850ml는 두피의 가려움과 비듬 고민을 효과적으로 해결하는 제품으로 대용량이라 경제적이고 사용 이 편리합니다 저 역시 경험을 통해 후기 를 남기며 추천하는 이 샴푸 는 두피 건강을,"['케어', '비듬', '진정', '케어', '비듬', '고민', '효과', '해결', '용량', '경제', '편리', '경험', '건강']","['케어_비듬', '비듬_진정', '진정_케어', '케어_비듬', '비듬_고민', '고민_효과', '효과_해결', '해결_용량', '용량_경제', '경제_편리', '편리_경험', '경험_건강']","['케어', '비듬', '진정', '케어', '비듬', '고민', '효과', '해결', '용량', '경제', '편리', '경험', '건강', '케어_비듬', '비듬_진정', '진정_케어', '케어_비듬', '비듬_고민', '고민_효과', '효과_해결', '해결_용량', '용량_경제', '경제_편리', '편리_경험', '경험_건강']",[],,,1,['가려움'],1,['추천'],0,중립,False
cafearticle,,헤드앤숄더 샴푸 사용후기,이 샴푸 진짜 대박이에요 예전에 두피각질때문에 샴푸 추천해달라는 글을 쓴적이 있어요ㅎㅎㅎ 그때 두 분이 이 샴푸 를 추천해 주셨는데 진짜 효과 짱이에요 그때 바로 구입해서 지금까지 꾸준히 사용 중인데 건조해 지기 시작한 요즘 하얀,"['예전', '각질', '그때', '효과', '그때', '구입', '지금', '건조', '시작']","['예전_각질', '각질_그때', '그때_효과', '효과_그때', '그때_구입', '구입_지금', '지금_건조', '건조_시작']","['예전', '각질', '그때', '효과', '그때', '구입', '지금', '건조', '시작', '예전_각질', '각질_그때', '그때_효과', '효과_그때', '그때_구입', '구입_지금', '지금_건조', '건조_시작']",[],,,0,[],1,['추천'],1,긍정,False
cafearticle,,헤드앤숄더 차콜 후기,3월 7일 김해점 쇼핑 후기 입니다 헤드앤숄더 쿨멘솔 샴푸 17 990 4 000 13 990 어제 간만에 아들이랑 쇼파에서 놀다가 머리를 들춰볼 일이 하나는 차콜 이고 하나는 검정입니다 5 고추참치 19 790 2 500 17 290 해산물은 입에도 안대는 아들이 다행히,"['김해', '쇼핑', '아들', '쇼파', '검정', '고추', '참치', '해산물', '아들']","['김해_쇼핑', '쇼핑_아들', '아들_쇼파', '쇼파_검정', '검정_고추', '고추_참치', '참치_해산물', '해산물_아들']","['김해', '쇼핑', '아들', '쇼파', '검정', '고추', '참치', '해산물', '아들', '김해_쇼핑', '쇼핑_아들', '아들_쇼파', '쇼파_검정', '검정_고추', '고추_참치', '참치_해산물', '해산물_아들']",[],,,0,[],0,[],0,중립,False
cafearticle,,헤드앤숄더 차콜 후기,믿고쓰는 샴푸바 잇템 후기 보니 요녀석이 가장 잘팔리네요 제품정보 amp 후기 3526 뷰카 클래식 어성초 블랙 차콜 비누 레몬버베나향 100g 10개 16 900원 제품정보 제품정보 amp 후기 3526 헤드앤숄더 가려운 두피케어 샴푸 대용량 1200ml 1개 4 180원 제품정보 amp 후기,"['잇템', '정보', '클래식', '어성초', '블랙', '비누', '레몬버베나', '정보', '정보', '케어', '용량', '정보']","['잇템_정보', '정보_클래식', '클래식_어성초', '어성초_블랙', '블랙_비누', '비누_레몬버베나', '레몬버베나_정보', '정보_정보', '정보_케어', '케어_용량', '용량_정보']","['잇템', '정보', '클래식', '어성초', '블랙', '비누', '레몬버베나', '정보', '정보', '케어', '용량', '정보', '잇템_정보', '정보_클래식', '클래식_어성초', '어성초_블랙', '블랙_비누', '비누_레몬버베나', '레몬버베나_정보', '정보_정보', '정보_케어', '케어_용량', '용량_정보']",[],,,0,[],0,[],0,중립,False
cafearticle,,헤드앤숄더 차콜 후기,SNS에서도 난리났대요 가성비템 샴푸바 베스트아이템 꼼꼼히 비교해보세요 블랙 차콜 비누 레몬버베나향 100g 10개 19 000원 상세정보 amp 후기 404 헤드앤숄더 가려운 두피케어 샴푸 대용량 1200ml 1개 28 500원 상세정보 amp 후기 94 고체 고 그린 헤어 샴푸바 80g 1개 29 120원 상세정보,"['난리', '가성비', '베스트', '아이템', '비교', '블랙', '비누', '레몬버베나', '정보', '케어', '용량', '정보', '고체', '그린', '정보']","['난리_가성비', '가성비_베스트', '베스트_아이템', '아이템_비교', '비교_블랙', '블랙_비누', '비누_레몬버베나', '레몬버베나_정보', '정보_케어', '케어_용량', '용량_정보', '정보_고체', '고체_그린', '그린_정보']","['난리', '가성비', '베스트', '아이템', '비교', '블랙', '비누', '레몬버베나', '정보', '케어', '용량', '정보', '고체', '그린', '정보', '난리_가성비', '가성비_베스트', '베스트_아이템', '아이템_비교', '비교_블랙', '블랙_비누', '비누_레몬버베나', '레몬버베나_정보', '정보_케어', '케어_용량', '용량_정보', '정보_고체', '고체_그린', '그린_정보']","['상세_정보', '상세_정보', '상세_정보']",,,0,[],0,[],0,중립,False
cafearticle,,헤드앤숄더 차콜 후기,사용 후기 가 좋았던 가성비템 샴푸바 꿀템정보 소개함니당 추천합니다 상세정보 amp 후기 11 뷰카 클래식 어성초 블랙 차콜 비누 레몬버베나향 100g 10개 16 900원 상세정보 블랙 차콜 비누 레몬버베나향 100g 10개 헤드앤숄더 가려운 두피케어 샴푸 대용량 1200ml,"['가성비', '꿀템', '정보', '소개', '정보', '클래식', '어성초', '블랙', '비누', '레몬버베나', '정보', '블랙', '비누', '레몬버베나', '케어', '용량']","['가성비_꿀템', '꿀템_정보', '정보_소개', '소개_정보', '정보_클래식', '클래식_어성초', '어성초_블랙', '블랙_비누', '비누_레몬버베나', '레몬버베나_정보', '정보_블랙', '블랙_비누', '비누_레몬버베나', '레몬버베나_케어', '케어_용량']","['가성비', '꿀템', '정보', '소개', '정보', '클래식', '어성초', '블랙', '비누', '레몬버베나', '정보', '블랙', '비누', '레몬버베나', '케어', '용량', '가성비_꿀템', '꿀템_정보', '정보_소개', '소개_정보', '정보_클래식', '클래식_어성초', '어성초_블랙', '블랙_비누', '비누_레몬버베나', '레몬버베나_정보', '정보_블랙', '블랙_비누', '비누_레몬버베나', '레몬버베나_케어', '케어_용량']","['상세_정보', '상세_정보']",,,0,[],1,['추천'],1,긍정,False
cafearticle,,헤드앤숄더 차콜 후기,인기아이템 노스페이스아노락 제품 후기 보기 사용기한 상품상세참조 두피타입 일반두피 옵션 헤드앤숄더 클래식 클린 안티 레드 차콜 린제이 프리미엄 진주 모델링팩 1kg 최저가 13900원 최대 139원 적립 총 16분이상이 5,"['인기', '아이템', '노스페이스아노락', '보기', '기한', '참조', '타입', '일반', '클래식', '클린', '안티', '레드', '프리미엄', '진주', '모델링', '이상']","['인기_아이템', '아이템_노스페이스아노락', '노스페이스아노락_보기', '보기_기한', '기한_참조', '참조_타입', '타입_일반', '일반_클래식', '클래식_클린', '클린_안티', '안티_레드', '레드_프리미엄', '프리미엄_진주', '진주_모델링', '모델링_이상']","['인기', '아이템', '노스페이스아노락', '보기', '기한', '참조', '타입', '일반', '클래식', '클린', '안티', '레드', '프리미엄', '진주', '모델링', '이상', '인기_아이템', '아이템_노스페이스아노락', '노스페이스아노락_보기', '보기_기한', '기한_참조', '참조_타입', '타입_일반', '일반_클래식', '클래식_클린', '클린_안티', '안티_레드', '레드_프리미엄', '프리미엄_진주', '진주_모델링', '모델링_이상']",['상세_참조'],,,0,[],0,[],0,중립,False
cafearticle,,헤드앤숄더 차콜 후기,다시 없을 가격대 그랑데 건조기 21kg 암막 차콜 신세계TV쇼핑 삼성 그랑데 AI 세탁기 건조기 세트 WF24T9500KE DV17T9720SE 최저가 3039000원 0개를 주셨습니다 제품 후기 보기 사용기한 상품상세참조 옵션 헤드앤숄더 클리니컬 스트렝스,"['가격대', '그랑', '건조기', '신세계', '쇼핑', '삼성', '그랑', '세탁기', '건조기', '세트', '보기', '기한', '참조', '클리니컬', '스트렝스']","['가격대_그랑', '그랑_건조기', '건조기_신세계', '신세계_쇼핑', '쇼핑_삼성', '삼성_그랑', '그랑_세탁기', '세탁기_건조기', '건조기_세트', '세트_보기', '보기_기한', '기한_참조', '참조_클리니컬', '클리니컬_스트렝스']","['가격대', '그랑', '건조기', '신세계', '쇼핑', '삼성', '그랑', '세탁기', '건조기', '세트', '보기', '기한', '참조', '클리니컬', '스트렝스', '가격대_그랑', '그랑_건조기', '건조기_신세계', '신세계_쇼핑', '쇼핑_삼성', '삼성_그랑', '그랑_세탁기', '세탁기_건조기', '건조기_세트', '세트_보기', '보기_기한', '기한_참조', '참조_클리니컬', '클리니컬_스트렝스']",['상세_참조'],,,0,[],0,[],0,중립,False
cafearticle,,헤드앤숄더 차콜 후기,금주의 핫딜 비스포크 인덕션 다크 차콜 최저가 12500원 최대 625원 적립 구매회원 18분이상이 5 0평점을 주었습니다 제품 0평점을 주었습니다 제품 후기 보기 사용기한 상세참조 옵션 헤드앤숄더 Head and Shoulders 클리니컬,"['금주', '비스포크', '인덕션', '다크', '회원', '이상', '보기', '기한', '참조', '클리니컬']","['금주_비스포크', '비스포크_인덕션', '인덕션_다크', '다크_회원', '회원_이상', '이상_보기', '보기_기한', '기한_참조', '참조_클리니컬']","['금주', '비스포크', '인덕션', '다크', '회원', '이상', '보기', '기한', '참조', '클리니컬', '금주_비스포크', '비스포크_인덕션', '인덕션_다크', '다크_회원', '회원_이상', '이상_보기', '보기_기한', '기한_참조', '참조_클리니컬']",['상세_참조'],,,0,[],0,[],0,중립,False
cafearticle,,헤드앤숄더 차콜 후기,망설이다 늦는 손난로 핫팩 충전 휴대용 0평점을 주셨습니다 제품 후기 보기 옵션 헤드앤숄더 Clinical Strength 지루 피부염 샴푸 2팩 다크 차콜 최저가 12500원 최대 625원 적립 리뷰어 22분이 5 0평점을 주셨습니다 제품 후기 보기 옵션,"['난로', '충전', '휴대', '지루', '피부염', '다크', '리뷰어']","['난로_충전', '충전_휴대', '휴대_지루', '지루_피부염', '피부염_다크', '다크_리뷰어']","['난로', '충전', '휴대', '지루', '피부염', '다크', '리뷰어', '난로_충전', '충전_휴대', '휴대_지루', '지루_피부염', '피부염_다크', '다크_리뷰어']",[],,,0,[],0,[],0,중립,False
cafearticle,,헤드앤숄더 차콜 후기,99 소장각 자동차핸들커버 친구가 좋다는데 0개를 주셨습니다 상품 후기 보기 옵션 오리지널 헤드앤숄더 클리니컬 스트렝스 비듬 샴푸 코타 차콜 한미 365 눈건강 루테인 60캡슐 2개월분 최저가 30900원 최대 1 545원 적립 구매자 15분이상이,"['소장', '자동차', '핸들', '커버', '친구', '오리지널', '클리니컬', '스트렝스', '비듬', '한미', '건강', '루테인', '캡슐', '구매자', '이상']","['소장_자동차', '자동차_핸들', '핸들_커버', '커버_친구', '친구_오리지널', '오리지널_클리니컬', '클리니컬_스트렝스', '스트렝스_비듬', '비듬_한미', '한미_건강', '건강_루테인', '루테인_캡슐', '캡슐_구매자', '구매자_이상']","['소장', '자동차', '핸들', '커버', '친구', '오리지널', '클리니컬', '스트렝스', '비듬', '한미', '건강', '루테인', '캡슐', '구매자', '이상', '소장_자동차', '자동차_핸들', '핸들_커버', '커버_친구', '친구_오리지널', '오리지널_클리니컬', '클리니컬_스트렝스', '스트렝스_비듬', '비듬_한미', '한미_건강', '건강_루테인', '루테인_캡슐', '캡슐_구매자', '구매자_이상']",[],,,0,[],0,[],0,중립,False
cafearticle,,헤드앤숄더 차콜 후기,꿀템 레드루트섬유유연제 범퍼시트 차콜 그레이 노스페이스키즈 아동 리모 플리스 자켓 NJ4FL52T_CAM 역대급 가격 106200원 최대 5 0평점을 주셨습니다 제품 후기 보기 두피타입 비듬샴푸 옵션 w 헤드앤숄더 클리니컬 스트렝쓰,"['레드', '루트', '섬유', '유연제', '범퍼', '시트', '그레이', '노스페이스', '키즈', '아동', '리모', '플리스', '자켓', '역대', '타입', '비듬', '클리니컬', '스트렝쓰']","['레드_루트', '루트_섬유', '섬유_유연제', '유연제_범퍼', '범퍼_시트', '시트_그레이', '그레이_노스페이스', '노스페이스_키즈', '키즈_아동', '아동_리모', '리모_플리스', '플리스_자켓', '자켓_역대', '역대_타입', '타입_비듬', '비듬_클리니컬', '클리니컬_스트렝쓰']","['레드', '루트', '섬유', '유연제', '범퍼', '시트', '그레이', '노스페이스', '키즈', '아동', '리모', '플리스', '자켓', '역대', '타입', '비듬', '클리니컬', '스트렝쓰', '레드_루트', '루트_섬유', '섬유_유연제', '유연제_범퍼', '범퍼_시트', '시트_그레이', '그레이_노스페이스', '노스페이스_키즈', '키즈_아동', '아동_리모', '리모_플리스', '플리스_자켓', '자켓_역대', '역대_타입', '타입_비듬', '비듬_클리니컬', '클리니컬_스트렝쓰']",[],,,0,[],0,[],0,중립,False
cafearticle,,헤드앤숄더 차콜 후기,수요일밤 구매시 타프스크린 0평점을 주었습니다 상품 후기 보기 옵션 오리지널 헤드앤숄더 클리니컬 스트렝스 비듬 샴푸 2종 차콜 AC845009 최저가 179000원 최대 1 790원 적립 실구매자 26분이상이 5 0평점을 주었습니다,"['수요일', '타프', '스크린', '오리지널', '클리니컬', '스트렝스', '비듬', '구매자', '이상']","['수요일_타프', '타프_스크린', '스크린_오리지널', '오리지널_클리니컬', '클리니컬_스트렝스', '스트렝스_비듬', '비듬_구매자', '구매자_이상']","['수요일', '타프', '스크린', '오리지널', '클리니컬', '스트렝스', '비듬', '구매자', '이상', '수요일_타프', '타프_스크린', '스크린_오리지널', '오리지널_클리니컬', '클리니컬_스트렝스', '스트렝스_비듬', '비듬_구매자', '구매자_이상']",[],,,0,[],0,[],0,중립,False
cafearticle,,헤드앤숄더 차콜 후기,꿀템 버버리가방 0평점을 주었습니다 상품 후기 보기 EMF 인증여부 EMF 인증 옵션 더안 EMF 차콜 그레이트리 캠핑 이라운드몰 미국 헤드앤숄더 클리니컬 스트렝스 비듬 샴푸 700 mLx2개 최저가격 55430원 최대 2 771원,"['버버리', '가방', '보기', '인증', '여부', '인증', '그레이', '트리', '캠핑', '이라운드몰', '미국', '클리니컬', '스트렝스', '비듬']","['버버리_가방', '가방_보기', '보기_인증', '인증_여부', '여부_인증', '인증_그레이', '그레이_트리', '트리_캠핑', '캠핑_이라운드몰', '이라운드몰_미국', '미국_클리니컬', '클리니컬_스트렝스', '스트렝스_비듬']","['버버리', '가방', '보기', '인증', '여부', '인증', '그레이', '트리', '캠핑', '이라운드몰', '미국', '클리니컬', '스트렝스', '비듬', '버버리_가방', '가방_보기', '보기_인증', '인증_여부', '여부_인증', '인증_그레이', '그레이_트리', '트리_캠핑', '캠핑_이라운드몰', '이라운드몰_미국', '미국_클리니컬', '클리니컬_스트렝스', '스트렝스_비듬']",[],,,0,[],0,[],0,중립,False
cafearticle,,헤드앤숄더 차콜 후기,망설이게 되는 2인용 소파베드 친구가 좋다는데 욜로 차콜 1 1 휴대용 칫솔살균기3 0 USB충전식 최저가 51800원 실구매자 13분이상이 5 0개를 0개를 주셨습니다 상품 후기 보기 구매옵션 헤드앤숄더 클리니컬 스트렝스 비듬 지루성두피 샴푸,"['소파', '베드', '친구', '휴대', '칫솔', '살균', '충전식', '구매자', '이상', '보기', '클리니컬', '스트렝스', '비듬', '지루']","['소파_베드', '베드_친구', '친구_휴대', '휴대_칫솔', '칫솔_살균', '살균_충전식', '충전식_구매자', '구매자_이상', '이상_보기', '보기_클리니컬', '클리니컬_스트렝스', '스트렝스_비듬', '비듬_지루']","['소파', '베드', '친구', '휴대', '칫솔', '살균', '충전식', '구매자', '이상', '보기', '클리니컬', '스트렝스', '비듬', '지루', '소파_베드', '베드_친구', '친구_휴대', '휴대_칫솔', '칫솔_살균', '살균_충전식', '충전식_구매자', '구매자_이상', '이상_보기', '보기_클리니컬', '클리니컬_스트렝스', '스트렝스_비듬', '비듬_지루']",[],,,0,[],0,[],0,중립,False
cafearticle,,헤드앤숄더 차콜 후기,주말전까지만 끌로에향수 0개를 주었습니다 상품 후기 보기 EMF 인증여부 EMF 인증 옵션 더안 EMF 차콜 그레이트리 캠핑 Shoulders 헤드앤숄더 클리니컬 스트랭스 댄드러프 샴푸 400ml 2팩 Clinical Strength Advanced Oil Control,"['주말', '끌로에', '향수', '보기', '인증', '여부', '인증', '그레이', '트리', '캠핑', '클리니컬', '스트랭스', '댄드러프']","['주말_끌로에', '끌로에_향수', '향수_보기', '보기_인증', '인증_여부', '여부_인증', '인증_그레이', '그레이_트리', '트리_캠핑', '캠핑_클리니컬', '클리니컬_스트랭스', '스트랭스_댄드러프']","['주말', '끌로에', '향수', '보기', '인증', '여부', '인증', '그레이', '트리', '캠핑', '클리니컬', '스트랭스', '댄드러프', '주말_끌로에', '끌로에_향수', '향수_보기', '보기_인증', '인증_여부', '여부_인증', '인증_그레이', '그레이_트리', '트리_캠핑', '캠핑_클리니컬', '클리니컬_스트랭스', '스트랭스_댄드러프']",[],,,0,[],0,[],0,중립,False
cafearticle,,헤드앤숄더 차콜 후기,불금에는 이거 디스커버리백팩 0평점을 주었습니다 제품 후기 보기 옵션 더안 무자계 1인용 캠핑 전기요 DHP 5160 차콜 다이아 0평점을 주었습니다 제품 후기 보기 사용기한 상품상세참조 옵션 헤드앤숄더 클리니컬,"['디스커버리', '캠핑', '전기', '다이아', '보기', '기한', '참조', '클리니컬']","['디스커버리_캠핑', '캠핑_전기', '전기_다이아', '다이아_보기', '보기_기한', '기한_참조', '참조_클리니컬']","['디스커버리', '캠핑', '전기', '다이아', '보기', '기한', '참조', '클리니컬', '디스커버리_캠핑', '캠핑_전기', '전기_다이아', '다이아_보기', '보기_기한', '기한_참조', '참조_클리니컬']",['상세_참조'],,,0,[],0,[],0,중립,False
cafearticle,,헤드앤숄더 차콜 후기,화제집중 lg에어컨 0개를 주었습니다 제품 후기 보기 옵션 베딩라인 등받이 삼각 등쿠션 모던체크 차콜 머슬테크 1개 헤드앤숄더 비듬 샴푸 지루성두피 가려운두피 샴푸 amp 컨디셔널 모음 최저가격 23900원 최대 1 195원,"['화제', '집중', '에어컨', '라인', '등받이', '삼각', '쿠션', '모던', '체크', '머슬테크', '1개', '비듬', '지루', '컨디셔널', '모음']","['화제_집중', '집중_에어컨', '에어컨_라인', '라인_등받이', '등받이_삼각', '삼각_쿠션', '쿠션_모던', '모던_체크', '체크_머슬테크', '머슬테크_1개', '1개_비듬', '비듬_지루', '지루_컨디셔널', '컨디셔널_모음']","['화제', '집중', '에어컨', '라인', '등받이', '삼각', '쿠션', '모던', '체크', '머슬테크', '1개', '비듬', '지루', '컨디셔널', '모음', '화제_집중', '집중_에어컨', '에어컨_라인', '라인_등받이', '등받이_삼각', '삼각_쿠션', '쿠션_모던', '모던_체크', '체크_머슬테크', '머슬테크_1개', '1개_비듬', '비듬_지루', '지루_컨디셔널', '컨디셔널_모음']",[],,,0,[],0,[],0,중립,False
cafearticle,,헤드앤숄더 차콜 후기,리뷰 인텔 LGA 1150 상품 후기 보기 지역 구분 대구 경북 소상공인 옵션 마틸라 세이브 M2 침대패드 차콜 x2개 헤드앤숄더 딥 클린 샴푸 최저가 12960원 최대 648원 적립 구매자 11분께서 5 0개를 주었습니다,"['리뷰', '인텔', '지역', '구분', '대구', '경북', '상공인', '마틸라', '세이브', '침대', '패드', '클린', '구매자']","['리뷰_인텔', '인텔_지역', '지역_구분', '구분_대구', '대구_경북', '경북_상공인', '상공인_마틸라', '마틸라_세이브', '세이브_침대', '침대_패드', '패드_클린', '클린_구매자']","['리뷰', '인텔', '지역', '구분', '대구', '경북', '상공인', '마틸라', '세이브', '침대', '패드', '클린', '구매자', '리뷰_인텔', '인텔_지역', '지역_구분', '구분_대구', '대구_경북', '경북_상공인', '상공인_마틸라', '마틸라_세이브', '세이브_침대', '침대_패드', '패드_클린', '클린_구매자']",[],,,0,[],0,[],0,중립,False
cafearticle,,헤드앤숄더 차콜 후기,망설이게 되는 뉴질랜드 초록홍합 10000 0개를 주었습니다 상품 후기 보기 옵션 Head u0026 Shoulders Clinical Strength Shampoo 47oz 헤드앤숄더 가능 차콜 1개 더자리 붙이는 다용도 셀프 블라인드 2p 최저가 10900원 최대 109원 적립 구매자,"['뉴질랜드', '초록', '홍합', '가능', '자리', '다용도', '셀프', '블라인드', '구매자']","['뉴질랜드_초록', '초록_홍합', '홍합_가능', '가능_자리', '자리_다용도', '다용도_셀프', '셀프_블라인드', '블라인드_구매자']","['뉴질랜드', '초록', '홍합', '가능', '자리', '다용도', '셀프', '블라인드', '구매자', '뉴질랜드_초록', '초록_홍합', '홍합_가능', '가능_자리', '자리_다용도', '다용도_셀프', '셀프_블라인드', '블라인드_구매자']",[],,,0,[],0,[],0,중립,False
cafearticle,,헤드앤숄더 차콜 후기,다시 없을 가격대 폴로모자 회전형 차콜 블랙 HAR382854NEXT 352SU 외장하드케이스 도시바외장하드 외장하드4tb ssd외장하드 제품 후기 보기 구매옵션 프라다 사피아노 카드지갑 1MC025 QWA 블랙 레드 택1 헤드앤숄더 쿨 멘솔 샴푸,"['폴로', '모자', '회전', '블랙', '외장', '하드', '케이스', '도시바', '외장', '하드', '외장', '하드', '외장', '하드', '보기', '프라다', '피아노', '카드', '지갑', '블랙', '레드']","['폴로_모자', '모자_회전', '회전_블랙', '블랙_외장', '외장_하드', '하드_케이스', '케이스_도시바', '도시바_외장', '외장_하드', '하드_외장', '외장_하드', '하드_외장', '외장_하드', '하드_보기', '보기_프라다', '프라다_피아노', '피아노_카드', '카드_지갑', '지갑_블랙', '블랙_레드']","['폴로', '모자', '회전', '블랙', '외장', '하드', '케이스', '도시바', '외장', '하드', '외장', '하드', '외장', '하드', '보기', '프라다', '피아노', '카드', '지갑', '블랙', '레드', '폴로_모자', '모자_회전', '회전_블랙', '블랙_외장', '외장_하드', '하드_케이스', '케이스_도시바', '도시바_외장', '외장_하드', '하드_외장', '외장_하드', '하드_외장', '외장_하드', '하드_보기', '보기_프라다', '프라다_피아노', '피아노_카드', '카드_지갑', '지갑_블랙', '블랙_레드']",[],,,0,[],0,[],0,중립,False
cafearticle,,헤드앤숄더 차콜 후기,인기아이템 실내슬리퍼 세트 차콜 크림 실내슬리퍼 상품에 대해서 잘 보셨나요 추가로 최근 인기 많으면서 최저가 0개를 주셨습니다 제품 후기 보기 옵션 헤드앤숄더 클리니컬 스트렝스 비듬 지루성두피 샴푸 400ml 2개,"['인기', '아이템', '실내', '슬리퍼', '세트', '크림', '실내', '슬리퍼', '추가', '인기', '클리니컬', '스트렝스', '비듬', '지루']","['인기_아이템', '아이템_실내', '실내_슬리퍼', '슬리퍼_세트', '세트_크림', '크림_실내', '실내_슬리퍼', '슬리퍼_추가', '추가_인기', '인기_클리니컬', '클리니컬_스트렝스', '스트렝스_비듬', '비듬_지루']","['인기', '아이템', '실내', '슬리퍼', '세트', '크림', '실내', '슬리퍼', '추가', '인기', '클리니컬', '스트렝스', '비듬', '지루', '인기_아이템', '아이템_실내', '실내_슬리퍼', '슬리퍼_세트', '세트_크림', '크림_실내', '실내_슬리퍼', '슬리퍼_추가', '추가_인기', '인기_클리니컬', '클리니컬_스트렝스', '스트렝스_비듬', '비듬_지루']",[],,,0,[],0,[],0,중립,False
cafearticle,,헤드앤숄더 차콜 후기,스와로브스키목걸이 잘 아는 분 0평점을 주셨습니다 제품 후기 보기 옵션 Head u0026Shoulder 헤드앤숄더 클리니컬 스트랭스 비듬 캠핑용전기장판 차콜 그레이트리 캠핑전기매트 최저가격 139000원 최대 6 950원 적립 구매자,"['스와로브스키', '목걸이', '클리니컬', '스트랭스', '비듬', '캠핑', '전기', '장판', '그레이', '트리', '캠핑', '전기', '매트', '구매자']","['스와로브스키_목걸이', '목걸이_클리니컬', '클리니컬_스트랭스', '스트랭스_비듬', '비듬_캠핑', '캠핑_전기', '전기_장판', '장판_그레이', '그레이_트리', '트리_캠핑', '캠핑_전기', '전기_매트', '매트_구매자']","['스와로브스키', '목걸이', '클리니컬', '스트랭스', '비듬', '캠핑', '전기', '장판', '그레이', '트리', '캠핑', '전기', '매트', '구매자', '스와로브스키_목걸이', '목걸이_클리니컬', '클리니컬_스트랭스', '스트랭스_비듬', '비듬_캠핑', '캠핑_전기', '전기_장판', '장판_그레이', '그레이_트리', '트리_캠핑', '캠핑_전기', '전기_매트', '매트_구매자']",[],,,0,[],0,[],0,중립,False
cafearticle,,헤드앤숄더 차콜 후기,최저가 하트 틀 구매할 수 있는 곳 0평점을 주었습니다 상품 후기 보기 옵션 듀플렉스 대용량 초음파 가습기 DP 9970UH 헤드앤숄더 코타 차콜 시스맥스 마이룸 멀티박스 중형 역대급 가격 17650원 최대 883원 적립 구매자 19분께서,"['하트', '듀플렉스', '용량', '음파', '가습기', '시스맥스', '마이', '멀티', '박스', '중형', '역대', '구매자']","['하트_듀플렉스', '듀플렉스_용량', '용량_음파', '음파_가습기', '가습기_시스맥스', '시스맥스_마이', '마이_멀티', '멀티_박스', '박스_중형', '중형_역대', '역대_구매자']","['하트', '듀플렉스', '용량', '음파', '가습기', '시스맥스', '마이', '멀티', '박스', '중형', '역대', '구매자', '하트_듀플렉스', '듀플렉스_용량', '용량_음파', '음파_가습기', '가습기_시스맥스', '시스맥스_마이', '마이_멀티', '멀티_박스', '박스_중형', '중형_역대', '역대_구매자']",[],,,0,[],0,[],0,중립,False
cafearticle,,헤드앤숄더 차콜 후기,금주의 핫딜 손난로 핫팩 하루온 상품 후기 보기 신축성 유무 신축성 있음 팬츠 핏 일자조거핏 소재 면97 스판3 색상계열 차콜 2pk 헤드앤숄더 클리니컬 스트렝스 샴푸 23 7oz 700ml 2팩 지금 최저가 66700원 최대 3 335원 적립 구매회원,"['금주', '난로', '하루', '신축', '유무', '신축', '팬츠', '일자조거핏', '소재', '스판', '색상', '계열', '클리니컬', '스트렝스', '회원']","['금주_난로', '난로_하루', '하루_신축', '신축_유무', '유무_신축', '신축_팬츠', '팬츠_일자조거핏', '일자조거핏_소재', '소재_스판', '스판_색상', '색상_계열', '계열_클리니컬', '클리니컬_스트렝스', '스트렝스_회원']","['금주', '난로', '하루', '신축', '유무', '신축', '팬츠', '일자조거핏', '소재', '스판', '색상', '계열', '클리니컬', '스트렝스', '회원', '금주_난로', '난로_하루', '하루_신축', '신축_유무', '유무_신축', '신축_팬츠', '팬츠_일자조거핏', '일자조거핏_소재', '소재_스판', '스판_색상', '색상_계열', '계열_클리니컬', '클리니컬_스트렝스', '스트렝스_회원']",[],,,0,[],0,[],0,중립,False
cafearticle,,헤드앤숄더 차콜 후기,품절대란제품 차박텐트 0평점을 주셨습니다 상품 후기 보기 두피타입 비듬샴푸 옵션 w 헤드앤숄더 클리니컬 스트렝쓰 아이보리 차콜 스타 써모스 보온병 풀패키지 선물용 보냉병 텀블러 최저가격 95600원 최대 4 780원,"['품절', '대란', '차박', '텐트', '타입', '비듬', '클리니컬', '스트렝쓰', '아이보리', '스타', '써모스', '보온병', '패키지', '선물', '텀블러']","['품절_대란', '대란_차박', '차박_텐트', '텐트_타입', '타입_비듬', '비듬_클리니컬', '클리니컬_스트렝쓰', '스트렝쓰_아이보리', '아이보리_스타', '스타_써모스', '써모스_보온병', '보온병_패키지', '패키지_선물', '선물_텀블러']","['품절', '대란', '차박', '텐트', '타입', '비듬', '클리니컬', '스트렝쓰', '아이보리', '스타', '써모스', '보온병', '패키지', '선물', '텀블러', '품절_대란', '대란_차박', '차박_텐트', '텐트_타입', '타입_비듬', '비듬_클리니컬', '클리니컬_스트렝쓰', '스트렝쓰_아이보리', '아이보리_스타', '스타_써모스', '써모스_보온병', '보온병_패키지', '패키지_선물', '선물_텀블러']",[],,,0,[],0,[],0,중립,False
cafearticle,,헤드앤숄더 차콜 후기,망설이게 되는 하만카돈 AURA STUDIO 3 블루투스 스피커 0개를 주셨습니다 제품 후기 보기 옵션 JBL Tune 120 TWS 블루투스 무선 이어폰 블랙 헤드앤숄더 후기 보기 케이스 종류 커버 다이어리형 옵션 뷰씨 S펜수납 스마트 커버 태블릿 케이스 차콜 그레,"['하만 카돈', '블루투스', '스피커', '블루투스', '무선', '이어폰', '블랙', '헤드', '케이스', '종류', '커버', '다이어리', '수납', '스마트', '커버', '태블릿', '케이스', '그레']","['하만 카돈_블루투스', '블루투스_스피커', '스피커_블루투스', '블루투스_무선', '무선_이어폰', '이어폰_블랙', '블랙_헤드', '헤드_케이스', '케이스_종류', '종류_커버', '커버_다이어리', '다이어리_수납', '수납_스마트', '스마트_커버', '커버_태블릿', '태블릿_케이스', '케이스_그레']","['하만 카돈', '블루투스', '스피커', '블루투스', '무선', '이어폰', '블랙', '헤드', '케이스', '종류', '커버', '다이어리', '수납', '스마트', '커버', '태블릿', '케이스', '그레', '하만 카돈_블루투스', '블루투스_스피커', '스피커_블루투스', '블루투스_무선', '무선_이어폰', '이어폰_블랙', '블랙_헤드', '헤드_케이스', '케이스_종류', '종류_커버', '커버_다이어리', '다이어리_수납', '수납_스마트', '스마트_커버', '커버_태블릿', '태블릿_케이스', '케이스_그레']",[],,,0,[],0,[],0,중립,False
cafearticle,,헤드앤숄더 차콜 후기,망설이다 늦는 빼빼로 혼합 40 분리형 차콜 Apple 아이폰 12 Pro Max 지금 최저가 1630000원 구매회원 26분이상이 5 0평점을 0평점을 주셨습니다 제품 후기 보기 사용기한 상품 상세페이지 참조 옵션 헤드앤숄더 클리니컬,"['빼빼로', '혼합', '분리', '아이폰', '회원', '이상', '보기', '기한', '페이지', '참조', '클리니컬']","['빼빼로_혼합', '혼합_분리', '분리_아이폰', '아이폰_회원', '회원_이상', '이상_보기', '보기_기한', '기한_페이지', '페이지_참조', '참조_클리니컬']","['빼빼로', '혼합', '분리', '아이폰', '회원', '이상', '보기', '기한', '페이지', '참조', '클리니컬', '빼빼로_혼합', '혼합_분리', '분리_아이폰', '아이폰_회원', '회원_이상', '이상_보기', '보기_기한', '기한_페이지', '페이지_참조', '참조_클리니컬']",['상세_페이지'],,,0,[],0,[],0,중립,False
cafearticle,,헤드앤숄더 차콜 후기,불금에는 이거 psp 4 컨트롤러 와이프가 대만족 0개를 주셨습니다 제품 후기 보기 옵션 뉴포뮬라 헤드앤숄더 클리니컬 스트렝스 비듬샴푸 시트 차콜 멜로스타 아포아룸 헤이든 선염 방수 테이블러너 최저가 16620원 최대 163원 적립 구매자,"['컨트롤러', '와이프', '만족', '뉴포뮬라', '클리니컬', '스트렝스', '비듬', '시트', '멜로', '스타', '아포아룸', '헤이든', '선염', '방수', '테이블', '러너', '구매자']","['컨트롤러_와이프', '와이프_만족', '만족_뉴포뮬라', '뉴포뮬라_클리니컬', '클리니컬_스트렝스', '스트렝스_비듬', '비듬_시트', '시트_멜로', '멜로_스타', '스타_아포아룸', '아포아룸_헤이든', '헤이든_선염', '선염_방수', '방수_테이블', '테이블_러너', '러너_구매자']","['컨트롤러', '와이프', '만족', '뉴포뮬라', '클리니컬', '스트렝스', '비듬', '시트', '멜로', '스타', '아포아룸', '헤이든', '선염', '방수', '테이블', '러너', '구매자', '컨트롤러_와이프', '와이프_만족', '만족_뉴포뮬라', '뉴포뮬라_클리니컬', '클리니컬_스트렝스', '스트렝스_비듬', '비듬_시트', '시트_멜로', '멜로_스타', '스타_아포아룸', '아포아룸_헤이든', '헤이든_선염', '선염_방수', '방수_테이블', '테이블_러너', '러너_구매자']",[],,,0,[],0,[],0,중립,False
cafearticle,,헤드앤숄더 차콜 후기,구매1순위 팁토이조이 상품 후기 보기 커튼종류 암막 옵션 끌래망스 내추럴 암막 콤비블라인드 차콜 삼성 RF85T911135 MADU 헤드앤숄더 클리니컬 스트렝스 비듬샴푸 400ml 2팩 신상품 가려움증 완화샴푸 쿨링멘톨 최저가,"['순위', '팁토이조이', '커튼', '종류', '끌래망스', '내추럴', '콤비', '블라인드', '삼성', '클리니컬', '스트렝스', '비듬', '가려움증', '완화', '쿨링멘톨']","['순위_팁토이조이', '팁토이조이_커튼', '커튼_종류', '종류_끌래망스', '끌래망스_내추럴', '내추럴_콤비', '콤비_블라인드', '블라인드_삼성', '삼성_클리니컬', '클리니컬_스트렝스', '스트렝스_비듬', '비듬_가려움증', '가려움증_완화', '완화_쿨링멘톨']","['순위', '팁토이조이', '커튼', '종류', '끌래망스', '내추럴', '콤비', '블라인드', '삼성', '클리니컬', '스트렝스', '비듬', '가려움증', '완화', '쿨링멘톨', '순위_팁토이조이', '팁토이조이_커튼', '커튼_종류', '종류_끌래망스', '끌래망스_내추럴', '내추럴_콤비', '콤비_블라인드', '블라인드_삼성', '삼성_클리니컬', '클리니컬_스트렝스', '스트렝스_비듬', '비듬_가려움증', '가려움증_완화', '완화_쿨링멘톨']",[],,,1,['가려움'],0,[],-1,이탈위험,False
cafearticle,,헤드앤숄더 차콜 후기,품절대란제품 핸드폰소독기 제품 후기 보기 옵션 1등급 5도어 삼성 BESPOKE 냉장고 RF85A92K1AP 전자레인지 상_화이트 하_ 차콜 0개를 주셨습니다 제품 후기 보기 옵션 Head u0026Shoulders Clinical Strength Anti Dandruff Shampoo 헤드앤숄더,"['품절', '대란', '핸드폰', '소독', '등급', '삼성', '냉장고', '전자', '레인지', '화이트']","['품절_대란', '대란_핸드폰', '핸드폰_소독', '소독_등급', '등급_삼성', '삼성_냉장고', '냉장고_전자', '전자_레인지', '레인지_화이트']","['품절', '대란', '핸드폰', '소독', '등급', '삼성', '냉장고', '전자', '레인지', '화이트', '품절_대란', '대란_핸드폰', '핸드폰_소독', '소독_등급', '등급_삼성', '삼성_냉장고', '냉장고_전자', '전자_레인지', '레인지_화이트']",[],,,0,[],0,[],0,중립,False
cafearticle,,헤드앤숄더 차콜 후기,99 소장각 양털 후리스 구매할 수 있는 곳 0개를 주셨습니다 상품 후기 보기 사용기한 상품 상세페이지 참조 옵션 헤드앤숄더 클리니컬 케이스 차콜 블랙 낚시 지금 최저가 61600원 최대 3 080원 적립 구매회원 24분이상이 5 0개를,"['소장', '양털', '후리스', '보기', '기한', '페이지', '참조', '클리니컬', '케이스', '블랙', '낚시', '회원', '이상']","['소장_양털', '양털_후리스', '후리스_보기', '보기_기한', '기한_페이지', '페이지_참조', '참조_클리니컬', '클리니컬_케이스', '케이스_블랙', '블랙_낚시', '낚시_회원', '회원_이상']","['소장', '양털', '후리스', '보기', '기한', '페이지', '참조', '클리니컬', '케이스', '블랙', '낚시', '회원', '이상', '소장_양털', '양털_후리스', '후리스_보기', '보기_기한', '기한_페이지', '페이지_참조', '참조_클리니컬', '클리니컬_케이스', '케이스_블랙', '블랙_낚시', '낚시_회원', '회원_이상']",['상세_페이지'],,,0,[],0,[],0,중립,False
cafearticle,,헤드앤숄더 차콜 후기,화요일 구매시 남성 가을 자켓 목록 아이보리 차콜 스타 Mercedes Benz C Class E Class S Class GLC Class Maybach 독일 오리지널 자동차 향수 아로마 0평점을 주었습니다 상품 후기 보기 옵션 Head u0026Shoulder 헤드앤숄더 클리니컬 스트랭스 비듬,"['화요일', '남성', '가을', '자켓', '목록', '아이보리', '스타', '독일', '오리지널', '자동차', '향수', '아로마', '클리니컬', '스트랭스', '비듬']","['화요일_남성', '남성_가을', '가을_자켓', '자켓_목록', '목록_아이보리', '아이보리_스타', '스타_독일', '독일_오리지널', '오리지널_자동차', '자동차_향수', '향수_아로마', '아로마_클리니컬', '클리니컬_스트랭스', '스트랭스_비듬']","['화요일', '남성', '가을', '자켓', '목록', '아이보리', '스타', '독일', '오리지널', '자동차', '향수', '아로마', '클리니컬', '스트랭스', '비듬', '화요일_남성', '남성_가을', '가을_자켓', '자켓_목록', '목록_아이보리', '아이보리_스타', '스타_독일', '독일_오리지널', '오리지널_자동차', '자동차_향수', '향수_아로마', '아로마_클리니컬', '클리니컬_스트랭스', '스트랭스_비듬']",[],,,0,[],0,[],0,중립,False
cafearticle,,헤드앤숄더 차콜 후기,주말전까지만 비틀즈 lp판 제품 후기 보기 옵션 덕스듀시스 애플펜슬 수납 도모 스마트 태블릿 케이스 차콜 블랙 키스미 SIF PC14NX 헤드앤숄더 딥 클린 샴푸 최저가격 12960원 최대 648원 적립 구매자 13분께서 5 0개를,"['주말', '비틀즈', '덕스듀시스', '애플펜슬', '수납', '스마트', '태블릿', '케이스', '블랙', '키스미', '클린', '구매자']","['주말_비틀즈', '비틀즈_덕스듀시스', '덕스듀시스_애플펜슬', '애플펜슬_수납', '수납_스마트', '스마트_태블릿', '태블릿_케이스', '케이스_블랙', '블랙_키스미', '키스미_클린', '클린_구매자']","['주말', '비틀즈', '덕스듀시스', '애플펜슬', '수납', '스마트', '태블릿', '케이스', '블랙', '키스미', '클린', '구매자', '주말_비틀즈', '비틀즈_덕스듀시스', '덕스듀시스_애플펜슬', '애플펜슬_수납', '수납_스마트', '스마트_태블릿', '태블릿_케이스', '케이스_블랙', '블랙_키스미', '키스미_클린', '클린_구매자']",[],,,0,[],0,[],0,중립,False
cafearticle,,헤드앤숄더 차콜 후기,남자조거팬츠 만족합니다 제품 후기 보기 신축성 유무 신축성 있음 팬츠 핏 일자조거핏 소재 면97 스판3 색상계열 차콜 0개를 주었습니다 제품 후기 보기 사용기한 상품 상세페이지 참조 옵션 헤드앤숄더 클리니컬,"['남자조거팬츠', '만족', '신축', '유무', '신축', '팬츠', '일자조거핏', '소재', '스판', '색상', '계열', '보기', '기한', '페이지', '참조', '클리니컬']","['남자조거팬츠_만족', '만족_신축', '신축_유무', '유무_신축', '신축_팬츠', '팬츠_일자조거핏', '일자조거핏_소재', '소재_스판', '스판_색상', '색상_계열', '계열_보기', '보기_기한', '기한_페이지', '페이지_참조', '참조_클리니컬']","['남자조거팬츠', '만족', '신축', '유무', '신축', '팬츠', '일자조거핏', '소재', '스판', '색상', '계열', '보기', '기한', '페이지', '참조', '클리니컬', '남자조거팬츠_만족', '만족_신축', '신축_유무', '유무_신축', '신축_팬츠', '팬츠_일자조거핏', '일자조거핏_소재', '소재_스판', '스판_색상', '색상_계열', '계열_보기', '보기_기한', '기한_페이지', '페이지_참조', '참조_클리니컬']",['상세_페이지'],,,0,[],0,[],0,중립,False
cafearticle,,헤드앤숄더 차콜 후기,순비기 0평점을 주셨습니다 상품 후기 보기 옵션 헤드앤숄더 클리니컬 스트랭스 비듬 가려움 완화 시트 차콜 멜로스타 잭앤질 새틴장식 로퍼 플랫슈즈 JA0145 최저가 35200원 최대 1 760원 적립 구매자,"['순비기', '클리니컬', '스트랭스', '비듬', '완화', '시트', '멜로', '스타', '잭 앤 질', '새틴', '장식', '로퍼', '플랫', '슈즈', '구매자']","['순비기_클리니컬', '클리니컬_스트랭스', '스트랭스_비듬', '비듬_완화', '완화_시트', '시트_멜로', '멜로_스타', '스타_잭 앤 질', '잭 앤 질_새틴', '새틴_장식', '장식_로퍼', '로퍼_플랫', '플랫_슈즈', '슈즈_구매자']","['순비기', '클리니컬', '스트랭스', '비듬', '완화', '시트', '멜로', '스타', '잭 앤 질', '새틴', '장식', '로퍼', '플랫', '슈즈', '구매자', '순비기_클리니컬', '클리니컬_스트랭스', '스트랭스_비듬', '비듬_완화', '완화_시트', '시트_멜로', '멜로_스타', '스타_잭 앤 질', '잭 앤 질_새틴', '새틴_장식', '장식_로퍼', '로퍼_플랫', '플랫_슈즈', '슈즈_구매자']",[],,,1,['가려움'],0,[],-1,이탈위험,False
cafearticle,,헤드앤숄더 차콜 후기,품절재입고 메디니스 온열 손마사지기 모두 좋아하던데요 린제이 차콜 매직 겔 모델링팩 550g 최저가격 19800원 최대 990원 적립 구매자 22분께서 5 0평점을 상품 후기 보기 사용기한 상세페이지참조 두피타입 일반두피 옵션 헤드앤숄더 클리니컬 스트렝스,"['품절', '메디니스', '마사지', '린제이', '매직', '모델링', '구매자', '보기', '기한', '페이지', '참조', '타입', '일반', '클리니컬', '스트렝스']","['품절_메디니스', '메디니스_마사지', '마사지_린제이', '린제이_매직', '매직_모델링', '모델링_구매자', '구매자_보기', '보기_기한', '기한_페이지', '페이지_참조', '참조_타입', '타입_일반', '일반_클리니컬', '클리니컬_스트렝스']","['품절', '메디니스', '마사지', '린제이', '매직', '모델링', '구매자', '보기', '기한', '페이지', '참조', '타입', '일반', '클리니컬', '스트렝스', '품절_메디니스', '메디니스_마사지', '마사지_린제이', '린제이_매직', '매직_모델링', '모델링_구매자', '구매자_보기', '보기_기한', '기한_페이지', '페이지_참조', '참조_타입', '타입_일반', '일반_클리니컬', '클리니컬_스트렝스']",['상세_페이지'],,,0,[],0,[],0,중립,False
cafearticle,,헤드앤숄더 차콜 후기,컴투게더 강추상품 리뷰모음 장점 단점 비용 비법 전문가가 추천하는 컴투게더 이번 기회에 구매추천드려 포텐샤샴푸 헤드앤숄더 샴푸 관련 영상 베스트인기 리스트 인기BEST 1 DVD 컴 투게더 증정 차콜 88 000원 제품 후기 및 상세 인기BEST 14 컴투게더 V 차량용 미니 공기살균기 전용 2단 컵홀더,"['컴투게더', '리뷰', '모음', '장점', '단점', '비용', '비법', '전문가', '컴투게더', '이번', '기회', '포텐샤', '베스트', '인기', '리스트', '인기', '투게더', '증정', '인기', '컴투게더', '차량', '미니', '공기', '살균', '전용', '홀더']","['컴투게더_리뷰', '리뷰_모음', '모음_장점', '장점_단점', '단점_비용', '비용_비법', '비법_전문가', '전문가_컴투게더', '컴투게더_이번', '이번_기회', '기회_포텐샤', '포텐샤_베스트', '베스트_인기', '인기_리스트', '리스트_인기', '인기_투게더', '투게더_증정', '증정_인기', '인기_컴투게더', '컴투게더_차량', '차량_미니', '미니_공기', '공기_살균', '살균_전용', '전용_홀더']","['컴투게더', '리뷰', '모음', '장점', '단점', '비용', '비법', '전문가', '컴투게더', '이번', '기회', '포텐샤', '베스트', '인기', '리스트', '인기', '투게더', '증정', '인기', '컴투게더', '차량', '미니', '공기', '살균', '전용', '홀더', '컴투게더_리뷰', '리뷰_모음', '모음_장점', '장점_단점', '단점_비용', '비용_비법', '비법_전문가', '전문가_컴투게더', '컴투게더_이번', '이번_기회', '기회_포텐샤', '포텐샤_베스트', '베스트_인기', '인기_리스트', '리스트_인기', '인기_투게더', '투게더_증정', '증정_인기', '인기_컴투게더', '컴투게더_차량', '차량_미니', '미니_공기', '공기_살균', '살균_전용', '전용_홀더']",['상세_인기'],,,0,[],2,"['추천', '강추']",2,긍정,False
cafearticle,,헤드앤숄더 차콜 후기,인기아이템 접이식매트리스 뒤 차콜 화이트 삼성전자 삼성 비스포크 김치냉장고 RQ48T94C1AP 무료배송 최저가 2390810원 최대 50 0개를 주셨습니다 상품 후기 보기 옵션 NEW 헤드앤숄더 클리니컬 스트렝스 비듬 가려움 완화,"['인기', '아이템', '접이식', '매트리스', '화이트', '삼성전자', '삼성', '비스포크', '김치냉장고', '무료', '배송', '클리니컬', '스트렝스', '비듬', '완화']","['인기_아이템', '아이템_접이식', '접이식_매트리스', '매트리스_화이트', '화이트_삼성전자', '삼성전자_삼성', '삼성_비스포크', '비스포크_김치냉장고', '김치냉장고_무료', '무료_배송', '배송_클리니컬', '클리니컬_스트렝스', '스트렝스_비듬', '비듬_완화']","['인기', '아이템', '접이식', '매트리스', '화이트', '삼성전자', '삼성', '비스포크', '김치냉장고', '무료', '배송', '클리니컬', '스트렝스', '비듬', '완화', '인기_아이템', '아이템_접이식', '접이식_매트리스', '매트리스_화이트', '화이트_삼성전자', '삼성전자_삼성', '삼성_비스포크', '비스포크_김치냉장고', '김치냉장고_무료', '무료_배송', '배송_클리니컬', '클리니컬_스트렝스', '스트렝스_비듬', '비듬_완화']",[],,,1,['가려움'],0,[],-1,이탈위험,False
cafearticle,,헤드앤숄더 차콜 후기,구매1순위 침대협탁 구매할 수 있는 곳 0개를 주었습니다 제품 후기 보기 EMF 인증여부 EMF 인증 옵션 더안 EMF 차콜 그레이트리 캠핑 1개 헤드앤숄더 클리니컬 스트렝스 비듬 샴푸 700ml x 2개 세트 지금 최저가 17000원 최대 850원 적립,"['순위', '침대협탁', '보기', '인증', '여부', '인증', '그레이', '트리', '캠핑', '클리니컬', '스트렝스', '비듬', '세트']","['순위_침대협탁', '침대협탁_보기', '보기_인증', '인증_여부', '여부_인증', '인증_그레이', '그레이_트리', '트리_캠핑', '캠핑_클리니컬', '클리니컬_스트렝스', '스트렝스_비듬', '비듬_세트']","['순위', '침대협탁', '보기', '인증', '여부', '인증', '그레이', '트리', '캠핑', '클리니컬', '스트렝스', '비듬', '세트', '순위_침대협탁', '침대협탁_보기', '보기_인증', '인증_여부', '여부_인증', '인증_그레이', '그레이_트리', '트리_캠핑', '캠핑_클리니컬', '클리니컬_스트렝스', '스트렝스_비듬', '비듬_세트']",[],,,0,[],0,[],0,중립,False
cafearticle,,헤드앤숄더 차콜 후기,품절대란제품 차이슨 헤어드라이기 세트 차콜 그레이 배터리 자동차 방전 점프 스타터 12V 배터리 20000mAh 최저가 38100원 최대 1 905원 0개를 주었습니다 상품 후기 보기 옵션 헤드앤숄더 클리니컬 스트렝스 비듬 샴푸 400ml2개 단품,"['품절', '대란', '차이', '드라이기', '세트', '그레이', '배터리', '자동차', '방전', '점프', '스타터', '배터리', '클리니컬', '스트렝스', '비듬']","['품절_대란', '대란_차이', '차이_드라이기', '드라이기_세트', '세트_그레이', '그레이_배터리', '배터리_자동차', '자동차_방전', '방전_점프', '점프_스타터', '스타터_배터리', '배터리_클리니컬', '클리니컬_스트렝스', '스트렝스_비듬']","['품절', '대란', '차이', '드라이기', '세트', '그레이', '배터리', '자동차', '방전', '점프', '스타터', '배터리', '클리니컬', '스트렝스', '비듬', '품절_대란', '대란_차이', '차이_드라이기', '드라이기_세트', '세트_그레이', '그레이_배터리', '배터리_자동차', '자동차_방전', '방전_점프', '점프_스타터', '스타터_배터리', '배터리_클리니컬', '클리니컬_스트렝스', '스트렝스_비듬']",[],,,0,[],0,[],0,중립,False
cafearticle,,헤드앤숄더 차콜 후기,금주의 핫딜 갤럭시 버즈 프로 단품 헤드앤숄더 가려운 두피 케어 샴푸 최저가 6680원 최대 334원 적립 리뷰어 16분이상이 5 0평점을 주셨습니다 제품 후기 보기 EMF 인증여부 EMF 인증 옵션 더안 EMF 차콜 그레이트리 캠핑,"['금주', '갤럭시', '버즈', '프로', '케어', '리뷰어', '이상', '보기', '인증', '여부', '인증', '그레이', '트리', '캠핑']","['금주_갤럭시', '갤럭시_버즈', '버즈_프로', '프로_케어', '케어_리뷰어', '리뷰어_이상', '이상_보기', '보기_인증', '인증_여부', '여부_인증', '인증_그레이', '그레이_트리', '트리_캠핑']","['금주', '갤럭시', '버즈', '프로', '케어', '리뷰어', '이상', '보기', '인증', '여부', '인증', '그레이', '트리', '캠핑', '금주_갤럭시', '갤럭시_버즈', '버즈_프로', '프로_케어', '케어_리뷰어', '리뷰어_이상', '이상_보기', '보기_인증', '인증_여부', '여부_인증', '인증_그레이', '그레이_트리', '트리_캠핑']",[],,,0,[],0,[],0,중립,False
cafearticle,,헤드앤숄더 차콜 후기,수요일밤 구매시 휴대용분유케이스 랭킹 0평점을 주셨습니다 상품 후기 보기 옵션 뉴포뮬라 헤드앤숄더 클리니컬 스트렝스 비듬샴푸 일체형 차콜 그레이 로로얼로이 여성 골프 소매 포인트 골지 넥 라운드 니트 최저가 31400원 최대 314원,"['수요일', '휴대', '분유', '케이스', '랭킹', '뉴포뮬라', '클리니컬', '스트렝스', '비듬', '일체', '그레이', '로로얼로이', '여성', '골프', '소매', '포인트', '골지', '라운드']","['수요일_휴대', '휴대_분유', '분유_케이스', '케이스_랭킹', '랭킹_뉴포뮬라', '뉴포뮬라_클리니컬', '클리니컬_스트렝스', '스트렝스_비듬', '비듬_일체', '일체_그레이', '그레이_로로얼로이', '로로얼로이_여성', '여성_골프', '골프_소매', '소매_포인트', '포인트_골지', '골지_라운드']","['수요일', '휴대', '분유', '케이스', '랭킹', '뉴포뮬라', '클리니컬', '스트렝스', '비듬', '일체', '그레이', '로로얼로이', '여성', '골프', '소매', '포인트', '골지', '라운드', '수요일_휴대', '휴대_분유', '분유_케이스', '케이스_랭킹', '랭킹_뉴포뮬라', '뉴포뮬라_클리니컬', '클리니컬_스트렝스', '스트렝스_비듬', '비듬_일체', '일체_그레이', '그레이_로로얼로이', '로로얼로이_여성', '여성_골프', '골프_소매', '소매_포인트', '포인트_골지', '골지_라운드']",[],,,0,[],0,[],0,중립,False
cafearticle,,헤드앤숄더 차콜 후기,주목해야할 그린핑거 선스틱 코스트코 재입고되었습니다 0개를 주셨습니다 제품 후기 보기 옵션 Head u0026Shoulder 헤드앤숄더 클리니컬 스트랭스 비듬 린제이 차콜 매직 겔 모델링팩 550g 지금 최저가 19800원 최대 990원 적립 총 18분께서 5 0개를,"['주목', '그린', '핑거', '스틱', '입고', '클리니컬', '스트랭스', '비듬', '매직', '모델링']","['주목_그린', '그린_핑거', '핑거_스틱', '스틱_입고', '입고_클리니컬', '클리니컬_스트랭스', '스트랭스_비듬', '비듬_매직', '매직_모델링']","['주목', '그린', '핑거', '스틱', '입고', '클리니컬', '스트랭스', '비듬', '매직', '모델링', '주목_그린', '그린_핑거', '핑거_스틱', '스틱_입고', '입고_클리니컬', '클리니컬_스트랭스', '스트랭스_비듬', '비듬_매직', '매직_모델링']",[],,,0,[],0,[],0,중립,False
cafearticle,,헤드앤숄더 차콜 후기,인기아이템 자전거바람막이 0개를 주었습니다 상품 후기 보기 두피타입 지성두피 옵션 Head u0026 Shoulders 헤드앤숄더 참조 색상계열 차콜 옵션 크록스 본사 아동 바야밴드 클로그 키즈 205100 피니시 파워볼 탭스 레몬 지금,"['인기', '아이템', '자전거', '바람막이', '타입', '지성두피', '참조', '색상', '계열', '크록스', '본사', '아동', '바야', '밴드', '클로그', '키즈', '피니시', '파워볼', '탭스', '레몬']","['인기_아이템', '아이템_자전거', '자전거_바람막이', '바람막이_타입', '타입_지성두피', '지성두피_참조', '참조_색상', '색상_계열', '계열_크록스', '크록스_본사', '본사_아동', '아동_바야', '바야_밴드', '밴드_클로그', '클로그_키즈', '키즈_피니시', '피니시_파워볼', '파워볼_탭스', '탭스_레몬']","['인기', '아이템', '자전거', '바람막이', '타입', '지성두피', '참조', '색상', '계열', '크록스', '본사', '아동', '바야', '밴드', '클로그', '키즈', '피니시', '파워볼', '탭스', '레몬', '인기_아이템', '아이템_자전거', '자전거_바람막이', '바람막이_타입', '타입_지성두피', '지성두피_참조', '참조_색상', '색상_계열', '계열_크록스', '크록스_본사', '본사_아동', '아동_바야', '바야_밴드', '밴드_클로그', '클로그_키즈', '키즈_피니시', '피니시_파워볼', '파워볼_탭스', '탭스_레몬']",[],,,0,[],0,[],0,중립,False
cafearticle,,헤드앤숄더 차콜 후기,혹시 아이폰12 0개를 주셨습니다 상품 후기 보기 옵션 Head u0026Shoulder 헤드앤숄더 클리니컬 스트랭스 비듬 원목상판 차콜 브라운 박스미포함 닥터포헤어 폴리젠 플러스 샴푸 500ml x 2p 100ml 최저가 27900원 최대,"['아이폰', '클리니컬', '스트랭스', '비듬', '원목', '상판', '브라운', '박스', '포함', '닥터포헤어', '폴리젠', '플러스']","['아이폰_클리니컬', '클리니컬_스트랭스', '스트랭스_비듬', '비듬_원목', '원목_상판', '상판_브라운', '브라운_박스', '박스_포함', '포함_닥터포헤어', '닥터포헤어_폴리젠', '폴리젠_플러스']","['아이폰', '클리니컬', '스트랭스', '비듬', '원목', '상판', '브라운', '박스', '포함', '닥터포헤어', '폴리젠', '플러스', '아이폰_클리니컬', '클리니컬_스트랭스', '스트랭스_비듬', '비듬_원목', '원목_상판', '상판_브라운', '브라운_박스', '박스_포함', '포함_닥터포헤어', '닥터포헤어_폴리젠', '폴리젠_플러스']",[],,,0,[],0,[],0,중립,False
cafearticle,,헤드앤숄더 차콜 후기,화제집중 abc 포마드 0평점을 주었습니다 상품 후기 보기 제조국 한국 옵션 체리나무 범퍼더블매트 차콜 하기스 0평점을 주었습니다 상품 후기 보기 옵션 헤드앤숄더 Head and Shoulders 클리니컬 스트렝스 비듬,"['화제', '집중', '포마드', '조국', '한국', '체리', '나무', '범퍼', '더블', '매트', '하기스', '클리니컬', '스트렝스', '비듬']","['화제_집중', '집중_포마드', '포마드_조국', '조국_한국', '한국_체리', '체리_나무', '나무_범퍼', '범퍼_더블', '더블_매트', '매트_하기스', '하기스_클리니컬', '클리니컬_스트렝스', '스트렝스_비듬']","['화제', '집중', '포마드', '조국', '한국', '체리', '나무', '범퍼', '더블', '매트', '하기스', '클리니컬', '스트렝스', '비듬', '화제_집중', '집중_포마드', '포마드_조국', '조국_한국', '한국_체리', '체리_나무', '나무_범퍼', '범퍼_더블', '더블_매트', '매트_하기스', '하기스_클리니컬', '클리니컬_스트렝스', '스트렝스_비듬']",[],,,0,[],0,[],0,중립,False
cafearticle,,헤드앤숄더 차콜 후기,소장각 랑방에끌라드아르페쥬 0평점을 주었습니다 제품 후기 보기 구매옵션 NEW 헤드앤숄더 클리니컬 스트렝스 비듬 가려움 일체형 차콜 그레이 미니골드 김천쥬얼리 14K 베이직 16mm 링 귀걸이 ECPM4021 최저가 109250원 최대 1,"['소장', '랑방에끌라드아르페쥬', '보기', '클리니컬', '스트렝스', '비듬', '일체', '그레이', '미니', '골드', '김천쥬얼리', '베이직', '귀걸이']","['소장_랑방에끌라드아르페쥬', '랑방에끌라드아르페쥬_보기', '보기_클리니컬', '클리니컬_스트렝스', '스트렝스_비듬', '비듬_일체', '일체_그레이', '그레이_미니', '미니_골드', '골드_김천쥬얼리', '김천쥬얼리_베이직', '베이직_귀걸이']","['소장', '랑방에끌라드아르페쥬', '보기', '클리니컬', '스트렝스', '비듬', '일체', '그레이', '미니', '골드', '김천쥬얼리', '베이직', '귀걸이', '소장_랑방에끌라드아르페쥬', '랑방에끌라드아르페쥬_보기', '보기_클리니컬', '클리니컬_스트렝스', '스트렝스_비듬', '비듬_일체', '일체_그레이', '그레이_미니', '미니_골드', '골드_김천쥬얼리', '김천쥬얼리_베이직', '베이직_귀걸이']",[],,,1,['가려움'],0,[],-1,이탈위험,False
cafearticle,,헤드앤숄더 차콜 후기,주목할 아이템 하츠 렌지후드 i60 베개커버 차콜 그레이 킨더 초콜릿 50g 10개 역대급 가격 11500원 최대 575원 적립 리뷰어 19분이상이 상품 후기 보기 사용기한 상세페이지참조 두피타입 일반두피 옵션 헤드앤숄더 클리니컬,"['주목', '아이템', '하츠', '렌지후드', '베개', '커버', '그레이', '킨더', '초콜릿', '역대', '리뷰어', '이상', '보기', '기한', '페이지', '참조', '타입', '일반', '클리니컬']","['주목_아이템', '아이템_하츠', '하츠_렌지후드', '렌지후드_베개', '베개_커버', '커버_그레이', '그레이_킨더', '킨더_초콜릿', '초콜릿_역대', '역대_리뷰어', '리뷰어_이상', '이상_보기', '보기_기한', '기한_페이지', '페이지_참조', '참조_타입', '타입_일반', '일반_클리니컬']","['주목', '아이템', '하츠', '렌지후드', '베개', '커버', '그레이', '킨더', '초콜릿', '역대', '리뷰어', '이상', '보기', '기한', '페이지', '참조', '타입', '일반', '클리니컬', '주목_아이템', '아이템_하츠', '하츠_렌지후드', '렌지후드_베개', '베개_커버', '커버_그레이', '그레이_킨더', '킨더_초콜릿', '초콜릿_역대', '역대_리뷰어', '리뷰어_이상', '이상_보기', '보기_기한', '기한_페이지', '페이지_참조', '참조_타입', '타입_일반', '일반_클리니컬']",['상세_페이지'],,,0,[],0,[],0,중립,False
cafearticle,,헤드앤숄더 차콜 후기,다시못만날 가격 뷔스티에원피스 알아줘요 05L 9개 헤드앤숄더 비듬 샴푸 지루성두피 가려운두피 샴푸 amp 컨디셔널 모음 최저가 23900원 최대 1 제품 후기 보기 신축성 유무 신축성 있음 팬츠 핏 일자조거핏 소재 면97 스판3 색상계열 차콜 하의,"['뷔스티에원피스', '비듬', '지루', '컨디셔널', '모음', '신축', '유무', '신축', '팬츠', '일자조거핏', '소재', '스판', '색상', '계열']","['뷔스티에원피스_비듬', '비듬_지루', '지루_컨디셔널', '컨디셔널_모음', '모음_신축', '신축_유무', '유무_신축', '신축_팬츠', '팬츠_일자조거핏', '일자조거핏_소재', '소재_스판', '스판_색상', '색상_계열']","['뷔스티에원피스', '비듬', '지루', '컨디셔널', '모음', '신축', '유무', '신축', '팬츠', '일자조거핏', '소재', '스판', '색상', '계열', '뷔스티에원피스_비듬', '비듬_지루', '지루_컨디셔널', '컨디셔널_모음', '모음_신축', '신축_유무', '유무_신축', '신축_팬츠', '팬츠_일자조거핏', '일자조거핏_소재', '소재_스판', '스판_색상', '색상_계열']",[],,,0,[],0,[],0,중립,False
cafearticle,,헤드앤숄더 차콜 후기,금주의 핫딜 유아할로윈코스튬 판매처 떴습니다 0개를 주었습니다 상품 후기 보기 옵션 헤드앤숄더 클리니컬 스트렝스 비듬 오일 컨트롤 샴푸 원형러그 차콜 디베아 무선청소기 NEW X10PLUS 22 000Pa 침구브러시 추가필터 그레이 최저가 0원,"['금주', '유아할로윈', '코스튬', '판매', '클리니컬', '스트렝스', '비듬', '오일', '컨트롤', '원형러그', '디베아', '무선', '청소기', '침구', '브러시', '추가', '필터', '그레이']","['금주_유아할로윈', '유아할로윈_코스튬', '코스튬_판매', '판매_클리니컬', '클리니컬_스트렝스', '스트렝스_비듬', '비듬_오일', '오일_컨트롤', '컨트롤_원형러그', '원형러그_디베아', '디베아_무선', '무선_청소기', '청소기_침구', '침구_브러시', '브러시_추가', '추가_필터', '필터_그레이']","['금주', '유아할로윈', '코스튬', '판매', '클리니컬', '스트렝스', '비듬', '오일', '컨트롤', '원형러그', '디베아', '무선', '청소기', '침구', '브러시', '추가', '필터', '그레이', '금주_유아할로윈', '유아할로윈_코스튬', '코스튬_판매', '판매_클리니컬', '클리니컬_스트렝스', '스트렝스_비듬', '비듬_오일', '오일_컨트롤', '컨트롤_원형러그', '원형러그_디베아', '디베아_무선', '무선_청소기', '청소기_침구', '침구_브러시', '브러시_추가', '추가_필터', '필터_그레이']",[],,,0,[],0,[],0,중립,False
cafearticle,,헤드앤숄더 차콜 후기,망설이다 늦는 빼빼로 막대 0평점을 주었습니다 상품 후기 보기 구성 본품 헤어케어 타입 두피관리 모발타입 손상모발 두피타입 일반두피 구매옵션 헤드앤숄더 클리니컬 스트렝스 비듬샴푸 400ml 2팩 신상품 가려움증,"['빼빼로', '막대', '보기', '구성', '케어', '타입', '관리', '모발', '타입', '손상', '모발', '타입', '일반', '클리니컬', '스트렝스', '비듬', '가려움증']","['빼빼로_막대', '막대_보기', '보기_구성', '구성_케어', '케어_타입', '타입_관리', '관리_모발', '모발_타입', '타입_손상', '손상_모발', '모발_타입', '타입_일반', '일반_클리니컬', '클리니컬_스트렝스', '스트렝스_비듬', '비듬_가려움증']","['빼빼로', '막대', '보기', '구성', '케어', '타입', '관리', '모발', '타입', '손상', '모발', '타입', '일반', '클리니컬', '스트렝스', '비듬', '가려움증', '빼빼로_막대', '막대_보기', '보기_구성', '구성_케어', '케어_타입', '타입_관리', '관리_모발', '모발_타입', '타입_손상', '손상_모발', '모발_타입', '타입_일반', '일반_클리니컬', '클리니컬_스트렝스', '스트렝스_비듬', '비듬_가려움증']",[],,,1,['가려움'],0,[],-1,이탈위험,False
cafearticle,,헤드앤숄더 차콜 후기,불금에는 이거 단모 고양이 샴푸 0평점을 주었습니다 제품 후기 보기 두피타입 지성두피 옵션 헤드앤숄더 클리니컬 스트렝스 베개세트 차콜 그레이 늘봄마켓 E2 기모노 코스튬 일본옷 코스프레의상 할로윈의상 할로윈코스튬,"['고양이', '타입', '지성두피', '클리니컬', '스트렝스', '베개', '세트', '그레이', '늘봄', '마켓', '기모노', '코스튬', '일본', '코스프레', '의상', '할로윈', '의상', '할로윈', '코스튬']","['고양이_타입', '타입_지성두피', '지성두피_클리니컬', '클리니컬_스트렝스', '스트렝스_베개', '베개_세트', '세트_그레이', '그레이_늘봄', '늘봄_마켓', '마켓_기모노', '기모노_코스튬', '코스튬_일본', '일본_코스프레', '코스프레_의상', '의상_할로윈', '할로윈_의상', '의상_할로윈', '할로윈_코스튬']","['고양이', '타입', '지성두피', '클리니컬', '스트렝스', '베개', '세트', '그레이', '늘봄', '마켓', '기모노', '코스튬', '일본', '코스프레', '의상', '할로윈', '의상', '할로윈', '코스튬', '고양이_타입', '타입_지성두피', '지성두피_클리니컬', '클리니컬_스트렝스', '스트렝스_베개', '베개_세트', '세트_그레이', '그레이_늘봄', '늘봄_마켓', '마켓_기모노', '기모노_코스튬', '코스튬_일본', '일본_코스프레', '코스프레_의상', '의상_할로윈', '할로윈_의상', '의상_할로윈', '할로윈_코스튬']",[],,,0,[],0,[],0,중립,False
cafearticle,,헤드앤숄더 차콜 후기,가격정보 종근당 칼슘 앤 마그네슘 비타민D 아연 180정 2개 강추합니당 프리미엄 차콜 미네랄 마스크팩 10개입 1박스 후기 갯수 4966 10 570원 로켓배송 상품 보러가기 44 헤드앤숄더 퍼퓸 프레쉬 샴푸 750ml x 2p 딥클린,"['정보', '종근당', '칼슘', '마그네슘', '비타민', '아연', '프리미엄', '미네랄', '마스크', '박스', '갯수', '로켓', '배송', '퍼퓸', '프레쉬', '클린']","['정보_종근당', '종근당_칼슘', '칼슘_마그네슘', '마그네슘_비타민', '비타민_아연', '아연_프리미엄', '프리미엄_미네랄', '미네랄_마스크', '마스크_박스', '박스_갯수', '갯수_로켓', '로켓_배송', '배송_퍼퓸', '퍼퓸_프레쉬', '프레쉬_클린']","['정보', '종근당', '칼슘', '마그네슘', '비타민', '아연', '프리미엄', '미네랄', '마스크', '박스', '갯수', '로켓', '배송', '퍼퓸', '프레쉬', '클린', '정보_종근당', '종근당_칼슘', '칼슘_마그네슘', '마그네슘_비타민', '비타민_아연', '아연_프리미엄', '프리미엄_미네랄', '미네랄_마스크', '마스크_박스', '박스_갯수', '갯수_로켓', '로켓_배송', '배송_퍼퓸', '퍼퓸_프레쉬', '프레쉬_클린']",[],,,0,[],1,['강추'],1,긍정,False
cafearticle,,헤드앤숄더 차콜 후기,추천 베스트 헤드앤숄더 가려운 두피 케어 샴푸 1200ml 1개 강추합니당 com vp products 4946372 50 헤드앤숄더 쿨 멘솔 샴푸 850ml 3개 후기 갯수 26306 23 030원 일반배송 상품 보러가기 51 알엔더블유 프리미엄 차콜 미네랄,"['베스트', '케어', '갯수', '일반', '배송', '알엔더블유', '프리미엄', '미네랄']","['베스트_케어', '케어_갯수', '갯수_일반', '일반_배송', '배송_알엔더블유', '알엔더블유_프리미엄', '프리미엄_미네랄']","['베스트', '케어', '갯수', '일반', '배송', '알엔더블유', '프리미엄', '미네랄', '베스트_케어', '케어_갯수', '갯수_일반', '일반_배송', '배송_알엔더블유', '알엔더블유_프리미엄', '프리미엄_미네랄']",[],,,0,[],2,"['추천', '강추']",2,긍정,False
cafearticle,,헤드앤숄더 차콜 후기,불금에는 이거 실내슬리퍼 인기 목록 세트 차콜 크림 홈슬리퍼 층간소음 거실실내화 푹신한 실내슬리퍼 거실화 최저가 6900원 최대 0평점을 주셨습니다 상품 후기 보기 옵션 헤드 앤 숄더 Head u0026 Shoulders 클리니컬 스트렝스 비듬,"['실내', '슬리퍼', '인기', '목록', '세트', '크림', '슬리퍼', '소음', '거실', '실내화', '실내', '슬리퍼', '거실', '헤드', '숄더', '클리니컬', '스트렝스', '비듬']","['실내_슬리퍼', '슬리퍼_인기', '인기_목록', '목록_세트', '세트_크림', '크림_슬리퍼', '슬리퍼_소음', '소음_거실', '거실_실내화', '실내화_실내', '실내_슬리퍼', '슬리퍼_거실', '거실_헤드', '헤드_숄더', '숄더_클리니컬', '클리니컬_스트렝스', '스트렝스_비듬']","['실내', '슬리퍼', '인기', '목록', '세트', '크림', '슬리퍼', '소음', '거실', '실내화', '실내', '슬리퍼', '거실', '헤드', '숄더', '클리니컬', '스트렝스', '비듬', '실내_슬리퍼', '슬리퍼_인기', '인기_목록', '목록_세트', '세트_크림', '크림_슬리퍼', '슬리퍼_소음', '소음_거실', '거실_실내화', '실내화_실내', '실내_슬리퍼', '슬리퍼_거실', '거실_헤드', '헤드_숄더', '숄더_클리니컬', '클리니컬_스트렝스', '스트렝스_비듬']",[],,,0,[],0,[],0,중립,False
cafearticle,,헤드앤숄더 차콜 후기,품절재입고 설화수클렌징오일 상품 후기 보기 옵션 브레인포 휴대용 접이식 자전거 주문선택 헤드앤숄더 클리니컬 스트렝스 트루디 차콜 가화홈시스 기본형 3단 수납바구니 옷걸이 행거 N3LB3302 지금 최저가 37110원 최대 375원,"['품절', '입고', '설화', '클렌징', '오일', '브레인', '휴대', '접이식', '자전거', '주문', '선택', '클리니컬', '스트렝스', '트루디', '차코', '가화홈시스', '기본', '수납', '바구니', '옷걸이', '행거']","['품절_입고', '입고_설화', '설화_클렌징', '클렌징_오일', '오일_브레인', '브레인_휴대', '휴대_접이식', '접이식_자전거', '자전거_주문', '주문_선택', '선택_클리니컬', '클리니컬_스트렝스', '스트렝스_트루디', '트루디_차코', '차코_가화홈시스', '가화홈시스_기본', '기본_수납', '수납_바구니', '바구니_옷걸이', '옷걸이_행거']","['품절', '입고', '설화', '클렌징', '오일', '브레인', '휴대', '접이식', '자전거', '주문', '선택', '클리니컬', '스트렝스', '트루디', '차코', '가화홈시스', '기본', '수납', '바구니', '옷걸이', '행거', '품절_입고', '입고_설화', '설화_클렌징', '클렌징_오일', '오일_브레인', '브레인_휴대', '휴대_접이식', '접이식_자전거', '자전거_주문', '주문_선택', '선택_클리니컬', '클리니컬_스트렝스', '스트렝스_트루디', '트루디_차코', '차코_가화홈시스', '가화홈시스_기본', '기본_수납', '수납_바구니', '바구니_옷걸이', '옷걸이_행거']",[],,,0,[],0,[],0,중립,False
cafearticle,,헤드앤숄더 차콜 후기,주말전까지만 레고듀플로 알아줘요 0평점을 주셨습니다 상품 후기 보기 옵션 Head u0026Shoulder 헤드앤숄더 클리니컬 스트랭스 비듬 회전형 차콜 블랙 wasak 마트로시카 하드케이스 최저가 15000원 최대 750원 적립 구매자 18분께서,"['주말', '레고듀플로', '클리니컬', '스트랭스', '비듬', '회전', '블랙', '마트로시카', '하드', '케이스', '구매자']","['주말_레고듀플로', '레고듀플로_클리니컬', '클리니컬_스트랭스', '스트랭스_비듬', '비듬_회전', '회전_블랙', '블랙_마트로시카', '마트로시카_하드', '하드_케이스', '케이스_구매자']","['주말', '레고듀플로', '클리니컬', '스트랭스', '비듬', '회전', '블랙', '마트로시카', '하드', '케이스', '구매자', '주말_레고듀플로', '레고듀플로_클리니컬', '클리니컬_스트랭스', '스트랭스_비듬', '비듬_회전', '회전_블랙', '블랙_마트로시카', '마트로시카_하드', '하드_케이스', '케이스_구매자']",[],,,0,[],0,[],0,중립,False
cafearticle,,헤드앤숄더 차콜 후기,품절임박 삼성 김치냉장고 스탠드형 327리터 1등급 0개를 주었습니다 상품 후기 보기 옵션 헤드앤숄더 클리니컬 스트랭스 비듬 가려움 완화 샴푸 상품 후기 보기 설치 형태 사각 렉타 옵션 케이포캠프 컴팩트 렉타 타프 소 차콜 1개,"['품절', '삼성', '김치', '냉장고', '스탠드', '등급', '클리니컬', '스트랭스', '비듬', '완화', '설치', '형태', '사각', '케이', '캠프', '컴팩트', '타프']","['품절_삼성', '삼성_김치', '김치_냉장고', '냉장고_스탠드', '스탠드_등급', '등급_클리니컬', '클리니컬_스트랭스', '스트랭스_비듬', '비듬_완화', '완화_설치', '설치_형태', '형태_사각', '사각_케이', '케이_캠프', '캠프_컴팩트', '컴팩트_타프']","['품절', '삼성', '김치', '냉장고', '스탠드', '등급', '클리니컬', '스트랭스', '비듬', '완화', '설치', '형태', '사각', '케이', '캠프', '컴팩트', '타프', '품절_삼성', '삼성_김치', '김치_냉장고', '냉장고_스탠드', '스탠드_등급', '등급_클리니컬', '클리니컬_스트랭스', '스트랭스_비듬', '비듬_완화', '완화_설치', '설치_형태', '형태_사각', '사각_케이', '케이_캠프', '캠프_컴팩트', '컴팩트_타프']",[],,,1,['가려움'],0,[],-1,이탈위험,False
cafearticle,,헤드앤숄더 차콜 후기,금주의 핫딜 미스디올블루밍부케 0개를 주셨습니다 상품 후기 보기 옵션 Head u0026 Shoulders Clinical Strength Shampoo 27oz 헤드앤숄더 원목상판 차콜 브라운 박스미포함 파티앤조이 백일상 돌상 라온상 하나상 무료배송 한복무료 역대급,"['금주', '미스디올블루밍부케', '원목', '상판', '브라운', '박스', '포함', '파티앤조이', '백일상', '돌상', '라온상', '하나상', '무료', '배송', '한복', '무료', '역대']","['금주_미스디올블루밍부케', '미스디올블루밍부케_원목', '원목_상판', '상판_브라운', '브라운_박스', '박스_포함', '포함_파티앤조이', '파티앤조이_백일상', '백일상_돌상', '돌상_라온상', '라온상_하나상', '하나상_무료', '무료_배송', '배송_한복', '한복_무료', '무료_역대']","['금주', '미스디올블루밍부케', '원목', '상판', '브라운', '박스', '포함', '파티앤조이', '백일상', '돌상', '라온상', '하나상', '무료', '배송', '한복', '무료', '역대', '금주_미스디올블루밍부케', '미스디올블루밍부케_원목', '원목_상판', '상판_브라운', '브라운_박스', '박스_포함', '포함_파티앤조이', '파티앤조이_백일상', '백일상_돌상', '돌상_라온상', '라온상_하나상', '하나상_무료', '무료_배송', '배송_한복', '한복_무료', '무료_역대']",[],,,0,[],0,[],0,중립,False
cafearticle,,헤드앤숄더 차콜 후기,인기아이템 브라렛 Shampoo 헤드앤숄더 클리니컬 스트렝스 비듬 샴푸 23 7oz 700mL 2팩 역대급 가격 88400원 최대 4 420원 적립 0개를 주었습니다 상품 후기 보기 옵션 베딩라인 등받이 삼각 등쿠션 모던체크 차콜,"['인기', '아이템', '브라', '클리니컬', '스트렝스', '비듬', '역대', '라인', '등받이', '삼각', '쿠션', '모던', '체크']","['인기_아이템', '아이템_브라', '브라_클리니컬', '클리니컬_스트렝스', '스트렝스_비듬', '비듬_역대', '역대_라인', '라인_등받이', '등받이_삼각', '삼각_쿠션', '쿠션_모던', '모던_체크']","['인기', '아이템', '브라', '클리니컬', '스트렝스', '비듬', '역대', '라인', '등받이', '삼각', '쿠션', '모던', '체크', '인기_아이템', '아이템_브라', '브라_클리니컬', '클리니컬_스트렝스', '스트렝스_비듬', '비듬_역대', '역대_라인', '라인_등받이', '등받이_삼각', '삼각_쿠션', '쿠션_모던', '모던_체크']",[],,,0,[],0,[],0,중립,False
cafearticle,,헤드앤숄더 차콜 후기,꿀템 수제 빼빼로 완제품 블랙 차콜 최저가 31000원 최대 310원 적립 총 11분이 5 0평점을 주셨습니다 상품 후기 보기 0평점을 주셨습니다 상품 후기 보기 두피타입 지성두피 옵션 Head u0026 Shoulders 헤드앤숄더,"['꿀템', '수제', '빼빼로', '완제품', '블랙', '타입', '지성두피']","['꿀템_수제', '수제_빼빼로', '빼빼로_완제품', '완제품_블랙', '블랙_타입', '타입_지성두피']","['꿀템', '수제', '빼빼로', '완제품', '블랙', '타입', '지성두피', '꿀템_수제', '수제_빼빼로', '빼빼로_완제품', '완제품_블랙', '블랙_타입', '타입_지성두피']",[],,,0,[],0,[],0,중립,False
cafearticle,,헤드앤숄더 차콜 후기,폴로양말 0평점을 주셨습니다 상품 후기 보기 옵션 헤드앤숄더 클리니컬 스트렝스 비듬 오일 컨트롤 침구세트 차콜 닌텐도 슈퍼마리오 마리오 파티 아일랜드 투어 온라인 코드 게임 역대급 가격 116300원,"['폴로', '양말', '클리니컬', '스트렝스', '비듬', '오일', '컨트롤', '침구', '세트', '닌텐도', '슈퍼 마리오', '마리오 파티 아일랜드 투어', '온라인', '코드', '게임', '역대']","['폴로_양말', '양말_클리니컬', '클리니컬_스트렝스', '스트렝스_비듬', '비듬_오일', '오일_컨트롤', '컨트롤_침구', '침구_세트', '세트_닌텐도', '닌텐도_슈퍼 마리오', '슈퍼 마리오_마리오 파티 아일랜드 투어', '마리오 파티 아일랜드 투어_온라인', '온라인_코드', '코드_게임', '게임_역대']","['폴로', '양말', '클리니컬', '스트렝스', '비듬', '오일', '컨트롤', '침구', '세트', '닌텐도', '슈퍼 마리오', '마리오 파티 아일랜드 투어', '온라인', '코드', '게임', '역대', '폴로_양말', '양말_클리니컬', '클리니컬_스트렝스', '스트렝스_비듬', '비듬_오일', '오일_컨트롤', '컨트롤_침구', '침구_세트', '세트_닌텐도', '닌텐도_슈퍼 마리오', '슈퍼 마리오_마리오 파티 아일랜드 투어', '마리오 파티 아일랜드 투어_온라인', '온라인_코드', '코드_게임', '게임_역대']",[],,,0,[],0,[],0,중립,False
cafearticle,,헤드앤숄더 차콜 후기,망설이게 되는 과학놀이 WF24A9500KW DV19A9740CW 헤드앤숄더 클리니컬 스트렝스 댄드러프 비듬샴푸 오리지널 400ml 최저가 19500원 제품 후기 보기 신축성 유무 신축성 있음 팬츠 핏 일자조거핏 소재 면97 스판3 색상계열 차콜,"['과학', '놀이', '클리니컬', '스트렝스', '댄드러프', '비듬', '오리지널', '신축', '유무', '신축', '팬츠', '일자조거핏', '소재', '스판', '색상', '계열']","['과학_놀이', '놀이_클리니컬', '클리니컬_스트렝스', '스트렝스_댄드러프', '댄드러프_비듬', '비듬_오리지널', '오리지널_신축', '신축_유무', '유무_신축', '신축_팬츠', '팬츠_일자조거핏', '일자조거핏_소재', '소재_스판', '스판_색상', '색상_계열']","['과학', '놀이', '클리니컬', '스트렝스', '댄드러프', '비듬', '오리지널', '신축', '유무', '신축', '팬츠', '일자조거핏', '소재', '스판', '색상', '계열', '과학_놀이', '놀이_클리니컬', '클리니컬_스트렝스', '스트렝스_댄드러프', '댄드러프_비듬', '비듬_오리지널', '오리지널_신축', '신축_유무', '유무_신축', '신축_팬츠', '팬츠_일자조거핏', '일자조거핏_소재', '소재_스판', '스판_색상', '색상_계열']",[],,,0,[],0,[],0,중립,False
cafearticle,,헤드앤숄더 차콜 후기,꿀템 실내슬리퍼 0평점을 주었습니다 상품 후기 보기 옵션 헤드앤숄더 클리니컬 스트랭스 비듬 가려움 완화 코타 차콜 코타 화이트 아던샵 속눈썹펌 단품재료 역대급 가격 15000원 최대 750원 적립 총 14분이상이,"['꿀템', '실내', '슬리퍼', '클리니컬', '스트랭스', '비듬', '완화', '코타', '화이트', '아던샵', '속눈썹', '재료', '역대', '이상']","['꿀템_실내', '실내_슬리퍼', '슬리퍼_클리니컬', '클리니컬_스트랭스', '스트랭스_비듬', '비듬_완화', '완화_코타', '코타_화이트', '화이트_아던샵', '아던샵_속눈썹', '속눈썹_재료', '재료_역대', '역대_이상']","['꿀템', '실내', '슬리퍼', '클리니컬', '스트랭스', '비듬', '완화', '코타', '화이트', '아던샵', '속눈썹', '재료', '역대', '이상', '꿀템_실내', '실내_슬리퍼', '슬리퍼_클리니컬', '클리니컬_스트랭스', '스트랭스_비듬', '비듬_완화', '완화_코타', '코타_화이트', '화이트_아던샵', '아던샵_속눈썹', '속눈썹_재료', '재료_역대', '역대_이상']",[],,,1,['가려움'],0,[],-1,이탈위험,False
cafearticle,,헤드앤숄더 차콜 후기,리뷰 언더아머 드로즈 팬티 0개를 주었습니다 상품 후기 보기 색상계열 차콜 계열 제조년도 20년 사용계절 여름용 하의 1개 헤드앤숄더 클리니컬 스트렝스 비듬 오일 컨트롤 샴푸 400ml 1 1 지금 최저가 34900원 최대 349원 적립,"['리뷰', '언더아머', '드로즈', '팬티', '색상', '계열', '계열', '제조', '계절', '여름', '하의', '클리니컬', '스트렝스', '비듬', '오일', '컨트롤']","['리뷰_언더아머', '언더아머_드로즈', '드로즈_팬티', '팬티_색상', '색상_계열', '계열_계열', '계열_제조', '제조_계절', '계절_여름', '여름_하의', '하의_클리니컬', '클리니컬_스트렝스', '스트렝스_비듬', '비듬_오일', '오일_컨트롤']","['리뷰', '언더아머', '드로즈', '팬티', '색상', '계열', '계열', '제조', '계절', '여름', '하의', '클리니컬', '스트렝스', '비듬', '오일', '컨트롤', '리뷰_언더아머', '언더아머_드로즈', '드로즈_팬티', '팬티_색상', '색상_계열', '계열_계열', '계열_제조', '제조_계절', '계절_여름', '여름_하의', '하의_클리니컬', '클리니컬_스트렝스', '스트렝스_비듬', '비듬_오일', '오일_컨트롤']",[],,,0,[],0,[],0,중립,False
cafearticle,,헤드앤숄더 차콜 후기,인기상품 브로앤팁스 네버오일리 올인원 스킨케어 120ml 1개 초이스 com vp products 1180237 16 알엔더블유 프리미엄 차콜 미네랄 마스크팩 10개입 1박스 com vp products 588560 19 헤드앤숄더 딥 클린 샴푸 1200ml 1개 후기 갯수 4536 11 390원 로켓배송 상품,"['인기', '브로앤팁스', '네버오일리', '올인원', '스킨케어', '초이스', '알엔더블유', '프리미엄', '미네랄', '마스크', '박스', '클린', '갯수', '로켓', '배송']","['인기_브로앤팁스', '브로앤팁스_네버오일리', '네버오일리_올인원', '올인원_스킨케어', '스킨케어_초이스', '초이스_알엔더블유', '알엔더블유_프리미엄', '프리미엄_미네랄', '미네랄_마스크', '마스크_박스', '박스_클린', '클린_갯수', '갯수_로켓', '로켓_배송']","['인기', '브로앤팁스', '네버오일리', '올인원', '스킨케어', '초이스', '알엔더블유', '프리미엄', '미네랄', '마스크', '박스', '클린', '갯수', '로켓', '배송', '인기_브로앤팁스', '브로앤팁스_네버오일리', '네버오일리_올인원', '올인원_스킨케어', '스킨케어_초이스', '초이스_알엔더블유', '알엔더블유_프리미엄', '프리미엄_미네랄', '미네랄_마스크', '마스크_박스', '박스_클린', '클린_갯수', '갯수_로켓', '로켓_배송']",[],,,0,[],0,[],0,중립,False
cafearticle,,헤드앤숄더 차콜 후기,망설이다 늦는 아이패드 8세대 레드 차콜 다이아큐브 아이패드 갤럭시탭 태블릿 PC 저반사 사각사각 종이질감 시력보호 0개를 주셨습니다 제품 후기 보기 옵션 헤드앤숄더 클리니컬 스트랭스 비듬 가려움 완화 샴푸,"['아이패드', '세대', '레드', '다이아큐브', '아이패드', '갤럭시탭', '태블릿', '반사', '종이', '질감', '시력', '보호', '클리니컬', '스트랭스', '비듬', '완화']","['아이패드_세대', '세대_레드', '레드_다이아큐브', '다이아큐브_아이패드', '아이패드_갤럭시탭', '갤럭시탭_태블릿', '태블릿_반사', '반사_종이', '종이_질감', '질감_시력', '시력_보호', '보호_클리니컬', '클리니컬_스트랭스', '스트랭스_비듬', '비듬_완화']","['아이패드', '세대', '레드', '다이아큐브', '아이패드', '갤럭시탭', '태블릿', '반사', '종이', '질감', '시력', '보호', '클리니컬', '스트랭스', '비듬', '완화', '아이패드_세대', '세대_레드', '레드_다이아큐브', '다이아큐브_아이패드', '아이패드_갤럭시탭', '갤럭시탭_태블릿', '태블릿_반사', '반사_종이', '종이_질감', '질감_시력', '시력_보호', '보호_클리니컬', '클리니컬_스트랭스', '스트랭스_비듬', '비듬_완화']",[],,,1,['가려움'],0,[],-1,이탈위험,False
cafearticle,,헤드앤숄더 차콜 후기,네일흡진기 2p 차콜 디지털빌리지 귀걸이 반지 악세사리 보관함 보석함 정리함 그레이 지금 최저가 12900원 최대 0개를 주셨습니다 제품 후기 보기 두피타입 지성두피 옵션 Head u0026 Shoulders 헤드앤숄더,"['네일', '진기', '디지털', '빌리지', '귀걸이', '반지', '악세사리', '보관', '보석', '정리', '그레이', '타입', '지성두피']","['네일_진기', '진기_디지털', '디지털_빌리지', '빌리지_귀걸이', '귀걸이_반지', '반지_악세사리', '악세사리_보관', '보관_보석', '보석_정리', '정리_그레이', '그레이_타입', '타입_지성두피']","['네일', '진기', '디지털', '빌리지', '귀걸이', '반지', '악세사리', '보관', '보석', '정리', '그레이', '타입', '지성두피', '네일_진기', '진기_디지털', '디지털_빌리지', '빌리지_귀걸이', '귀걸이_반지', '반지_악세사리', '악세사리_보관', '보관_보석', '보석_정리', '정리_그레이', '그레이_타입', '타입_지성두피']",[],,,0,[],0,[],0,중립,False
cafearticle,,헤드앤숄더 차콜 후기,화요일 구매시 강아지방석 패드 차콜 데일리라이크 봉봉 스텐 식판 세트 지금 최저가 27360원 최대 1 368원 적립 총 26분께서 0개를 주셨습니다 제품 후기 보기 옵션 헤드앤숄더 2개 클리니컬 스트렝스 비듬 샴푸 700ml Head and,"['화요일', '강아지', '방석', '패드', '데일리', '라이크', '스텐', '식판', '세트', '2개', '클리니컬', '스트렝스', '비듬']","['화요일_강아지', '강아지_방석', '방석_패드', '패드_데일리', '데일리_라이크', '라이크_스텐', '스텐_식판', '식판_세트', '세트_2개', '2개_클리니컬', '클리니컬_스트렝스', '스트렝스_비듬']","['화요일', '강아지', '방석', '패드', '데일리', '라이크', '스텐', '식판', '세트', '2개', '클리니컬', '스트렝스', '비듬', '화요일_강아지', '강아지_방석', '방석_패드', '패드_데일리', '데일리_라이크', '라이크_스텐', '스텐_식판', '식판_세트', '세트_2개', '2개_클리니컬', '클리니컬_스트렝스', '스트렝스_비듬']",[],,,0,[],0,[],0,중립,False
cafearticle,,헤드앤숄더 차콜 후기,화요일 구매시 아디다스여성골프모자 0개를 주었습니다 상품 후기 보기 원산지 상품 상세설명 참조 단계 4단계 옵션 임페리얼드림XO 분유 4단계 800g 12개 헤드앤숄더 가려운 두피 케어 샴푸 최저가 6680원 최대 334원 적립 총 14분이상이,"['화요일', '아디다스', '여성', '골프', '모자', '원산지', '설명', '참조', '단계', '단계', '임페리얼', '드림', '분유', '단계', '케어', '이상']","['화요일_아디다스', '아디다스_여성', '여성_골프', '골프_모자', '모자_원산지', '원산지_설명', '설명_참조', '참조_단계', '단계_단계', '단계_임페리얼', '임페리얼_드림', '드림_분유', '분유_단계', '단계_케어', '케어_이상']","['화요일', '아디다스', '여성', '골프', '모자', '원산지', '설명', '참조', '단계', '단계', '임페리얼', '드림', '분유', '단계', '케어', '이상', '화요일_아디다스', '아디다스_여성', '여성_골프', '골프_모자', '모자_원산지', '원산지_설명', '설명_참조', '참조_단계', '단계_단계', '단계_임페리얼', '임페리얼_드림', '드림_분유', '분유_단계', '단계_케어', '케어_이상']",['상세_설명'],,,0,[],0,[],0,중립,False
cafearticle,,헤드앤숄더 차콜 후기,구매1순위 에코버 식기세척기 세제 참숯 차콜 구이용 마이띠유 비장탄 최저가 13190원 최대 660원 적립 실구매자 29분이상이 5 0평점을 주었습니다 제품 후기 보기 옵션 헤드앤숄더 클리니컬 스트렝스 비듬 오일 컨트롤 샴푸,"['순위', '에코버', '식기', '세척기', '세제', '구이', '마이띠유', '비장', '구매자', '이상', '클리니컬', '스트렝스', '비듬', '오일', '컨트롤']","['순위_에코버', '에코버_식기', '식기_세척기', '세척기_세제', '세제_구이', '구이_마이띠유', '마이띠유_비장', '비장_구매자', '구매자_이상', '이상_클리니컬', '클리니컬_스트렝스', '스트렝스_비듬', '비듬_오일', '오일_컨트롤']","['순위', '에코버', '식기', '세척기', '세제', '구이', '마이띠유', '비장', '구매자', '이상', '클리니컬', '스트렝스', '비듬', '오일', '컨트롤', '순위_에코버', '에코버_식기', '식기_세척기', '세척기_세제', '세제_구이', '구이_마이띠유', '마이띠유_비장', '비장_구매자', '구매자_이상', '이상_클리니컬', '클리니컬_스트렝스', '스트렝스_비듬', '비듬_오일', '오일_컨트롤']",[],,,0,[],0,[],0,중립,False
cafearticle,,헤드앤숄더 차콜 후기,리뷰 캠핑전기장판 0평점을 주었습니다 상품 후기 보기 옵션 헤드앤숄더 2개 클리니컬 스트렝스 비듬 샴푸 700ml 세트 차콜 그레이 베비언스 킨더밀쉬 1단계 24입 200ml 최저가 34820원 최대 1 795원 적립 구매회원,"['리뷰', '캠핑', '전기', '장판', '2개', '클리니컬', '스트렝스', '비듬', '세트', '그레이', '베비언스', '킨더밀쉬', '단계', '회원']","['리뷰_캠핑', '캠핑_전기', '전기_장판', '장판_2개', '2개_클리니컬', '클리니컬_스트렝스', '스트렝스_비듬', '비듬_세트', '세트_그레이', '그레이_베비언스', '베비언스_킨더밀쉬', '킨더밀쉬_단계', '단계_회원']","['리뷰', '캠핑', '전기', '장판', '2개', '클리니컬', '스트렝스', '비듬', '세트', '그레이', '베비언스', '킨더밀쉬', '단계', '회원', '리뷰_캠핑', '캠핑_전기', '전기_장판', '장판_2개', '2개_클리니컬', '클리니컬_스트렝스', '스트렝스_비듬', '비듬_세트', '세트_그레이', '그레이_베비언스', '베비언스_킨더밀쉬', '킨더밀쉬_단계', '단계_회원']",[],,,0,[],0,[],0,중립,False
cafearticle,,헤드앤숄더 차콜 후기,망설이다 늦는 스피루리나 참조 헤드앤숄더 클리니컬 스트렝스 댄드러프 비듬샴푸 오리지널 400ml 최저가 19500원 최대 195원 적립 후기 보기 옵션 삼성전자 비스포크 슈드레서 DJ30T9500WE 코타화이트 3켤레 UV강력탈취 코타 차콜,"['스피루리나', '참조', '클리니컬', '스트렝스', '댄드러프', '비듬', '오리지널', '삼성전자', '비스포크', '드레서', '코타화이트', '탈취']","['스피루리나_참조', '참조_클리니컬', '클리니컬_스트렝스', '스트렝스_댄드러프', '댄드러프_비듬', '비듬_오리지널', '오리지널_삼성전자', '삼성전자_비스포크', '비스포크_드레서', '드레서_코타화이트', '코타화이트_탈취']","['스피루리나', '참조', '클리니컬', '스트렝스', '댄드러프', '비듬', '오리지널', '삼성전자', '비스포크', '드레서', '코타화이트', '탈취', '스피루리나_참조', '참조_클리니컬', '클리니컬_스트렝스', '스트렝스_댄드러프', '댄드러프_비듬', '비듬_오리지널', '오리지널_삼성전자', '삼성전자_비스포크', '비스포크_드레서', '드레서_코타화이트', '코타화이트_탈취']",['강력_탈취'],,,0,[],0,[],0,중립,False
cafearticle,,헤드앤숄더 차콜 후기,추천 리스트 에뛰드하우스 립 앤 아이 리무버 320ml 1개 어떠세요 com vp products 5455561365 4 헤드앤숄더 딥 클린 샴푸 1200ml 1개 후기 갯수 4526 11 390원 com vp products 1500097921 16 알엔더블유 프리미엄 차콜 미네랄 마스크팩 10개입 1박스,"['리스트', '에뛰드', '하우스', '아이', '리무버', '클린', '갯수', '알엔더블유', '프리미엄', '미네랄', '마스크', '박스']","['리스트_에뛰드', '에뛰드_하우스', '하우스_아이', '아이_리무버', '리무버_클린', '클린_갯수', '갯수_알엔더블유', '알엔더블유_프리미엄', '프리미엄_미네랄', '미네랄_마스크', '마스크_박스']","['리스트', '에뛰드', '하우스', '아이', '리무버', '클린', '갯수', '알엔더블유', '프리미엄', '미네랄', '마스크', '박스', '리스트_에뛰드', '에뛰드_하우스', '하우스_아이', '아이_리무버', '리무버_클린', '클린_갯수', '갯수_알엔더블유', '알엔더블유_프리미엄', '프리미엄_미네랄', '미네랄_마스크', '마스크_박스']",[],,,0,[],1,['추천'],1,긍정,False
cafearticle,,헤드앤숄더 차콜 후기,화제집중 ts염색약 0개를 주셨습니다 제품 후기 보기 옵션 나인티원 럭셔리 대리석 테이블 네일샵 패턴 골드 네일아트 80cm 싱글 테이블 헤드앤숄더 클리니컬 스트렝스 비듬샴푸 400ml 2팩 신상품 가려움증 완화샴푸,"['화제', '집중', '염색약', '나인', '럭셔리', '대리석', '테이블', '네일', '패턴', '골드', '네일', '아트', '싱글', '테이블', '클리니컬', '스트렝스', '비듬', '가려움증', '완화']","['화제_집중', '집중_염색약', '염색약_나인', '나인_럭셔리', '럭셔리_대리석', '대리석_테이블', '테이블_네일', '네일_패턴', '패턴_골드', '골드_네일', '네일_아트', '아트_싱글', '싱글_테이블', '테이블_클리니컬', '클리니컬_스트렝스', '스트렝스_비듬', '비듬_가려움증', '가려움증_완화']","['화제', '집중', '염색약', '나인', '럭셔리', '대리석', '테이블', '네일', '패턴', '골드', '네일', '아트', '싱글', '테이블', '클리니컬', '스트렝스', '비듬', '가려움증', '완화', '화제_집중', '집중_염색약', '염색약_나인', '나인_럭셔리', '럭셔리_대리석', '대리석_테이블', '테이블_네일', '네일_패턴', '패턴_골드', '골드_네일', '네일_아트', '아트_싱글', '싱글_테이블', '테이블_클리니컬', '클리니컬_스트렝스', '스트렝스_비듬', '비듬_가려움증', '가려움증_완화']",[],,,1,['가려움'],0,[],-1,이탈위험,False
cafearticle,,헤드앤숄더 차콜 후기,카페홈 0개를 주었습니다 상품 후기 보기 음반 형태 LP 옵션 비틀즈 폴 매카트니 Paul McCartney Flaming Pie 3 LP 이라운드몰 미국 헤드앤숄더 클리니컬 스트렝스 비듬 샴푸 700 mLx2개 최저가격 55430원 최대 2,"['카페', '음반', '형태', '비틀즈', '매카트니', '이라운드몰', '미국', '클리니컬', '스트렝스', '비듬']","['카페_음반', '음반_형태', '형태_비틀즈', '비틀즈_매카트니', '매카트니_이라운드몰', '이라운드몰_미국', '미국_클리니컬', '클리니컬_스트렝스', '스트렝스_비듬']","['카페', '음반', '형태', '비틀즈', '매카트니', '이라운드몰', '미국', '클리니컬', '스트렝스', '비듬', '카페_음반', '음반_형태', '형태_비틀즈', '비틀즈_매카트니', '매카트니_이라운드몰', '이라운드몰_미국', '미국_클리니컬', '클리니컬_스트렝스', '스트렝스_비듬']",[],,,0,[],0,[],0,중립,False
cafearticle,,헤드앤숄더 차콜 후기,혹시 20대 가을 원피스 베개솜 차콜 효도라디오 USB_사랑의콜센타103곡 음반 트로트 미스터트롯 임영웅 영탁 이찬원 김호중 0개를 주셨습니다 제품 후기 보기 옵션 헤드앤숄더 클리니컬 스트렝스 비듬 오일 컨트롤,"['가을', '원피스', '베개', '효도', '라디오', '사랑', '센타', '음반', '트로트', '미스터트롯', '임영웅', '영탁', '이찬원', '김호중', '클리니컬', '스트렝스', '비듬', '오일', '컨트롤']","['가을_원피스', '원피스_베개', '베개_효도', '효도_라디오', '라디오_사랑', '사랑_센타', '센타_음반', '음반_트로트', '트로트_미스터트롯', '미스터트롯_임영웅', '임영웅_영탁', '영탁_이찬원', '이찬원_김호중', '김호중_클리니컬', '클리니컬_스트렝스', '스트렝스_비듬', '비듬_오일', '오일_컨트롤']","['가을', '원피스', '베개', '효도', '라디오', '사랑', '센타', '음반', '트로트', '미스터트롯', '임영웅', '영탁', '이찬원', '김호중', '클리니컬', '스트렝스', '비듬', '오일', '컨트롤', '가을_원피스', '원피스_베개', '베개_효도', '효도_라디오', '라디오_사랑', '사랑_센타', '센타_음반', '음반_트로트', '트로트_미스터트롯', '미스터트롯_임영웅', '임영웅_영탁', '영탁_이찬원', '이찬원_김호중', '김호중_클리니컬', '클리니컬_스트렝스', '스트렝스_비듬', '비듬_오일', '오일_컨트롤']",[],,,0,[],0,[],0,중립,False
cafearticle,,헤드앤숄더 차콜 후기,금주의 핫딜 샘소나이트캐리어 0개를 주셨습니다 제품 후기 보기 옵션 헤드앤숄더 클리니컬 스트렝스 비듬 지루성두피 샴푸 세트 차콜 이지앤 국산 포대기 수제누빔 순면 5부포대기 역대급 가격 10800원 최대 108원 적립,"['금주', '샘소나이트캐리어', '클리니컬', '스트렝스', '비듬', '지루', '세트', '이지앤', '국산', '포대기', '수제누빔', '순면', '5부포대기', '역대']","['금주_샘소나이트캐리어', '샘소나이트캐리어_클리니컬', '클리니컬_스트렝스', '스트렝스_비듬', '비듬_지루', '지루_세트', '세트_이지앤', '이지앤_국산', '국산_포대기', '포대기_수제누빔', '수제누빔_순면', '순면_5부포대기', '5부포대기_역대']","['금주', '샘소나이트캐리어', '클리니컬', '스트렝스', '비듬', '지루', '세트', '이지앤', '국산', '포대기', '수제누빔', '순면', '5부포대기', '역대', '금주_샘소나이트캐리어', '샘소나이트캐리어_클리니컬', '클리니컬_스트렝스', '스트렝스_비듬', '비듬_지루', '지루_세트', '세트_이지앤', '이지앤_국산', '국산_포대기', '포대기_수제누빔', '수제누빔_순면', '순면_5부포대기', '5부포대기_역대']",[],,,0,[],0,[],0,중립,False
cafearticle,,헤드앤숄더 차콜 후기,찬스아이템 반스 신랑이 만족해요 회전형 차콜 블랙 맥북 케이스 47종 모음 맥북프로 에어 레티나 등 역대급 가격 18900원 최대 945원 상품 후기 보기 사용기한 상세페이지참조 두피타입 일반두피 옵션 헤드앤숄더 클리니컬,"['찬스', '아이템', '반스', '신랑', '만족', '회전', '블랙', '맥북', '케이스', '모음', '맥북프로', '에어', '레티나', '역대', '보기', '기한', '페이지', '참조', '타입', '일반', '클리니컬']","['찬스_아이템', '아이템_반스', '반스_신랑', '신랑_만족', '만족_회전', '회전_블랙', '블랙_맥북', '맥북_케이스', '케이스_모음', '모음_맥북프로', '맥북프로_에어', '에어_레티나', '레티나_역대', '역대_보기', '보기_기한', '기한_페이지', '페이지_참조', '참조_타입', '타입_일반', '일반_클리니컬']","['찬스', '아이템', '반스', '신랑', '만족', '회전', '블랙', '맥북', '케이스', '모음', '맥북프로', '에어', '레티나', '역대', '보기', '기한', '페이지', '참조', '타입', '일반', '클리니컬', '찬스_아이템', '아이템_반스', '반스_신랑', '신랑_만족', '만족_회전', '회전_블랙', '블랙_맥북', '맥북_케이스', '케이스_모음', '모음_맥북프로', '맥북프로_에어', '에어_레티나', '레티나_역대', '역대_보기', '보기_기한', '기한_페이지', '페이지_참조', '참조_타입', '타입_일반', '일반_클리니컬']",['상세_페이지'],,,0,[],0,[],0,중립,False
cafearticle,,헤드앤숄더 차콜 후기,주목할 아이템 비듬샴푸 헤드앤숄더 딥 클린 샴푸 최저가 18730원 최대 936원 적립 실구매자 201분이상이 4 4평점을 주셨습니다 상품 후기 보기 유통기한 사용기한 표시의무 대상 상품은 사용기한 2022 11 08 이후인 상품,"['주목', '아이템', '비듬', '클린', '구매자', '이상', '보기', '유통', '기한', '기한', '표시', '의무', '대상', '기한', '이후']","['주목_아이템', '아이템_비듬', '비듬_클린', '클린_구매자', '구매자_이상', '이상_보기', '보기_유통', '유통_기한', '기한_기한', '기한_표시', '표시_의무', '의무_대상', '대상_기한', '기한_이후']","['주목', '아이템', '비듬', '클린', '구매자', '이상', '보기', '유통', '기한', '기한', '표시', '의무', '대상', '기한', '이후', '주목_아이템', '아이템_비듬', '비듬_클린', '클린_구매자', '구매자_이상', '이상_보기', '보기_유통', '유통_기한', '기한_기한', '기한_표시', '표시_의무', '의무_대상', '대상_기한', '기한_이후']",[],,,0,[],0,[],0,중립,False
cafearticle,,헤드앤숄더 차콜 후기,99 소장각 신일건조기3kg빨래 0개를 주었습니다 상품 후기 보기 두피타입 건성두피 옵션 헤드앤숄더 클리니컬 스트렝스 EMF 차콜 그레이트리 캠핑 전기매트 JJ 2020 최저가 117250원 최대 5 863원 적립 구매자 18분께서 5 0개를,"['소장', '신일', '건조기', '빨래', '타입', '건성', '클리니컬', '스트렝스', '그레이', '트리', '캠핑', '전기', '매트', '구매자']","['소장_신일', '신일_건조기', '건조기_빨래', '빨래_타입', '타입_건성', '건성_클리니컬', '클리니컬_스트렝스', '스트렝스_그레이', '그레이_트리', '트리_캠핑', '캠핑_전기', '전기_매트', '매트_구매자']","['소장', '신일', '건조기', '빨래', '타입', '건성', '클리니컬', '스트렝스', '그레이', '트리', '캠핑', '전기', '매트', '구매자', '소장_신일', '신일_건조기', '건조기_빨래', '빨래_타입', '타입_건성', '건성_클리니컬', '클리니컬_스트렝스', '스트렝스_그레이', '그레이_트리', '트리_캠핑', '캠핑_전기', '전기_매트', '매트_구매자']",[],,,0,[],0,[],0,중립,False
cafearticle,,헤드앤숄더 차콜 후기,주말전까지만 필립스 스팀다리미 신랑이 만족해요 화이트 헤드앤숄더 딥 클린 샴푸 최저가격 18730원 최대 936원 적립 구매회원 19분께서 5 0개를 0개를 주셨습니다 상품 후기 보기 옵션 삼성전자 SFN N23DSCH 써큘레이터 차콜 헤네스 F850 실키,"['주말', '필립스', '스팀', '다리미', '신랑', '만족', '화이트', '클린', '회원', '삼성전자', '써큘레이터', '헤네스']","['주말_필립스', '필립스_스팀', '스팀_다리미', '다리미_신랑', '신랑_만족', '만족_화이트', '화이트_클린', '클린_회원', '회원_삼성전자', '삼성전자_써큘레이터', '써큘레이터_헤네스']","['주말', '필립스', '스팀', '다리미', '신랑', '만족', '화이트', '클린', '회원', '삼성전자', '써큘레이터', '헤네스', '주말_필립스', '필립스_스팀', '스팀_다리미', '다리미_신랑', '신랑_만족', '만족_화이트', '화이트_클린', '클린_회원', '회원_삼성전자', '삼성전자_써큘레이터', '써큘레이터_헤네스']",[],,,0,[],0,[],0,중립,False
cafearticle,,헤드앤숄더 차콜 후기,99 소장각 남자가죽자켓 0평점을 주셨습니다 상품 후기 보기 반지 사이즈 1호 옵션 디엘제이 14k실반지 레이어드 열송이 민자 큐빅 컷팅 물결 반지 헤드앤숄더 클리니컬 스트렝스 댄드러프 비듬샴푸 오리지널 400ml 지금,"['소장', '남자', '가죽', '자켓', '보기', '반지', '사이즈', '디엘제이', '반지', '레이어드', '송이', '민자', '큐빅', '컷팅', '물결', '반지', '클리니컬', '스트렝스', '댄드러프', '비듬', '오리지널']","['소장_남자', '남자_가죽', '가죽_자켓', '자켓_보기', '보기_반지', '반지_사이즈', '사이즈_디엘제이', '디엘제이_반지', '반지_레이어드', '레이어드_송이', '송이_민자', '민자_큐빅', '큐빅_컷팅', '컷팅_물결', '물결_반지', '반지_클리니컬', '클리니컬_스트렝스', '스트렝스_댄드러프', '댄드러프_비듬', '비듬_오리지널']","['소장', '남자', '가죽', '자켓', '보기', '반지', '사이즈', '디엘제이', '반지', '레이어드', '송이', '민자', '큐빅', '컷팅', '물결', '반지', '클리니컬', '스트렝스', '댄드러프', '비듬', '오리지널', '소장_남자', '남자_가죽', '가죽_자켓', '자켓_보기', '보기_반지', '반지_사이즈', '사이즈_디엘제이', '디엘제이_반지', '반지_레이어드', '레이어드_송이', '송이_민자', '민자_큐빅', '큐빅_컷팅', '컷팅_물결', '물결_반지', '반지_클리니컬', '클리니컬_스트렝스', '스트렝스_댄드러프', '댄드러프_비듬', '비듬_오리지널']",[],,,0,[],0,[],0,중립,False
cafearticle,,헤드앤숄더 차콜 후기,꿀템 골든구스키즈 0개를 주셨습니다 제품 후기 보기 옵션 NEW 헤드앤숄더 클리니컬 스트렝스 비듬 가려움 완화 베개커버 차콜 그레이 골든구스G31KS301 U8 골든구스RE28KS301U2 키즈 골든구스GCOKS001 R8 골든구스 A53,"['골든 구스', '키즈', '클리니컬', '스트렝스', '비듬', '완화', '베개', '커버', '그레이', '골든 구스', '골든 구스', '키즈', '골든 구스', '골든 구스']","['골든 구스_키즈', '키즈_클리니컬', '클리니컬_스트렝스', '스트렝스_비듬', '비듬_완화', '완화_베개', '베개_커버', '커버_그레이', '그레이_골든 구스', '골든 구스_골든 구스', '골든 구스_키즈', '키즈_골든 구스', '골든 구스_골든 구스']","['골든 구스', '키즈', '클리니컬', '스트렝스', '비듬', '완화', '베개', '커버', '그레이', '골든 구스', '골든 구스', '키즈', '골든 구스', '골든 구스', '골든 구스_키즈', '키즈_클리니컬', '클리니컬_스트렝스', '스트렝스_비듬', '비듬_완화', '완화_베개', '베개_커버', '커버_그레이', '그레이_골든 구스', '골든 구스_골든 구스', '골든 구스_키즈', '키즈_골든 구스', '골든 구스_골든 구스']",[],,,1,['가려움'],0,[],-1,이탈위험,False
cafearticle,,헤드앤숄더 차콜 후기,최저가 비틀즈 lp판 소파 차콜 다크그레이 아트조이 DIY 보석십자수 30 x 40 cm 최저가격 12900원 최대 129원 적립 실구매자 0평점을 주셨습니다 제품 후기 보기 옵션 NEW 헤드앤숄더 클리니컬 스트렝스 비듬 가려움 완화,"['비틀즈', '소파', '다크', '그레이', '아트', '조이', '보석십자수', '구매자', '클리니컬', '스트렝스', '비듬', '완화']","['비틀즈_소파', '소파_다크', '다크_그레이', '그레이_아트', '아트_조이', '조이_보석십자수', '보석십자수_구매자', '구매자_클리니컬', '클리니컬_스트렝스', '스트렝스_비듬', '비듬_완화']","['비틀즈', '소파', '다크', '그레이', '아트', '조이', '보석십자수', '구매자', '클리니컬', '스트렝스', '비듬', '완화', '비틀즈_소파', '소파_다크', '다크_그레이', '그레이_아트', '아트_조이', '조이_보석십자수', '보석십자수_구매자', '구매자_클리니컬', '클리니컬_스트렝스', '스트렝스_비듬', '비듬_완화']",[],,,1,['가려움'],0,[],-1,이탈위험,False
cafearticle,,헤드앤숄더 차콜 후기,암막 롤스크린 0평점을 주었습니다 제품 후기 보기 사용기한 상세페이지참조 두피타입 일반두피 옵션 Head u0026 Shoulders Clinical Strength Shampoo 헤드앤숄더 클리니컬 스트렝스 샴푸 400ml 2팩 1개 끌래망스암막 1,"['스크린', '보기', '기한', '페이지', '참조', '타입', '일반', '클리니컬', '스트렝스', '끌래망스암막']","['스크린_보기', '보기_기한', '기한_페이지', '페이지_참조', '참조_타입', '타입_일반', '일반_클리니컬', '클리니컬_스트렝스', '스트렝스_끌래망스암막']","['스크린', '보기', '기한', '페이지', '참조', '타입', '일반', '클리니컬', '스트렝스', '끌래망스암막', '스크린_보기', '보기_기한', '기한_페이지', '페이지_참조', '참조_타입', '타입_일반', '일반_클리니컬', '클리니컬_스트렝스', '스트렝스_끌래망스암막']",['상세_페이지'],,,0,[],0,[],0,중립,False
cafearticle,,헤드앤숄더 차콜 후기,망설이다 늦는 샴푸의자 0평점을 주셨습니다 제품 후기 보기 성별 여아 최소연령 7세 시리즈 프렌즈 옵션 레고 프렌즈 하트레이크 시티 병원 41394 혼합 색상 헤드앤숄더 클리니컬 스트렝스 비듬 케어 샴푸 400ml 2팩 지금,"['의자', '성별', '여아', '최소', '연령', '시리즈', '프렌즈', '레고 프렌즈', '하트', '레이크', '시티', '병원', '혼합', '색상', '클리니컬', '스트렝스', '비듬', '케어']","['의자_성별', '성별_여아', '여아_최소', '최소_연령', '연령_시리즈', '시리즈_프렌즈', '프렌즈_레고 프렌즈', '레고 프렌즈_하트', '하트_레이크', '레이크_시티', '시티_병원', '병원_혼합', '혼합_색상', '색상_클리니컬', '클리니컬_스트렝스', '스트렝스_비듬', '비듬_케어']","['의자', '성별', '여아', '최소', '연령', '시리즈', '프렌즈', '레고 프렌즈', '하트', '레이크', '시티', '병원', '혼합', '색상', '클리니컬', '스트렝스', '비듬', '케어', '의자_성별', '성별_여아', '여아_최소', '최소_연령', '연령_시리즈', '시리즈_프렌즈', '프렌즈_레고 프렌즈', '레고 프렌즈_하트', '하트_레이크', '레이크_시티', '시티_병원', '병원_혼합', '혼합_색상', '색상_클리니컬', '클리니컬_스트렝스', '스트렝스_비듬', '비듬_케어']",[],,,0,[],0,[],0,중립,False
cafearticle,,헤드앤숄더 차콜 후기,화제집중 신발주머니 0개를 주셨습니다 제품 후기 보기 두피타입 비듬샴푸 옵션 w 헤드앤숄더 클리니컬 스트렝쓰 암막 차콜 케이맥스 갤럭시 S20FE 5G 클리어핏 투명 하드케이스 역대급 가격 9900원 최대 495원 적립 총,"['화제', '집중', '신발', '주머니', '타입', '비듬', '클리니컬', '스트렝쓰', '케이', '맥스', '갤럭시', '클리어핏', '투명', '하드', '케이스', '역대']","['화제_집중', '집중_신발', '신발_주머니', '주머니_타입', '타입_비듬', '비듬_클리니컬', '클리니컬_스트렝쓰', '스트렝쓰_케이', '케이_맥스', '맥스_갤럭시', '갤럭시_클리어핏', '클리어핏_투명', '투명_하드', '하드_케이스', '케이스_역대']","['화제', '집중', '신발', '주머니', '타입', '비듬', '클리니컬', '스트렝쓰', '케이', '맥스', '갤럭시', '클리어핏', '투명', '하드', '케이스', '역대', '화제_집중', '집중_신발', '신발_주머니', '주머니_타입', '타입_비듬', '비듬_클리니컬', '클리니컬_스트렝쓰', '스트렝쓰_케이', '케이_맥스', '맥스_갤럭시', '갤럭시_클리어핏', '클리어핏_투명', '투명_하드', '하드_케이스', '케이스_역대']",[],,,0,[],0,[],0,중립,False
cafearticle,,헤드앤숄더 차콜 후기,주말전까지만 클로렐라 코타 차콜 3켤레 UV강력탈취 최저가 990000원 최대 49 500원 적립 구매자 26분이상이 5 0개를 0개를 주셨습니다 제품 후기 보기 구매옵션 제이디몰 피앤지 헤드앤숄더 헤어폴 클리닉 샴푸 850ml 1개,"['주말', '클로렐라', '탈취', '구매자', '이상', '보기', '제이디몰', '피앤지', '헤어폴', '클리닉']","['주말_클로렐라', '클로렐라_탈취', '탈취_구매자', '구매자_이상', '이상_보기', '보기_제이디몰', '제이디몰_피앤지', '피앤지_헤어폴', '헤어폴_클리닉']","['주말', '클로렐라', '탈취', '구매자', '이상', '보기', '제이디몰', '피앤지', '헤어폴', '클리닉', '주말_클로렐라', '클로렐라_탈취', '탈취_구매자', '구매자_이상', '이상_보기', '보기_제이디몰', '제이디몰_피앤지', '피앤지_헤어폴', '헤어폴_클리닉']",['강력_탈취'],,,0,[],0,[],0,중립,False
cafearticle,,헤드앤숄더 차콜 후기,구매1순위 자동차시트커버 베개커버 차콜 그레이 역대급 가격 39990원 최대 2 000원 적립 구매자 27분이 5 0평점을 주셨습니다 0평점을 주셨습니다 상품 후기 보기 옵션 제이디몰 피앤지 헤드앤숄더 헤어폴 클리닉 샴푸 850ml,"['순위', '자동차', '시트', '커버', '베개', '커버', '그레이', '역대', '구매자', '제이디몰', '피앤지', '헤어폴', '클리닉']","['순위_자동차', '자동차_시트', '시트_커버', '커버_베개', '베개_커버', '커버_그레이', '그레이_역대', '역대_구매자', '구매자_제이디몰', '제이디몰_피앤지', '피앤지_헤어폴', '헤어폴_클리닉']","['순위', '자동차', '시트', '커버', '베개', '커버', '그레이', '역대', '구매자', '제이디몰', '피앤지', '헤어폴', '클리닉', '순위_자동차', '자동차_시트', '시트_커버', '커버_베개', '베개_커버', '커버_그레이', '그레이_역대', '역대_구매자', '구매자_제이디몰', '제이디몰_피앤지', '피앤지_헤어폴', '헤어폴_클리닉']",[],,,0,[],0,[],0,중립,False
cafearticle,,헤드앤숄더 차콜 후기,주말전까지만 미구하라 퍼스트 에센스 퓨어 차콜 아디다스골프 남성골프화 스파이크리스 F35409 아디크로스 바운스2 지금 최저가 94050원 제품 후기 보기 옵션 비쉐르 물결 헤이드 애플워치 4 실리콘 밴드 스트랩 44mm 베이지 1개 헤드앤숄더,"['주말', '미구하라', '퍼스트', '에센스', '퓨어', '아디다스', '골프', '남성', '골프', '스파이크리스', '아디크로스', '바운스2', '비쉐르', '물결', '애플', '워치', '실리콘', '밴드', '스트랩', '베이지', '1개']","['주말_미구하라', '미구하라_퍼스트', '퍼스트_에센스', '에센스_퓨어', '퓨어_아디다스', '아디다스_골프', '골프_남성', '남성_골프', '골프_스파이크리스', '스파이크리스_아디크로스', '아디크로스_바운스2', '바운스2_비쉐르', '비쉐르_물결', '물결_애플', '애플_워치', '워치_실리콘', '실리콘_밴드', '밴드_스트랩', '스트랩_베이지', '베이지_1개']","['주말', '미구하라', '퍼스트', '에센스', '퓨어', '아디다스', '골프', '남성', '골프', '스파이크리스', '아디크로스', '바운스2', '비쉐르', '물결', '애플', '워치', '실리콘', '밴드', '스트랩', '베이지', '1개', '주말_미구하라', '미구하라_퍼스트', '퍼스트_에센스', '에센스_퓨어', '퓨어_아디다스', '아디다스_골프', '골프_남성', '남성_골프', '골프_스파이크리스', '스파이크리스_아디크로스', '아디크로스_바운스2', '바운스2_비쉐르', '비쉐르_물결', '물결_애플', '애플_워치', '워치_실리콘', '실리콘_밴드', '밴드_스트랩', '스트랩_베이지', '베이지_1개']",[],,,0,[],0,[],0,중립,False
cafearticle,,헤드앤숄더 차콜 후기,헤드쿨 히트리스트 리뷰모음 단점 장점 비용 정복 절대 후회안하는 헤드쿨 맘에 쏙 드네요 4위 헤드앤숄더 쿨 멘솔 샴푸 850ml 10개 69 500원 상품구매 및 후기 판매추천 5위 제스파 각도조절 그립 마사지건 셀프 목어깨 안마기 차콜 ZP2885 ZP2885 차콜 110 080원 상품구매 및 후기 판매추천 6위,"['헤드', '히트', '리스트', '리뷰', '모음', '단점', '장점', '비용', '정복', '후회', '헤드', '판매', '제스', '각도', '조절', '그립', '마사지', '셀프', '어깨', '안마', '판매']","['헤드_히트', '히트_리스트', '리스트_리뷰', '리뷰_모음', '모음_단점', '단점_장점', '장점_비용', '비용_정복', '정복_후회', '후회_헤드', '헤드_판매', '판매_제스', '제스_각도', '각도_조절', '조절_그립', '그립_마사지', '마사지_셀프', '셀프_어깨', '어깨_안마', '안마_판매']","['헤드', '히트', '리스트', '리뷰', '모음', '단점', '장점', '비용', '정복', '후회', '헤드', '판매', '제스', '각도', '조절', '그립', '마사지', '셀프', '어깨', '안마', '판매', '헤드_히트', '히트_리스트', '리스트_리뷰', '리뷰_모음', '모음_단점', '단점_장점', '장점_비용', '비용_정복', '정복_후회', '후회_헤드', '헤드_판매', '판매_제스', '제스_각도', '각도_조절', '조절_그립', '그립_마사지', '마사지_셀프', '셀프_어깨', '어깨_안마', '안마_판매']",[],,,1,['후회'],1,['추천'],0,중립,False
cafearticle,,헤드앤숄더 바꿨어요,지성두피이신분들 샴푸 어떤거 쓰시나요 어렸을 때부터 지성두피라 샴푸는 항상 지성두피샴푸는 쓰는데 요즘들어 두피 자극도 많이 되고 머리카락도 푸석해지는거 같아서요ㅠ 지성두피이신분들 샴푸 어떤거 쓰시나요 머리카락 같이 관리,"['지성두피', '지성두피라', '지성', '자극', '머리카락', '푸석', '지성', '머리카락', '관리']","['지성두피_지성두피라', '지성두피라_지성', '지성_자극', '자극_머리카락', '머리카락_푸석', '푸석_지성', '지성_머리카락', '머리카락_관리']","['지성두피', '지성두피라', '지성', '자극', '머리카락', '푸석', '지성', '머리카락', '관리', '지성두피_지성두피라', '지성두피라_지성', '지성_자극', '자극_머리카락', '머리카락_푸석', '푸석_지성', '지성_머리카락', '머리카락_관리']",[],,,1,['자극'],0,[],-1,이탈위험,False
cafearticle,,헤드앤숄더 바꿨어요,비듬이 너무 심하네요 비듬이 왜이리 많아졌을까요 ㅠ 머리는 매일 감는데 샴푸 문제인건지 저녁만되면 엄청 떨어져요 ㅠㅠ 스트레스 너무 받네요,"['비듬', '비듬', '문제', '저녁', '스트레스']","['비듬_비듬', '비듬_문제', '문제_저녁', '저녁_스트레스']","['비듬', '비듬', '문제', '저녁', '스트레스', '비듬_비듬', '비듬_문제', '문제_저녁', '저녁_스트레스']",[],,,0,[],0,[],0,중립,False
cafearticle,,헤드앤숄더 바꿨어요,중학생남아 떡진머리 샴푸 머쓰세요 아이들꺼천연쓰다가 어른샴푸쓰는데도ㅠㅠ 비듬은 없는데 그냥 더러워보여요,"['중학', '남아', '아이', '천연', '어른', '비듬']","['중학_남아', '남아_아이', '아이_천연', '천연_어른', '어른_비듬']","['중학', '남아', '아이', '천연', '어른', '비듬', '중학_남아', '남아_아이', '아이_천연', '천연_어른', '어른_비듬']",[],,,0,[],0,[],0,중립,False
cafearticle,,헤드앤숄더 바꿨어요,니조랄 쓰고 비듬 더생기는데 우째요 쓰기 전보다 더 폭발하는데 이거 그냥 쓰지 말까요 처방 받아서 일주일째 쓰는중인데 니조랄 좋댔는데 ㅜㅜㅜ,"['니조랄', '비듬', '폭발', '처방', '일주일', '니조랄']","['니조랄_비듬', '비듬_폭발', '폭발_처방', '처방_일주일', '일주일_니조랄']","['니조랄', '비듬', '폭발', '처방', '일주일', '니조랄', '니조랄_비듬', '비듬_폭발', '폭발_처방', '처방_일주일', '일주일_니조랄']",[],,,1,['니조랄'],0,[],-1,이탈위험,True
cafearticle,,헤드앤숄더 바꿨어요,두피 가려움증 어떻게 해야하나요 두피가 지성도아니고 비듬도 없어요 피부는 많이 건성이구요 최근들어서 이상하게 두피가 이유없이 막 가려워요 머리감고 말린 직후에도요 괄사로 두피를 맛사지해봐도 효과없구요 어제 두피클리닉 받아볼까 하다가,"['가려움증', '지성', '비듬', '피부', '건성', '이상', '직후', '괄사', '맛사지', '효과', '클리닉']","['가려움증_지성', '지성_비듬', '비듬_피부', '피부_건성', '건성_이상', '이상_직후', '직후_괄사', '괄사_맛사지', '맛사지_효과', '효과_클리닉']","['가려움증', '지성', '비듬', '피부', '건성', '이상', '직후', '괄사', '맛사지', '효과', '클리닉', '가려움증_지성', '지성_비듬', '비듬_피부', '피부_건성', '건성_이상', '이상_직후', '직후_괄사', '괄사_맛사지', '맛사지_효과', '효과_클리닉']",[],,,1,['가려움'],0,[],-1,이탈위험,False
cafearticle,,헤드앤숄더 바꿨어요,헤드앤숄더 클리니컬 스트렝스 환장 ㅠㅠ 좋아졌다가 더 안좋아지니까 마음이 진짜 많이 무너졌어요ㅠㅠ 뭘 믿고 써야할지 모르겠고 또 시도하기도 무서워요 지금은 헤드앤숄더 클리니컬 스트렝스 끊고 순한 샴푸로 바꿨어요 토닉이랑 트리트먼트도 저자극,"['클리니컬', '스트렝스', '환장', '시도', '지금', '클리니컬', '스트렝스', '토닉', '트리트먼트', '자극']","['클리니컬_스트렝스', '스트렝스_환장', '환장_시도', '시도_지금', '지금_클리니컬', '클리니컬_스트렝스', '스트렝스_토닉', '토닉_트리트먼트', '트리트먼트_자극']","['클리니컬', '스트렝스', '환장', '시도', '지금', '클리니컬', '스트렝스', '토닉', '트리트먼트', '자극', '클리니컬_스트렝스', '스트렝스_환장', '환장_시도', '시도_지금', '지금_클리니컬', '클리니컬_스트렝스', '스트렝스_토닉', '토닉_트리트먼트', '트리트먼트_자극']",[],,,1,['자극'],1,['좋아졌'],0,중립,False
cafearticle,,헤드앤숄더 바꿨어요,지루성 두피염 원인 뭘해줘야 지루성 두피염 원인 대체 뭘까요 도대체 뭘 해줘야 나아질지 감이 1도 안잡히니까 케어하기 더 힘들어요 처음에는 그냥 두피에 비듬처럼 각질이 자주 생기고 조금 간지러운 정도여서 그냥 일시적인 문제겠거니 생각했는데,"['지루', '원인', '지루', '원인', '케어', '처음', '비듬', '각질', '일시', '문제']","['지루_원인', '원인_지루', '지루_원인', '원인_케어', '케어_처음', '처음_비듬', '비듬_각질', '각질_일시', '일시_문제']","['지루', '원인', '지루', '원인', '케어', '처음', '비듬', '각질', '일시', '문제', '지루_원인', '원인_지루', '지루_원인', '원인_케어', '케어_처음', '처음_비듬', '비듬_각질', '각질_일시', '일시_문제']",[],,,0,[],0,[],0,중립,False
cafearticle,,헤드앤숄더 바꿨어요,헤드앤숄더 샴푸 쓰시는분 댓글좀 달아주세요 예전에 이제품 썼을때 비듬이 많이 생겼던걸로 기억하는데 지인집에서 샤워하려니 얘가 있더라구요 근데 그 때 쓰던거랑 다르게 얘는 머리도 안기름지고 괜찮네요 한번 바꿔볼까 하고요 쓰시는 분들 괜찮나요,"['댓글', '예전', '비듬', '기억', '지인', '샤워']","['댓글_예전', '예전_비듬', '비듬_기억', '기억_지인', '지인_샤워']","['댓글', '예전', '비듬', '기억', '지인', '샤워', '댓글_예전', '예전_비듬', '비듬_기억', '기억_지인', '지인_샤워']",[],,,0,[],0,[],0,중립,False
cafearticle,,헤드앤숄더 바꿨어요,지방 섭취 하면서 머리 기름도 증가한 걸까요 처음에는 지루성 두피염 또는 곰팡이 증상이 때문인가 해서 니조랄 헤드앤숄더 를 써봐도 낫질 않더라고요 매일 씻을때 애벌1회 본샴푸1회 헹굼 오래 하는데도 8시간만 지나도 머리가 굉장히 떡지기 시작해요 너무,"['지방', '섭취', '기름', '증가', '처음', '지루', '곰팡이', '증상', '니조랄', '애벌', '시간', '시작']","['지방_섭취', '섭취_기름', '기름_증가', '증가_처음', '처음_지루', '지루_곰팡이', '곰팡이_증상', '증상_니조랄', '니조랄_애벌', '애벌_시간', '시간_시작']","['지방', '섭취', '기름', '증가', '처음', '지루', '곰팡이', '증상', '니조랄', '애벌', '시간', '시작', '지방_섭취', '섭취_기름', '기름_증가', '증가_처음', '처음_지루', '지루_곰팡이', '곰팡이_증상', '증상_니조랄', '니조랄_애벌', '애벌_시간', '시간_시작']",[],,,1,['니조랄'],0,[],-1,이탈위험,True
cafearticle,,헤드앤숄더 바꿨어요,헤드앤숄더 가려운두피 왜 전 효과가 ㅜㅜ 좋다는 헤드앤숄더 로 바꿔봤거든요 주변에서도 효과 봤다는 사람 많고 두피 케어 쪽에서는 꽤 유명해서 기대 혹시 헤드앤숄더 성분이 저랑 안 맞는 걸까요 민감한 두피라 그런지 뭔가 따가운 느낌도 약간 있었어요,"['효과', '주변', '효과', '케어', '유명', '성분', '느낌']","['효과_주변', '주변_효과', '효과_케어', '케어_유명', '유명_성분', '성분_느낌']","['효과', '주변', '효과', '케어', '유명', '성분', '느낌', '효과_주변', '주변_효과', '효과_케어', '케어_유명', '유명_성분', '성분_느낌']",[],,,1,['따가'],0,[],-1,이탈위험,False
cafearticle,,헤드앤숄더 바꿨어요,미용실에서 쓰는 샴푸요 시중 마트에 파는 샴푸랑 미용실에서 쓰는 샴푸는 다르긴 다른가요 아기 낳고나서 두피타입이 바뀐건지 비듬이 너무 잘 생기고 그래서 비듬샴푸로 유명하다는거 다 써봤는데 좋은지 잘 모르겠어요 전에 미용실 샴푸,"['미용실', '시중', '마트', '미용실', '아기', '타입', '비듬', '비듬', '유명', '미용실']","['미용실_시중', '시중_마트', '마트_미용실', '미용실_아기', '아기_타입', '타입_비듬', '비듬_비듬', '비듬_유명', '유명_미용실']","['미용실', '시중', '마트', '미용실', '아기', '타입', '비듬', '비듬', '유명', '미용실', '미용실_시중', '시중_마트', '마트_미용실', '미용실_아기', '아기_타입', '타입_비듬', '비듬_비듬', '비듬_유명', '유명_미용실']",[],,,0,[],0,[],0,중립,False
cafearticle,,헤드앤숄더 바꿨어요,머리 가렵고 비듬ㅠㅠ 갑자기 머리가 가렵고 비듬이 많이 떨어져요ㅜ 기름도 많이 지구요 도와주세요 어떻게 해야하나요 샴푸는 헤드앤숄더 하늘색 좋다그래서 바꿨어요,"['비듬', '비듬', '기름', '하늘색']","['비듬_비듬', '비듬_기름', '기름_하늘색']","['비듬', '비듬', '기름', '하늘색', '비듬_비듬', '비듬_기름', '기름_하늘색']",[],,,0,[],0,[],0,중립,False
cafearticle,,헤드앤숄더 바꿨어요,초등학생 샴푸 추천좀 해주세요 아기때부터 무스텔라만 썼는데 요즘에 자꾸 정수리 부분에 각질인지 비듬인지 전혀 안그랬는데 생기더라고요 샴푸 추천부탁드립니다,"['초등학생', '아기', '무스텔라', '정수리', '각질', '비듬', '부탁']","['초등학생_아기', '아기_무스텔라', '무스텔라_정수리', '정수리_각질', '각질_비듬', '비듬_부탁']","['초등학생', '아기', '무스텔라', '정수리', '각질', '비듬', '부탁', '초등학생_아기', '아기_무스텔라', '무스텔라_정수리', '정수리_각질', '각질_비듬', '비듬_부탁']",[],,,0,[],1,['추천'],1,긍정,False
cafearticle,,헤드앤숄더 바꿨어요,매일머리감는데 간지럽고 비듬있으신분 그게 전대요 감고 머리 두피쪽 잘말려도 다시 간지러워요 지성두피샴푸 시중에 파는거쓰고있구요 간지러운거참고 매일감아서인듯해서 2틀견디면 자다가도 긁어서 두피가 상처가 느껴져요 오죽함 제가 뿌염해야는데,"['비듬', '전대요', '지성두피', '시중', '2틀', '상처']","['비듬_전대요', '전대요_지성두피', '지성두피_시중', '시중_2틀', '2틀_상처']","['비듬', '전대요', '지성두피', '시중', '2틀', '상처', '비듬_전대요', '전대요_지성두피', '지성두피_시중', '시중_2틀', '2틀_상처']",[],,,0,[],0,[],0,중립,False
cafearticle,,헤드앤숄더 바꿨어요,청소년 비듬샴푸 추천 부탁요 예전에 한 번 사서 효과 본 거 있는데 이름이 기억이 안나요 파란색이었는데 ㅜ ㅋㅋㅋㅋ 써보고 진짜 효과 본 거 있으시면 추천 좀 해 주세요 장유율하맘카페 김해율하맘카페 율하맘 장유맘 김해율하더스카이시티,"['청소년', '비듬', '부탁', '예전', '효과', '기억', '파란색', '효과', '장유율하맘카페', '김해율하맘카페', '율하맘', '장유맘', '김해율하더스카이시티']","['청소년_비듬', '비듬_부탁', '부탁_예전', '예전_효과', '효과_기억', '기억_파란색', '파란색_효과', '효과_장유율하맘카페', '장유율하맘카페_김해율하맘카페', '김해율하맘카페_율하맘', '율하맘_장유맘', '장유맘_김해율하더스카이시티']","['청소년', '비듬', '부탁', '예전', '효과', '기억', '파란색', '효과', '장유율하맘카페', '김해율하맘카페', '율하맘', '장유맘', '김해율하더스카이시티', '청소년_비듬', '비듬_부탁', '부탁_예전', '예전_효과', '효과_기억', '기억_파란색', '파란색_효과', '효과_장유율하맘카페', '장유율하맘카페_김해율하맘카페', '김해율하맘카페_율하맘', '율하맘_장유맘', '장유맘_김해율하더스카이시티']",[],,,0,[],1,['추천'],1,긍정,False
cafearticle,,헤드앤숄더 바꿨어요,두피 각질비듬 알려주세요 두피 각질비듬없었는데 몇주전부터 계속 두피에 각질이랑 비듬이 있는데 깨끗히 헹궈도 생기네요 말릴때 자연건조하는데 드라이기로 바짝 말려야할까요 건조해서인지 더 심해지는것 같아 스트레스 받네요 ㅠㅠ 맘님들,"['각질', '비듬', '각질', '비듬', '각질', '비듬', '자연', '건조', '드라이기', '건조', '스트레스']","['각질_비듬', '비듬_각질', '각질_비듬', '비듬_각질', '각질_비듬', '비듬_자연', '자연_건조', '건조_드라이기', '드라이기_건조', '건조_스트레스']","['각질', '비듬', '각질', '비듬', '각질', '비듬', '자연', '건조', '드라이기', '건조', '스트레스', '각질_비듬', '비듬_각질', '각질_비듬', '비듬_각질', '각질_비듬', '비듬_자연', '자연_건조', '건조_드라이기', '드라이기_건조', '건조_스트레스']",[],,,0,[],0,[],0,중립,False
cafearticle,,헤드앤숄더 바꿨어요,예비초3인데 머리 비듬이 생겼어요 샴푸때문 일까요 아직 머리냄새나거나 기름지는건 없는데 어제보니 비듬이 꽤 생겼더라고요 아토팜 약산성샴푸 쓰고 있는데 샴푸가 안맞는 걸까요 아님 제가 감기고 헹궈주면 괜찮을까요 ㅜㅜ 어쩐지 요즘 계속 머리를 긁더라고요,"['예비', '비듬', '냄새', '비듬', '아토팜', '약산']","['예비_비듬', '비듬_냄새', '냄새_비듬', '비듬_아토팜', '아토팜_약산']","['예비', '비듬', '냄새', '비듬', '아토팜', '약산', '예비_비듬', '비듬_냄새', '냄새_비듬', '비듬_아토팜', '아토팜_약산']",[],,,0,[],0,[],0,중립,False
cafearticle,,헤드앤숄더 바꿨어요,초등 남자 아이 머리 비듬 과 냄새 남자 아이 키우면서 샴푸도 비누도 많이 안쓰면서 살았는데요 와 사춘기 호르몬 강력하네요 냄새가 나기 시작하고 한나절만 지나도 떡지기 시작하고 그래서 어쩔 수 없이 샴푸를 바꿨어요 사춘기 남아들 쓰는,"['초등', '남자', '아이', '비듬', '냄새', '남자', '아이', '비누', '사춘기', '호르몬', '냄새', '시작', '한나절', '시작', '사춘기', '남아']","['초등_남자', '남자_아이', '아이_비듬', '비듬_냄새', '냄새_남자', '남자_아이', '아이_비누', '비누_사춘기', '사춘기_호르몬', '호르몬_냄새', '냄새_시작', '시작_한나절', '한나절_시작', '시작_사춘기', '사춘기_남아']","['초등', '남자', '아이', '비듬', '냄새', '남자', '아이', '비누', '사춘기', '호르몬', '냄새', '시작', '한나절', '시작', '사춘기', '남아', '초등_남자', '남자_아이', '아이_비듬', '비듬_냄새', '냄새_남자', '남자_아이', '아이_비누', '비누_사춘기', '사춘기_호르몬', '호르몬_냄새', '냄새_시작', '시작_한나절', '한나절_시작', '시작_사춘기', '사춘기_남아']",[],,,0,[],0,[],0,중립,False
cafearticle,,헤드앤숄더 바꿨어요,초등 샴푸 남자 아이가 올해 11살되는데요 계속 잘쓰던 키즈 샴푸가 전혀 세척이 안되는 기분이예요 요즘 부쩍 비듬이 엄청 나요 혹시 11살 남자 아이들 샴푸 뭐 사용하시나요,"['초등', '남자', '아이', '올해', '키즈', '세척', '기분', '비듬', '남자', '아이']","['초등_남자', '남자_아이', '아이_올해', '올해_키즈', '키즈_세척', '세척_기분', '기분_비듬', '비듬_남자', '남자_아이']","['초등', '남자', '아이', '올해', '키즈', '세척', '기분', '비듬', '남자', '아이', '초등_남자', '남자_아이', '아이_올해', '올해_키즈', '키즈_세척', '세척_기분', '기분_비듬', '비듬_남자', '남자_아이']",[],,,0,[],0,[],0,중립,False
cafearticle,,헤드앤숄더 바꿨어요,지루성두피 피부염땜에 어제 피부과 전문의 있는곳 갔는데요 샴푸는 뭐 쓰냐길래 헤드앤숄더 직구요 했더니 그건 용케 잘 찾으셨네 하심 ㅋㅋㅋㅋㅋㅋㅋㅋㅋ 샴푸하나 줄테니 퐁당퐁당으로 쓰고 약 잘 바르고 ㅎ잘 챙겨먹고 화요일 오세요 하시길래 네 했더니 증상 괜찮아졌다고,"['지루', '피부염', '피부과', '전문의', '화요일', '증상']","['지루_피부염', '피부염_피부과', '피부과_전문의', '전문의_화요일', '화요일_증상']","['지루', '피부염', '피부과', '전문의', '화요일', '증상', '지루_피부염', '피부염_피부과', '피부과_전문의', '전문의_화요일', '화요일_증상']",[],,,0,[],0,[],0,중립,False
cafearticle,,헤드앤숄더 바꿨어요,헤드앤숄더 스트렝스샴푸 모낭염에도 효과있을까요 고2아들 지루성두피염과 모낭염있어서 두피 붉고 긁으니 딱지생기고 미노씬 안먹으면 하얀 노란색에가까운 모낭염도있는데 이샴푸 효과있을까요 노비프록스와 지루성두피전용샴푸 쓰는데도 효과가 없어서,"['스트렝스샴푸', '모낭염', '효과', '아들', '지루성두피염', '모낭', '딱지', '미노', '노란색', '모낭', '효과', '노비프록스', '지루성두피전', '효과']","['스트렝스샴푸_모낭염', '모낭염_효과', '효과_아들', '아들_지루성두피염', '지루성두피염_모낭', '모낭_딱지', '딱지_미노', '미노_노란색', '노란색_모낭', '모낭_효과', '효과_노비프록스', '노비프록스_지루성두피전', '지루성두피전_효과']","['스트렝스샴푸', '모낭염', '효과', '아들', '지루성두피염', '모낭', '딱지', '미노', '노란색', '모낭', '효과', '노비프록스', '지루성두피전', '효과', '스트렝스샴푸_모낭염', '모낭염_효과', '효과_아들', '아들_지루성두피염', '지루성두피염_모낭', '모낭_딱지', '딱지_미노', '미노_노란색', '노란색_모낭', '모낭_효과', '효과_노비프록스', '노비프록스_지루성두피전', '지루성두피전_효과']",[],,,0,[],1,['효과있'],1,긍정,False
cafearticle,,헤드앤숄더 바꿨어요,비듬샴푸 계속 써도 괜찮나요 남편이랑 샴푸 같이쓰다가 남편이 비듬인지 뭔지 검은색 옷 입으면 자꾸 흰가루 가 떨어지길래 헤드앤숄더 그 샴푸를 꾀 썼거든요 쓰니까 괜찮아졌고 대용량 한통 다썼는데 또 사달라고 하는데 전 그만썼으면,"['비듬', '남편', '남편', '비듬', '가루', '용량']","['비듬_남편', '남편_남편', '남편_비듬', '비듬_가루', '가루_용량']","['비듬', '남편', '남편', '비듬', '가루', '용량', '비듬_남편', '남편_남편', '남편_비듬', '비듬_가루', '가루_용량']",[],,,0,[],0,[],0,중립,False
cafearticle,,헤드앤숄더 바꿨어요,중2 제가 어떻게 대처 해야 할까요 지루성 피부염이라서 그런지 비듬이 많이 생기더라고요 친구들이 비듬가지고 좀 놀린다고 해서 도와줘야 할것 같은데 헤드앤숄더 썻는데 효과가 없었어요 어떻게 대처를 하면 좋을까요 ㅠㅠ,"['대처', '지루성 피부염', '비듬', '친구', '비듬', '효과', '대처']","['대처_지루성 피부염', '지루성 피부염_비듬', '비듬_친구', '친구_비듬', '비듬_효과', '효과_대처']","['대처', '지루성 피부염', '비듬', '친구', '비듬', '효과', '대처', '대처_지루성 피부염', '지루성 피부염_비듬', '비듬_친구', '친구_비듬', '비듬_효과', '효과_대처']",[],,,0,[],0,[],0,중립,False
cafearticle,,헤드앤숄더 바꿨어요,8월 13일 세종점 후기 8 9 헤드앤숄더 쿨멘솔 샴푸 17 990 3 600 오랜만에 구입해봤는데 예전에는 이거로 머리 감으면 두피가 버터 13 690 커클랜드 버터 먹다가 요거로 바꿨어요 양도 적당하고 적당히 짭쪼롬해서 베이킹할때 부담없이,"['세종점', '오랜만', '구입', '예전', '버터', '커클랜드', '버터', '베이킹', '부담']","['세종점_오랜만', '오랜만_구입', '구입_예전', '예전_버터', '버터_커클랜드', '커클랜드_버터', '버터_베이킹', '베이킹_부담']","['세종점', '오랜만', '구입', '예전', '버터', '커클랜드', '버터', '베이킹', '부담', '세종점_오랜만', '오랜만_구입', '구입_예전', '예전_버터', '버터_커클랜드', '커클랜드_버터', '버터_베이킹', '베이킹_부담']",[],,,0,[],0,[],0,중립,False
cafearticle,,헤드앤숄더 바꿨어요,요즘같이 더운날엔 쿨링부스터 추천해요 저 이번에 머리 비듬때문에 샴푸 바꿨거든요 요즘같이 자외선 진짜 쨍쨍한날에는 모자 안쓰면 뭔가 두피도 많이 따갑고 드라이기 넘 더워서 머리 대충말렸더니 비듬 장난 아니더라구요 그래서 샴푸를 바꿔볼까,"['부스', '이번', '비듬', '자외선', '모자', '드라이기', '비듬', '장난']","['부스_이번', '이번_비듬', '비듬_자외선', '자외선_모자', '모자_드라이기', '드라이기_비듬', '비듬_장난']","['부스', '이번', '비듬', '자외선', '모자', '드라이기', '비듬', '장난', '부스_이번', '이번_비듬', '비듬_자외선', '자외선_모자', '모자_드라이기', '드라이기_비듬', '비듬_장난']",[],,,0,[],1,['추천'],1,긍정,False
cafearticle,,헤드앤숄더 바꿨어요,비듬샴푸 추천 해주세요ㅜㅜ 예비신랑이 검은옷을 입으면 비듬이 너무 보여요ㅜㅡㅜ 샴푸 선물할까하는데 써보셨거나 선물해보신 분 있나요,"['비듬', '예비', '신랑', '비듬', '선물', '선물']","['비듬_예비', '예비_신랑', '신랑_비듬', '비듬_선물', '선물_선물']","['비듬', '예비', '신랑', '비듬', '선물', '선물', '비듬_예비', '예비_신랑', '신랑_비듬', '비듬_선물', '선물_선물']",[],,,0,[],1,['추천'],1,긍정,False
cafearticle,,헤드앤숄더 바꿨어요,초등아이 머리냄새랑 두피 비듬이 생겼어요 날이 더워서 그런건지 저희 아이가 급속도로 크고 있기도 하지만 머리 냄새가 너무 많이 나요 하 정말 비듬도 생겼고 마주할때마다 심란한데 어떻게 이 문제를 해결할 수 있을까요 선배어머님들 정보의 지혜를 주소서,"['초등', '아이', '냄새', '비듬', '아이', '급속도', '냄새', '비듬', '문제', '해결', '선배', '어머님', '정보', '지혜']","['초등_아이', '아이_냄새', '냄새_비듬', '비듬_아이', '아이_급속도', '급속도_냄새', '냄새_비듬', '비듬_문제', '문제_해결', '해결_선배', '선배_어머님', '어머님_정보', '정보_지혜']","['초등', '아이', '냄새', '비듬', '아이', '급속도', '냄새', '비듬', '문제', '해결', '선배', '어머님', '정보', '지혜', '초등_아이', '아이_냄새', '냄새_비듬', '비듬_아이', '아이_급속도', '급속도_냄새', '냄새_비듬', '비듬_문제', '문제_해결', '해결_선배', '선배_어머님', '어머님_정보', '정보_지혜']",[],,,0,[],0,[],0,중립,False
cafearticle,,헤드앤숄더 바꿨어요,머리가려움증 피부근염으로 1년 6개월차입니다 근육은 점점 증상이 좋아져 일상생활 잘 하고 있어요 그중 아직까지 제일 불편한점은 얼굴피부 안좋은것과 또 하나는 머리 가려움증 두피각질이에요 지루성 두피 같지는 않고요 두피가,"['가려움증', '피부', '근육', '증상', '일상생활', '불편', '얼굴', '피부', '가려움증', '각질', '지루']","['가려움증_피부', '피부_근육', '근육_증상', '증상_일상생활', '일상생활_불편', '불편_얼굴', '얼굴_피부', '피부_가려움증', '가려움증_각질', '각질_지루']","['가려움증', '피부', '근육', '증상', '일상생활', '불편', '얼굴', '피부', '가려움증', '각질', '지루', '가려움증_피부', '피부_근육', '근육_증상', '증상_일상생활', '일상생활_불편', '불편_얼굴', '얼굴_피부', '피부_가려움증', '가려움증_각질', '각질_지루']",[],,,1,['가려움'],0,[],-1,이탈위험,False
cafearticle,,헤드앤숄더 바꿨어요,두피냄새 비듬샴푸 추천좀해주세요 광고사절이예요 갑자기 기름도 많아지고 정수리냄새랑 비듬도 생겨서 진짜 써보고 괜찮았던제품 추천좀 해주세요,"['냄새', '비듬', '사절', '기름', '정수리', '냄새', '비듬']","['냄새_비듬', '비듬_사절', '사절_기름', '기름_정수리', '정수리_냄새', '냄새_비듬']","['냄새', '비듬', '사절', '기름', '정수리', '냄새', '비듬', '냄새_비듬', '비듬_사절', '사절_기름', '기름_정수리', '정수리_냄새', '냄새_비듬']",[],,,0,[],1,['추천'],1,긍정,False
cafearticle,,헤드앤숄더 바꿨어요,임산부 비듬 지루성 gt 헤드앤숄더 샴푸 써도되나요 원래도 지성이었지만 임신후엔 비듬이 말도 못하게 늘어났어요 ㅠㅠㅠ 샴푸를 찾아보는데 헤드앤숄더 써도될꺼요,"['임산부', '비듬', '지루', '지성', '임신', '비듬']","['임산부_비듬', '비듬_지루', '지루_지성', '지성_임신', '임신_비듬']","['임산부', '비듬', '지루', '지성', '임신', '비듬', '임산부_비듬', '비듬_지루', '지루_지성', '지성_임신', '임신_비듬']",[],,,0,[],0,[],0,중립,False
cafearticle,,헤드앤숄더 바꿨어요,비듬샴푸 써보신 거 중에 검색해보니 헤드앤숄더 클리니컬 스트렝스 녹색 보라색 니조랄이 그나마 효과가 직빵인 거 같은데 혹시 써보신 분들 중에서 어떤걸 추천하시나용 헤드앤숄더 는 녹색이 좋다는 분이 계시고 보라색이 좋다는 분이 계셔서,"['비듬', '검색', '클리니컬', '스트렝스', '녹색', '니조랄', '효과', '녹색']","['비듬_검색', '검색_클리니컬', '클리니컬_스트렝스', '스트렝스_녹색', '녹색_니조랄', '니조랄_효과', '효과_녹색']","['비듬', '검색', '클리니컬', '스트렝스', '녹색', '니조랄', '효과', '녹색', '비듬_검색', '검색_클리니컬', '클리니컬_스트렝스', '스트렝스_녹색', '녹색_니조랄', '니조랄_효과', '효과_녹색']",[],,,1,['니조랄'],1,['추천'],0,중립,True
cafearticle,,헤드앤숄더 바꿨어요,혹 지루성 두피이신 분 계실까요 먹는 약은 굳이라며 안 주셧고요 근데 헤드앤숄더 스트렝스로 다 잡앗거든요 각질이나 딱지 다 사라지고 그냥 두피로 돌아왓는데 그 샴푸가 임산부한테 안조은 성분이 잇대서 다른 샴푸로 바꿨어요 그랫더니 바로 또,"['지루', '스트렝스', '각질', '딱지', '임산부', '안조은', '성분']","['지루_스트렝스', '스트렝스_각질', '각질_딱지', '딱지_임산부', '임산부_안조은', '안조은_성분']","['지루', '스트렝스', '각질', '딱지', '임산부', '안조은', '성분', '지루_스트렝스', '스트렝스_각질', '각질_딱지', '딱지_임산부', '임산부_안조은', '안조은_성분']",[],,,0,[],0,[],0,중립,False
cafearticle,,헤드앤숄더 바꿨어요,아토피아이 건조두피 샴푸 바꿨어요 환절기에 이어 겨울까지 두피건조함 계속 되길래 제로이드 루트힐 썼는데 이제 사춘기에 들어서서인지 정수리 유분과 냄새를 잡질 못하고 각질도 여전하더라구요 얼마전 헤드앤숄더 에서 건성두피용으로 신제품이,"['아토피', '아이', '건조', '환절기', '겨울', '건조', '로이드', '루트', '사춘기', '정수리', '유분', '냄새', '각질', '얼마', '건성']","['아토피_아이', '아이_건조', '건조_환절기', '환절기_겨울', '겨울_건조', '건조_로이드', '로이드_루트', '루트_사춘기', '사춘기_정수리', '정수리_유분', '유분_냄새', '냄새_각질', '각질_얼마', '얼마_건성']","['아토피', '아이', '건조', '환절기', '겨울', '건조', '로이드', '루트', '사춘기', '정수리', '유분', '냄새', '각질', '얼마', '건성', '아토피_아이', '아이_건조', '건조_환절기', '환절기_겨울', '겨울_건조', '건조_로이드', '로이드_루트', '루트_사춘기', '사춘기_정수리', '정수리_유분', '유분_냄새', '냄새_각질', '각질_얼마', '얼마_건성']",[],,,0,[],0,[],0,중립,False
cafearticle,,헤드앤숄더 바꿨어요,건조하고 가려운 두피를 가진 남편을 위해 헤드앤숄더 건성 두피 케어 샴푸로 바꿨어요 세계 판매 1위 글로벌 샴푸 헤드앤숄더 의 신제품 헤드앤숄더 건성 두피 케어 샴푸 2021년 7월 2022년 6월 샴푸 시장 판매자료 기준 제3의 시장조사 전문기관 수집 정보를 바탕으로 한 P amp G 집계결과 안녕하세요,"['건조', '남편', '건성', '케어', '세계', '판매', '글로벌', '건성', '케어', '시장', '판매', '자료', '기준', '시장', '조사', '전문', '기관', '수집', '정보', '바탕', '집계', '결과']","['건조_남편', '남편_건성', '건성_케어', '케어_세계', '세계_판매', '판매_글로벌', '글로벌_건성', '건성_케어', '케어_시장', '시장_판매', '판매_자료', '자료_기준', '기준_시장', '시장_조사', '조사_전문', '전문_기관', '기관_수집', '수집_정보', '정보_바탕', '바탕_집계', '집계_결과']","['건조', '남편', '건성', '케어', '세계', '판매', '글로벌', '건성', '케어', '시장', '판매', '자료', '기준', '시장', '조사', '전문', '기관', '수집', '정보', '바탕', '집계', '결과', '건조_남편', '남편_건성', '건성_케어', '케어_세계', '세계_판매', '판매_글로벌', '글로벌_건성', '건성_케어', '케어_시장', '시장_판매', '판매_자료', '자료_기준', '기준_시장', '시장_조사', '조사_전문', '전문_기관', '기관_수집', '수집_정보', '정보_바탕', '바탕_집계', '집계_결과']",[],,,0,[],0,[],0,중립,False
cafearticle,,헤드앤숄더 바꿨어요,청소년 아이들 비듬관리 사춘기소녀를 모시고 살고있는 엄마입니다 자기는 잘 씻는다고 하는데 왜이리 비듬이 심해지는지 혹시 청소년 아이들 비듬관리는 어찌 해주고 계신지 궁금합니다 진정 답이 없는건지 ㅠㅠ 같은반 아이들 비듬 많다고,"['청소년', '아이', '비듬', '관리', '사춘기', '소녀', '엄마', '비듬', '청소년', '아이', '비듬', '관리', '아이', '비듬']","['청소년_아이', '아이_비듬', '비듬_관리', '관리_사춘기', '사춘기_소녀', '소녀_엄마', '엄마_비듬', '비듬_청소년', '청소년_아이', '아이_비듬', '비듬_관리', '관리_아이', '아이_비듬']","['청소년', '아이', '비듬', '관리', '사춘기', '소녀', '엄마', '비듬', '청소년', '아이', '비듬', '관리', '아이', '비듬', '청소년_아이', '아이_비듬', '비듬_관리', '관리_사춘기', '사춘기_소녀', '소녀_엄마', '엄마_비듬', '비듬_청소년', '청소년_아이', '아이_비듬', '비듬_관리', '관리_아이', '아이_비듬']",[],,,0,[],0,[],0,중립,False
cafearticle,,헤드앤숄더 바꿨어요,아이들 언제까지 키즈샴푸 쓰세요 15년생 2학년 우리 아들 올 여름부터 정수리 냄새가 나는듯하여 저랑 같이 아모스나 헤드앤숄더 쓰거든요 친구가 애는 애꺼 써야한다고 호르몬에 안좋다고 ㅡㅡ 그린핑거 10세까지 있는거 쓰라고 하더라구요 그럼 둘째,"['아이', '키즈', '학년', '아들', '여름', '정수리', '냄새', '아모스', '친구', '호르몬', '그린', '핑거']","['아이_키즈', '키즈_학년', '학년_아들', '아들_여름', '여름_정수리', '정수리_냄새', '냄새_아모스', '아모스_친구', '친구_호르몬', '호르몬_그린', '그린_핑거']","['아이', '키즈', '학년', '아들', '여름', '정수리', '냄새', '아모스', '친구', '호르몬', '그린', '핑거', '아이_키즈', '키즈_학년', '학년_아들', '아들_여름', '여름_정수리', '정수리_냄새', '냄새_아모스', '아모스_친구', '친구_호르몬', '호르몬_그린', '그린_핑거']",[],,,0,[],0,[],0,중립,False
cafearticle,,헤드앤숄더 바꿨어요,초고학년 비듬에 효과있는 샴푸 찾아보니 헤드앤숄더 가 좋다는 댓글을 많이 봤는데요 종류가 많은데 어떤 제품인가요 쿨 멘솔인가요 아님 딥클린,"['학년', '비듬', '효과', '댓글', '종류', '클린']","['학년_비듬', '비듬_효과', '효과_댓글', '댓글_종류', '종류_클린']","['학년', '비듬', '효과', '댓글', '종류', '클린', '학년_비듬', '비듬_효과', '효과_댓글', '댓글_종류', '종류_클린']",[],,,0,[],1,['효과있'],1,긍정,False
cafearticle,,헤드앤숄더 대신,헤드앤숄더 비듬샴푸 추천 약산성 비교 사용 후기 비교 뒷기약가 좋긴 하겠지만 손수 이렇게 써보니까 똑똑히 좋다는 걸 느끼는 지금 향수 대신 해서 이것만 쓸 듯요 트리트먼트 이용량 줄고 퍼퓸 헤드앤숄더 비듬샴푸 지금 복잡스럽게 맞춰볼 중요 읍는 것 대단한 사용,"['비듬', '약산', '비교', '비교', '향수', '대신', '트리트먼트', '이용량', '퍼퓸', '비듬', '중요']","['비듬_약산', '약산_비교', '비교_비교', '비교_향수', '향수_대신', '대신_트리트먼트', '트리트먼트_이용량', '이용량_퍼퓸', '퍼퓸_비듬', '비듬_중요']","['비듬', '약산', '비교', '비교', '향수', '대신', '트리트먼트', '이용량', '퍼퓸', '비듬', '중요', '비듬_약산', '약산_비교', '비교_비교', '비교_향수', '향수_대신', '대신_트리트먼트', '트리트먼트_이용량', '이용량_퍼퓸', '퍼퓸_비듬', '비듬_중요']",[],,,1,['대신'],1,['추천'],0,중립,False
cafearticle,,헤드앤숄더 대신,두피 가려움 때문에 고민이라면 헤드앤숄더 토탈 솔루션으로 해결해봤어요 그래서 제가 직접 사용해 헤드앤숄더 토탈 솔루션 샴푸를 바탕으로 두피 가려움 관리 방법부터 제품 뜨거운 물 대신 미지근한 물로 감고 두피를 손톱이 아닌 손끝으로 마사지하듯 세정하는 게 중요해요 또 샴푸,"['고민', '토탈', '솔루션', '해결', '토탈', '솔루션', '바탕', '관리', '방법', '대신', '손톱', '손끝', '마사지', '세정', '중요']","['고민_토탈', '토탈_솔루션', '솔루션_해결', '해결_토탈', '토탈_솔루션', '솔루션_바탕', '바탕_관리', '관리_방법', '방법_대신', '대신_손톱', '손톱_손끝', '손끝_마사지', '마사지_세정', '세정_중요']","['고민', '토탈', '솔루션', '해결', '토탈', '솔루션', '바탕', '관리', '방법', '대신', '손톱', '손끝', '마사지', '세정', '중요', '고민_토탈', '토탈_솔루션', '솔루션_해결', '해결_토탈', '토탈_솔루션', '솔루션_바탕', '바탕_관리', '관리_방법', '방법_대신', '대신_손톱', '손톱_손끝', '손끝_마사지', '마사지_세정', '세정_중요']",[],,,2,"['가려움', '대신']",0,[],-2,이탈위험,False
cafearticle,,헤드앤숄더 대신,아이 비듬 어떻게 해야할까요 좋다는 비싼 샴푸도 써보고 어린이 비듬샴푸 검색해서 이것저것 쓰고 있는데 더 심해지는거같기도 하고 걱정이네요 긁거나 지루성은 아닌것같고 단순 각질 같아요 돌이켜보며 시발점은 1학년때 파마를,"['비듬', '어린이', '비듬', '검색', '이것저것', '걱정', '단순', '각질', '시발점', '학년', '파마']","['비듬_어린이', '어린이_비듬', '비듬_검색', '검색_이것저것', '이것저것_걱정', '걱정_단순', '단순_각질', '각질_시발점', '시발점_학년', '학년_파마']","['비듬', '어린이', '비듬', '검색', '이것저것', '걱정', '단순', '각질', '시발점', '학년', '파마', '비듬_어린이', '어린이_비듬', '비듬_검색', '검색_이것저것', '이것저것_걱정', '걱정_단순', '단순_각질', '각질_시발점', '시발점_학년', '학년_파마']",[],,,0,[],0,[],0,중립,False
cafearticle,,헤드앤숄더 대신,아이들 샴푸 아이들 샴푸 뭐 쓰시나요 아이들한테서 비듬이 생겨서요 ㅠㅠ 진짜 고민이에요 써 보신것 중에 추천해주고 싶은게 있으시면 댓글 부탁드립니다,"['아이', '아이', '아이', '비듬', '고민', '댓글', '부탁']","['아이_아이', '아이_아이', '아이_비듬', '비듬_고민', '고민_댓글', '댓글_부탁']","['아이', '아이', '아이', '비듬', '고민', '댓글', '부탁', '아이_아이', '아이_아이', '아이_비듬', '비듬_고민', '고민_댓글', '댓글_부탁']",[],,,0,[],1,['추천'],1,긍정,False
cafearticle,,헤드앤숄더 대신,헤드앤숄더 클리니컬 스트렝스 쓰신분 결정하고 싶어요 혹시 써보시고 도움 받으신 분들 계시면 경험담 공유해주세요 아니면 헤드앤숄더 클리니컬 스트렝스 대신 다른 관리 방법도 알고 싶어요 지금이라도 제대로 케어해서 더 나빠지는 건 막고 싶거든요ㅠㅠ,"['클리니컬', '스트렝스', '결정', '도움', '경험담', '공유', '클리니컬', '스트렝스', '대신', '관리', '방법', '지금', '케어']","['클리니컬_스트렝스', '스트렝스_결정', '결정_도움', '도움_경험담', '경험담_공유', '공유_클리니컬', '클리니컬_스트렝스', '스트렝스_대신', '대신_관리', '관리_방법', '방법_지금', '지금_케어']","['클리니컬', '스트렝스', '결정', '도움', '경험담', '공유', '클리니컬', '스트렝스', '대신', '관리', '방법', '지금', '케어', '클리니컬_스트렝스', '스트렝스_결정', '결정_도움', '도움_경험담', '경험담_공유', '공유_클리니컬', '클리니컬_스트렝스', '스트렝스_대신', '대신_관리', '관리_방법', '방법_지금', '지금_케어']",[],,,1,['대신'],0,[],-1,이탈위험,False
cafearticle,,헤드앤숄더 대신,헤드앤숄더 스트렝스 탈모에도 도움 될까요 헤드앤숄더 스트렝스 샴푸가격이 훨씬 저렴해서 고민이 되네요 스트렝스 대신 약용샴푸를 사용하는 게 맞을지 지루성 두피염 때문에 탈모진행 속도가 빨라지는 것 같아서 너무힘들긴한데ㅠㅠ 선택을 못 하겠네요ㅠㅠ,"['스트렝스', '탈모', '도움', '스트렝스', '고민', '스트렝스', '대신', '약용', '지루', '탈모', '진행', '속도', '선택']","['스트렝스_탈모', '탈모_도움', '도움_스트렝스', '스트렝스_고민', '고민_스트렝스', '스트렝스_대신', '대신_약용', '약용_지루', '지루_탈모', '탈모_진행', '진행_속도', '속도_선택']","['스트렝스', '탈모', '도움', '스트렝스', '고민', '스트렝스', '대신', '약용', '지루', '탈모', '진행', '속도', '선택', '스트렝스_탈모', '탈모_도움', '도움_스트렝스', '스트렝스_고민', '고민_스트렝스', '스트렝스_대신', '대신_약용', '약용_지루', '지루_탈모', '탈모_진행', '진행_속도', '속도_선택']",[],,,1,['대신'],0,[],-1,이탈위험,False
cafearticle,,헤드앤숄더 대신,지성두피 샴푸 ㅜㅜ 프레시팝 모히또 샴푸 헤드앤숄더 딥클린 약국 샴푸나 한살림 두피샴푸도 기름기 쏙 빠진다는 후기들이 많더라고요 정말 기름기 확 잡히는 지성샴푸 추천 실사용해보고 만족하신 제품이 있으면 추가로 알려주세요,"['지성', '프레시팝', '모히또', '클린', '한살림', '기름', '기름', '지성', '만족', '추가']","['지성_프레시팝', '프레시팝_모히또', '모히또_클린', '클린_한살림', '한살림_기름', '기름_기름', '기름_지성', '지성_만족', '만족_추가']","['지성', '프레시팝', '모히또', '클린', '한살림', '기름', '기름', '지성', '만족', '추가', '지성_프레시팝', '프레시팝_모히또', '모히또_클린', '클린_한살림', '한살림_기름', '기름_기름', '기름_지성', '지성_만족', '만족_추가']",[],,,0,[],1,['추천'],1,긍정,False
cafearticle,,헤드앤숄더 대신,아이도 니조랄 써도 될까요 광고사양 지금 헤드앤숄더 지성두피용 쓰는데도 비슷해서 남편이 니조랄 사다가 머리감겨주라는데 아이가 써도 되나요 그거 엄청 자극되는거 아니에요 두피가 기름지고 그니까 머리카락도 기름지고 일단 냄새가 아저씨 냄새 나요,"['아이', '사양', '지성두피용', '남편', '니조랄', '아이', '자극', '머리카락', '냄새', '아저씨', '냄새']","['아이_사양', '사양_지성두피용', '지성두피용_남편', '남편_니조랄', '니조랄_아이', '아이_자극', '자극_머리카락', '머리카락_냄새', '냄새_아저씨', '아저씨_냄새']","['아이', '사양', '지성두피용', '남편', '니조랄', '아이', '자극', '머리카락', '냄새', '아저씨', '냄새', '아이_사양', '사양_지성두피용', '지성두피용_남편', '남편_니조랄', '니조랄_아이', '아이_자극', '자극_머리카락', '머리카락_냄새', '냄새_아저씨', '아저씨_냄새']",[],,,2,"['자극', '니조랄']",0,[],-2,이탈위험,True
cafearticle,,헤드앤숄더 대신,헤드앤숄더 클리니컬 스트렝스 질문요 그래서 지푸라기라도 잡는 심정으로 알아보다가 헤드앤숄더 클리니컬 스트렝스라는 제품을 발견했는데요 헤드앤숄더 클리니컬 스트렝스 직접 써보신 분들 중에서 실제로 두피 상태가 좀 진정되거나 나아졌다고 느끼신,"['클리니컬', '스트렝스', '질문', '지푸라기', '심정', '클리니컬', '스트렝스', '발견', '클리니컬', '스트렝스', '상태', '진정']","['클리니컬_스트렝스', '스트렝스_질문', '질문_지푸라기', '지푸라기_심정', '심정_클리니컬', '클리니컬_스트렝스', '스트렝스_발견', '발견_클리니컬', '클리니컬_스트렝스', '스트렝스_상태', '상태_진정']","['클리니컬', '스트렝스', '질문', '지푸라기', '심정', '클리니컬', '스트렝스', '발견', '클리니컬', '스트렝스', '상태', '진정', '클리니컬_스트렝스', '스트렝스_질문', '질문_지푸라기', '지푸라기_심정', '심정_클리니컬', '클리니컬_스트렝스', '스트렝스_발견', '발견_클리니컬', '클리니컬_스트렝스', '스트렝스_상태', '상태_진정']",[],,,0,[],1,['나아졌'],1,긍정,False
cafearticle,,헤드앤숄더 대신,손절 과연 언제하는게 좋을까 손절마지막편 헤드앤숄더 정수리 매수 쌍봉 두번째 꼭지 매수 9 매도해야되는데 매수버튼 잘못 눌렀을 때 누가 대신 해주는 것이 아니라 내손으로 직접 손절로 인해 스스로 확정한 것 매도하기전엔 적어도 손실은,"['마지막', '정수리', '매수', '꼭지', '매수', '매수', '버튼', '대신', '확정', '매도', '손실']","['마지막_정수리', '정수리_매수', '매수_꼭지', '꼭지_매수', '매수_매수', '매수_버튼', '버튼_대신', '대신_확정', '확정_매도', '매도_손실']","['마지막', '정수리', '매수', '꼭지', '매수', '매수', '버튼', '대신', '확정', '매도', '손실', '마지막_정수리', '정수리_매수', '매수_꼭지', '꼭지_매수', '매수_매수', '매수_버튼', '버튼_대신', '대신_확정', '확정_매도', '매도_손실']",[],,,1,['대신'],0,[],-1,이탈위험,False
cafearticle,,헤드앤숄더 대신,지루성두피염 샴푸나 효과좋은제품 추천 마구해주세요 겨울만되면 이러는데 이게 건성이라그런줄 알앗더니 찾아보니 지루성두피염 같아요 니조랄 헤드앤숄더 써봤는데 일시적이었어요 흑흑,"['지루성두피염', '효과', '겨울', '건성', '지루성두피염', '니조랄', '일시']","['지루성두피염_효과', '효과_겨울', '겨울_건성', '건성_지루성두피염', '지루성두피염_니조랄', '니조랄_일시']","['지루성두피염', '효과', '겨울', '건성', '지루성두피염', '니조랄', '일시', '지루성두피염_효과', '효과_겨울', '겨울_건성', '건성_지루성두피염', '지루성두피염_니조랄', '니조랄_일시']",[],,,1,['니조랄'],1,['추천'],0,중립,True
cafearticle,,헤드앤숄더 대신,지성두피 샴푸 ㅜㅜ 프레시팝 모히또 샴푸 헤드앤숄더 딥클린 약국 샴푸나 한살림 두피 샴푸도 기름기 쏙 빠지는다는 후기들이 많네요 정말 기름기 확 잡히는 지성샴푸 추천 실사용 해보고 만족하신 제품이 있으면 추가로 알려주시면,"['지성', '프레시팝', '모히또', '클린', '한살림', '기름', '기름', '지성', '만족', '추가']","['지성_프레시팝', '프레시팝_모히또', '모히또_클린', '클린_한살림', '한살림_기름', '기름_기름', '기름_지성', '지성_만족', '만족_추가']","['지성', '프레시팝', '모히또', '클린', '한살림', '기름', '기름', '지성', '만족', '추가', '지성_프레시팝', '프레시팝_모히또', '모히또_클린', '클린_한살림', '한살림_기름', '기름_기름', '기름_지성', '지성_만족', '만족_추가']",[],,,0,[],1,['추천'],1,긍정,False
cafearticle,,헤드앤숄더 대신,260107라방 무엇이든 물어보세요 번역 그 대신 비행기 안에서 저를 막거나 어디 건물 입구 같은 데서 기다리고 있다가 막는 건 절대 하지 마세요 그래서 일단 헤드앤숄더 같은 제품들 있잖아요 그런 샴푸 린스 써보세요 두피 기름기나 비듬 같은 거 다,"['번역', '대신', '비행기', '건물', '입구', '린스', '기름', '비듬']","['번역_대신', '대신_비행기', '비행기_건물', '건물_입구', '입구_린스', '린스_기름', '기름_비듬']","['번역', '대신', '비행기', '건물', '입구', '린스', '기름', '비듬', '번역_대신', '대신_비행기', '비행기_건물', '건물_입구', '입구_린스', '린스_기름', '기름_비듬']",[],,,1,['대신'],0,[],-1,이탈위험,False
cafearticle,,헤드앤숄더 대신,혹시 비듬 ㅠ 지난달부터 머리가 미친듯이 가렵더니 비듬이 ㅠ 머리 만질때마다 우수수ㅠ 검정색옷은 잘대 못입고 이런적이 없었는데 정말 멘붕입니다 비듬샴푸 사서 쓰고 있는데 효과도 없고 이것저것 다 사쓸수도 없구요,"['비듬', '지난달', '비듬', '검정', '멘붕', '비듬', '효과', '이것저것']","['비듬_지난달', '지난달_비듬', '비듬_검정', '검정_멘붕', '멘붕_비듬', '비듬_효과', '효과_이것저것']","['비듬', '지난달', '비듬', '검정', '멘붕', '비듬', '효과', '이것저것', '비듬_지난달', '지난달_비듬', '비듬_검정', '검정_멘붕', '멘붕_비듬', '비듬_효과', '효과_이것저것']",[],,,0,[],0,[],0,중립,False
cafearticle,,헤드앤숄더 대신,두피 가려움증 어떻게 해야하나요 두피가 지성도아니고 비듬도 없어요 피부는 많이 건성이구요 최근들어서 이상하게 두피가 이유없이 막 가려워요 머리감고 말린 직후에도요 괄사로 두피를 맛사지해봐도 효과없구요 어제 두피클리닉 받아볼까 하다가,"['가려움증', '지성', '비듬', '피부', '건성', '이상', '직후', '괄사', '맛사지', '효과', '클리닉']","['가려움증_지성', '지성_비듬', '비듬_피부', '피부_건성', '건성_이상', '이상_직후', '직후_괄사', '괄사_맛사지', '맛사지_효과', '효과_클리닉']","['가려움증', '지성', '비듬', '피부', '건성', '이상', '직후', '괄사', '맛사지', '효과', '클리닉', '가려움증_지성', '지성_비듬', '비듬_피부', '피부_건성', '건성_이상', '이상_직후', '직후_괄사', '괄사_맛사지', '맛사지_효과', '효과_클리닉']",[],,,1,['가려움'],0,[],-1,이탈위험,False
cafearticle,,헤드앤숄더 대신,실리콘프리샴푸 5가지 두피 건강 끝 자연을 담은 듯한 편안함 인공적인 향 대신 은은하고 자연스러운 향으로 샴푸하는 시간마저 힐링이 됩니다 특히 헤드앤숄더 프로페셔널 안티 댄드러프 어드밴스드 오일 컨트롤 샴푸는 이런 고민을 가진 분들께 강력,"['실리콘', '프리', '건강', '자연', '편안', '인공', '대신', '자연', '시간', '힐링', '프로페셔널', '안티', '댄드러프', '어드밴스드', '오일', '컨트롤', '고민']","['실리콘_프리', '프리_건강', '건강_자연', '자연_편안', '편안_인공', '인공_대신', '대신_자연', '자연_시간', '시간_힐링', '힐링_프로페셔널', '프로페셔널_안티', '안티_댄드러프', '댄드러프_어드밴스드', '어드밴스드_오일', '오일_컨트롤', '컨트롤_고민']","['실리콘', '프리', '건강', '자연', '편안', '인공', '대신', '자연', '시간', '힐링', '프로페셔널', '안티', '댄드러프', '어드밴스드', '오일', '컨트롤', '고민', '실리콘_프리', '프리_건강', '건강_자연', '자연_편안', '편안_인공', '인공_대신', '대신_자연', '자연_시간', '시간_힐링', '힐링_프로페셔널', '프로페셔널_안티', '안티_댄드러프', '댄드러프_어드밴스드', '어드밴스드_오일', '오일_컨트롤', '컨트롤_고민']",[],,,1,['대신'],0,[],-1,이탈위험,False
cafearticle,,헤드앤숄더 대신,도표 헤드앤숄더 두피 토탈 솔루션 쿨 멘솔 샴푸 두피 케어와 시원한 청량감 두피 관리에 신경 쓰는 분들에게 적합한 헤드앤숄더 두피 토탈 솔루션 쿨 멘솔 샴푸는 쿨링감과 세정력을 남녀 구분 없이 누구나 사용할 수 있으며 매일 사용하는 일반 샴푸 대신 두피 케어용으로 적합합니다 850ml,"['도표', '토탈', '솔루션', '케어', '청량감', '관리', '신경', '적합', '토탈', '솔루션', '세정', '남녀', '구분', '일반', '대신', '케어', '적합']","['도표_토탈', '토탈_솔루션', '솔루션_케어', '케어_청량감', '청량감_관리', '관리_신경', '신경_적합', '적합_토탈', '토탈_솔루션', '솔루션_세정', '세정_남녀', '남녀_구분', '구분_일반', '일반_대신', '대신_케어', '케어_적합']","['도표', '토탈', '솔루션', '케어', '청량감', '관리', '신경', '적합', '토탈', '솔루션', '세정', '남녀', '구분', '일반', '대신', '케어', '적합', '도표_토탈', '토탈_솔루션', '솔루션_케어', '케어_청량감', '청량감_관리', '관리_신경', '신경_적합', '적합_토탈', '토탈_솔루션', '솔루션_세정', '세정_남녀', '남녀_구분', '구분_일반', '일반_대신', '대신_케어', '케어_적합']",[],,,1,['대신'],0,[],-1,이탈위험,False
cafearticle,,헤드앤숄더 대신,초등여아비듬문제 안녕하세요 초5 여아 엄마입니다 아이가 호르몬이 많아져서 그런지 비듬이 너무 많이 보여요 ㅠㅠ 비듬샴푸를 쓰는데도 없어지질 않네요 ㅠㅠ 혹시 경험있으신 선배맘님들 추천해주실 방법 있을까요 그리고 얼굴에,"['초등', '여아', '비듬', '문제', '여아', '엄마', '아이', '호르몬', '비듬', '비듬', '경험', '선배', '방법', '얼굴']","['초등_여아', '여아_비듬', '비듬_문제', '문제_여아', '여아_엄마', '엄마_아이', '아이_호르몬', '호르몬_비듬', '비듬_비듬', '비듬_경험', '경험_선배', '선배_방법', '방법_얼굴']","['초등', '여아', '비듬', '문제', '여아', '엄마', '아이', '호르몬', '비듬', '비듬', '경험', '선배', '방법', '얼굴', '초등_여아', '여아_비듬', '비듬_문제', '문제_여아', '여아_엄마', '엄마_아이', '아이_호르몬', '호르몬_비듬', '비듬_비듬', '비듬_경험', '경험_선배', '선배_방법', '방법_얼굴']",[],,,0,[],1,['추천'],1,긍정,False
cafearticle,,헤드앤숄더 대신,두피 가려움 샴푸 니조랄 효과 있었던 후기 그때는 헤드앤숄더 클리니컬 스트렝스를 직구로 구매해서 써봤는데 기대했던 효과는 딱히 없었습니다 두피 약국에서 바로 살 수 있다는 걸 알고 퇴근길에 들렀는데 그곳에서는 니조랄이 없고 대신 키노랄이라는,"['효과', '그때', '클리니컬', '스트렝스', '직구', '기대', '효과', '퇴근길', '니조랄', '대신', '키노랄']","['효과_그때', '그때_클리니컬', '클리니컬_스트렝스', '스트렝스_직구', '직구_기대', '기대_효과', '효과_퇴근길', '퇴근길_니조랄', '니조랄_대신', '대신_키노랄']","['효과', '그때', '클리니컬', '스트렝스', '직구', '기대', '효과', '퇴근길', '니조랄', '대신', '키노랄', '효과_그때', '그때_클리니컬', '클리니컬_스트렝스', '스트렝스_직구', '직구_기대', '기대_효과', '효과_퇴근길', '퇴근길_니조랄', '니조랄_대신', '대신_키노랄']",[],,,3,"['가려움', '니조랄', '대신']",0,[],-3,이탈위험,True
cafearticle,,헤드앤숄더 대신,코스코 신제품 내 기준 어떤 맛일까 상당히 호기심 나네요 ㅋㅋㅋ 페퍼로니 피자 크리스피라는데 피자 먹는 대신 다이어트 용으로 비듬하면 헤드앤 숄더 샴푸만 알았던 저에게 신세계네여 어깨위에 떨어진 너희들 안녕,"['코스코', '기준', '호기심', '페퍼로니', '피자', '크리스피', '피자', '대신', '다이어트', '비듬', '헤드', '세계', '어깨']","['코스코_기준', '기준_호기심', '호기심_페퍼로니', '페퍼로니_피자', '피자_크리스피', '크리스피_피자', '피자_대신', '대신_다이어트', '다이어트_비듬', '비듬_헤드', '헤드_세계', '세계_어깨']","['코스코', '기준', '호기심', '페퍼로니', '피자', '크리스피', '피자', '대신', '다이어트', '비듬', '헤드', '세계', '어깨', '코스코_기준', '기준_호기심', '호기심_페퍼로니', '페퍼로니_피자', '피자_크리스피', '크리스피_피자', '피자_대신', '대신_다이어트', '다이어트_비듬', '비듬_헤드', '헤드_세계', '세계_어깨']",[],,,1,['대신'],0,[],-1,이탈위험,False
cafearticle,,헤드앤숄더 대신,헤드앤숄더 클리니컬 스트렝스 클린한 두피가 필요할 때 딱 한 번 조심해서 씁니다 답답하고 자꾸 염증처럼 가렵고 열도 올라오는 느낌이 드는 요즘 같은 떄 오랜만에 헤드앤숄더 클리니컬 잘 맞으실 수 있을 것 같아요 대신 꼭 충분히 헹구고 이후 보습 진정 케어까지 챙기셔야 한다는 점은 잊지 마세요,"['클리니컬', '스트렝스', '클린', '필요', '조심', '염증', '느낌', '오랜만', '클리니컬', '대신', '이후', '보습', '진정', '케어']","['클리니컬_스트렝스', '스트렝스_클린', '클린_필요', '필요_조심', '조심_염증', '염증_느낌', '느낌_오랜만', '오랜만_클리니컬', '클리니컬_대신', '대신_이후', '이후_보습', '보습_진정', '진정_케어']","['클리니컬', '스트렝스', '클린', '필요', '조심', '염증', '느낌', '오랜만', '클리니컬', '대신', '이후', '보습', '진정', '케어', '클리니컬_스트렝스', '스트렝스_클린', '클린_필요', '필요_조심', '조심_염증', '염증_느낌', '느낌_오랜만', '오랜만_클리니컬', '클리니컬_대신', '대신_이후', '이후_보습', '보습_진정', '진정_케어']",[],,,2,"['올라오', '대신']",0,[],-2,이탈위험,False
cafearticle,,헤드앤숄더 대신,육퇴 후 머리관리하기 대신 헤어식초 쓰고 있어요 쓰는 중에 업로드 됐네요ㅠ 헤드앤숄더 탈탈털어쓰고 샘플까지 뒤집어 쓰고 잏는 실사진ㅋㅋ 올영에서 샀는데 샴푸 후 두피에 고루 발라주고 시간을 좀 보내요 그럼 달콤한,"['관리', '대신', '식초', '업로드', '샘플', '사진', '올영', '시간']","['관리_대신', '대신_식초', '식초_업로드', '업로드_샘플', '샘플_사진', '사진_올영', '올영_시간']","['관리', '대신', '식초', '업로드', '샘플', '사진', '올영', '시간', '관리_대신', '대신_식초', '식초_업로드', '업로드_샘플', '샘플_사진', '사진_올영', '올영_시간']",[],,,1,['대신'],0,[],-1,이탈위험,False
cafearticle,,헤드앤숄더 대신,11번가 아마존 헤드앤숄더 클리니컬 스트렝스 쿨링 샴푸 400ml 2개 27 370원 두피가 가려워서 예전부터 살려고 보고 있었는데 가격이 3만원 밑으로 내려가지 않아서 안사다가 혹시나 들어가보니 가격이 좀 떨어졌네요 저도 안 사봐서 모르겠지만 가려움에 비듬 완화 된다고 해서 사봤어요 전,"['11번가', '아마존', '클리니컬', '스트렝스', '예전', '비듬', '완화']","['11번가_아마존', '아마존_클리니컬', '클리니컬_스트렝스', '스트렝스_예전', '예전_비듬', '비듬_완화']","['11번가', '아마존', '클리니컬', '스트렝스', '예전', '비듬', '완화', '11번가_아마존', '아마존_클리니컬', '클리니컬_스트렝스', '스트렝스_예전', '예전_비듬', '비듬_완화']",[],,,1,['가려움'],0,[],-1,이탈위험,False
cafearticle,,헤드앤숄더 대신,헤드앤숄더 스트렝스 놉 헤드앤숄더 스트렝스보면 두피염 다 잡아줄 것처럼 알리는데 제 두피는 완전 난리도 아니었네요ㅠ휴 이제 다시 어떤 샴푸를 써야 할지도 모르겠어요 헤드앤숄더 스트렝스 대신 순한 샴푸로 바꿔야 할지 아니면 그냥,"['스트렝스', '스트렝스', '난리', '스트렝스', '대신']","['스트렝스_스트렝스', '스트렝스_난리', '난리_스트렝스', '스트렝스_대신']","['스트렝스', '스트렝스', '난리', '스트렝스', '대신', '스트렝스_스트렝스', '스트렝스_난리', '난리_스트렝스', '스트렝스_대신']",[],,,1,['대신'],0,[],-1,이탈위험,False
cafearticle,,헤드앤숄더 대신,헤드앤숄더 스트렝스 효과X ㅠㅠ 헤드앤숄더 스트렝스 끊고나서도 며칠간은 계속 아팠거든요 이제 순한 샴푸만 써도 따갑고 예민해진것 같아요ㅠㅠ 혹시 헤드앤숄더 스트렝스 대신 에 저같은 두피에 좋은 두피관리 제품이나 관리법 있으면 좀 알려주세요,"['스트렝스', '효과', '스트렝스', '며칠', '스트렝스', '대신', '관리', '관리법']","['스트렝스_효과', '효과_스트렝스', '스트렝스_며칠', '며칠_스트렝스', '스트렝스_대신', '대신_관리', '관리_관리법']","['스트렝스', '효과', '스트렝스', '며칠', '스트렝스', '대신', '관리', '관리법', '스트렝스_효과', '효과_스트렝스', '스트렝스_며칠', '며칠_스트렝스', '스트렝스_대신', '대신_관리', '관리_관리법']",[],,,1,['대신'],0,[],-1,이탈위험,False
cafearticle,,헤드앤숄더 대신,헤드앤숄더 클리니컬 스트렝스 재사용 후기 항생제 말고 현실적인 대안 병원에서는 여전히 항생제 처방 외에는 뾰족한 해결책이 없는 상황이라 약 대신 해줄 수 있는 건 결국 샴푸 관리뿐이라는 생각이 들었습니다 그래서 며칠 동안은 헤드앤숄더 클리니컬,"['클리니컬', '스트렝스', '재사용', '항생제', '현실', '대안', '병원', '항생제', '처방', '해결책', '상황', '대신', '관리', '며칠', '동안', '클리니컬']","['클리니컬_스트렝스', '스트렝스_재사용', '재사용_항생제', '항생제_현실', '현실_대안', '대안_병원', '병원_항생제', '항생제_처방', '처방_해결책', '해결책_상황', '상황_대신', '대신_관리', '관리_며칠', '며칠_동안', '동안_클리니컬']","['클리니컬', '스트렝스', '재사용', '항생제', '현실', '대안', '병원', '항생제', '처방', '해결책', '상황', '대신', '관리', '며칠', '동안', '클리니컬', '클리니컬_스트렝스', '스트렝스_재사용', '재사용_항생제', '항생제_현실', '현실_대안', '대안_병원', '병원_항생제', '항생제_처방', '처방_해결책', '해결책_상황', '상황_대신', '대신_관리', '관리_며칠', '며칠_동안', '동안_클리니컬']",[],,,1,['대신'],0,[],-1,이탈위험,False
cafearticle,,비듬샴푸 추천,바디브 약산성 자연유래 샴푸 온 가족의 두피 고민을 해결 첫 번째 사용 후 큰아들이 quot 엄마 이 샴푸 괜찮은 것 같아 quot 라고 해서 놀랐답니다 비듬 도 조금씩 줄어드는 자연유래 샴푸 를 한번 시도해보세요 가격대도 부담스럽지 않고 향도 너무 좋으니 추천 드려요 이제서야 우리,"['바디브', '산성', '자연', '유래', '가족', '고민', '해결', '큰아들', '엄마', '비듬', '조금', '자연', '유래', '시도', '가격대', '부담', '이제']","['바디브_산성', '산성_자연', '자연_유래', '유래_가족', '가족_고민', '고민_해결', '해결_큰아들', '큰아들_엄마', '엄마_비듬', '비듬_조금', '조금_자연', '자연_유래', '유래_시도', '시도_가격대', '가격대_부담', '부담_이제']","['바디브', '산성', '자연', '유래', '가족', '고민', '해결', '큰아들', '엄마', '비듬', '조금', '자연', '유래', '시도', '가격대', '부담', '이제', '바디브_산성', '산성_자연', '자연_유래', '유래_가족', '가족_고민', '고민_해결', '해결_큰아들', '큰아들_엄마', '엄마_비듬', '비듬_조금', '조금_자연', '자연_유래', '유래_시도', '시도_가격대', '가격대_부담', '부담_이제']",[],,,0,[],1,['추천'],1,긍정,False
cafearticle,,비듬샴푸 추천,마운자로 부작용으로 탈모도 생긴다는데 어떡해요 ㅠ 비듬 같은 것도 자주 생기고 간지러운 날도 많아요 머리숱도 많이 줄었어요 특히 빛 받으면 속이 다 두피 관리 루틴도 찾아보고 있고 샴푸 도 자극 없는 걸로 바꿨어요 셀프 두피 마사지도 매일 해보는 중인데 이게,"['마운자', '부작용', '탈모', '비듬', '관리', '루틴', '자극', '셀프', '마사지']","['마운자_부작용', '부작용_탈모', '탈모_비듬', '비듬_관리', '관리_루틴', '루틴_자극', '자극_셀프', '셀프_마사지']","['마운자', '부작용', '탈모', '비듬', '관리', '루틴', '자극', '셀프', '마사지', '마운자_부작용', '부작용_탈모', '탈모_비듬', '비듬_관리', '관리_루틴', '루틴_자극', '자극_셀프', '셀프_마사지']",[],,,1,['자극'],0,[],-1,이탈위험,False
cafearticle,,비듬샴푸 추천,지루성피부염 연고 바르면 효과있나요 비듬 처럼 각질이 올라오기 시작하는 거에요 특히 헤어라인 쪽이 유독 심한데 머리 감고 몇 시간만 지나면 떡이 지구요 머리카락도 무서울 정도로 빠집니다 피부과 가보니 지루성피부염 이라고 해서 일단은 샴푸 부터,"['지루성 피부염', '연고', '효과', '비듬', '각질', '시작', '라인', '시간', '머리카락', '피부과', '지루성 피부염']","['지루성 피부염_연고', '연고_효과', '효과_비듬', '비듬_각질', '각질_시작', '시작_라인', '라인_시간', '시간_머리카락', '머리카락_피부과', '피부과_지루성 피부염']","['지루성 피부염', '연고', '효과', '비듬', '각질', '시작', '라인', '시간', '머리카락', '피부과', '지루성 피부염', '지루성 피부염_연고', '연고_효과', '효과_비듬', '비듬_각질', '각질_시작', '시작_라인', '라인_시간', '시간_머리카락', '머리카락_피부과', '피부과_지루성 피부염']",[],,,1,['올라오'],1,['효과있'],0,중립,False
cafearticle,,비듬샴푸 추천,바디브 약산성 샴푸 1000ml 대용량 비듬 케어 사용후기 com a epuagN 이 포스팅은 쿠팡 파트너스 활동의 일환으로 이에 따른 일정액의 수수료를 제공받습니다 오늘의 추천 템 바로가기 바디브 약산성 샴푸 1000ml 대용량 비듬 케어,"['바디브', '약산', '용량', '비듬', '케어', '파트너스', '활동', '일환', '일정액', '수수료', '제공', '바디브', '산성', '용량', '비듬', '케어']","['바디브_약산', '약산_용량', '용량_비듬', '비듬_케어', '케어_파트너스', '파트너스_활동', '활동_일환', '일환_일정액', '일정액_수수료', '수수료_제공', '제공_바디브', '바디브_산성', '산성_용량', '용량_비듬', '비듬_케어']","['바디브', '약산', '용량', '비듬', '케어', '파트너스', '활동', '일환', '일정액', '수수료', '제공', '바디브', '산성', '용량', '비듬', '케어', '바디브_약산', '약산_용량', '용량_비듬', '비듬_케어', '케어_파트너스', '파트너스_활동', '활동_일환', '일환_일정액', '일정액_수수료', '수수료_제공', '제공_바디브', '바디브_산성', '산성_용량', '용량_비듬', '비듬_케어']",[],,,0,[],1,['추천'],1,긍정,False
cafearticle,,비듬샴푸 추천,약산성 비듬샴푸추천 추천 그래서 여름 되기 전에 비듬샴푸추천 제품을 제대로 찾아봐야겠다 싶었어요 그렇게 고른게 비듬샴푸추천 엘릭 샴푸였는데요 비듬샴푸추천 알아보니까 청소년 비듬은 피지랑 땀이 많아지는 시기에 많이 생긴다고,"['약산', '비듬', '여름', '비듬', '비듬', '엘릭', '비듬', '청소년', '비듬', '피지', '시기']","['약산_비듬', '비듬_여름', '여름_비듬', '비듬_비듬', '비듬_엘릭', '엘릭_비듬', '비듬_청소년', '청소년_비듬', '비듬_피지', '피지_시기']","['약산', '비듬', '여름', '비듬', '비듬', '엘릭', '비듬', '청소년', '비듬', '피지', '시기', '약산_비듬', '비듬_여름', '여름_비듬', '비듬_비듬', '비듬_엘릭', '엘릭_비듬', '비듬_청소년', '청소년_비듬', '비듬_피지', '피지_시기']",[],,,0,[],1,['추천'],1,긍정,False
cafearticle,,비듬샴푸 추천,얼룩조릿대 효능 직접 경험해보고 정리한 리얼 후기 평소에 머리를 감고 나서도 자꾸만 가렵고 비듬 처럼 각질이 어깨 위로 툭툭 떨어지길래 단순히 샴푸 가 안 직접 경험한 3주간의 피부 변화 추천 받은 제품들을 꼼꼼히 따져보고 얼룩조릿대 추출물과 시카 성분이,"['얼룩', '조릿대', '효능', '경험', '정리', '리얼', '평소', '비듬', '각질', '어깨', '경험', '피부', '변화', '얼룩', '조릿대', '추출물', '시카', '성분']","['얼룩_조릿대', '조릿대_효능', '효능_경험', '경험_정리', '정리_리얼', '리얼_평소', '평소_비듬', '비듬_각질', '각질_어깨', '어깨_경험', '경험_피부', '피부_변화', '변화_얼룩', '얼룩_조릿대', '조릿대_추출물', '추출물_시카', '시카_성분']","['얼룩', '조릿대', '효능', '경험', '정리', '리얼', '평소', '비듬', '각질', '어깨', '경험', '피부', '변화', '얼룩', '조릿대', '추출물', '시카', '성분', '얼룩_조릿대', '조릿대_효능', '효능_경험', '경험_정리', '정리_리얼', '리얼_평소', '평소_비듬', '비듬_각질', '각질_어깨', '어깨_경험', '경험_피부', '피부_변화', '변화_얼룩', '얼룩_조릿대', '조릿대_추출물', '추출물_시카', '시카_성분']",[],,,0,[],1,['추천'],1,긍정,False
cafearticle,,비듬샴푸 추천,라보에이치 댄드러프클리닉 비듬 두피 각질 케어 샴푸 후기 이 샴푸 하나로 두피와 모발을 동시에 챙길 수 있으니 정말 효율적이더라고요 정리하자면 비단 비듬 만 걱정인 분이 아니라 두피 건강에 관심 있는 분들에게도 추천 하고 싶어요 사용해보니 의외로 효과가 좋았고,"['라보', '에이치', '댄드러프', '클리닉', '비듬', '각질', '케어', '모발', '동시', '효율', '정리', '비듬', '걱정', '건강', '관심', '효과']","['라보_에이치', '에이치_댄드러프', '댄드러프_클리닉', '클리닉_비듬', '비듬_각질', '각질_케어', '케어_모발', '모발_동시', '동시_효율', '효율_정리', '정리_비듬', '비듬_걱정', '걱정_건강', '건강_관심', '관심_효과']","['라보', '에이치', '댄드러프', '클리닉', '비듬', '각질', '케어', '모발', '동시', '효율', '정리', '비듬', '걱정', '건강', '관심', '효과', '라보_에이치', '에이치_댄드러프', '댄드러프_클리닉', '클리닉_비듬', '비듬_각질', '각질_케어', '케어_모발', '모발_동시', '동시_효율', '효율_정리', '정리_비듬', '비듬_걱정', '걱정_건강', '건강_관심', '관심_효과']",[],,,0,[],1,['추천'],1,긍정,False
cafearticle,,비듬샴푸 추천,quot 봄만 되면 한 움큼씩 quot 봄철 탈모가 심해지는 진짜 이유 3가지와 예방법 두피가 가렵거나 비듬 이 갑자기 늘었다 3개 이상 해당 시 전문가의 도움이 필요합니다 논문으로 본 탈모 치료와 바른 진단 오늘의 추천 검은콩차 탈모 예방의 대명사 검은콩에는 모발 성장에 필수적인,"['봄철', '탈모', '예방법', '비듬', '이상', '해당', '전문가', '도움', '필요', '논문', '탈모', '치료', '진단', '탈모', '예방', '대명사', '모발', '성장', '필수']","['봄철_탈모', '탈모_예방법', '예방법_비듬', '비듬_이상', '이상_해당', '해당_전문가', '전문가_도움', '도움_필요', '필요_논문', '논문_탈모', '탈모_치료', '치료_진단', '진단_탈모', '탈모_예방', '예방_대명사', '대명사_모발', '모발_성장', '성장_필수']","['봄철', '탈모', '예방법', '비듬', '이상', '해당', '전문가', '도움', '필요', '논문', '탈모', '치료', '진단', '탈모', '예방', '대명사', '모발', '성장', '필수', '봄철_탈모', '탈모_예방법', '예방법_비듬', '비듬_이상', '이상_해당', '해당_전문가', '전문가_도움', '도움_필요', '필요_논문', '논문_탈모', '탈모_치료', '치료_진단', '진단_탈모', '탈모_예방', '예방_대명사', '대명사_모발', '모발_성장', '성장_필수']",[],,,0,[],1,['추천'],1,긍정,False
cafearticle,,비듬샴푸 추천,다운 펌 비듬 에 좋은 두피 제품 그리고 항상 아침 저녁 약산성 샴푸 바디워시 클렌징 폼으로로 머리 gt 몸 gt 얼굴순 진행 후 찬 바람으로 부위만 비듬 이 생깁니다 ㅠㅠ 이러한 제 두피에 바르기 좋은 토닉 앰플 제품을 추천 해주세여 가벼운,"['다운', '비듬', '아침', '저녁', '산성', '바디워시', '클렌징', '얼굴', '진행', '바람', '부위', '비듬', '토닉', '앰플']","['다운_비듬', '비듬_아침', '아침_저녁', '저녁_산성', '산성_바디워시', '바디워시_클렌징', '클렌징_얼굴', '얼굴_진행', '진행_바람', '바람_부위', '부위_비듬', '비듬_토닉', '토닉_앰플']","['다운', '비듬', '아침', '저녁', '산성', '바디워시', '클렌징', '얼굴', '진행', '바람', '부위', '비듬', '토닉', '앰플', '다운_비듬', '비듬_아침', '아침_저녁', '저녁_산성', '산성_바디워시', '바디워시_클렌징', '클렌징_얼굴', '얼굴_진행', '진행_바람', '바람_부위', '부위_비듬', '비듬_토닉', '토닉_앰플']",[],,,0,[],1,['추천'],1,긍정,False
cafearticle,,비듬샴푸 추천,헤드앤숄더 토탈 솔루션 가려운 두피 케어 샴푸 가려움 비듬 한 번에 해결 com 2b89tqkc 헤드앤숄더 토탈 솔루션 가려운 두피 케어 샴푸 가려움 비듬 한 번에 해결 안녕하세요 추천 상품 혜택 안내 추천 상품 헤드앤숄더 토탈 솔루션 가려운,"['토탈', '솔루션', '케어', '비듬', '해결', '토탈', '솔루션', '케어', '비듬', '해결', '안내', '토탈', '솔루션']","['토탈_솔루션', '솔루션_케어', '케어_비듬', '비듬_해결', '해결_토탈', '토탈_솔루션', '솔루션_케어', '케어_비듬', '비듬_해결', '해결_안내', '안내_토탈', '토탈_솔루션']","['토탈', '솔루션', '케어', '비듬', '해결', '토탈', '솔루션', '케어', '비듬', '해결', '안내', '토탈', '솔루션', '토탈_솔루션', '솔루션_케어', '케어_비듬', '비듬_해결', '해결_토탈', '토탈_솔루션', '솔루션_케어', '케어_비듬', '비듬_해결', '해결_안내', '안내_토탈', '토탈_솔루션']",[],,,1,['가려움'],1,['추천'],0,중립,False
cafearticle,,비듬샴푸 추천,헤드앤숄더 쿨멘솔 샴푸 시원한 두피 케어와 풍부한 청량감 두피 트러블 완화에 뛰어난 효과 특허받은 케라틴 관리 성분이 비듬 과 가려움을 부드럽게 잡아줍니다 추천 상품 혜택 안내 추천 상품 헤드앤숄더 쿨멘솔 샴푸,"['케어', '청량감', '트러블', '완화', '효과', '특허', '케라틴', '관리', '성분', '비듬', '안내']","['케어_청량감', '청량감_트러블', '트러블_완화', '완화_효과', '효과_특허', '특허_케라틴', '케라틴_관리', '관리_성분', '성분_비듬', '비듬_안내']","['케어', '청량감', '트러블', '완화', '효과', '특허', '케라틴', '관리', '성분', '비듬', '안내', '케어_청량감', '청량감_트러블', '트러블_완화', '완화_효과', '효과_특허', '특허_케라틴', '케라틴_관리', '관리_성분', '성분_비듬', '비듬_안내']",[],,,2,"['트러블', '가려움']",1,['추천'],-1,이탈위험,False
cafearticle,,비듬샴푸 추천,지루성두피염병원 큰일이에요 혹시 지루성두피염병원 가보신분 계신가요 저 지루성두피염때문에 어렵게 예약해서 병원 다녀왔는데 효과를 전혀 못보고 오히려 상태가 더 안좋아져서요ㅠ 어떻게해야할지 모르겠어서 글 올려봐요ㅠ 제가 원래 어렸을때,"['지루성두피염병원', '큰일', '지루성두피염병원', '지루', '예약', '병원', '효과', '상태']","['지루성두피염병원_큰일', '큰일_지루성두피염병원', '지루성두피염병원_지루', '지루_예약', '예약_병원', '병원_효과', '효과_상태']","['지루성두피염병원', '큰일', '지루성두피염병원', '지루', '예약', '병원', '효과', '상태', '지루성두피염병원_큰일', '큰일_지루성두피염병원', '지루성두피염병원_지루', '지루_예약', '예약_병원', '병원_효과', '효과_상태']",[],,,0,[],0,[],0,중립,False
cafearticle,,비듬샴푸 추천,N단독 대용량 닥터그루트 클리니컬 릴리프 지루성 두피용 약산성 샴푸 10초 워터 스케일러 샴푸 2 STEP 최 자연스럽게 추천 하는 닥터그루트 클리니컬 릴리프 샴푸 혹시 피부가 민감하거나 지루성 두피로 인해 고민하는 친구들이 있나요 저도 처음에는 두피가 가렵고 비듬 이 자꾸 생겨서 걱정이 많았는데 최근에 닥터그루트,"['단독', '용량', '닥터그루트', '클리니컬', '릴리프', '지루', '산성', '워터', '스케일러', '자연', '닥터그루트', '클리니컬', '릴리프', '피부', '고민', '친구', '처음', '비듬', '걱정', '닥터그루트']","['단독_용량', '용량_닥터그루트', '닥터그루트_클리니컬', '클리니컬_릴리프', '릴리프_지루', '지루_산성', '산성_워터', '워터_스케일러', '스케일러_자연', '자연_닥터그루트', '닥터그루트_클리니컬', '클리니컬_릴리프', '릴리프_피부', '피부_고민', '고민_친구', '친구_처음', '처음_비듬', '비듬_걱정', '걱정_닥터그루트']","['단독', '용량', '닥터그루트', '클리니컬', '릴리프', '지루', '산성', '워터', '스케일러', '자연', '닥터그루트', '클리니컬', '릴리프', '피부', '고민', '친구', '처음', '비듬', '걱정', '닥터그루트', '단독_용량', '용량_닥터그루트', '닥터그루트_클리니컬', '클리니컬_릴리프', '릴리프_지루', '지루_산성', '산성_워터', '워터_스케일러', '스케일러_자연', '자연_닥터그루트', '닥터그루트_클리니컬', '클리니컬_릴리프', '릴리프_피부', '피부_고민', '고민_친구', '친구_처음', '처음_비듬', '비듬_걱정', '걱정_닥터그루트']",[],,,0,[],1,['추천'],1,긍정,False
cafearticle,,비듬샴푸 추천,BALLVIC 볼빅 세보 샴푸 병원 샴푸 지루성 비듬 각질 이건 어때요 진짜 효과를 보는 볼빅 세보 샴푸 지루성 비듬 각질 걱정을 끝내다 155 790원 이 샴푸 를 사용한 이후로 제 수많은 사용자들이 추천 하는 신뢰할 만한 병원 샴푸 이 제품은 이미 많은 사람들이 사용 후기를 통해 강력,"['볼빅', '세보', '병원', '지루', '비듬', '각질', '효과', '볼빅', '세보', '지루', '비듬', '각질', '걱정', '이후', '사용자', '신뢰', '병원', '강력']","['볼빅_세보', '세보_병원', '병원_지루', '지루_비듬', '비듬_각질', '각질_효과', '효과_볼빅', '볼빅_세보', '세보_지루', '지루_비듬', '비듬_각질', '각질_걱정', '걱정_이후', '이후_사용자', '사용자_신뢰', '신뢰_병원', '병원_강력']","['볼빅', '세보', '병원', '지루', '비듬', '각질', '효과', '볼빅', '세보', '지루', '비듬', '각질', '걱정', '이후', '사용자', '신뢰', '병원', '강력', '볼빅_세보', '세보_병원', '병원_지루', '지루_비듬', '비듬_각질', '각질_효과', '효과_볼빅', '볼빅_세보', '세보_지루', '지루_비듬', '비듬_각질', '각질_걱정', '걱정_이후', '이후_사용자', '사용자_신뢰', '신뢰_병원', '병원_강력']",[],,,0,[],1,['추천'],1,긍정,False
cafearticle,,비듬샴푸 추천,아토팜 매터니티 케어 스칼프 테라피 샴푸 트리트먼트 세트 꼼꼼하게 비교해봤어요 편안한 두피 케어와 건강한 출산을 위한 아토팜 매터니티 케어 스칼프 테라피 샴푸 트리트먼트 세트 35 강력 추천 드려요 문제 해결에 딱 아토팜 매터니티 케어의 특별함 임신하면서 두피 가려움이나 비듬 이 심해서,"['아토', '매터니티', '케어', '스칼프', '테라피', '트리트먼트', '세트', '비교', '편안', '케어', '건강', '출산', '아토', '매터니티', '케어', '스칼프', '테라피', '트리트먼트', '세트', '강력', '문제', '해결', '아토', '매터니티', '케어', '특별', '임신', '비듬']","['아토_매터니티', '매터니티_케어', '케어_스칼프', '스칼프_테라피', '테라피_트리트먼트', '트리트먼트_세트', '세트_비교', '비교_편안', '편안_케어', '케어_건강', '건강_출산', '출산_아토', '아토_매터니티', '매터니티_케어', '케어_스칼프', '스칼프_테라피', '테라피_트리트먼트', '트리트먼트_세트', '세트_강력', '강력_문제', '문제_해결', '해결_아토', '아토_매터니티', '매터니티_케어', '케어_특별', '특별_임신', '임신_비듬']","['아토', '매터니티', '케어', '스칼프', '테라피', '트리트먼트', '세트', '비교', '편안', '케어', '건강', '출산', '아토', '매터니티', '케어', '스칼프', '테라피', '트리트먼트', '세트', '강력', '문제', '해결', '아토', '매터니티', '케어', '특별', '임신', '비듬', '아토_매터니티', '매터니티_케어', '케어_스칼프', '스칼프_테라피', '테라피_트리트먼트', '트리트먼트_세트', '세트_비교', '비교_편안', '편안_케어', '케어_건강', '건강_출산', '출산_아토', '아토_매터니티', '매터니티_케어', '케어_스칼프', '스칼프_테라피', '테라피_트리트먼트', '트리트먼트_세트', '세트_강력', '강력_문제', '문제_해결', '해결_아토', '아토_매터니티', '매터니티_케어', '케어_특별', '특별_임신', '임신_비듬']",[],,,1,['가려움'],1,['추천'],0,중립,False
cafearticle,,비듬샴푸 추천,엘라스틴 시그니처 두피 앤 손상 클리닉 샴푸 후기 비듬 도 눈에 띄게 줄어들었어요 이 정도 효과면 정말 만족스러웠습니다 엘라스틴 시그니처 두피 앤 손상 클리닉 약산성 샴푸 는 제 두피 건강에 필요한 딱 맞는 선택이었어요 두피를 신경 써야 하는 분들께 정말 추천 하고,"['엘라스틴', '시그니처', '손상', '클리닉', '비듬', '효과', '만족', '엘라스틴', '시그니처', '손상', '클리닉', '산성', '건강', '필요', '선택', '신경']","['엘라스틴_시그니처', '시그니처_손상', '손상_클리닉', '클리닉_비듬', '비듬_효과', '효과_만족', '만족_엘라스틴', '엘라스틴_시그니처', '시그니처_손상', '손상_클리닉', '클리닉_산성', '산성_건강', '건강_필요', '필요_선택', '선택_신경']","['엘라스틴', '시그니처', '손상', '클리닉', '비듬', '효과', '만족', '엘라스틴', '시그니처', '손상', '클리닉', '산성', '건강', '필요', '선택', '신경', '엘라스틴_시그니처', '시그니처_손상', '손상_클리닉', '클리닉_비듬', '비듬_효과', '효과_만족', '만족_엘라스틴', '엘라스틴_시그니처', '시그니처_손상', '손상_클리닉', '클리닉_산성', '산성_건강', '건강_필요', '필요_선택', '선택_신경']",[],,,0,[],1,['추천'],1,긍정,False
cafearticle,,비듬샴푸 추천,사춘기 샴푸 막막ㅠ 같아요 비듬 도 조금씩 보이는 수준이 아니라 눈에 띄게 떨어질 때가 많아서 학교에서 친구들이 가까이 오면 사춘기 샴푸 있으시면 추천 좀 부탁드려요 아니면 사춘기 샴푸 고를 때 중요하게 보는 기준이나 아이 두피,"['사춘기', '비듬', '조금', '수준', '학교', '친구', '사춘기', '사춘기', '중요', '기준']","['사춘기_비듬', '비듬_조금', '조금_수준', '수준_학교', '학교_친구', '친구_사춘기', '사춘기_사춘기', '사춘기_중요', '중요_기준']","['사춘기', '비듬', '조금', '수준', '학교', '친구', '사춘기', '사춘기', '중요', '기준', '사춘기_비듬', '비듬_조금', '조금_수준', '수준_학교', '학교_친구', '친구_사춘기', '사춘기_사춘기', '사춘기_중요', '중요_기준']",[],,,0,[],1,['추천'],1,긍정,False
cafearticle,,비듬샴푸 추천,다낭 베트남 쇼핑 리스트 자세 정보 한시장 롯데마트 약국 완벽 정리 아래 추천 제품들은 개인적인 사용 경험을 바탕으로 정리한 것이며 각자 필요에 따라 4 058원 비듬 전용 한방 샴푸 Dầu Gội Dược Liệu Nguyên Sạch Gàu 250ml 126 900동 7 132원 여성청결제,"['다낭', '베트남', '쇼핑', '리스트', '자세', '정보', '시장', '롯데마트', '완벽', '정리', '아래', '개인', '경험', '바탕', '정리', '필요', '비듬', '전용', '한방', '여성', '청결']","['다낭_베트남', '베트남_쇼핑', '쇼핑_리스트', '리스트_자세', '자세_정보', '정보_시장', '시장_롯데마트', '롯데마트_완벽', '완벽_정리', '정리_아래', '아래_개인', '개인_경험', '경험_바탕', '바탕_정리', '정리_필요', '필요_비듬', '비듬_전용', '전용_한방', '한방_여성', '여성_청결']","['다낭', '베트남', '쇼핑', '리스트', '자세', '정보', '시장', '롯데마트', '완벽', '정리', '아래', '개인', '경험', '바탕', '정리', '필요', '비듬', '전용', '한방', '여성', '청결', '다낭_베트남', '베트남_쇼핑', '쇼핑_리스트', '리스트_자세', '자세_정보', '정보_시장', '시장_롯데마트', '롯데마트_완벽', '완벽_정리', '정리_아래', '아래_개인', '개인_경험', '경험_바탕', '바탕_정리', '정리_필요', '필요_비듬', '비듬_전용', '전용_한방', '한방_여성', '여성_청결']",[],,,0,[],1,['추천'],1,긍정,False
cafearticle,,비듬샴푸 추천,다운 펌 이후 비듬 그리고 항상 아침 저녁 약산성 샴푸 바디워시 클렌징 폼으로로 머리 gt 몸 gt 얼굴순 진행 후 찬 바람으로 드라이를 해주고 있습니다 그릭고 약 7 10일 뒤에 항상 다운펌을 진행을 한 부위만 비듬 이 생깁니다 아침마다,"['다운', '이후', '비듬', '아침', '저녁', '산성', '바디워시', '클렌징', '얼굴', '진행', '바람', '드라이', '그릭고', '다운펌', '진행', '부위', '비듬', '아침']","['다운_이후', '이후_비듬', '비듬_아침', '아침_저녁', '저녁_산성', '산성_바디워시', '바디워시_클렌징', '클렌징_얼굴', '얼굴_진행', '진행_바람', '바람_드라이', '드라이_그릭고', '그릭고_다운펌', '다운펌_진행', '진행_부위', '부위_비듬', '비듬_아침']","['다운', '이후', '비듬', '아침', '저녁', '산성', '바디워시', '클렌징', '얼굴', '진행', '바람', '드라이', '그릭고', '다운펌', '진행', '부위', '비듬', '아침', '다운_이후', '이후_비듬', '비듬_아침', '아침_저녁', '저녁_산성', '산성_바디워시', '바디워시_클렌징', '클렌징_얼굴', '얼굴_진행', '진행_바람', '바람_드라이', '드라이_그릭고', '그릭고_다운펌', '다운펌_진행', '진행_부위', '부위_비듬', '비듬_아침']",[],,,0,[],0,[],0,중립,False
cafearticle,,비듬샴푸 추천,헤드앤숄더 비듬샴푸 추천 약산성 비교 사용 후기 헤드앤숄더 비듬샴푸 추천 약산성 비교 사용 후기 사실 큰 샴푸를 굴절해 본 1인 이참에 산 상품 너무 뜻에 드는데요 우선 페로몬 향 또 계속력이 대박임 이전부터 넘치는 헤드앤숄더 비듬샴푸 썼었어요 크게 향부분,"['비듬', '약산', '비교', '비듬', '약산', '비교', '굴절', '이참', '페로몬', '계속', '이전', '비듬']","['비듬_약산', '약산_비교', '비교_비듬', '비듬_약산', '약산_비교', '비교_굴절', '굴절_이참', '이참_페로몬', '페로몬_계속', '계속_이전', '이전_비듬']","['비듬', '약산', '비교', '비듬', '약산', '비교', '굴절', '이참', '페로몬', '계속', '이전', '비듬', '비듬_약산', '약산_비교', '비교_비듬', '비듬_약산', '약산_비교', '비교_굴절', '굴절_이참', '이참_페로몬', '페로몬_계속', '계속_이전', '이전_비듬']",[],,,0,[],1,['추천'],1,긍정,False
cafearticle,,비듬샴푸 추천,안양탈모 평촌에서 괜찮은곳 최근 들어 머리카락이 눈에 띄게 가늘어지고 비듬 까지 생기는 것 같아 고민 끝에 안양탈모 관리로 유명한 안양탈모 예방을 위해 단순히 샴푸 를 바꾸는 것만으로는 한계가 있다는 걸 절실히 깨달았어요 특히 국내 최초로,"['안양', '탈모', '평촌', '머리카락', '비듬', '고민', '안양', '탈모', '관리', '유명', '안양', '탈모', '예방', '한계', '국내', '최초']","['안양_탈모', '탈모_평촌', '평촌_머리카락', '머리카락_비듬', '비듬_고민', '고민_안양', '안양_탈모', '탈모_관리', '관리_유명', '유명_안양', '안양_탈모', '탈모_예방', '예방_한계', '한계_국내', '국내_최초']","['안양', '탈모', '평촌', '머리카락', '비듬', '고민', '안양', '탈모', '관리', '유명', '안양', '탈모', '예방', '한계', '국내', '최초', '안양_탈모', '탈모_평촌', '평촌_머리카락', '머리카락_비듬', '비듬_고민', '고민_안양', '안양_탈모', '탈모_관리', '관리_유명', '유명_안양', '안양_탈모', '탈모_예방', '예방_한계', '한계_국내', '국내_최초']",[],,,0,[],0,[],0,중립,False
cafearticle,,비듬샴푸 추천,BALLVIC 볼빅 세보 샴푸 병원 샴푸 지루성 비듬 각질 핫딜 비교 추천 꾸준히 사용하면 비듬 과 각질 세상에서 벗어날 수 있답니다 사용 후기 100 추천 하는 제품이에요 이 샴푸 는 정말 사용 후 만족도가 높아요 주변 친구들도 이 제품을 추천 했더니 모두 효과를 보고 있어요 병원 같은,"['볼빅', '세보', '병원', '지루', '비듬', '각질', '비교', '비듬', '각질', '세상', '만족도', '주변', '친구', '효과', '병원']","['볼빅_세보', '세보_병원', '병원_지루', '지루_비듬', '비듬_각질', '각질_비교', '비교_비듬', '비듬_각질', '각질_세상', '세상_만족도', '만족도_주변', '주변_친구', '친구_효과', '효과_병원']","['볼빅', '세보', '병원', '지루', '비듬', '각질', '비교', '비듬', '각질', '세상', '만족도', '주변', '친구', '효과', '병원', '볼빅_세보', '세보_병원', '병원_지루', '지루_비듬', '비듬_각질', '각질_비교', '비교_비듬', '비듬_각질', '각질_세상', '세상_만족도', '만족도_주변', '주변_친구', '친구_효과', '효과_병원']",[],,,0,[],1,['추천'],1,긍정,False
cafearticle,,비듬샴푸 추천,두피에 카페인 들어간 샴푸 는 써도될까요 제가 초기에 너무 건조해져서 비듬 이 많이생겼었어요 두피크리닉 받으러갔다가 아베다거 추천 받아서 쓰고있는데 스칼프 기능있고 시원하고 이게 출산하고도 많이 쓰이는 샴푸 라 머리 모발에 좋다고 그랬는데 오늘,"['카페인', '초기', '건조', '비듬', '두피크리닉', '아베', '스칼프', '기능', '출산', '모발']","['카페인_초기', '초기_건조', '건조_비듬', '비듬_두피크리닉', '두피크리닉_아베', '아베_스칼프', '스칼프_기능', '기능_출산', '출산_모발']","['카페인', '초기', '건조', '비듬', '두피크리닉', '아베', '스칼프', '기능', '출산', '모발', '카페인_초기', '초기_건조', '건조_비듬', '비듬_두피크리닉', '두피크리닉_아베', '아베_스칼프', '스칼프_기능', '기능_출산', '출산_모발']",[],,,0,[],1,['추천'],1,긍정,False
cafearticle,,비듬샴푸 추천,지루성두피염병원 어때요 특히 정수리 쪽이 가렵고 비듬 도 많이 생기는데 혹시 이런 증상 겪어보신 분 계신가요 친구가 그러는데 샴푸 도 여러 개 바꿔봤는데 오히려 더 가려운 것 같기도 하고 두피가 붉어진 느낌도 들어요 거울 보면서,"['지루성두피염병원', '정수리', '비듬', '증상', '친구', '느낌', '거울']","['지루성두피염병원_정수리', '정수리_비듬', '비듬_증상', '증상_친구', '친구_느낌', '느낌_거울']","['지루성두피염병원', '정수리', '비듬', '증상', '친구', '느낌', '거울', '지루성두피염병원_정수리', '정수리_비듬', '비듬_증상', '증상_친구', '친구_느낌', '느낌_거울']",[],,,0,[],0,[],0,중립,False
cafearticle,,비듬샴푸 추천,지루성두피염피부과 가게 되면 주변에서 두피가 가렵고 비듬 이 생기면서 머리카락이 빠진다고 하던데 저도 비슷한 증상이 있어서 샴푸 만 바꿔도 나아질 수 있을지 아니면 전문적인 관리가 필요한지 궁금합니다 특히 정수리 쪽이 휑해지는 느낌인데,"['지루성두피염피부과', '주변', '비듬', '머리카락', '증상', '전문', '관리', '필요', '정수리', '느낌']","['지루성두피염피부과_주변', '주변_비듬', '비듬_머리카락', '머리카락_증상', '증상_전문', '전문_관리', '관리_필요', '필요_정수리', '정수리_느낌']","['지루성두피염피부과', '주변', '비듬', '머리카락', '증상', '전문', '관리', '필요', '정수리', '느낌', '지루성두피염피부과_주변', '주변_비듬', '비듬_머리카락', '머리카락_증상', '증상_전문', '전문_관리', '관리_필요', '필요_정수리', '정수리_느낌']",[],,,0,[],0,[],0,중립,False
cafearticle,,비듬샴푸 추천,고양이샤푸 쉬즈곤 부스트 샴푸 캣 저자극 애플 블라썸향으로 부드럽게 부스트 샴푸 캣 저자극 애플 블라썸향은 고양이샤푸 중에서도 뛰어난 품질을 자랑해요 유통기한이 넉넉해 사용하기도 편하고 비듬 관리에도 효과적이어서 많은 애묘인들에게 추천 할 만한 제품이에요 사용해보니,"['고양이샤푸', '쉬즈곤', '부스트', '자극', '애플', '블라썸', '부스트', '자극', '애플', '블라썸', '고양이샤푸', '품질', '자랑', '유통', '기한', '비듬', '관리', '효과']","['고양이샤푸_쉬즈곤', '쉬즈곤_부스트', '부스트_자극', '자극_애플', '애플_블라썸', '블라썸_부스트', '부스트_자극', '자극_애플', '애플_블라썸', '블라썸_고양이샤푸', '고양이샤푸_품질', '품질_자랑', '자랑_유통', '유통_기한', '기한_비듬', '비듬_관리', '관리_효과']","['고양이샤푸', '쉬즈곤', '부스트', '자극', '애플', '블라썸', '부스트', '자극', '애플', '블라썸', '고양이샤푸', '품질', '자랑', '유통', '기한', '비듬', '관리', '효과', '고양이샤푸_쉬즈곤', '쉬즈곤_부스트', '부스트_자극', '자극_애플', '애플_블라썸', '블라썸_부스트', '부스트_자극', '자극_애플', '애플_블라썸', '블라썸_고양이샤푸', '고양이샤푸_품질', '품질_자랑', '자랑_유통', '유통_기한', '기한_비듬', '비듬_관리', '관리_효과']",[],,,1,['자극'],1,['추천'],0,중립,False
cafearticle,,비듬샴푸 추천,용닥터 샴푸 400 ml 본사정품 지루성두피 탈모 완화 기능성 샴푸 스칼프 볼륨 카페인 샴푸 지긋지긋했 탈모 고민으로 스트레스받으시는 분들 저처럼 지루성 두피로 고생하시는 분들께 정말 강력 추천 해 드리고 Q 두피 각질이나 비듬 에도 효과가 있나요 A 네 저는 지루성 두피라 각질이 심했는데 이 샴푸 쓰고 나서,"['닥터', '본사', '정품', '지루', '탈모', '완화', '기능', '스칼프', '볼륨', '카페인', '탈모', '고민', '스트레스', '지루', '고생', '강력', '각질', '비듬', '효과', '지루', '각질']","['닥터_본사', '본사_정품', '정품_지루', '지루_탈모', '탈모_완화', '완화_기능', '기능_스칼프', '스칼프_볼륨', '볼륨_카페인', '카페인_탈모', '탈모_고민', '고민_스트레스', '스트레스_지루', '지루_고생', '고생_강력', '강력_각질', '각질_비듬', '비듬_효과', '효과_지루', '지루_각질']","['닥터', '본사', '정품', '지루', '탈모', '완화', '기능', '스칼프', '볼륨', '카페인', '탈모', '고민', '스트레스', '지루', '고생', '강력', '각질', '비듬', '효과', '지루', '각질', '닥터_본사', '본사_정품', '정품_지루', '지루_탈모', '탈모_완화', '완화_기능', '기능_스칼프', '스칼프_볼륨', '볼륨_카페인', '카페인_탈모', '탈모_고민', '고민_스트레스', '스트레스_지루', '지루_고생', '고생_강력', '강력_각질', '각질_비듬', '비듬_효과', '효과_지루', '지루_각질']",[],,,0,[],1,['추천'],1,긍정,False
cafearticle,,비듬샴푸 추천,요즘 반응 좋은 샴푸 댄트롤 비듬샴푸 프레쉬애플 3개 820ml 핫딜 비교 추천 신뢰와 추천 사용자들이 증명하는 효과 직접 사용 후기를 검색해보니 많은 사람들이 이미 프레쉬애플 비듬샴푸 에 만족하고 있더라고요 자연 성분이 주는 순한 느낌과 효과가 꽤 인상적이에요 주변에서도 머리 감고,"['반응', '댄트롤', '비듬', '프레쉬애플', '비교', '신뢰', '사용자', '증명', '효과', '직접', '검색', '프레쉬애플', '비듬', '만족', '자연', '성분', '느낌', '효과', '인상', '주변']","['반응_댄트롤', '댄트롤_비듬', '비듬_프레쉬애플', '프레쉬애플_비교', '비교_신뢰', '신뢰_사용자', '사용자_증명', '증명_효과', '효과_직접', '직접_검색', '검색_프레쉬애플', '프레쉬애플_비듬', '비듬_만족', '만족_자연', '자연_성분', '성분_느낌', '느낌_효과', '효과_인상', '인상_주변']","['반응', '댄트롤', '비듬', '프레쉬애플', '비교', '신뢰', '사용자', '증명', '효과', '직접', '검색', '프레쉬애플', '비듬', '만족', '자연', '성분', '느낌', '효과', '인상', '주변', '반응_댄트롤', '댄트롤_비듬', '비듬_프레쉬애플', '프레쉬애플_비교', '비교_신뢰', '신뢰_사용자', '사용자_증명', '증명_효과', '효과_직접', '직접_검색', '검색_프레쉬애플', '프레쉬애플_비듬', '비듬_만족', '만족_자연', '자연_성분', '성분_느낌', '느낌_효과', '효과_인상', '인상_주변']",[],,,0,[],1,['추천'],1,긍정,False
cafearticle,,비듬샴푸 추천,핫딜 오르보닉 약산성 천연 샴푸 비듬 유래 두피 지루성 피부염 민감한 지성 두피 가려움 추천 상품 핫딜 오르보닉 약산성 천연 샴푸 비듬 유래 두피 지루성 피부염 민감한 지성 두피 가려움 추천 상품 구매하러가기,"['오르보닉', '산성', '천연', '비듬', '유래', '지루', '피부염', '지성', '오르보닉', '산성', '천연', '비듬', '유래', '지루', '피부염', '지성']","['오르보닉_산성', '산성_천연', '천연_비듬', '비듬_유래', '유래_지루', '지루_피부염', '피부염_지성', '지성_오르보닉', '오르보닉_산성', '산성_천연', '천연_비듬', '비듬_유래', '유래_지루', '지루_피부염', '피부염_지성']","['오르보닉', '산성', '천연', '비듬', '유래', '지루', '피부염', '지성', '오르보닉', '산성', '천연', '비듬', '유래', '지루', '피부염', '지성', '오르보닉_산성', '산성_천연', '천연_비듬', '비듬_유래', '유래_지루', '지루_피부염', '피부염_지성', '지성_오르보닉', '오르보닉_산성', '산성_천연', '천연_비듬', '비듬_유래', '유래_지루', '지루_피부염', '피부염_지성']",[],,,1,['가려움'],1,['추천'],0,중립,False
cafearticle,,비듬샴푸 추천,두피가려움 ㅜㅜ 그래서 샴푸 도 이것저것 바꿔봤는데 딱히 맞는 걸 아직 못 찾았어요 ㅜㅜ 예전엔 비듬 도 좀 있었고 요즘 머리 감고 6 8시간 정도 지나면 다시 슬슬 간지럽고 각질도 조금씩 올라오더라고요 원래 건성인데 운동하면 하루에,"['이것저것', '예전', '비듬', '시간', '각질', '조금', '건성', '운동', '하루']","['이것저것_예전', '예전_비듬', '비듬_시간', '시간_각질', '각질_조금', '조금_건성', '건성_운동', '운동_하루']","['이것저것', '예전', '비듬', '시간', '각질', '조금', '건성', '운동', '하루', '이것저것_예전', '예전_비듬', '비듬_시간', '시간_각질', '각질_조금', '조금_건성', '건성_운동', '운동_하루']",[],,,3,"['올라오', '가려움', '예전엔']",0,[],-3,이탈위험,False
cafearticle,,비듬샴푸 추천,세바메드 샴푸 비듬 방지 샴푸 사용 후기 결론적으로 세바메드 샴푸 비듬 방지 샴푸 는 비듬 으로 고민하는 분들에게 추천 할 수 있는 제품이에요 자극 없이 사용할 수 있고 비듬 방지 효과도 뛰어나니 저처럼 민감한 두피를 가진 분들에게 특히 적합할 것 같네요,"['세바메드', '비듬', '방지', '결론', '세바메드', '비듬', '방지', '비듬', '고민', '자극', '비듬', '방지', '효과', '적합']","['세바메드_비듬', '비듬_방지', '방지_결론', '결론_세바메드', '세바메드_비듬', '비듬_방지', '방지_비듬', '비듬_고민', '고민_자극', '자극_비듬', '비듬_방지', '방지_효과', '효과_적합']","['세바메드', '비듬', '방지', '결론', '세바메드', '비듬', '방지', '비듬', '고민', '자극', '비듬', '방지', '효과', '적합', '세바메드_비듬', '비듬_방지', '방지_결론', '결론_세바메드', '세바메드_비듬', '비듬_방지', '방지_비듬', '비듬_고민', '고민_자극', '자극_비듬', '비듬_방지', '방지_효과', '효과_적합']",[],,,1,['자극'],1,['추천'],0,중립,False
cafearticle,,비듬샴푸 추천,비듬 탈모 연관성 있나요 주변에서는 비듬샴푸 쓰라고 하던데 그것만으로 충분할까요 아니면 뭔가 더 해야하는건지 비듬 탈모 생기기 전에 미리 케어하고 싶은데 요즘 거울 보면서 머리숱도 예전같지 않은것 같고 신경쓰이네요 진짜 혹시 비듬,"['비듬', '탈모', '연관', '주변', '비듬', '비듬', '탈모', '케어', '거울', '예전', '신경', '비듬']","['비듬_탈모', '탈모_연관', '연관_주변', '주변_비듬', '비듬_비듬', '비듬_탈모', '탈모_케어', '케어_거울', '거울_예전', '예전_신경', '신경_비듬']","['비듬', '탈모', '연관', '주변', '비듬', '비듬', '탈모', '케어', '거울', '예전', '신경', '비듬', '비듬_탈모', '탈모_연관', '연관_주변', '주변_비듬', '비듬_비듬', '비듬_탈모', '탈모_케어', '케어_거울', '거울_예전', '예전_신경', '신경_비듬']",[],,,0,[],0,[],0,중립,False
cafearticle,,비듬샴푸 추천,두피 건선 증상인가요 떨어지고 비듬 처럼 하얀 가루가 계속 생겨요 두피 건선 증상인지 궁금한데 혼자서는 잘 모르겠더라구요 생겨요 샴푸 를 순한 걸로 바꿔봤는데도 별로 나아지는 느낌이 없어요 오히려 머리를 감고 나면 더 가렵고 따가운,"['증상', '비듬', '가루', '증상', '혼자', '느낌']","['증상_비듬', '비듬_가루', '가루_증상', '증상_혼자', '혼자_느낌']","['증상', '비듬', '가루', '증상', '혼자', '느낌', '증상_비듬', '비듬_가루', '가루_증상', '증상_혼자', '혼자_느낌']",[],,,2,"['별로', '따가']",0,[],-2,이탈위험,False
cafearticle,,비듬샴푸 추천,닥터그루트 클리니컬 릴리프 지루성 두피용 샴푸 사용 후기 또 비듬 도 줄어든 것 같아서 기분이 정말 좋았어요 평소에는 가려움증도 있었는데 이 샴푸 를 사용한 후에는 분들에게 추천 하고 싶어요 정리해보면 닥터그루트 클리니컬 릴리프 지루성 두피용 샴푸 는 사용감과 효과,"['닥터그루트', '클리니컬', '릴리프', '지루', '비듬', '기분', '평소', '가려움증', '정리', '닥터그루트', '클리니컬', '릴리프', '지루', '효과']","['닥터그루트_클리니컬', '클리니컬_릴리프', '릴리프_지루', '지루_비듬', '비듬_기분', '기분_평소', '평소_가려움증', '가려움증_정리', '정리_닥터그루트', '닥터그루트_클리니컬', '클리니컬_릴리프', '릴리프_지루', '지루_효과']","['닥터그루트', '클리니컬', '릴리프', '지루', '비듬', '기분', '평소', '가려움증', '정리', '닥터그루트', '클리니컬', '릴리프', '지루', '효과', '닥터그루트_클리니컬', '클리니컬_릴리프', '릴리프_지루', '지루_비듬', '비듬_기분', '기분_평소', '평소_가려움증', '가려움증_정리', '정리_닥터그루트', '닥터그루트_클리니컬', '클리니컬_릴리프', '릴리프_지루', '지루_효과']",[],,,1,['가려움'],1,['추천'],0,중립,False
cafearticle,,비듬샴푸 추천,펄케어 헤어프로 두피 마사지기 리뷰 봄철 두피 고민 해결 환절기만 되면 어김없이 찾아오는 두피 가려움과 잦은 비듬 때문에 고민이신 분들 IPX5 방수 등급으로 샴푸 중에도 안심하고 사용할 수 있으며 사용 후에는 물로 간편하게 세척할 수 있습니다,"['케어', '프로', '마사지', '리뷰', '봄철', '고민', '해결', '환절기', '비듬', '고민', '방수', '등급', '안심', '세척']","['케어_프로', '프로_마사지', '마사지_리뷰', '리뷰_봄철', '봄철_고민', '고민_해결', '해결_환절기', '환절기_비듬', '비듬_고민', '고민_방수', '방수_등급', '등급_안심', '안심_세척']","['케어', '프로', '마사지', '리뷰', '봄철', '고민', '해결', '환절기', '비듬', '고민', '방수', '등급', '안심', '세척', '케어_프로', '프로_마사지', '마사지_리뷰', '리뷰_봄철', '봄철_고민', '고민_해결', '해결_환절기', '환절기_비듬', '비듬_고민', '고민_방수', '방수_등급', '등급_안심', '안심_세척']",[],,,1,['가려움'],0,[],-1,이탈위험,False
cafearticle,,비듬샴푸 추천,두피 가려움 샴푸 추천 받고 싶은데 어떤 게 좋을까요 처음에는 그냥 피로 때문이겠지 싶어서 무시했는데 샤워하고 나서도 계속 긁게 되고 비듬 도 생기더라고요 두피 가려움 샴푸 추천 알아보던중에 이게 맞나 싶습니다 여러종류 탈모약 찾아서 먹어봤는데 제일 심한 문제는,"['처음', '피로', '무시', '샤워', '비듬', '종류', '탈모', '문제']","['처음_피로', '피로_무시', '무시_샤워', '샤워_비듬', '비듬_종류', '종류_탈모', '탈모_문제']","['처음', '피로', '무시', '샤워', '비듬', '종류', '탈모', '문제', '처음_피로', '피로_무시', '무시_샤워', '샤워_비듬', '비듬_종류', '종류_탈모', '탈모_문제']",[],,,1,['가려움'],1,['추천'],0,중립,False
cafearticle,,비듬샴푸 추천,머리 비듬 없애는법 진짜 궁금합니다 샴푸 도 여러 개 바꿔봤는데 별로 나아지는 게 없어서요 머리 감고 나서도 두피가 간지럽고 긁으면 또 하얗게 일어나는데 이거 정상인가요 주변에서 머리 비듬 없애는법으로 식초 섞은 물로 헹구라는 사람도 있고,"['비듬', '정상', '주변', '비듬', '식초']","['비듬_정상', '정상_주변', '주변_비듬', '비듬_식초']","['비듬', '정상', '주변', '비듬', '식초', '비듬_정상', '정상_주변', '주변_비듬', '비듬_식초']",[],,,1,['별로'],0,[],-1,이탈위험,False
cafearticle,,비듬샴푸 추천,두피 건강을 위한 적절한 수분 공급 방법 두피는 피부의 일부로 수분이 부족할 경우 가려움증 비듬 탈모 등의 문제가 발생할 수 있습니다 따라서 샴푸 후 두피에 수분을 공급할 수 있는 제품을 선택하여 정기적으로 사용하면 두피의 수분을 보충할 수,"['건강', '수분', '공급', '방법', '피부', '일부', '수분', '부족', '가려움증', '비듬', '탈모', '문제', '발생', '수분', '공급', '선택', '정기', '수분', '보충']","['건강_수분', '수분_공급', '공급_방법', '방법_피부', '피부_일부', '일부_수분', '수분_부족', '부족_가려움증', '가려움증_비듬', '비듬_탈모', '탈모_문제', '문제_발생', '발생_수분', '수분_공급', '공급_선택', '선택_정기', '정기_수분', '수분_보충']","['건강', '수분', '공급', '방법', '피부', '일부', '수분', '부족', '가려움증', '비듬', '탈모', '문제', '발생', '수분', '공급', '선택', '정기', '수분', '보충', '건강_수분', '수분_공급', '공급_방법', '방법_피부', '피부_일부', '일부_수분', '수분_부족', '부족_가려움증', '가려움증_비듬', '비듬_탈모', '탈모_문제', '문제_발생', '발생_수분', '수분_공급', '공급_선택', '선택_정기', '정기_수분', '수분_보충']",[],,,1,['가려움'],0,[],-1,이탈위험,False
cafearticle,,비듬샴푸 추천,Magazine 내 대가리는 소중하니까 탈모 관리템 추천 zip 물론 비듬 지루성 두피염이 있다면 케토코나졸 샴푸 약용 샴푸 를 가장 먼저 적용해야 하는게 맞습니다 하지만 보조적으로 이런 제품도 있다는 점 지루성 두피염으로 인한 탈모이신 분께 추천 드리는 아이템입니다,"['대가리', '탈모', '관리', '비듬', '지루', '케토코나졸', '적용', '보조', '지루', '탈모', '아이템']","['대가리_탈모', '탈모_관리', '관리_비듬', '비듬_지루', '지루_케토코나졸', '케토코나졸_적용', '적용_보조', '보조_지루', '지루_탈모', '탈모_아이템']","['대가리', '탈모', '관리', '비듬', '지루', '케토코나졸', '적용', '보조', '지루', '탈모', '아이템', '대가리_탈모', '탈모_관리', '관리_비듬', '비듬_지루', '지루_케토코나졸', '케토코나졸_적용', '적용_보조', '보조_지루', '지루_탈모', '탈모_아이템']",[],,,0,[],1,['추천'],1,긍정,False
cafearticle,,비듬샴푸 추천,쉬즈곤 부스트 샴푸 로 아이 위한 최고의 고양이샤푸 선택 비듬 관리가 필요한 아이들에게 이 쉬즈곤 부스트 샴푸 캣 저자극 애플 블라썸향을 강력 추천 해요 민감한 아이도 쓸 수 있는 저자극 고양이샤푸를 찾고 계셨다면 이 기회에 놓치지 말고 꼭 한번 사용해보세요 지금,"['쉬즈', '부스트', '아이', '최고', '고양이샤푸', '선택', '비듬', '관리', '필요', '아이', '쉬즈', '부스트', '자극', '애플', '블라썸', '강력', '아이', '자극', '고양이샤푸', '기회']","['쉬즈_부스트', '부스트_아이', '아이_최고', '최고_고양이샤푸', '고양이샤푸_선택', '선택_비듬', '비듬_관리', '관리_필요', '필요_아이', '아이_쉬즈', '쉬즈_부스트', '부스트_자극', '자극_애플', '애플_블라썸', '블라썸_강력', '강력_아이', '아이_자극', '자극_고양이샤푸', '고양이샤푸_기회']","['쉬즈', '부스트', '아이', '최고', '고양이샤푸', '선택', '비듬', '관리', '필요', '아이', '쉬즈', '부스트', '자극', '애플', '블라썸', '강력', '아이', '자극', '고양이샤푸', '기회', '쉬즈_부스트', '부스트_아이', '아이_최고', '최고_고양이샤푸', '고양이샤푸_선택', '선택_비듬', '비듬_관리', '관리_필요', '필요_아이', '아이_쉬즈', '쉬즈_부스트', '부스트_자극', '자극_애플', '애플_블라썸', '블라썸_강력', '강력_아이', '아이_자극', '자극_고양이샤푸', '고양이샤푸_기회']",[],,,1,['자극'],1,['추천'],0,중립,False
cafearticle,,비듬샴푸 추천,지루성 두피염 냅뒀다가 대머리 될 뻔 했어요 처음에는 저도 다른 분들처럼 그냥 단순하게 비듬 이 좀 생긴 줄 알고 시중에서 파는 독한 비듬 샴푸 들을 사다 썼어요 그런데 시간이 지날수록 비듬 크기도 커지고 양도 많아지더라고요 살짝 머리만 건드려도 어깨 위로,"['지루', '대머리', '처음', '단순', '비듬', '시중', '비듬', '시간', '비듬', '크기', '어깨']","['지루_대머리', '대머리_처음', '처음_단순', '단순_비듬', '비듬_시중', '시중_비듬', '비듬_시간', '시간_비듬', '비듬_크기', '크기_어깨']","['지루', '대머리', '처음', '단순', '비듬', '시중', '비듬', '시간', '비듬', '크기', '어깨', '지루_대머리', '대머리_처음', '처음_단순', '단순_비듬', '비듬_시중', '시중_비듬', '비듬_시간', '시간_비듬', '비듬_크기', '크기_어깨']",[],,,0,[],0,[],0,중립,False
cafearticle,,비듬샴푸 추천,바이아우어 81만PPM 맥주효모 대용량 비듬 탈모 샴푸 1017ml 선택 가이드 바이아우어 81만PPM 맥주효모 대용량 비듬 탈모 샴푸 1017ml 선택 가이드 왜 바이아우어 81만PPM 맥주효모 대용량 혹시 자연스러운 머리카락 회복을 기대하는 분들이라면 이 제품을 추천 드리고 싶어요 왜 계속 사용하게,"['바이아우어', '맥주', '효모', '용량', '비듬', '탈모', '선택', '가이드', '바이아우어', '맥주', '효모', '용량', '비듬', '탈모', '선택', '가이드', '바이아우어', '맥주', '효모', '용량', '자연', '머리카락', '회복', '기대']","['바이아우어_맥주', '맥주_효모', '효모_용량', '용량_비듬', '비듬_탈모', '탈모_선택', '선택_가이드', '가이드_바이아우어', '바이아우어_맥주', '맥주_효모', '효모_용량', '용량_비듬', '비듬_탈모', '탈모_선택', '선택_가이드', '가이드_바이아우어', '바이아우어_맥주', '맥주_효모', '효모_용량', '용량_자연', '자연_머리카락', '머리카락_회복', '회복_기대']","['바이아우어', '맥주', '효모', '용량', '비듬', '탈모', '선택', '가이드', '바이아우어', '맥주', '효모', '용량', '비듬', '탈모', '선택', '가이드', '바이아우어', '맥주', '효모', '용량', '자연', '머리카락', '회복', '기대', '바이아우어_맥주', '맥주_효모', '효모_용량', '용량_비듬', '비듬_탈모', '탈모_선택', '선택_가이드', '가이드_바이아우어', '바이아우어_맥주', '맥주_효모', '효모_용량', '용량_비듬', '비듬_탈모', '탈모_선택', '선택_가이드', '가이드_바이아우어', '바이아우어_맥주', '맥주_효모', '효모_용량', '용량_자연', '자연_머리카락', '머리카락_회복', '회복_기대']",[],,,0,[],1,['추천'],1,긍정,False
cafearticle,,비듬샴푸 추천,건조한 두피에 비듬 전용 세정제 사용해도 괜찮을까요 비듬 전용 제품을 한번 써보려고 하는데요 세정력이 너무 강해서 수분을 다 빼앗아 오히려 상태가 더 악화된다는 말을 들었습니다 정말로 수분이 부족한 타입에는 안 좋은가요 가려움을 잡으려다 더 메마를까 봐 겁이,"['건조', '비듬', '전용', '세정제', '비듬', '전용', '정력', '수분', '상태', '악화', '수분', '부족', '타입']","['건조_비듬', '비듬_전용', '전용_세정제', '세정제_비듬', '비듬_전용', '전용_정력', '정력_수분', '수분_상태', '상태_악화', '악화_수분', '수분_부족', '부족_타입']","['건조', '비듬', '전용', '세정제', '비듬', '전용', '정력', '수분', '상태', '악화', '수분', '부족', '타입', '건조_비듬', '비듬_전용', '전용_세정제', '세정제_비듬', '비듬_전용', '전용_정력', '정력_수분', '수분_상태', '상태_악화', '악화_수분', '수분_부족', '부족_타입']",[],,,1,['가려움'],0,[],-1,이탈위험,False
cafearticle,,비듬샴푸 추천,니조랄 가격 진짜ㅠ 염증이 심해서 손만 닿아도 따갑고 아프고ㅠ 가려움이랑 비듬 도 심하고 뾰루지때문에 제대로 감지를 약용 샴푸 를 알게 됐거든요 약국마다 니조랄 가격이 다르다길래 일부러 여러군데 돌면서 니조랄 가격 비교하고,"['니조랄', '염증', '비듬', '뾰루지', '감지', '니조랄', '니조랄', '비교']","['니조랄_염증', '염증_비듬', '비듬_뾰루지', '뾰루지_감지', '감지_니조랄', '니조랄_니조랄', '니조랄_비교']","['니조랄', '염증', '비듬', '뾰루지', '감지', '니조랄', '니조랄', '비교', '니조랄_염증', '염증_비듬', '비듬_뾰루지', '뾰루지_감지', '감지_니조랄', '니조랄_니조랄', '니조랄_비교']",[],,,3,"['뾰루지', '가려움', '니조랄']",0,[],-3,이탈위험,True
cafearticle,,비듬샴푸 추천,헤드앤숄더 클리니컬 스트렝스 왜이러죠 원래 두피가 좀 민감한 편이긴 했거든요 근데 최근에 갑자기 상태가 안좋아져가지고ㅠ 비듬 이 장난아니게 이게 항진균 샴푸 인데 주성분인 황화셀레늄이 엄청 강한 성분이라 국내에서는 쉽게 못구하는거래요 자극도,"['클리니컬', '스트렝스', '상태', '비듬', '장난', '항진', '주성분', '황화셀레늄', '성분', '국내', '자극']","['클리니컬_스트렝스', '스트렝스_상태', '상태_비듬', '비듬_장난', '장난_항진', '항진_주성분', '주성분_황화셀레늄', '황화셀레늄_성분', '성분_국내', '국내_자극']","['클리니컬', '스트렝스', '상태', '비듬', '장난', '항진', '주성분', '황화셀레늄', '성분', '국내', '자극', '클리니컬_스트렝스', '스트렝스_상태', '상태_비듬', '비듬_장난', '장난_항진', '항진_주성분', '주성분_황화셀레늄', '황화셀레늄_성분', '성분_국내', '국내_자극']",[],,,1,['자극'],0,[],-1,이탈위험,False
cafearticle,,비듬샴푸 추천,비듬 없애는 방법 진짜 간절해요ㅠ 진짜로 효과 좋은 비듬 없애는 방법 없을까요 요즘 비듬 때문에 스트레스가 너무 심해서 이렇게 글까지 그래서 약용 샴푸 쪽으로도 알아보다가 니조랄 약용 샴푸 도 써봤는데 이것도 완전히 해결되는 느낌은 아니였어요,"['비듬', '방법', '효과', '비듬', '방법', '비듬', '스트레스', '니조랄', '해결', '느낌']","['비듬_방법', '방법_효과', '효과_비듬', '비듬_방법', '방법_비듬', '비듬_스트레스', '스트레스_니조랄', '니조랄_해결', '해결_느낌']","['비듬', '방법', '효과', '비듬', '방법', '비듬', '스트레스', '니조랄', '해결', '느낌', '비듬_방법', '방법_효과', '효과_비듬', '비듬_방법', '방법_비듬', '비듬_스트레스', '스트레스_니조랄', '니조랄_해결', '해결_느낌']",[],,,1,['니조랄'],0,[],-1,이탈위험,True
cafearticle,,비듬샴푸 추천,청소년 비듬샴푸 왜이래요 청소년 비듬샴푸 뭘 써야할지 너무 고민이네요ㅠ 요즘 아이 두피 때문에 계속 신경이 쓰여서 글 남겨봐요 중학생 남자아이인데 사춘기 들어서면서부터 정수리 냄새가 나기 시작하더니 비듬 까지 같이 올라오더라고요ㅠ,"['청소년', '비듬', '청소년', '비듬', '고민', '신경', '중학', '남자', '아이', '사춘기', '정수리', '냄새', '시작', '비듬']","['청소년_비듬', '비듬_청소년', '청소년_비듬', '비듬_고민', '고민_신경', '신경_중학', '중학_남자', '남자_아이', '아이_사춘기', '사춘기_정수리', '정수리_냄새', '냄새_시작', '시작_비듬']","['청소년', '비듬', '청소년', '비듬', '고민', '신경', '중학', '남자', '아이', '사춘기', '정수리', '냄새', '시작', '비듬', '청소년_비듬', '비듬_청소년', '청소년_비듬', '비듬_고민', '고민_신경', '신경_중학', '중학_남자', '남자_아이', '아이_사춘기', '사춘기_정수리', '정수리_냄새', '냄새_시작', '시작_비듬']",[],,,1,['올라오'],0,[],-1,이탈위험,False
cafearticle,,비듬샴푸 추천,두피 뒤집어지고 가려웠는데 순한 샴푸 로 광명 찾았어요 블루라이프 샴푸 추천 받아서 반신반의하며 썼는데 진짜 광명 찾은 기분이네요 이게 두피 유수분 밸런스를 맞춰줘서 그런지 한 2주 정도 쓰니까 두피가려움 진짜 싹 사라졌어요 어깨 위로 하얗게 떨어지던 비듬 도 눈에 띄게,"['광명', '블루', '라이프', '반신반의', '광명', '기분', '수분', '밸런스', '어깨', '비듬']","['광명_블루', '블루_라이프', '라이프_반신반의', '반신반의_광명', '광명_기분', '기분_수분', '수분_밸런스', '밸런스_어깨', '어깨_비듬']","['광명', '블루', '라이프', '반신반의', '광명', '기분', '수분', '밸런스', '어깨', '비듬', '광명_블루', '블루_라이프', '라이프_반신반의', '반신반의_광명', '광명_기분', '기분_수분', '수분_밸런스', '밸런스_어깨', '어깨_비듬']",[],,,1,['가려움'],2,"['사라졌', '추천']",1,긍정,False
cafearticle,,비듬샴푸 추천,중학생 아들내미 정수리 냄새랑 딱지 다 고쳤어요 떨어지던 비듬 도 엄청 많이 사라졌어요 어릴 때부터 두피 관리 잘해줘야 나중에 머리 덜 빠진다고 해서 탈모 예방 차원으로 저도 같이 쓰고 있어요 가족 다 같이 쓰기 너무 순하고 좋아서 맘님들한테 진짜 추천 해 드리고,"['중학', '아들내미', '정수리', '냄새', '딱지', '비듬', '관리', '나중', '탈모', '예방', '차원', '가족']","['중학_아들내미', '아들내미_정수리', '정수리_냄새', '냄새_딱지', '딱지_비듬', '비듬_관리', '관리_나중', '나중_탈모', '탈모_예방', '예방_차원', '차원_가족']","['중학', '아들내미', '정수리', '냄새', '딱지', '비듬', '관리', '나중', '탈모', '예방', '차원', '가족', '중학_아들내미', '아들내미_정수리', '정수리_냄새', '냄새_딱지', '딱지_비듬', '비듬_관리', '관리_나중', '나중_탈모', '탈모_예방', '예방_차원', '차원_가족']",[],,,0,[],2,"['사라졌', '추천']",2,긍정,False
cafearticle,,비듬샴푸 추천,환절기라 비듬 폭발 ㅠㅠ 카페활동 친목 수다글 없이 업체 추천 및 후기글만 작성시 글삭제 및 정지될수 있습니다 회원님들 글에 댓글 쥐구멍에 숨고 싶었네요 ㅜㅜ 혹시 비듬 에 효과 본 민감두피 샴푸 나 건성두피 샴푸 있으심 알려주세요 ㅜㅠㅜ,"['환절기', '비듬', '폭발', '카페', '활동', '친목', '수다', '업체', '작성', '삭제', '정지', '회원', '댓글', '쥐구멍', '비듬', '효과', '민감', '건성']","['환절기_비듬', '비듬_폭발', '폭발_카페', '카페_활동', '활동_친목', '친목_수다', '수다_업체', '업체_작성', '작성_삭제', '삭제_정지', '정지_회원', '회원_댓글', '댓글_쥐구멍', '쥐구멍_비듬', '비듬_효과', '효과_민감', '민감_건성']","['환절기', '비듬', '폭발', '카페', '활동', '친목', '수다', '업체', '작성', '삭제', '정지', '회원', '댓글', '쥐구멍', '비듬', '효과', '민감', '건성', '환절기_비듬', '비듬_폭발', '폭발_카페', '카페_활동', '활동_친목', '친목_수다', '수다_업체', '업체_작성', '작성_삭제', '삭제_정지', '정지_회원', '회원_댓글', '댓글_쥐구멍', '쥐구멍_비듬', '비듬_효과', '효과_민감', '민감_건성']",[],,,0,[],1,['추천'],1,긍정,False
cafearticle,,비듬샴푸 추천,바디브 약산성 천연 샴푸 체험기 가성비도 좋은 것 같고 특히 두피가 민감한 분들에게 적극 추천 하고 싶어요 저 같은 경우는 이제 이 샴푸 없이는 못 살 것 같아요 사용한 지 한 달도 안 됐는데 머리카락이 많이 건강해 보이고 요즘은 비듬 걱정도 안,"['바디브', '산성', '천연', '체험기', '가성비', '적극', '머리카락', '건강', '비듬', '걱정']","['바디브_산성', '산성_천연', '천연_체험기', '체험기_가성비', '가성비_적극', '적극_머리카락', '머리카락_건강', '건강_비듬', '비듬_걱정']","['바디브', '산성', '천연', '체험기', '가성비', '적극', '머리카락', '건강', '비듬', '걱정', '바디브_산성', '산성_천연', '천연_체험기', '체험기_가성비', '가성비_적극', '적극_머리카락', '머리카락_건강', '건강_비듬', '비듬_걱정']",[],,,0,[],1,['추천'],1,긍정,False
cafearticle,,비듬샴푸 추천,달리프 베러 루트 스칼프 두피 앰플 제 두피를 살린 아이템 사용 방법도 간단해서 샴푸 후 두피에 적당량을 분사하고 가볍게 마사지해 주기만 하면 됐어요 저처럼 예전처럼 잦은 각질이나 비듬 도 줄어들어서 두피 건강이 조금 회복된 것 같습니다 물론 개인차가 있을 수도,"['달리프', '루트', '스칼프', '앰플', '아이템', '방법', '적당량', '분사', '마사지', '예전', '각질', '비듬', '건강', '회복', '개인차']","['달리프_루트', '루트_스칼프', '스칼프_앰플', '앰플_아이템', '아이템_방법', '방법_적당량', '적당량_분사', '분사_마사지', '마사지_예전', '예전_각질', '각질_비듬', '비듬_건강', '건강_회복', '회복_개인차']","['달리프', '루트', '스칼프', '앰플', '아이템', '방법', '적당량', '분사', '마사지', '예전', '각질', '비듬', '건강', '회복', '개인차', '달리프_루트', '루트_스칼프', '스칼프_앰플', '앰플_아이템', '아이템_방법', '방법_적당량', '적당량_분사', '분사_마사지', '마사지_예전', '예전_각질', '각질_비듬', '비듬_건강', '건강_회복', '회복_개인차']",[],,,0,[],0,[],0,중립,False
cafearticle,,비듬샴푸 추천,우르오스 스칼프 샴푸 500ml 남성 두피 고민을 위한 스마트한 데일리 케어 가이드 평소 두피의 과도한 유분기와 비듬 으로 고민이 많으셨던 분들께 추천 드립니다 자극이 적고 순한 성분의 샴푸 를 선호하는 민감한 두피를 가진 남성분들께 권장합니다 샴푸 와 린스를 따로 사용하기 번거로워 한,"['우르오스', '스칼프', '남성', '고민', '스마트', '데일리', '케어', '가이드', '평소', '과도', '유분', '비듬', '고민', '자극', '성분', '선호', '남성', '권장', '린스']","['우르오스_스칼프', '스칼프_남성', '남성_고민', '고민_스마트', '스마트_데일리', '데일리_케어', '케어_가이드', '가이드_평소', '평소_과도', '과도_유분', '유분_비듬', '비듬_고민', '고민_자극', '자극_성분', '성분_선호', '선호_남성', '남성_권장', '권장_린스']","['우르오스', '스칼프', '남성', '고민', '스마트', '데일리', '케어', '가이드', '평소', '과도', '유분', '비듬', '고민', '자극', '성분', '선호', '남성', '권장', '린스', '우르오스_스칼프', '스칼프_남성', '남성_고민', '고민_스마트', '스마트_데일리', '데일리_케어', '케어_가이드', '가이드_평소', '평소_과도', '과도_유분', '유분_비듬', '비듬_고민', '고민_자극', '자극_성분', '성분_선호', '선호_남성', '남성_권장', '권장_린스']",[],,,1,['자극'],1,['추천'],0,중립,False
cafearticle,,비듬샴푸 추천,향 좋은 샴푸 브랜드 추천 비교 후기 지속력 성분 정리 향 좋은 샴푸 브랜드 추천 비교 후기 지속력 성분 정리 머리 냄새 오랫시간 멋진 냄새만 나게 해주는 거 뭐 또한 일반 향 내가 향 좋은 샴푸 브랜드 쓰고 비듬 이 상당히 생긴 경우도 있었구요 근데 이런건 성질도 매우,"['비교', '지속', '성분', '정리', '비교', '지속', '성분', '정리', '냄새', '오랫시간', '냄새', '일반', '비듬', '성질']","['비교_지속', '지속_성분', '성분_정리', '정리_비교', '비교_지속', '지속_성분', '성분_정리', '정리_냄새', '냄새_오랫시간', '오랫시간_냄새', '냄새_일반', '일반_비듬', '비듬_성질']","['비교', '지속', '성분', '정리', '비교', '지속', '성분', '정리', '냄새', '오랫시간', '냄새', '일반', '비듬', '성질', '비교_지속', '지속_성분', '성분_정리', '정리_비교', '비교_지속', '지속_성분', '성분_정리', '정리_냄새', '냄새_오랫시간', '오랫시간_냄새', '냄새_일반', '일반_비듬', '비듬_성질']",[],,,0,[],1,['추천'],1,긍정,False
cafearticle,,비듬샴푸 추천,사춘기 비듬샴푸 추천 좀 해주세요 아이가 중2가 되더니 갑작스레 비듬 으로 고민이 이만저만이 아닙니다 좋다는 샴푸 를 이것 저것 다 바꿔봤는데도 효과가 잘 없어서 아이가 미칠라고 합니다 엄청 깔끔한 성격인데 스트레스가 이만저만이 아니네요 ㅠ,"['사춘기', '비듬', '아이', '비듬', '고민', '이만저만', '효과', '아이', '성격', '스트레스', '이만저만']","['사춘기_비듬', '비듬_아이', '아이_비듬', '비듬_고민', '고민_이만저만', '이만저만_효과', '효과_아이', '아이_성격', '성격_스트레스', '스트레스_이만저만']","['사춘기', '비듬', '아이', '비듬', '고민', '이만저만', '효과', '아이', '성격', '스트레스', '이만저만', '사춘기_비듬', '비듬_아이', '아이_비듬', '비듬_고민', '고민_이만저만', '이만저만_효과', '효과_아이', '아이_성격', '성격_스트레스', '스트레스_이만저만']",[],,,0,[],1,['추천'],1,긍정,False
cafearticle,,비듬샴푸 추천,르뱅나튀렐 약산성 유기농 천연 아로마 샴푸 실제 사용 후기 유기농 샴푸 를 쓰고 나서는 훨씬 편안해졌어요 과도한 유분이나 비듬 으로부터 해방된 기분이죠 게다가 추천 과 신뢰를 보내는 많은 사용자들의 리얼 후기 이 제품을 정말 추천 드리고 싶어요 저뿐만 아니라 주변,"['르뱅나튀렐', '산성', '유기농', '천연', '아로마', '실제', '유기농', '편안', '과도', '유분', '비듬', '해방', '기분', '신뢰', '사용자', '리얼', '주변']","['르뱅나튀렐_산성', '산성_유기농', '유기농_천연', '천연_아로마', '아로마_실제', '실제_유기농', '유기농_편안', '편안_과도', '과도_유분', '유분_비듬', '비듬_해방', '해방_기분', '기분_신뢰', '신뢰_사용자', '사용자_리얼', '리얼_주변']","['르뱅나튀렐', '산성', '유기농', '천연', '아로마', '실제', '유기농', '편안', '과도', '유분', '비듬', '해방', '기분', '신뢰', '사용자', '리얼', '주변', '르뱅나튀렐_산성', '산성_유기농', '유기농_천연', '천연_아로마', '아로마_실제', '실제_유기농', '유기농_편안', '편안_과도', '과도_유분', '유분_비듬', '비듬_해방', '해방_기분', '기분_신뢰', '신뢰_사용자', '사용자_리얼', '리얼_주변']",[],,,0,[],1,['추천'],1,긍정,False
cafearticle,,비듬샴푸 추천,올리브영 비듬샴푸 추천 받아보신 분 계신가요 친구한테 물어보니 두피 관리가 중요하다면서 올리브영 비듬샴푸추천 을 해주더라구요 근데 종류가 너무 많아서 뭘 써야 할지 모르겠습니다 두피가 건조한 편인데 비듬도 있고 머리카락도 많이 빠지는 상황에서는 어떤,"['올리브', '비듬', '친구', '관리', '중요', '올리브', '비듬', '종류', '건조', '비듬', '머리카락', '상황']","['올리브_비듬', '비듬_친구', '친구_관리', '관리_중요', '중요_올리브', '올리브_비듬', '비듬_종류', '종류_건조', '건조_비듬', '비듬_머리카락', '머리카락_상황']","['올리브', '비듬', '친구', '관리', '중요', '올리브', '비듬', '종류', '건조', '비듬', '머리카락', '상황', '올리브_비듬', '비듬_친구', '친구_관리', '관리_중요', '중요_올리브', '올리브_비듬', '비듬_종류', '종류_건조', '건조_비듬', '비듬_머리카락', '머리카락_상황']",[],,,0,[],1,['추천'],1,긍정,False
cafearticle,,비듬샴푸 추천,각질 샴푸 추천 해주세요 두피에 각질이 있어서 비듬 처럼 날려요ㅜㅜ 순하다는 샴푸 다 사용해도 괜찮아 지지 않네요 혹시 추천 해주실 제품 있을까요ㅜㅜ 머리도 없고 두피도 다 보이고 날은 더워져서 모자도 땀차고 속상하네요 본 게시글의,"['각질', '각질', '비듬', '모자', '게시']","['각질_각질', '각질_비듬', '비듬_모자', '모자_게시']","['각질', '각질', '비듬', '모자', '게시', '각질_각질', '각질_비듬', '비듬_모자', '모자_게시']",[],,,0,[],1,['추천'],1,긍정,False
cafearticle,,비듬샴푸 추천,지루성 두피 샴푸 유목민이에요 감아도 간지럽고 미치겠어요 추천 좀 해주세요 ㅜㅜ 헤드앤숄더 방기원 각종 좋다는거 써봐도 정착을 하지 못했어요,"['지루', '유목민', '기원', '각종', '정착']","['지루_유목민', '유목민_기원', '기원_각종', '각종_정착']","['지루', '유목민', '기원', '각종', '정착', '지루_유목민', '유목민_기원', '기원_각종', '각종_정착']",[],,,0,[],2,"['정착', '추천']",2,긍정,False
cafearticle,,비듬샴푸 추천,모두바른 임산부 샴푸 1개 800ml 비교해봤어요 꾸준히 쓰면 부드럽고 풍성한 모발은 물론 피로감도 한층 덜 느껴지니 정말 추천 하고 싶어요 사용 후 느껴지는 놀라운 변화 솔직 후기 저는 예전엔 두피가 가렵고 비듬 이 심했었어요 하지만 모두바른 임산부 샴푸 로,"['임산부', '비교', '모발', '피로감', '변화', '예전', '비듬', '임산부']","['임산부_비교', '비교_모발', '모발_피로감', '피로감_변화', '변화_예전', '예전_비듬', '비듬_임산부']","['임산부', '비교', '모발', '피로감', '변화', '예전', '비듬', '임산부', '임산부_비교', '비교_모발', '모발_피로감', '피로감_변화', '변화_예전', '예전_비듬', '비듬_임산부']",[],,,1,['예전엔'],1,['추천'],0,중립,False
cafearticle,,비듬샴푸 추천,앙방 여성 샴푸 1 위 향기좋은 샴푸 비듬 단백질 대용량 샴푸 향수 향기 퍼퓸 약산성 샴푸 에끌라 드 라일락향 이 샴푸 를 적극 추천 해 드리고 싶어요 넉넉한 대용량과 무료배송 혜택까지 더해져 더욱 만족스러운 선택이 될 거예요 앙방 여성 샴푸 1 위 향기좋은 샴푸 비듬 단백질 대용량 샴푸 향수,"['여성', '향기', '비듬', '단백질', '용량', '향수', '향기', '퍼퓸', '약산', '에끌라', '라일락', '적극', '용량', '무료', '배송', '만족', '선택', '여성', '향기', '비듬', '단백질', '용량', '향수']","['여성_향기', '향기_비듬', '비듬_단백질', '단백질_용량', '용량_향수', '향수_향기', '향기_퍼퓸', '퍼퓸_약산', '약산_에끌라', '에끌라_라일락', '라일락_적극', '적극_용량', '용량_무료', '무료_배송', '배송_만족', '만족_선택', '선택_여성', '여성_향기', '향기_비듬', '비듬_단백질', '단백질_용량', '용량_향수']","['여성', '향기', '비듬', '단백질', '용량', '향수', '향기', '퍼퓸', '약산', '에끌라', '라일락', '적극', '용량', '무료', '배송', '만족', '선택', '여성', '향기', '비듬', '단백질', '용량', '향수', '여성_향기', '향기_비듬', '비듬_단백질', '단백질_용량', '용량_향수', '향수_향기', '향기_퍼퓸', '퍼퓸_약산', '약산_에끌라', '에끌라_라일락', '라일락_적극', '적극_용량', '용량_무료', '무료_배송', '배송_만족', '만족_선택', '선택_여성', '여성_향기', '향기_비듬', '비듬_단백질', '단백질_용량', '용량_향수']",[],,,0,[],1,['추천'],1,긍정,False
cafearticle,,비듬샴푸 추천,STEAMBASE 티트리 스칼프 워터 스케일러 250ml 1개 리뷰 두피 열감과 가려움을 산뜻하게 잠재운 루틴 샴푸 전 3분 답답했던 두피가 먼저 숨을 쉬기 시작했어요 샴푸 만으로는 남아 있던 두피 노폐물과 유분이 늘 가려움과 비듬 이 줄고 두피가 오래 깨끗하게 유지된다는 점이었어요 헤어 제품을 자주 쓰는 날에도 세정 후,"['트리', '스칼프', '워터', '스케일러', '리뷰', '시작', '노폐물', '유분', '비듬', '유지', '세정']","['트리_스칼프', '스칼프_워터', '워터_스케일러', '스케일러_리뷰', '리뷰_시작', '시작_노폐물', '노폐물_유분', '유분_비듬', '비듬_유지', '유지_세정']","['트리', '스칼프', '워터', '스케일러', '리뷰', '시작', '노폐물', '유분', '비듬', '유지', '세정', '트리_스칼프', '스칼프_워터', '워터_스케일러', '스케일러_리뷰', '리뷰_시작', '시작_노폐물', '노폐물_유분', '유분_비듬', '비듬_유지', '유지_세정']",[],,,1,['가려움'],0,[],-1,이탈위험,False
cafearticle,,비듬샴푸 추천,그래비티 기능성 탈모 샴푸 두피클리닉 헤어리프팅 엑스 트라 스트 롱 스트롱 카이스트 리뷰 하루 종일 산뜻 비듬 처럼 일어나는 부분도 눈에 띄게 줄어들어 옷깃 신경 쓸 일이 적어졌어요 자극 걱정 없이 루틴으로 향 때문에 샴푸 를 포기하던 분께 특히 추천 하고 싶습니다 475ml 펌프형이라 욕실에서 편하고 함께 써도,"['그래비티', '기능', '탈모', '클리닉', '리프팅', '엑스', '스트롱', '카이스트', '리뷰', '하루', '종일', '비듬', '옷깃', '신경', '자극', '걱정', '루틴', '포기', '펌프', '욕실']","['그래비티_기능', '기능_탈모', '탈모_클리닉', '클리닉_리프팅', '리프팅_엑스', '엑스_스트롱', '스트롱_카이스트', '카이스트_리뷰', '리뷰_하루', '하루_종일', '종일_비듬', '비듬_옷깃', '옷깃_신경', '신경_자극', '자극_걱정', '걱정_루틴', '루틴_포기', '포기_펌프', '펌프_욕실']","['그래비티', '기능', '탈모', '클리닉', '리프팅', '엑스', '스트롱', '카이스트', '리뷰', '하루', '종일', '비듬', '옷깃', '신경', '자극', '걱정', '루틴', '포기', '펌프', '욕실', '그래비티_기능', '기능_탈모', '탈모_클리닉', '클리닉_리프팅', '리프팅_엑스', '엑스_스트롱', '스트롱_카이스트', '카이스트_리뷰', '리뷰_하루', '하루_종일', '종일_비듬', '비듬_옷깃', '옷깃_신경', '신경_자극', '자극_걱정', '걱정_루틴', '루틴_포기', '포기_펌프', '펌프_욕실']",[],,,1,['자극'],1,['추천'],0,중립,False
cafearticle,,비듬샴푸 추천,르뱅나튀렐 약산성 유기농 천연 아로마 샴푸 를 사야하는 이유 매일 사용하는 제품으로 인해 두피가 가렵거나 비듬 이 늘었고 모발도 쉽게 푸석푸석해졌죠 하지만 이 유기농 천연 아로마 샴푸 는 그런 걱정을 싹 해결해줬어요 두피가 민감하신 분들이라면 꼭 한번 써보시길 추천 드리고,"['르뱅나튀렐', '산성', '유기농', '천연', '아로마', '비듬', '모발', '유기농', '천연', '아로마', '걱정', '해결']","['르뱅나튀렐_산성', '산성_유기농', '유기농_천연', '천연_아로마', '아로마_비듬', '비듬_모발', '모발_유기농', '유기농_천연', '천연_아로마', '아로마_걱정', '걱정_해결']","['르뱅나튀렐', '산성', '유기농', '천연', '아로마', '비듬', '모발', '유기농', '천연', '아로마', '걱정', '해결', '르뱅나튀렐_산성', '산성_유기농', '유기농_천연', '천연_아로마', '아로마_비듬', '비듬_모발', '모발_유기농', '유기농_천연', '천연_아로마', '아로마_걱정', '걱정_해결']",[],,,0,[],1,['추천'],1,긍정,False
cafearticle,,비듬샴푸 추천,닥터포헤어 폴리젠 비듬 각질케어 샴푸 프레시아로마향 추천 하는 이유 믿을 수 있는 제품 사용자들의 좋은 후기와 추천 많은 사용자들이 입을 모아 추천 하는 제품이 바로 이 닥터포헤어 폴리젠 비듬 각질케어 샴푸 입니다 저도 주변 지인들에게 추천 했고 그분들도 만족했다고 해요,"['닥터포헤어', '폴리젠', '비듬', '각질', '케어', '프레시아로마향', '사용자', '사용자', '닥터포헤어', '폴리젠', '비듬', '각질', '케어', '주변', '지인', '만족']","['닥터포헤어_폴리젠', '폴리젠_비듬', '비듬_각질', '각질_케어', '케어_프레시아로마향', '프레시아로마향_사용자', '사용자_사용자', '사용자_닥터포헤어', '닥터포헤어_폴리젠', '폴리젠_비듬', '비듬_각질', '각질_케어', '케어_주변', '주변_지인', '지인_만족']","['닥터포헤어', '폴리젠', '비듬', '각질', '케어', '프레시아로마향', '사용자', '사용자', '닥터포헤어', '폴리젠', '비듬', '각질', '케어', '주변', '지인', '만족', '닥터포헤어_폴리젠', '폴리젠_비듬', '비듬_각질', '각질_케어', '케어_프레시아로마향', '프레시아로마향_사용자', '사용자_사용자', '사용자_닥터포헤어', '닥터포헤어_폴리젠', '폴리젠_비듬', '비듬_각질', '각질_케어', '케어_주변', '주변_지인', '지인_만족']",[],,,0,[],1,['추천'],1,긍정,False
cafearticle,,비듬샴푸 추천,오프온 지루성두피염 볼륨 탈모완화 올리브영 비듬 예방 약산성 비건 남자여자 B7블랙빈 쿨 샴푸 개인적 경험 오프온 지루성두피염 볼륨 탈모완화 올리브영 비듬 예방 약산성 비건 남자여자 B7블랙빈 쿨 샴푸 개인적 경험 지루성두피염과 볼륨 탈모에 도움 되는 올리브영 추천 샴푸 이야기 안녕하세요 오늘은 제가 최근에 경험하고,"['오프', '지루성두피염', '볼륨', '탈모', '완화', '올리브', '비듬', '예방', '산성', '남자', '여자', '블랙', '개인', '경험', '오프', '지루성두피염', '볼륨', '탈모', '완화', '올리브', '비듬', '예방', '산성', '남자', '여자', '블랙', '개인', '경험', '지루성두피염', '볼륨', '탈모', '도움', '올리브', '이야기', '경험']","['오프_지루성두피염', '지루성두피염_볼륨', '볼륨_탈모', '탈모_완화', '완화_올리브', '올리브_비듬', '비듬_예방', '예방_산성', '산성_남자', '남자_여자', '여자_블랙', '블랙_개인', '개인_경험', '경험_오프', '오프_지루성두피염', '지루성두피염_볼륨', '볼륨_탈모', '탈모_완화', '완화_올리브', '올리브_비듬', '비듬_예방', '예방_산성', '산성_남자', '남자_여자', '여자_블랙', '블랙_개인', '개인_경험', '경험_지루성두피염', '지루성두피염_볼륨', '볼륨_탈모', '탈모_도움', '도움_올리브', '올리브_이야기', '이야기_경험']","['오프', '지루성두피염', '볼륨', '탈모', '완화', '올리브', '비듬', '예방', '산성', '남자', '여자', '블랙', '개인', '경험', '오프', '지루성두피염', '볼륨', '탈모', '완화', '올리브', '비듬', '예방', '산성', '남자', '여자', '블랙', '개인', '경험', '지루성두피염', '볼륨', '탈모', '도움', '올리브', '이야기', '경험', '오프_지루성두피염', '지루성두피염_볼륨', '볼륨_탈모', '탈모_완화', '완화_올리브', '올리브_비듬', '비듬_예방', '예방_산성', '산성_남자', '남자_여자', '여자_블랙', '블랙_개인', '개인_경험', '경험_오프', '오프_지루성두피염', '지루성두피염_볼륨', '볼륨_탈모', '탈모_완화', '완화_올리브', '올리브_비듬', '비듬_예방', '예방_산성', '산성_남자', '남자_여자', '여자_블랙', '블랙_개인', '개인_경험', '경험_지루성두피염', '지루성두피염_볼륨', '볼륨_탈모', '탈모_도움', '도움_올리브', '올리브_이야기', '이야기_경험']",[],,,0,[],1,['추천'],1,긍정,False
cafearticle,,비듬샴푸 추천,이스터 스칼프 솔루션 지루성 두피 샴푸 1개 500ml 써보니 다르네요 평소에 두피 가려움과 비듬 때문에 힘들었는데 이 샴푸 는 자극 없이 자연 성분으로 두피를 진정시켜주는 두피 문제로 고민하는 분들께 자신 있게 추천 할 수 있어요 두피 문제 해결의 핵심 강력한 지루성 두피 샴푸 의,"['이스터', '스칼프', '솔루션', '지루', '평소', '비듬', '자극', '자연', '성분', '진정', '문제', '고민', '자신', '문제', '해결', '핵심', '지루']","['이스터_스칼프', '스칼프_솔루션', '솔루션_지루', '지루_평소', '평소_비듬', '비듬_자극', '자극_자연', '자연_성분', '성분_진정', '진정_문제', '문제_고민', '고민_자신', '자신_문제', '문제_해결', '해결_핵심', '핵심_지루']","['이스터', '스칼프', '솔루션', '지루', '평소', '비듬', '자극', '자연', '성분', '진정', '문제', '고민', '자신', '문제', '해결', '핵심', '지루', '이스터_스칼프', '스칼프_솔루션', '솔루션_지루', '지루_평소', '평소_비듬', '비듬_자극', '자극_자연', '자연_성분', '성분_진정', '진정_문제', '문제_고민', '고민_자신', '자신_문제', '문제_해결', '해결_핵심', '핵심_지루']",[],,,2,"['자극', '가려움']",1,['추천'],-1,이탈위험,False
cafearticle,,비듬샴푸 추천,다운펌 후 비듬 각질 해결 방법좀요 이대로는 안 되겠다 싶어서 비듬 샴푸 로 바꿔보고 두피열 내린다고 쿨링 샴푸 도 써봤는데 그때뿐이더라고요 피부과 가서 약도 타다 발라봤는데 바를 때만 잠깐 괜찮고 다시 도지는 느낌 솔직히 매번 병원 예약하고 가는,"['다운펌', '비듬', '각질', '해결', '방법', '비듬', '그때', '피부과', '느낌', '병원', '예약']","['다운펌_비듬', '비듬_각질', '각질_해결', '해결_방법', '방법_비듬', '비듬_그때', '그때_피부과', '피부과_느낌', '느낌_병원', '병원_예약']","['다운펌', '비듬', '각질', '해결', '방법', '비듬', '그때', '피부과', '느낌', '병원', '예약', '다운펌_비듬', '비듬_각질', '각질_해결', '해결_방법', '방법_비듬', '비듬_그때', '그때_피부과', '피부과_느낌', '느낌_병원', '병원_예약']",[],,,0,[],0,[],0,중립,False
cafearticle,,비듬샴푸 추천,처음 사도 좋은 TS 지디 샴푸 포보이 추천 하는 이유 관리하는 즐거움과 더 건강한 머리 상태 이 모든 것을 경험할 수 있으니 정말 추천 하고 싶어요 왜 이 느낌 비듬 과 가려움이 정말 고통스러웠어요 그런데 TS 지디 샴푸 포보이로 바꾼 후부터는 그런 고민들이 점차,"['지디', '보이', '관리', '즐거움', '건강', '상태', '경험', '느낌', '비듬', '고통', '지디', '보이', '고민']","['지디_보이', '보이_관리', '관리_즐거움', '즐거움_건강', '건강_상태', '상태_경험', '경험_느낌', '느낌_비듬', '비듬_고통', '고통_지디', '지디_보이', '보이_고민']","['지디', '보이', '관리', '즐거움', '건강', '상태', '경험', '느낌', '비듬', '고통', '지디', '보이', '고민', '지디_보이', '보이_관리', '관리_즐거움', '즐거움_건강', '건강_상태', '상태_경험', '경험_느낌', '느낌_비듬', '비듬_고통', '고통_지디', '지디_보이', '보이_고민']",[],,,1,['가려움'],1,['추천'],0,중립,False
cafearticle,,비듬샴푸 추천,남편 비듬 샴푸 정착해서 너무 속 시원해요 맘카페 추천 받고 블루라이프 샴푸 로 바꿔줬어요 근데 이거 진짜 물건인 게 한 2주 정도 꾸준히 쓰니까 눈에 띄게 비듬 도 많이 사라지고 하얀 각질이 싹 들어갔어요 피지 개선에도 효과가 엄청 좋은지 오후만 돼도 떡지던,"['남편', '비듬', '정착', '카페', '블루', '라이프', '물건', '비듬', '각질', '피지', '개선', '효과', '오후']","['남편_비듬', '비듬_정착', '정착_카페', '카페_블루', '블루_라이프', '라이프_물건', '물건_비듬', '비듬_각질', '각질_피지', '피지_개선', '개선_효과', '효과_오후']","['남편', '비듬', '정착', '카페', '블루', '라이프', '물건', '비듬', '각질', '피지', '개선', '효과', '오후', '남편_비듬', '비듬_정착', '정착_카페', '카페_블루', '블루_라이프', '라이프_물건', '물건_비듬', '비듬_각질', '각질_피지', '피지_개선', '개선_효과', '효과_오후']",[],,,0,[],2,"['정착', '추천']",2,긍정,False
cafearticle,,비듬샴푸 추천,지루성두피 샴푸 좋은 거 알려주세요 지루성두피 샴푸 두피에 비듬 이랑 가려움이 심해져서 지루성두피 샴푸 찾고 있어요ㅠ 예전엔 이런 증상이 지루성두피 샴푸 부터 시도해보려고 해요 성분이 순하면서도 효과적인 제품을 찾고 있는데 추천 해주실 만한 게,"['지루', '지루성두피', '비듬', '지루', '예전', '증상', '지루', '시도', '성분', '효과']","['지루_지루성두피', '지루성두피_비듬', '비듬_지루', '지루_예전', '예전_증상', '증상_지루', '지루_시도', '시도_성분', '성분_효과']","['지루', '지루성두피', '비듬', '지루', '예전', '증상', '지루', '시도', '성분', '효과', '지루_지루성두피', '지루성두피_비듬', '비듬_지루', '지루_예전', '예전_증상', '증상_지루', '지루_시도', '시도_성분', '성분_효과']",[],,,2,"['가려움', '예전엔']",1,['추천'],-1,이탈위험,False
cafearticle,,비듬샴푸 추천,니조랄 샴푸 왜이러죠 니조랄 샴푸 처방받아서 써봤는데 오히려 두피가 더 뒤집어져서 글올려봐요ㅠ 어릴때부터 두피가 좀 예민한 편이긴 했거든요 뾰루지도 가끔 올라오고 비듬 도 생기는 스타일이었는데 나이 먹으니까 확실히 더,"['니조랄', '니조랄', '처방', '뾰루지', '비듬', '스타일', '나이']","['니조랄_니조랄', '니조랄_처방', '처방_뾰루지', '뾰루지_비듬', '비듬_스타일', '스타일_나이']","['니조랄', '니조랄', '처방', '뾰루지', '비듬', '스타일', '나이', '니조랄_니조랄', '니조랄_처방', '처방_뾰루지', '뾰루지_비듬', '비듬_스타일', '스타일_나이']",[],,,3,"['뾰루지', '올라오', '니조랄']",0,[],-3,이탈위험,True
cafearticle,,비듬샴푸 추천,웰코스 뮤겐스 게츠 컨디셔닝 로션 500ml 500g 5개 꼼꼼하게 비교해봤어요 특히 비듬 과 가려움증이 줄고 머리카락이 더 건강하고 윤기 있게 변했어요 자연 유래 성분이 든 제품이라 안심하고 쓸 수 있고 적극 추천 하는 이유입니다 두피가 건강해지고 머리카락이 부드러워지니 자신감도 생기고,"['웰코스', '뮤겐스', '게츠', '컨디셔닝', '로션', '비교', '비듬', '가려움증', '머리카락', '건강', '윤기', '자연', '유래', '성분', '안심', '적극', '건강', '머리카락', '자신감']","['웰코스_뮤겐스', '뮤겐스_게츠', '게츠_컨디셔닝', '컨디셔닝_로션', '로션_비교', '비교_비듬', '비듬_가려움증', '가려움증_머리카락', '머리카락_건강', '건강_윤기', '윤기_자연', '자연_유래', '유래_성분', '성분_안심', '안심_적극', '적극_건강', '건강_머리카락', '머리카락_자신감']","['웰코스', '뮤겐스', '게츠', '컨디셔닝', '로션', '비교', '비듬', '가려움증', '머리카락', '건강', '윤기', '자연', '유래', '성분', '안심', '적극', '건강', '머리카락', '자신감', '웰코스_뮤겐스', '뮤겐스_게츠', '게츠_컨디셔닝', '컨디셔닝_로션', '로션_비교', '비교_비듬', '비듬_가려움증', '가려움증_머리카락', '머리카락_건강', '건강_윤기', '윤기_자연', '자연_유래', '유래_성분', '성분_안심', '안심_적극', '적극_건강', '건강_머리카락', '머리카락_자신감']",[],,,1,['가려움'],1,['추천'],0,중립,False
cafearticle,,비듬샴푸 추천,센스 있게 고르는 클로란 피오니 샴푸 400ml 스칼프 두피 비듬샴푸 구매 후기 리뷰 추천 당신의 두피 고민 클로란 피오니 샴푸 가 해결해 드립니다 26 900원 진짜로 차별화된 두피 건강 직접 경험한 우리는 알고 있어요 매일 두피가 가려운 것 같고 비듬 이 자꾸 생겨서 고민했어요 여러 샴푸 를 써봤지만 별,"['센스', '클로', '피오니', '스칼프', '비듬', '리뷰', '고민', '클로', '피오니', '해결', '차별', '건강', '경험', '비듬', '고민']","['센스_클로', '클로_피오니', '피오니_스칼프', '스칼프_비듬', '비듬_리뷰', '리뷰_고민', '고민_클로', '클로_피오니', '피오니_해결', '해결_차별', '차별_건강', '건강_경험', '경험_비듬', '비듬_고민']","['센스', '클로', '피오니', '스칼프', '비듬', '리뷰', '고민', '클로', '피오니', '해결', '차별', '건강', '경험', '비듬', '고민', '센스_클로', '클로_피오니', '피오니_스칼프', '스칼프_비듬', '비듬_리뷰', '리뷰_고민', '고민_클로', '클로_피오니', '피오니_해결', '해결_차별', '차별_건강', '건강_경험', '경험_비듬', '비듬_고민']",[],,,0,[],1,['추천'],1,긍정,False
cafearticle,,비듬샴푸 추천,니조랄 약국 사는게 가능한가요 두피가 자꾸 가렵고 비듬 도 많이 생겨서 피부과 가봤더니 지루성 두피염이라고 하더라구요 의사 선생님이 니조랄 샴푸 를 추천 해 주셔서 니조랄 약국에서 사려고 하는데 혹시 처방전이 있어야 하는 건가요 인터넷으로,"['니조랄', '가능', '비듬', '피부과', '지루', '의사', '선생', '니조랄', '니조랄', '처방전', '인터넷']","['니조랄_가능', '가능_비듬', '비듬_피부과', '피부과_지루', '지루_의사', '의사_선생', '선생_니조랄', '니조랄_니조랄', '니조랄_처방전', '처방전_인터넷']","['니조랄', '가능', '비듬', '피부과', '지루', '의사', '선생', '니조랄', '니조랄', '처방전', '인터넷', '니조랄_가능', '가능_비듬', '비듬_피부과', '피부과_지루', '지루_의사', '의사_선생', '선생_니조랄', '니조랄_니조랄', '니조랄_처방전', '처방전_인터넷']",[],,,1,['니조랄'],1,['추천'],0,중립,True
cafearticle,,비듬샴푸 추천,건성 비듬샴푸 좋은 거 알려주세요 생활습관을 바꿔야 하는 건지 아니면 다른 관리법이 있는 건지요 병원에 가보는 것도 생각해봤는데 일단 집에서 할 수 있는 것부터 시작해보고 싶어요 건성 비듬샴푸 중에서 순하면서도 효과 좋은 제품 있으면 추천,"['건성', '비듬', '생활', '습관', '관리법', '병원', '시작', '건성', '비듬', '효과']","['건성_비듬', '비듬_생활', '생활_습관', '습관_관리법', '관리법_병원', '병원_시작', '시작_건성', '건성_비듬', '비듬_효과']","['건성', '비듬', '생활', '습관', '관리법', '병원', '시작', '건성', '비듬', '효과', '건성_비듬', '비듬_생활', '생활_습관', '습관_관리법', '관리법_병원', '병원_시작', '시작_건성', '건성_비듬', '비듬_효과']",[],,,0,[],1,['추천'],1,긍정,False
cafearticle,,비듬샴푸 추천,임신 중 샴푸 태아에게 괜찮을까요 성분 amp 샴푸 순위 총정리 2026 ver 임신 전보다 건조하거나 빨리 기름지다거나 각질 비듬 이 생기는 등 다양한 트러블 현상을 겪을 수 있어요 성분 총정리 임신 중 피해야 할 샴푸 성분 두피 트러블 대처법 임산부 전용 샴푸 추천 까지 베이비빌리에서,"['임신', '태아', '성분', '순위', '정리', '임신', '건조', '각질', '비듬', '다양', '트러블', '현상', '성분', '정리', '임신', '성분', '트러블', '대처법', '임산부', '전용', '베이비빌리']","['임신_태아', '태아_성분', '성분_순위', '순위_정리', '정리_임신', '임신_건조', '건조_각질', '각질_비듬', '비듬_다양', '다양_트러블', '트러블_현상', '현상_성분', '성분_정리', '정리_임신', '임신_성분', '성분_트러블', '트러블_대처법', '대처법_임산부', '임산부_전용', '전용_베이비빌리']","['임신', '태아', '성분', '순위', '정리', '임신', '건조', '각질', '비듬', '다양', '트러블', '현상', '성분', '정리', '임신', '성분', '트러블', '대처법', '임산부', '전용', '베이비빌리', '임신_태아', '태아_성분', '성분_순위', '순위_정리', '정리_임신', '임신_건조', '건조_각질', '각질_비듬', '비듬_다양', '다양_트러블', '트러블_현상', '현상_성분', '성분_정리', '정리_임신', '임신_성분', '성분_트러블', '트러블_대처법', '대처법_임산부', '임산부_전용', '전용_베이비빌리']",[],,,1,['트러블'],1,['추천'],0,중립,False
cafearticle,,비듬샴푸 추천,머리 비듬 없애는법 알려주세요ㅠ 하는데 그게 샴푸 만으로 가능한 건지 아니면 다른 관리도 같이 해야 하는 건지 궁금하고 머리 비듬 없애는법 관련 정보 아니어도 됩니다 숱이 점점 줄어서 고민인데 도움이 되는 다른 효과 있는 제품 아시면 추천 좀 해주세요,"['비듬', '가능', '관리', '비듬', '정보', '고민', '도움', '효과']","['비듬_가능', '가능_관리', '관리_비듬', '비듬_정보', '정보_고민', '고민_도움', '도움_효과']","['비듬', '가능', '관리', '비듬', '정보', '고민', '도움', '효과', '비듬_가능', '가능_관리', '관리_비듬', '비듬_정보', '정보_고민', '고민_도움', '도움_효과']",[],,,0,[],1,['추천'],1,긍정,False
cafearticle,,비듬샴푸 추천,비듬샴푸 사춘기라 비듬 이 생기네요 효과본 샴푸 나 약 같은거 추천 부탁합니다,"['비듬', '사춘기', '비듬', '효과', '부탁']","['비듬_사춘기', '사춘기_비듬', '비듬_효과', '효과_부탁']","['비듬', '사춘기', '비듬', '효과', '부탁', '비듬_사춘기', '사춘기_비듬', '비듬_효과', '효과_부탁']",[],,,0,[],1,['추천'],1,긍정,False
cafearticle,,비듬샴푸 추천,바액 헤어리페어9 어드밴스드 리바이탈 샴푸 500ml 비듬 예방 가려움완화 탈모증상완화 풍성한거품 약산 바액 헤어리페어9 어드밴스드 리바이탈 샴푸 500ml 비듬 예방 가려움완화 탈모증상완화 풍성한거품 약산성 후기와 추천 이유 헤어 건강을 생각한다면 바로 이 제품이 답이에요 안녕하세요 오늘은 제가 최근에 경험한,"['바액', '헤어리', '페어', '어드밴스드', '리바이탈', '비듬', '예방', '완화', '탈모', '증상', '완화', '거품', '약산', '바액', '헤어리', '페어', '어드밴스드', '리바이탈', '비듬', '예방', '완화', '탈모', '증상', '완화', '거품', '약산', '건강', '경험']","['바액_헤어리', '헤어리_페어', '페어_어드밴스드', '어드밴스드_리바이탈', '리바이탈_비듬', '비듬_예방', '예방_완화', '완화_탈모', '탈모_증상', '증상_완화', '완화_거품', '거품_약산', '약산_바액', '바액_헤어리', '헤어리_페어', '페어_어드밴스드', '어드밴스드_리바이탈', '리바이탈_비듬', '비듬_예방', '예방_완화', '완화_탈모', '탈모_증상', '증상_완화', '완화_거품', '거품_약산', '약산_건강', '건강_경험']","['바액', '헤어리', '페어', '어드밴스드', '리바이탈', '비듬', '예방', '완화', '탈모', '증상', '완화', '거품', '약산', '바액', '헤어리', '페어', '어드밴스드', '리바이탈', '비듬', '예방', '완화', '탈모', '증상', '완화', '거품', '약산', '건강', '경험', '바액_헤어리', '헤어리_페어', '페어_어드밴스드', '어드밴스드_리바이탈', '리바이탈_비듬', '비듬_예방', '예방_완화', '완화_탈모', '탈모_증상', '증상_완화', '완화_거품', '거품_약산', '약산_바액', '바액_헤어리', '헤어리_페어', '페어_어드밴스드', '어드밴스드_리바이탈', '리바이탈_비듬', '비듬_예방', '예방_완화', '완화_탈모', '탈모_증상', '증상_완화', '완화_거품', '거품_약산', '약산_건강', '건강_경험']",[],,,1,['가려움'],1,['추천'],0,중립,False
cafearticle,,비듬샴푸 추천,클로란 샴푸 비교 추천 두피 고민 맞춤 선택 가이드 네틀 과도한 피지 분비로 떡지는 두피에 추천 피지 흡착 효과가 뛰어난 네틀 추출물이 함유되어 샴푸 후 두피 고민 비듬 가려움 탈모 등 현재 겪고 있는 두피 고민을 고려하여 샴푸 를 선택하세요 향 샴푸 향은 샴푸,"['클로', '비교', '고민', '맞춤', '선택', '가이드', '네틀', '과도', '피지', '분비', '피지', '흡착', '효과', '네틀', '추출물', '함유', '고민', '비듬', '탈모', '고민', '고려', '선택']","['클로_비교', '비교_고민', '고민_맞춤', '맞춤_선택', '선택_가이드', '가이드_네틀', '네틀_과도', '과도_피지', '피지_분비', '분비_피지', '피지_흡착', '흡착_효과', '효과_네틀', '네틀_추출물', '추출물_함유', '함유_고민', '고민_비듬', '비듬_탈모', '탈모_고민', '고민_고려', '고려_선택']","['클로', '비교', '고민', '맞춤', '선택', '가이드', '네틀', '과도', '피지', '분비', '피지', '흡착', '효과', '네틀', '추출물', '함유', '고민', '비듬', '탈모', '고민', '고려', '선택', '클로_비교', '비교_고민', '고민_맞춤', '맞춤_선택', '선택_가이드', '가이드_네틀', '네틀_과도', '과도_피지', '피지_분비', '분비_피지', '피지_흡착', '흡착_효과', '효과_네틀', '네틀_추출물', '추출물_함유', '함유_고민', '고민_비듬', '비듬_탈모', '탈모_고민', '고민_고려', '고려_선택']",[],,,1,['가려움'],1,['추천'],0,중립,False
cafearticle,,비듬샴푸 추천,닥터블레이즈 탈모 샴푸 추천 지루성 두피 고민 해결 분들께 추천 합니다 잦은 염색이나 펌으로 두피가 민감해진 분 과도한 스트레스로 두피 트러블이 잦은 분 출산 후 탈모로 고민하는 임산부 온 가족이 안심하고 사용할 수 있는 샴푸 를 찾는 분 두피 가려움 비듬 등 지루성,"['닥터블레이즈', '탈모', '지루', '고민', '해결', '염색', '과도', '스트레스', '트러블', '출산', '탈모', '고민', '임산부', '가족', '안심', '비듬', '지루']","['닥터블레이즈_탈모', '탈모_지루', '지루_고민', '고민_해결', '해결_염색', '염색_과도', '과도_스트레스', '스트레스_트러블', '트러블_출산', '출산_탈모', '탈모_고민', '고민_임산부', '임산부_가족', '가족_안심', '안심_비듬', '비듬_지루']","['닥터블레이즈', '탈모', '지루', '고민', '해결', '염색', '과도', '스트레스', '트러블', '출산', '탈모', '고민', '임산부', '가족', '안심', '비듬', '지루', '닥터블레이즈_탈모', '탈모_지루', '지루_고민', '고민_해결', '해결_염색', '염색_과도', '과도_스트레스', '스트레스_트러블', '트러블_출산', '출산_탈모', '탈모_고민', '고민_임산부', '임산부_가족', '가족_안심', '안심_비듬', '비듬_지루']",[],,,2,"['트러블', '가려움']",1,['추천'],-1,이탈위험,False
cafearticle,,비듬샴푸 추천,메르필 샴푸 약산성 두피 샴푸 추천 비듬 가려움 이제 안녕 이런 분들께 추천 합니다 잦은 염색이나 펌으로 두피가 민감해진 분 비듬 가려움 뾰루지 등 지루성 두피염으로 고생하는 분 샴푸 후에도 두피가 찝찝하고 기름지는 분 건강하고 탄력 있는 모발을 가꾸고 싶은 분 순하고,"['메르필', '산성', '비듬', '염색', '비듬', '뾰루지', '지루', '고생', '건강', '탄력', '모발']","['메르필_산성', '산성_비듬', '비듬_염색', '염색_비듬', '비듬_뾰루지', '뾰루지_지루', '지루_고생', '고생_건강', '건강_탄력', '탄력_모발']","['메르필', '산성', '비듬', '염색', '비듬', '뾰루지', '지루', '고생', '건강', '탄력', '모발', '메르필_산성', '산성_비듬', '비듬_염색', '염색_비듬', '비듬_뾰루지', '뾰루지_지루', '지루_고생', '고생_건강', '건강_탄력', '탄력_모발']",[],,,2,"['뾰루지', '가려움']",1,['추천'],-1,이탈위험,False
cafearticle,,비듬샴푸 추천,이스터 스칼프 솔루션 지루성 두피 샴푸 1개 500ml 이건 어때요 이 샴푸 는 자연유래 성분이 가득 들어 있어 피부에 자극 없이 깔끔하게 세정됩니다 특히 지루성 두피에 좋은 성분들이 함유되어 있어서 두피의 기름기와 가려움 비듬 까지 완화해줘요 거품이 풍부하고 부드러워서,"['이스터', '스칼프', '솔루션', '지루', '자연', '유래', '성분', '피부', '자극', '깔끔', '세정', '지루', '성분', '함유', '기름', '비듬', '완화', '거품']","['이스터_스칼프', '스칼프_솔루션', '솔루션_지루', '지루_자연', '자연_유래', '유래_성분', '성분_피부', '피부_자극', '자극_깔끔', '깔끔_세정', '세정_지루', '지루_성분', '성분_함유', '함유_기름', '기름_비듬', '비듬_완화', '완화_거품']","['이스터', '스칼프', '솔루션', '지루', '자연', '유래', '성분', '피부', '자극', '깔끔', '세정', '지루', '성분', '함유', '기름', '비듬', '완화', '거품', '이스터_스칼프', '스칼프_솔루션', '솔루션_지루', '지루_자연', '자연_유래', '유래_성분', '성분_피부', '피부_자극', '자극_깔끔', '깔끔_세정', '세정_지루', '지루_성분', '성분_함유', '함유_기름', '기름_비듬', '비듬_완화', '완화_거품']",[],,,2,"['자극', '가려움']",0,[],-2,이탈위험,False
cafearticle,,비듬샴푸 추천,품절주의 오르보닉 천연 샴푸 약산성 비듬 지성 두피 가려운 계면활성제없는 비교 분석해봤어요 처음 사용하는 제품이라면 소량으로 먼저 테스트해보고 이상이 없을 때 꾸준히 사용하는 것을 추천 드려요 오르보닉 천연 샴푸 약산성 비듬 지성 두피 가려운 계면활성제없는 관련해서 말씀드리면 오르보닉 천연 샴푸 는,"['품절', '오르보닉', '천연', '산성', '비듬', '지성', '계면활성제', '비교', '분석', '처음', '소량', '테스트', '이상', '오르보닉', '천연', '산성', '비듬', '지성', '계면활성제', '말씀', '오르보닉', '천연']","['품절_오르보닉', '오르보닉_천연', '천연_산성', '산성_비듬', '비듬_지성', '지성_계면활성제', '계면활성제_비교', '비교_분석', '분석_처음', '처음_소량', '소량_테스트', '테스트_이상', '이상_오르보닉', '오르보닉_천연', '천연_산성', '산성_비듬', '비듬_지성', '지성_계면활성제', '계면활성제_말씀', '말씀_오르보닉', '오르보닉_천연']","['품절', '오르보닉', '천연', '산성', '비듬', '지성', '계면활성제', '비교', '분석', '처음', '소량', '테스트', '이상', '오르보닉', '천연', '산성', '비듬', '지성', '계면활성제', '말씀', '오르보닉', '천연', '품절_오르보닉', '오르보닉_천연', '천연_산성', '산성_비듬', '비듬_지성', '지성_계면활성제', '계면활성제_비교', '비교_분석', '분석_처음', '처음_소량', '소량_테스트', '테스트_이상', '이상_오르보닉', '오르보닉_천연', '천연_산성', '산성_비듬', '비듬_지성', '지성_계면활성제', '계면활성제_말씀', '말씀_오르보닉', '오르보닉_천연']",[],,,0,[],1,['추천'],1,긍정,False
cafearticle,,비듬샴푸 추천,지아자 샴푸 산양유 단백질 비듬샴푸 솔직후기 두피 진정 amp 비듬 완화 잦은 염색이나 펌 스트레스 등으로 민감해진 두피를 진정시키고 비듬 완화에도 지아자 산양유 단백질 샴푸 는 다음과 같은 분들께 특히 추천 드리고 싶어요 잦은 펌 염색으로 머릿결이 손상된,"['지아자', '산양유', '단백질', '비듬', '진정', '비듬', '완화', '염색', '스트레스', '진정', '비듬', '완화', '지아자', '산양', '단백질', '다음', '염색', '머릿결', '손상']","['지아자_산양유', '산양유_단백질', '단백질_비듬', '비듬_진정', '진정_비듬', '비듬_완화', '완화_염색', '염색_스트레스', '스트레스_진정', '진정_비듬', '비듬_완화', '완화_지아자', '지아자_산양', '산양_단백질', '단백질_다음', '다음_염색', '염색_머릿결', '머릿결_손상']","['지아자', '산양유', '단백질', '비듬', '진정', '비듬', '완화', '염색', '스트레스', '진정', '비듬', '완화', '지아자', '산양', '단백질', '다음', '염색', '머릿결', '손상', '지아자_산양유', '산양유_단백질', '단백질_비듬', '비듬_진정', '진정_비듬', '비듬_완화', '완화_염색', '염색_스트레스', '스트레스_진정', '진정_비듬', '비듬_완화', '완화_지아자', '지아자_산양', '산양_단백질', '단백질_다음', '다음_염색', '염색_머릿결', '머릿결_손상']",[],,,0,[],1,['추천'],1,긍정,False
cafearticle,,비듬샴푸 추천,지아자 향좋은 산양유 단백질 샴푸 향좋은 사춘기 청소년 두피 비듬샴푸 400ml 3개 구매 후기 자주 비듬 이 고민이거나 향기 좋은 샴푸 를 찾는 분들에게 강력히 추천 하고 싶어요 여러분도 이 제품을 경험하면 하루하루 두피와 모발이 건강해지는 것을 느끼실 수 있을 거예요,"['산양', '단백질', '사춘기', '청소년', '비듬', '비듬', '고민', '향기', '경험', '모발', '건강']","['산양_단백질', '단백질_사춘기', '사춘기_청소년', '청소년_비듬', '비듬_비듬', '비듬_고민', '고민_향기', '향기_경험', '경험_모발', '모발_건강']","['산양', '단백질', '사춘기', '청소년', '비듬', '비듬', '고민', '향기', '경험', '모발', '건강', '산양_단백질', '단백질_사춘기', '사춘기_청소년', '청소년_비듬', '비듬_비듬', '비듬_고민', '고민_향기', '향기_경험', '경험_모발', '모발_건강']",[],,,0,[],1,['추천'],1,긍정,False
cafearticle,,비듬샴푸 추천,브리오뎀 두피 컨디셔너 추천 비듬 과 탈모 고민 해결 산뜻한 사용감 멘톨 성분이 함유되어 샴푸 후 상쾌하고 청량한 느낌을 선사합니다 끈적임 없이 산뜻하게 브리오뎀 두피 컨디셔너는 다음과 같은 분들께 특히 추천 합니다 잦은 비듬 과 두피 가려움으로 고민이신 분,"['브리오뎀', '컨디셔너', '비듬', '탈모', '고민', '해결', '멘톨', '성분', '함유', '느낌', '선사', '브리오뎀', '컨디셔너', '다음', '비듬', '고민']","['브리오뎀_컨디셔너', '컨디셔너_비듬', '비듬_탈모', '탈모_고민', '고민_해결', '해결_멘톨', '멘톨_성분', '성분_함유', '함유_느낌', '느낌_선사', '선사_브리오뎀', '브리오뎀_컨디셔너', '컨디셔너_다음', '다음_비듬', '비듬_고민']","['브리오뎀', '컨디셔너', '비듬', '탈모', '고민', '해결', '멘톨', '성분', '함유', '느낌', '선사', '브리오뎀', '컨디셔너', '다음', '비듬', '고민', '브리오뎀_컨디셔너', '컨디셔너_비듬', '비듬_탈모', '탈모_고민', '고민_해결', '해결_멘톨', '멘톨_성분', '성분_함유', '함유_느낌', '느낌_선사', '선사_브리오뎀', '브리오뎀_컨디셔너', '컨디셔너_다음', '다음_비듬', '비듬_고민']",[],,,1,['가려움'],1,['추천'],0,중립,False
cafearticle,,비듬샴푸 추천,브리오뎀 샴푸 탈모 비듬 샴푸 추천 두피 고민 해결 두피 자극 테스트 완료 9가지 유해 성분 무첨가 이런 분들께 추천 합니다 잦은 염색이나 펌으로 두피가 민감해지신 분 비듬 과 두피 가려움으로 고민이신 분 탈모 증상 완화에 도움이 되는 샴푸 를 찾으시는 분 미세먼지,"['브리오뎀', '탈모', '비듬', '고민', '해결', '자극', '테스트', '완료', '유해', '성분', '첨가', '염색', '비듬', '고민', '탈모', '증상', '완화', '도움', '미세', '먼지']","['브리오뎀_탈모', '탈모_비듬', '비듬_고민', '고민_해결', '해결_자극', '자극_테스트', '테스트_완료', '완료_유해', '유해_성분', '성분_첨가', '첨가_염색', '염색_비듬', '비듬_고민', '고민_탈모', '탈모_증상', '증상_완화', '완화_도움', '도움_미세', '미세_먼지']","['브리오뎀', '탈모', '비듬', '고민', '해결', '자극', '테스트', '완료', '유해', '성분', '첨가', '염색', '비듬', '고민', '탈모', '증상', '완화', '도움', '미세', '먼지', '브리오뎀_탈모', '탈모_비듬', '비듬_고민', '고민_해결', '해결_자극', '자극_테스트', '테스트_완료', '완료_유해', '유해_성분', '성분_첨가', '첨가_염색', '염색_비듬', '비듬_고민', '고민_탈모', '탈모_증상', '증상_완화', '완화_도움', '도움_미세', '미세_먼지']",[],,,2,"['자극', '가려움']",1,['추천'],-1,이탈위험,False
cafearticle,,비듬샴푸 추천,쉬즈곤 부스트 샴푸 캣으로 아이 피부 건강하게 케어해요 비듬 때문에 고생하거나 예민한 아이를 키우는 집사님들께 이 쉬즈곤 부스트 샴푸 캣을 자신 있게 추천 해요 고양이샤푸 종류가 너무 많아서 고민이신 분들에게 위생 클렌징 효과가 확실한 이 제품이 분명 도움이 될,"['쉬즈', '부스트', '아이', '피부', '건강', '케어', '비듬', '고생', '아이', '집사', '쉬즈', '부스트', '자신', '고양이샤푸', '종류', '고민', '위생', '클렌징', '효과', '도움']","['쉬즈_부스트', '부스트_아이', '아이_피부', '피부_건강', '건강_케어', '케어_비듬', '비듬_고생', '고생_아이', '아이_집사', '집사_쉬즈', '쉬즈_부스트', '부스트_자신', '자신_고양이샤푸', '고양이샤푸_종류', '종류_고민', '고민_위생', '위생_클렌징', '클렌징_효과', '효과_도움']","['쉬즈', '부스트', '아이', '피부', '건강', '케어', '비듬', '고생', '아이', '집사', '쉬즈', '부스트', '자신', '고양이샤푸', '종류', '고민', '위생', '클렌징', '효과', '도움', '쉬즈_부스트', '부스트_아이', '아이_피부', '피부_건강', '건강_케어', '케어_비듬', '비듬_고생', '고생_아이', '아이_집사', '집사_쉬즈', '쉬즈_부스트', '부스트_자신', '자신_고양이샤푸', '고양이샤푸_종류', '종류_고민', '고민_위생', '위생_클렌징', '클렌징_효과', '효과_도움']",[],,,0,[],1,['추천'],1,긍정,False
cafearticle,,비듬샴푸 추천,클로란 피오니 두피팩 150ml 2개 추천 하는 이유 간편하게 샴푸 후 두피 전체에 골고루 발라주기만 하면 끝 사용하고 나면 두피가 산뜻하고 촉촉해져서 탈모와 두피 가려움 비듬 등 문제를 빠르게 해결하는데 도움을 줍니다 내 두피 고민을 자연스럽게 해결하는 제품,"['클로', '전체', '탈모', '비듬', '문제', '해결', '도움', '고민', '자연', '해결']","['클로_전체', '전체_탈모', '탈모_비듬', '비듬_문제', '문제_해결', '해결_도움', '도움_고민', '고민_자연', '자연_해결']","['클로', '전체', '탈모', '비듬', '문제', '해결', '도움', '고민', '자연', '해결', '클로_전체', '전체_탈모', '탈모_비듬', '비듬_문제', '문제_해결', '해결_도움', '도움_고민', '고민_자연', '자연_해결']",[],,,1,['가려움'],1,['추천'],0,중립,False
cafearticle,,비듬샴푸 추천,샴푸추천 잘말려도 간지럽고 비듬 이생기는것 같아 계속 샴푸 트리트먼트를 바꾸어 보는데도 그대로여서 혹 이런경우 있으신분 계신지 여쭤보아요 ㅜㅜ 미용실에서 판매하는 겸용 샴푸 가 괜찮은지도 함께 질문드려 봅니다,"['비듬', '트리트먼트', '미용실', '판매', '겸용', '질문']","['비듬_트리트먼트', '트리트먼트_미용실', '미용실_판매', '판매_겸용', '겸용_질문']","['비듬', '트리트먼트', '미용실', '판매', '겸용', '질문', '비듬_트리트먼트', '트리트먼트_미용실', '미용실_판매', '판매_겸용', '겸용_질문']",[],,,1,['그대로'],1,['추천'],0,중립,False
cafearticle,,비듬샴푸 추천,추천 요즘 난리 난 케라시스 데일리 두피 케어 샴푸 직접 써보니 다르네요 또한 특정 두피 고민이 있다면 탈모 기능성 비듬 완화 기능성 등 기능성 샴푸 를 고려해 보는 것도 좋은 방법입니다 케라시스 데일리 두피 케어 샴푸 처럼 데일리로 사용 가능한 순한 제품은 대부분의 두피 타입에,"['난리', '케라시스', '데일리', '케어', '특정', '고민', '탈모', '기능', '비듬', '완화', '기능', '기능', '고려', '방법', '케라시스', '데일리', '케어', '데일리', '가능', '대부분', '타입']","['난리_케라시스', '케라시스_데일리', '데일리_케어', '케어_특정', '특정_고민', '고민_탈모', '탈모_기능', '기능_비듬', '비듬_완화', '완화_기능', '기능_기능', '기능_고려', '고려_방법', '방법_케라시스', '케라시스_데일리', '데일리_케어', '케어_데일리', '데일리_가능', '가능_대부분', '대부분_타입']","['난리', '케라시스', '데일리', '케어', '특정', '고민', '탈모', '기능', '비듬', '완화', '기능', '기능', '고려', '방법', '케라시스', '데일리', '케어', '데일리', '가능', '대부분', '타입', '난리_케라시스', '케라시스_데일리', '데일리_케어', '케어_특정', '특정_고민', '고민_탈모', '탈모_기능', '기능_비듬', '비듬_완화', '완화_기능', '기능_기능', '기능_고려', '고려_방법', '방법_케라시스', '케라시스_데일리', '데일리_케어', '케어_데일리', '데일리_가능', '가능_대부분', '대부분_타입']",[],,,0,[],1,['추천'],1,긍정,False
cafearticle,,비듬샴푸 추천,지아자 향좋은 산양유 단백질 샴푸 향좋은 사춘기 청소년 두피 비듬샴푸 400ml 3개 만족도 높음 특히 사춘기 청소년이나 두피에 비듬 이 고민인 분들에게 정말 추천 드리고 싶은 제품인데요 평소에 두피 냄새와 비듬 때문에 고민이 많았던 저에게 이 샴푸 는 정말 큰 도움이 되었어요 자연 유래 성분으로 만들어져서,"['산양', '단백질', '사춘기', '청소년', '비듬', '만족도', '사춘기', '청소년', '비듬', '고민', '평소', '냄새', '비듬', '고민', '도움', '자연', '유래', '성분']","['산양_단백질', '단백질_사춘기', '사춘기_청소년', '청소년_비듬', '비듬_만족도', '만족도_사춘기', '사춘기_청소년', '청소년_비듬', '비듬_고민', '고민_평소', '평소_냄새', '냄새_비듬', '비듬_고민', '고민_도움', '도움_자연', '자연_유래', '유래_성분']","['산양', '단백질', '사춘기', '청소년', '비듬', '만족도', '사춘기', '청소년', '비듬', '고민', '평소', '냄새', '비듬', '고민', '도움', '자연', '유래', '성분', '산양_단백질', '단백질_사춘기', '사춘기_청소년', '청소년_비듬', '비듬_만족도', '만족도_사춘기', '사춘기_청소년', '청소년_비듬', '비듬_고민', '고민_평소', '평소_냄새', '냄새_비듬', '비듬_고민', '고민_도움', '도움_자연', '자연_유래', '유래_성분']",[],,,0,[],1,['추천'],1,긍정,False
cafearticle,,비듬샴푸 추천,닥터방기원 댄드러프 비듬 케어 탈모 샴푸 추천 예민한 두피를 편안하게 리셋해준 대용량 케어 검은 옷 입는 날에도 어깨를 당당하게 펴게 된 변화 비듬 샴푸 는 효과가 느린 경우가 많아 기대를 낮췄는데 이번엔 체감이 빨랐어요 며칠 사용 후부터 두피 가려움이 줄고 어깨 위 하얀 각질 걱정이 확실히 덜해졌습니다,"['닥터방기원', '댄드러프', '비듬', '케어', '탈모', '편안', '리셋', '용량', '케어', '어깨', '변화', '비듬', '효과', '기대', '이번', '체감', '며칠', '어깨', '각질', '걱정']","['닥터방기원_댄드러프', '댄드러프_비듬', '비듬_케어', '케어_탈모', '탈모_편안', '편안_리셋', '리셋_용량', '용량_케어', '케어_어깨', '어깨_변화', '변화_비듬', '비듬_효과', '효과_기대', '기대_이번', '이번_체감', '체감_며칠', '며칠_어깨', '어깨_각질', '각질_걱정']","['닥터방기원', '댄드러프', '비듬', '케어', '탈모', '편안', '리셋', '용량', '케어', '어깨', '변화', '비듬', '효과', '기대', '이번', '체감', '며칠', '어깨', '각질', '걱정', '닥터방기원_댄드러프', '댄드러프_비듬', '비듬_케어', '케어_탈모', '탈모_편안', '편안_리셋', '리셋_용량', '용량_케어', '케어_어깨', '어깨_변화', '변화_비듬', '비듬_효과', '효과_기대', '기대_이번', '이번_체감', '체감_며칠', '며칠_어깨', '어깨_각질', '각질_걱정']",[],,,1,['가려움'],1,['추천'],0,중립,False
cafearticle,,비듬샴푸 추천,비듬 없애는 방법 궁금 비듬 없애는 방법 찾아보니까 샴푸 를 바꿔보라고 해서 약국에서 파는 것도 써보고 두피 전용 제품도 써봤는데 처음엔 좀 나아지는가 싶다가 다시 원점으로 돌아오는 느낌입니다 혹시 비듬 이랑 탈모가 연관이 있을까요,"['비듬', '방법', '궁금', '비듬', '방법', '전용', '처음', '원점', '느낌', '비듬', '탈모', '연관']","['비듬_방법', '방법_궁금', '궁금_비듬', '비듬_방법', '방법_전용', '전용_처음', '처음_원점', '원점_느낌', '느낌_비듬', '비듬_탈모', '탈모_연관']","['비듬', '방법', '궁금', '비듬', '방법', '전용', '처음', '원점', '느낌', '비듬', '탈모', '연관', '비듬_방법', '방법_궁금', '궁금_비듬', '비듬_방법', '방법_전용', '전용_처음', '처음_원점', '원점_느낌', '느낌_비듬', '비듬_탈모', '탈모_연관']",[],,,0,[],0,[],0,중립,False
cafearticle,,비듬 없애는 샴푸,머리 비듬 없애는 방법 효과 보신 분 있나요 약국에서 파는 비듬 샴푸 도 써보고 머리 감는 횟수도 늘려봤는데 별로 나아지지 않아요 오히려 너무 자주 감으니까 두피가 더 건조해진 것 같기도 하고요 머리 비듬 없애는 방법 효과 보신 분 계시면 조언 좀 부탁드려요,"['비듬', '방법', '효과', '비듬', '횟수', '건조', '비듬', '방법', '효과', '조언']","['비듬_방법', '방법_효과', '효과_비듬', '비듬_횟수', '횟수_건조', '건조_비듬', '비듬_방법', '방법_효과', '효과_조언']","['비듬', '방법', '효과', '비듬', '횟수', '건조', '비듬', '방법', '효과', '조언', '비듬_방법', '방법_효과', '효과_비듬', '비듬_횟수', '횟수_건조', '건조_비듬', '비듬_방법', '방법_효과', '효과_조언']",[],,,1,['별로'],0,[],-1,이탈위험,False
cafearticle,,비듬 없애는 샴푸,머리 비듬없애는 법 진짜 궁금합니다 샴푸 도 여러 개 바꿔봤는데 별로 나아지는 게 없어서요 머리 감고 나서도 두피가 간지럽고 긁으면 또 하얗게 일어나는데 이거 정상인가요 주변에서 머리 비듬없애는 법으로 식초 섞은 물로 헹구라는 사람도 있고,"['비듬', '정상', '주변', '비듬', '식초']","['비듬_정상', '정상_주변', '주변_비듬', '비듬_식초']","['비듬', '정상', '주변', '비듬', '식초', '비듬_정상', '정상_주변', '주변_비듬', '비듬_식초']",[],,,1,['별로'],0,[],-1,이탈위험,False
cafearticle,,비듬 없애는 샴푸,비듬 없애는 방법 진짜 간절해요ㅠ 진짜로 효과 좋은 비듬 없애는 방법 없을까요 요즘 비듬 때문에 스트레스가 너무 심해서 이렇게 글까지 그래서 약용 샴푸 쪽으로도 알아보다가 니조랄 약용 샴푸 도 써봤는데 이것도 완전히 해결되는 느낌은 아니였어요,"['비듬', '방법', '효과', '비듬', '방법', '비듬', '스트레스', '니조랄', '해결', '느낌']","['비듬_방법', '방법_효과', '효과_비듬', '비듬_방법', '방법_비듬', '비듬_스트레스', '스트레스_니조랄', '니조랄_해결', '해결_느낌']","['비듬', '방법', '효과', '비듬', '방법', '비듬', '스트레스', '니조랄', '해결', '느낌', '비듬_방법', '방법_효과', '효과_비듬', '비듬_방법', '방법_비듬', '비듬_스트레스', '스트레스_니조랄', '니조랄_해결', '해결_느낌']",[],,,1,['니조랄'],0,[],-1,이탈위험,True
cafearticle,,비듬 없애는 샴푸,머리 비듬없애는 법 알려주세요ㅠ 머리 비듬없애는 법 중에서 약용 샴푸 같은 거 쓰면 두피 자극은 없는지도 걱정되더라구요 제가 원래 두피가 좀 예민한 편이라서 강한 성분 쓰면 오히려 따갑거나 붉어질까봐 조금 불안하거든요 머리 비듬없애는 법으로 피지,"['비듬', '비듬', '자극', '걱정', '성분', '불안', '비듬']","['비듬_비듬', '비듬_자극', '자극_걱정', '걱정_성분', '성분_불안', '불안_비듬']","['비듬', '비듬', '자극', '걱정', '성분', '불안', '비듬', '비듬_비듬', '비듬_자극', '자극_걱정', '걱정_성분', '성분_불안', '불안_비듬']",[],,,1,['자극'],0,[],-1,이탈위험,False
cafearticle,,비듬 없애는 샴푸,머리 비듬없애는 법 뭐가 있어요 머리 비듬없애는 법 찾아보면서 이것저것 다 해봤는데도 계속 생기더라고요 샴푸 바꿔보고 린스도 써보고 두피 마사지도 해봤는데 왜 이렇게 안 없어지는 건지 모르겠습니다 특히 사람들이랑 만날 때 어깨 쪽 신경 쓰이는,"['비듬', '비듬', '이것저것', '린스', '마사지', '어깨', '신경']","['비듬_비듬', '비듬_이것저것', '이것저것_린스', '린스_마사지', '마사지_어깨', '어깨_신경']","['비듬', '비듬', '이것저것', '린스', '마사지', '어깨', '신경', '비듬_비듬', '비듬_이것저것', '이것저것_린스', '린스_마사지', '마사지_어깨', '어깨_신경']",[],,,0,[],0,[],0,중립,False
cafearticle,,비듬 없애는 샴푸,비듬 없애는 방법 궁금 비듬 없애는 방법 찾아보니까 샴푸 를 바꿔보라고 해서 약국에서 파는 것도 써보고 두피 전용 제품도 써봤는데 처음엔 좀 나아지는가 싶다가 다시 원점으로 돌아오는 느낌입니다 혹시 비듬 이랑 탈모가 연관이 있을까요,"['비듬', '방법', '궁금', '비듬', '방법', '전용', '처음', '원점', '느낌', '비듬', '탈모', '연관']","['비듬_방법', '방법_궁금', '궁금_비듬', '비듬_방법', '방법_전용', '전용_처음', '처음_원점', '원점_느낌', '느낌_비듬', '비듬_탈모', '탈모_연관']","['비듬', '방법', '궁금', '비듬', '방법', '전용', '처음', '원점', '느낌', '비듬', '탈모', '연관', '비듬_방법', '방법_궁금', '궁금_비듬', '비듬_방법', '방법_전용', '전용_처음', '처음_원점', '원점_느낌', '느낌_비듬', '비듬_탈모', '탈모_연관']",[],,,0,[],0,[],0,중립,False
cafearticle,,비듬 없애는 샴푸,비듬 없애는 방법 알려주세요 해봤는데 비듬 없애는 방법 찾기가 정말 쉽지 않네요 ㅜㅜ 친구들한테 물어보니까 어떤 친구는 샴푸 바꿨다고 하고 어떤 친구는 영양제 먹는다는데 저는 뭘 해도 안좋아져요 너무 가려워서 긁으면 각질이 더 생기는것,"['비듬', '방법', '비듬', '방법', '친구', '친구', '친구', '영양제', '각질']","['비듬_방법', '방법_비듬', '비듬_방법', '방법_친구', '친구_친구', '친구_친구', '친구_영양제', '영양제_각질']","['비듬', '방법', '비듬', '방법', '친구', '친구', '친구', '영양제', '각질', '비듬_방법', '방법_비듬', '비듬_방법', '방법_친구', '친구_친구', '친구_친구', '친구_영양제', '영양제_각질']",[],,,0,[],0,[],0,중립,False
cafearticle,,비듬 없애는 샴푸,머리 비듬없애는 법 궁금해요ㅠ 머리 비듬없애는 법으로는 비듬 전용 샴푸 도 써봤고 식초 헹굼도 해봤거든요 그런데 잠깐 나아지는 것 같다가도 며칠 지나면 다시 원래대로 돌아가더라구요ㅜ 두피 마사지도 열심히 하고 있는데 근본적인 해결이 안 되는,"['비듬', '비듬', '비듬', '전용', '식초', '며칠', '원래', '마사지', '근본', '해결']","['비듬_비듬', '비듬_비듬', '비듬_전용', '전용_식초', '식초_며칠', '며칠_원래', '원래_마사지', '마사지_근본', '근본_해결']","['비듬', '비듬', '비듬', '전용', '식초', '며칠', '원래', '마사지', '근본', '해결', '비듬_비듬', '비듬_비듬', '비듬_전용', '전용_식초', '식초_며칠', '며칠_원래', '원래_마사지', '마사지_근본', '근본_해결']",[],,,0,[],0,[],0,중립,False
cafearticle,,비듬 없애는 샴푸,머리 비듬 힘드네요ㅠ 머리 비듬 없애는 방법 잘 아시는 분 계신가요ㅠ 원래도 건조하면 가끔 생기긴 했는데 요즘은 남들 눈에 보일 머리 비듬 없애보려고 두피관리샵가서 스케일링도 받아보고 약국에서 약용 샴푸 도 사서 써봤는데 잠깐,"['비듬', '비듬', '방법', '건조', '비듬', '관리', '스케일링']","['비듬_비듬', '비듬_방법', '방법_건조', '건조_비듬', '비듬_관리', '관리_스케일링']","['비듬', '비듬', '방법', '건조', '비듬', '관리', '스케일링', '비듬_비듬', '비듬_방법', '방법_건조', '건조_비듬', '비듬_관리', '관리_스케일링']",[],,,0,[],0,[],0,중립,False
cafearticle,,비듬 없애는 샴푸,비듬 없앨 수 있는 방법 없을까요 가려움도 같이 있어서 자꾸 긁게 되는데 회사에서는 괜히 눈치 보이고 사람들이 지저분하게 볼까 봐 더 신경 쓰여요ㅠ 지금 상태가 기름진 비듬 은 아니고 건조해서 떨어지는 느낌에 가까운데 이런 건조 비듬 없애는 방법,"['비듬', '방법', '회사', '눈치', '신경', '상태', '비듬', '건조', '느낌', '건조', '비듬', '방법']","['비듬_방법', '방법_회사', '회사_눈치', '눈치_신경', '신경_상태', '상태_비듬', '비듬_건조', '건조_느낌', '느낌_건조', '건조_비듬', '비듬_방법']","['비듬', '방법', '회사', '눈치', '신경', '상태', '비듬', '건조', '느낌', '건조', '비듬', '방법', '비듬_방법', '방법_회사', '회사_눈치', '눈치_신경', '신경_상태', '상태_비듬', '비듬_건조', '건조_느낌', '느낌_건조', '건조_비듬', '비듬_방법']",[],,,1,['가려움'],0,[],-1,이탈위험,False
cafearticle,,비듬 없애는 샴푸,헤드앤숄더 비듬 샴푸 탈모에도 도움이 될까요 ㅠ 요즘 머리 감을 때마다 배수구에 머리카락이 너무 많이 쌓여서 걱정이에요 가르마 쪽 두피도 예전보다 많이 비쳐 보이는 것 같고 정수리 숱도 확실히 줄어든 게 느껴져서요ㅠㅠ 헤드앤숄더 비듬 샴푸 가 비듬 없애는,"['비듬', '탈모', '도움', '배수구', '머리카락', '걱정', '가르마', '예전', '정수리', '비듬', '비듬']","['비듬_탈모', '탈모_도움', '도움_배수구', '배수구_머리카락', '머리카락_걱정', '걱정_가르마', '가르마_예전', '예전_정수리', '정수리_비듬', '비듬_비듬']","['비듬', '탈모', '도움', '배수구', '머리카락', '걱정', '가르마', '예전', '정수리', '비듬', '비듬', '비듬_탈모', '탈모_도움', '도움_배수구', '배수구_머리카락', '머리카락_걱정', '걱정_가르마', '가르마_예전', '예전_정수리', '정수리_비듬', '비듬_비듬']",[],,,0,[],0,[],0,중립,False
cafearticle,,비듬 없애는 샴푸,두피 비듬 없애는 법 정말 효과 있는 방법 있을까요 처음엔 단순히 샴푸 를 바꿔보면 될 줄 알았는데 비듬 전용 샴푸 를 써봐도 몇 일 지나면 다시 생기더라구요 두피 비듬 없애는 법 알아보던중에 이게 맞나 싶습니다 여러종류 탈모약 찾아서 먹어봤는데 제일 심한 문제는,"['비듬', '효과', '방법', '처음', '비듬', '전용', '비듬', '종류', '탈모', '문제']","['비듬_효과', '효과_방법', '방법_처음', '처음_비듬', '비듬_전용', '전용_비듬', '비듬_종류', '종류_탈모', '탈모_문제']","['비듬', '효과', '방법', '처음', '비듬', '전용', '비듬', '종류', '탈모', '문제', '비듬_효과', '효과_방법', '방법_처음', '처음_비듬', '비듬_전용', '전용_비듬', '비듬_종류', '종류_탈모', '탈모_문제']",[],,,0,[],0,[],0,중립,False
cafearticle,,비듬 없애는 샴푸,두피 비듬 어떻게 없애나요ㅠ 두피 비듬 없애는 방법 웬만한거 다해본거같아요 관리샵 가서 스케일링도 받아보고 병원가서 약용 샴푸 도 써봤는데 호전이 전혀 안되고있어요 약 썼을때는 비듬 이 잠깐 괜찮아 지는듯 하다가도 다시 재발하고 완전히,"['비듬', '비듬', '방법', '관리', '스케일링', '병원', '호전', '비듬', '재발']","['비듬_비듬', '비듬_방법', '방법_관리', '관리_스케일링', '스케일링_병원', '병원_호전', '호전_비듬', '비듬_재발']","['비듬', '비듬', '방법', '관리', '스케일링', '병원', '호전', '비듬', '재발', '비듬_비듬', '비듬_방법', '방법_관리', '관리_스케일링', '스케일링_병원', '병원_호전', '호전_비듬', '비듬_재발']",[],,,0,[],0,[],0,중립,False
cafearticle,,비듬 없애는 샴푸,비듬 없애는 방법 뭐가 있나요ㅠ 오히려 자극강한 약용 샴푸 라 그런지 두피가 더 예민해져서 없던 뾰루지까지 올라오더라구요 ㅠ 더 심해질까봐 무서워서 지금은 중단했어요ㅠ 비듬 없애는 방법 이런식이면 다 임시방편 아닌가 싶어요ㅠ 근본적으로 비듬,"['비듬', '방법', '자극', '뾰루지', '지금', '중단', '비듬', '방법', '임시방편', '근본', '비듬']","['비듬_방법', '방법_자극', '자극_뾰루지', '뾰루지_지금', '지금_중단', '중단_비듬', '비듬_방법', '방법_임시방편', '임시방편_근본', '근본_비듬']","['비듬', '방법', '자극', '뾰루지', '지금', '중단', '비듬', '방법', '임시방편', '근본', '비듬', '비듬_방법', '방법_자극', '자극_뾰루지', '뾰루지_지금', '지금_중단', '중단_비듬', '비듬_방법', '방법_임시방편', '임시방편_근본', '근본_비듬']",[],,,3,"['뾰루지', '올라오', '자극']",0,[],-3,이탈위험,False
cafearticle,,비듬 없애는 샴푸,머리 비듬없애는 법 너무 급해요ㅠ 머리 비듬없애는 법 해보려고 해도 확실히 나아지는 느낌이 없어서 더 불안해요 이거 계속 방치하면 더 심해질까봐 걱정되고요ㅠ 혹시 제대로 효과 본 머리 비듬없애는 법 있으면 좀 알려주세요ㅠ 저처럼 계속 반복되는 분들,"['비듬', '비듬', '느낌', '불안', '방치', '걱정', '효과', '비듬', '반복']","['비듬_비듬', '비듬_느낌', '느낌_불안', '불안_방치', '방치_걱정', '걱정_효과', '효과_비듬', '비듬_반복']","['비듬', '비듬', '느낌', '불안', '방치', '걱정', '효과', '비듬', '반복', '비듬_비듬', '비듬_느낌', '느낌_불안', '불안_방치', '방치_걱정', '걱정_효과', '효과_비듬', '비듬_반복']",[],,,0,[],0,[],0,중립,False
cafearticle,,비듬 없애는 샴푸,비듬없애는샴푸 써도 계속 생겨요ㅜㅜ 비듬 때문에 이것저것 알아보다가 비듬없애는샴푸 로 바꿨는데도 계속 떨어져요 감을 때는 괜찮은데 말리고 나면 어깨에 하얗게 떨어져 있는 거 보면 진짜 스트레스예요ㅠㅠ 비듬없애는샴푸 쓰면 나아질 줄 알았는데 왜,"['비듬', '비듬', '이것저것', '비듬', '어깨', '스트레스', '비듬']","['비듬_비듬', '비듬_이것저것', '이것저것_비듬', '비듬_어깨', '어깨_스트레스', '스트레스_비듬']","['비듬', '비듬', '이것저것', '비듬', '어깨', '스트레스', '비듬', '비듬_비듬', '비듬_이것저것', '이것저것_비듬', '비듬_어깨', '어깨_스트레스', '스트레스_비듬']",[],,,0,[],0,[],0,중립,False
cafearticle,,비듬 없애는 샴푸,머리 비듬 없애는 법 공유해 주세요 비듬 없애는 법으로 비듬 샴푸 도 써봤는데 처음엔 좀 나았다가 또 다시 생기더라구요 친구들한테 물어보니까 두피가 건조해서 그렇다는 얘기도 있고 지성 두피라서 그렇다는 말도 있고 도대체 뭐가 원인인지 헷갈려요 식초,"['비듬', '공유', '비듬', '비듬', '처음', '친구', '건조', '얘기', '지성', '원인', '식초']","['비듬_공유', '공유_비듬', '비듬_비듬', '비듬_처음', '처음_친구', '친구_건조', '건조_얘기', '얘기_지성', '지성_원인', '원인_식초']","['비듬', '공유', '비듬', '비듬', '처음', '친구', '건조', '얘기', '지성', '원인', '식초', '비듬_공유', '공유_비듬', '비듬_비듬', '비듬_처음', '처음_친구', '친구_건조', '건조_얘기', '얘기_지성', '지성_원인', '원인_식초']",[],,,0,[],0,[],0,중립,False
cafearticle,,비듬 없애는 샴푸,비듬 없애는 방법 샴푸 로 정말 해결되나요 비듬 없애는 방법 샴푸 알아보던중에 이게 맞나 싶습니다 여러종류 탈모약 찾아서 먹어봤는데 제일 심한 문제는 가르마 탈모인데 이게 거울을 볼 때마다 신경쓰여서 외출 할 때도 사람들이 볼까봐 걱정돼서 외출을 잘,"['비듬', '방법', '해결', '비듬', '방법', '종류', '탈모', '문제', '가르마', '탈모', '거울', '신경', '외출', '걱정', '외출']","['비듬_방법', '방법_해결', '해결_비듬', '비듬_방법', '방법_종류', '종류_탈모', '탈모_문제', '문제_가르마', '가르마_탈모', '탈모_거울', '거울_신경', '신경_외출', '외출_걱정', '걱정_외출']","['비듬', '방법', '해결', '비듬', '방법', '종류', '탈모', '문제', '가르마', '탈모', '거울', '신경', '외출', '걱정', '외출', '비듬_방법', '방법_해결', '해결_비듬', '비듬_방법', '방법_종류', '종류_탈모', '탈모_문제', '문제_가르마', '가르마_탈모', '탈모_거울', '거울_신경', '신경_외출', '외출_걱정', '걱정_외출']",[],,,0,[],0,[],0,중립,False
cafearticle,,비듬 없애는 샴푸,지루성피부염 치료 방법과 생활관리 이렇게 장기관리해야 하는 이유 일반치료 한의학적 치료 두피 비듬 이나 얼굴의 붉은기 각질이 반복적으로 나타난다면 지루성피부염을 치료 핵심 목표 피지 분비 조절 염증 감소 피부 장벽 회복 재발 방지 즉 단순히 증상을 없애는 것이,"['지루', '피부염', '치료', '방법', '생활', '관리', '장기', '관리', '일반', '치료', '한의학', '치료', '비듬', '얼굴', '각질', '반복', '지루', '피부염', '치료', '핵심', '목표', '피지', '분비', '조절', '염증', '감소', '피부', '장벽', '회복', '재발', '방지', '증상']","['지루_피부염', '피부염_치료', '치료_방법', '방법_생활', '생활_관리', '관리_장기', '장기_관리', '관리_일반', '일반_치료', '치료_한의학', '한의학_치료', '치료_비듬', '비듬_얼굴', '얼굴_각질', '각질_반복', '반복_지루', '지루_피부염', '피부염_치료', '치료_핵심', '핵심_목표', '목표_피지', '피지_분비', '분비_조절', '조절_염증', '염증_감소', '감소_피부', '피부_장벽', '장벽_회복', '회복_재발', '재발_방지', '방지_증상']","['지루', '피부염', '치료', '방법', '생활', '관리', '장기', '관리', '일반', '치료', '한의학', '치료', '비듬', '얼굴', '각질', '반복', '지루', '피부염', '치료', '핵심', '목표', '피지', '분비', '조절', '염증', '감소', '피부', '장벽', '회복', '재발', '방지', '증상', '지루_피부염', '피부염_치료', '치료_방법', '방법_생활', '생활_관리', '관리_장기', '장기_관리', '관리_일반', '일반_치료', '치료_한의학', '한의학_치료', '치료_비듬', '비듬_얼굴', '얼굴_각질', '각질_반복', '반복_지루', '지루_피부염', '피부염_치료', '치료_핵심', '핵심_목표', '목표_피지', '피지_분비', '분비_조절', '조절_염증', '염증_감소', '감소_피부', '피부_장벽', '장벽_회복', '회복_재발', '재발_방지', '방지_증상']",[],,,0,[],0,[],0,중립,False
cafearticle,,비듬 없애는 샴푸,마포불광동지루성피부염한의원 두피만인 줄 알았는데 얼굴까지 나타날 수 있을까요 마포 불광동에서 지루성피부염 때문에 고민하는 분들 중에는 처음에는 비듬 이 많아졌나 싶거나 두피가 각질을 없애는 것 뿐만 아니라 왜 두피와 얼굴이 함께 예민해졌는지 왜 좋아졌다가 다시 반복되는지 어떤,"['마포', '불광동', '지루성 피부염', '한의원', '얼굴', '마포', '불광동', '지루성 피부염', '고민', '처음', '비듬', '각질', '얼굴', '반복']","['마포_불광동', '불광동_지루성 피부염', '지루성 피부염_한의원', '한의원_얼굴', '얼굴_마포', '마포_불광동', '불광동_지루성 피부염', '지루성 피부염_고민', '고민_처음', '처음_비듬', '비듬_각질', '각질_얼굴', '얼굴_반복']","['마포', '불광동', '지루성 피부염', '한의원', '얼굴', '마포', '불광동', '지루성 피부염', '고민', '처음', '비듬', '각질', '얼굴', '반복', '마포_불광동', '불광동_지루성 피부염', '지루성 피부염_한의원', '한의원_얼굴', '얼굴_마포', '마포_불광동', '불광동_지루성 피부염', '지루성 피부염_고민', '고민_처음', '처음_비듬', '비듬_각질', '각질_얼굴', '얼굴_반복']",[],,,0,[],1,['좋아졌'],1,긍정,False
cafearticle,,비듬 없애는 샴푸,비듬 없애는 방법 꿀팁 부탁해요ㅠ 요즘 머리에 자꾸 흰가루 떨어져서 너무 스트레스에요ㅠ 비듬 없애는 방법 이것저것 찾아보고 베개커버도 자주 빨고 샴푸 도 엄청 꼼꼼히 헹구고 트린트먼트도 아예 안쓰고 있는데도 계속 생겨요ㅠ 왜 이러는건지 모르겠고,"['비듬', '방법', '부탁', '가루', '스트레스', '비듬', '방법', '이것저것', '베개', '커버', '트린트먼트']","['비듬_방법', '방법_부탁', '부탁_가루', '가루_스트레스', '스트레스_비듬', '비듬_방법', '방법_이것저것', '이것저것_베개', '베개_커버', '커버_트린트먼트']","['비듬', '방법', '부탁', '가루', '스트레스', '비듬', '방법', '이것저것', '베개', '커버', '트린트먼트', '비듬_방법', '방법_부탁', '부탁_가루', '가루_스트레스', '스트레스_비듬', '비듬_방법', '방법_이것저것', '이것저것_베개', '베개_커버', '커버_트린트먼트']",[],,,0,[],0,[],0,중립,False
cafearticle,,비듬 없애는 샴푸,은평구 두피가려움 관리 하얗게 일어나는 각질은 왜 생길까요 단순 비듬 이라고 생각하시지만 실제로 두피를 자세히 보면 그보다 더 깊은 이유가 숨어 있는 경우가 무조건 없애는 것이 아니라 왜 쌓였는지를 보고 두피를 편안하게 만드는 것입니다 하얗게 쌓인 것을 억지로,"['은평구', '관리', '각질', '단순', '비듬', '조건', '편안']","['은평구_관리', '관리_각질', '각질_단순', '단순_비듬', '비듬_조건', '조건_편안']","['은평구', '관리', '각질', '단순', '비듬', '조건', '편안', '은평구_관리', '관리_각질', '각질_단순', '단순_비듬', '비듬_조건', '조건_편안']",[],,,1,['가려움'],0,[],-1,이탈위험,False
cafearticle,,비듬 없애는 샴푸,머리 비듬없애는 법 꼭 알아야겠죠 저는 진짜 매일 검은 옷 입기가 무서울 정도로 비듬 이 심한데요 샴푸 바꿔보고 이것저것 다 해봐도 도통 머리 비듬없애는 법 찾다가 두피 스케일링이라는 걸 알게 됐는데 이게 실제로 효과가 있을까요 아니면 그냥,"['비듬', '비듬', '이것저것', '비듬', '스케일링', '효과']","['비듬_비듬', '비듬_이것저것', '이것저것_비듬', '비듬_스케일링', '스케일링_효과']","['비듬', '비듬', '이것저것', '비듬', '스케일링', '효과', '비듬_비듬', '비듬_이것저것', '이것저것_비듬', '비듬_스케일링', '스케일링_효과']",[],,,0,[],0,[],0,중립,False
cafearticle,,비듬 없애는 샴푸,수원지루성피부염 세안과 샴푸 보습부터 천천히 점검해봅시다 세안을 해도 금방 코 옆이 붉어지고 머리를 막 감았는데도 다시 가렵고 두피에 비듬 처럼 떨어지는 각질이 그래서 만약 본 질환이 나타났다면 단순히 각질을 없애는 것보다 피부가 왜 계속 예민해지고 반복적으로,"['수원', '지루성 피부염', '세안', '보습', '점검', '세안', '비듬', '각질', '만약', '질환', '각질', '피부', '반복']","['수원_지루성 피부염', '지루성 피부염_세안', '세안_보습', '보습_점검', '점검_세안', '세안_비듬', '비듬_각질', '각질_만약', '만약_질환', '질환_각질', '각질_피부', '피부_반복']","['수원', '지루성 피부염', '세안', '보습', '점검', '세안', '비듬', '각질', '만약', '질환', '각질', '피부', '반복', '수원_지루성 피부염', '지루성 피부염_세안', '세안_보습', '보습_점검', '점검_세안', '세안_비듬', '비듬_각질', '각질_만약', '만약_질환', '질환_각질', '각질_피부', '피부_반복']",[],,,0,[],0,[],0,중립,False
cafearticle,,비듬 없애는 샴푸,비듬 없애는 방법 잘 아시는분ㅠ 병원가서 약용 샴푸 도 써봤는데 약 쓸때만 잠깐 괜찮다가 끊으면 바로 재발하고 완전히 사라지진 않아요 어차피 병원약은 내성때문에 오래쓰지도 못한다는데 비듬 없애는 방법 이런식이면 다 임시방편 아닌가 싶어요ㅠ,"['비듬', '방법', '병원', '재발', '병원', '내성', '비듬', '방법', '임시방편']","['비듬_방법', '방법_병원', '병원_재발', '재발_병원', '병원_내성', '내성_비듬', '비듬_방법', '방법_임시방편']","['비듬', '방법', '병원', '재발', '병원', '내성', '비듬', '방법', '임시방편', '비듬_방법', '방법_병원', '병원_재발', '재발_병원', '병원_내성', '내성_비듬', '비듬_방법', '방법_임시방편']",[],,,0,[],0,[],0,중립,False
cafearticle,,비듬 없애는 샴푸,비듬없애는 방법 확실히 알고는 하시나요 비듬없애는 방법은 두피 자극 없는 비듬 샴푸 라고 할 수 있어요 원래 비듬 샴푸 로 유명한 헤 amp 숄도 쓰고 니X랄도 쓰고 다 해봤는데요 세정력이 넘 강하고 자극이 쎄서 두피를 빨래하는 것 같은 느낌이 들었거든요 그런데 제가,"['비듬', '방법', '비듬', '방법', '자극', '비듬', '비듬', '유명', '정력', '자극', '빨래', '느낌']","['비듬_방법', '방법_비듬', '비듬_방법', '방법_자극', '자극_비듬', '비듬_비듬', '비듬_유명', '유명_정력', '정력_자극', '자극_빨래', '빨래_느낌']","['비듬', '방법', '비듬', '방법', '자극', '비듬', '비듬', '유명', '정력', '자극', '빨래', '느낌', '비듬_방법', '방법_비듬', '비듬_방법', '방법_자극', '자극_비듬', '비듬_비듬', '비듬_유명', '유명_정력', '정력_자극', '자극_빨래', '빨래_느낌']",[],,,1,['자극'],0,[],-1,이탈위험,False
cafearticle,,비듬 없애는 샴푸,머리 비듬 각질 없애는 법 이 정도면 병원 가야 하나요 샴푸 도 순한 걸로 바꿔보고 머리 감는 횟수도 줄여봤는데 전혀 나아지지 않더라고요 오히려 각질 덩어리가 더 커져서 검은 옷 입으면 어깨에 하얗게 떨어지는 게 너무 창피해요 머리 비듬 각질 없애는 법 알아보던중에,"['비듬', '각질', '병원', '횟수', '각질', '덩어리', '어깨', '창피', '비듬', '각질']","['비듬_각질', '각질_병원', '병원_횟수', '횟수_각질', '각질_덩어리', '덩어리_어깨', '어깨_창피', '창피_비듬', '비듬_각질']","['비듬', '각질', '병원', '횟수', '각질', '덩어리', '어깨', '창피', '비듬', '각질', '비듬_각질', '각질_병원', '병원_횟수', '횟수_각질', '각질_덩어리', '덩어리_어깨', '어깨_창피', '창피_비듬', '비듬_각질']",[],,,0,[],0,[],0,중립,False
cafearticle,,비듬 없애는 샴푸,오산지루성두피염 일시적인 비듬 인 줄 알았는데 계속 가렵고 붉어지는 이유 힘들어하시면서도 quot 샴푸 가 안 맞나 보다 quot 정도로 여기며 샴푸 를 교체하며 관리를 마무리하는 경우가 오늘 함께 살펴본 오산 지루성두피염은 단순히 비듬 을 없애는 문제가 아니라 두피가 덜 흥분하고 덜 흔들리는 환경을,"['오산지루성두피염', '일시', '비듬', '교체', '관리', '마무리', '오산', '지루성두피염', '비듬', '문제', '흥분', '환경']","['오산지루성두피염_일시', '일시_비듬', '비듬_교체', '교체_관리', '관리_마무리', '마무리_오산', '오산_지루성두피염', '지루성두피염_비듬', '비듬_문제', '문제_흥분', '흥분_환경']","['오산지루성두피염', '일시', '비듬', '교체', '관리', '마무리', '오산', '지루성두피염', '비듬', '문제', '흥분', '환경', '오산지루성두피염_일시', '일시_비듬', '비듬_교체', '교체_관리', '관리_마무리', '마무리_오산', '오산_지루성두피염', '지루성두피염_비듬', '비듬_문제', '문제_흥분', '흥분_환경']",[],,,0,[],0,[],0,중립,False
cafearticle,,비듬 없애는 샴푸,비듬 없애는 방법 드디어 알았어요 근데 창피한 게 진짜 큼 ㅠ 비듬 없애는 방법들을 찾아보면서 비듬 샴푸 에 좋다는 샴푸 를 한 5가지 정도 샀었는데 확실히 두피 당기는 느낌이 덜한 샴푸 가 있었어요 확실히 자극이 덜해서 그런지 머리에 손이 덜,"['비듬', '방법', '창피', '비듬', '방법', '비듬', '느낌', '자극']","['비듬_방법', '방법_창피', '창피_비듬', '비듬_방법', '방법_비듬', '비듬_느낌', '느낌_자극']","['비듬', '방법', '창피', '비듬', '방법', '비듬', '느낌', '자극', '비듬_방법', '방법_창피', '창피_비듬', '비듬_방법', '방법_비듬', '비듬_느낌', '느낌_자극']",[],,,1,['자극'],0,[],-1,이탈위험,False
cafearticle,,비듬 없애는 샴푸,비듬없애는 방법 찾다가 정착한 샴푸 후기 이 샴푸 는 약산성이라 그런지 비듬없애는 방법으로 찾던 두피 균형 느낌이 들었어요 제가 만족했던 이유는 이런 특징 때문 같아요 블랙 캐비어 워터 추출물 함유 pH 5 5 약산성 포뮬러 식물성 진정 복합 성분,"['비듬', '방법', '정착', '산성', '비듬', '방법', '균형', '느낌', '만족', '특징', '블랙', '캐비어', '워터', '추출물', '함유', '약산', '포뮬러', '식물', '진정', '복합', '성분']","['비듬_방법', '방법_정착', '정착_산성', '산성_비듬', '비듬_방법', '방법_균형', '균형_느낌', '느낌_만족', '만족_특징', '특징_블랙', '블랙_캐비어', '캐비어_워터', '워터_추출물', '추출물_함유', '함유_약산', '약산_포뮬러', '포뮬러_식물', '식물_진정', '진정_복합', '복합_성분']","['비듬', '방법', '정착', '산성', '비듬', '방법', '균형', '느낌', '만족', '특징', '블랙', '캐비어', '워터', '추출물', '함유', '약산', '포뮬러', '식물', '진정', '복합', '성분', '비듬_방법', '방법_정착', '정착_산성', '산성_비듬', '비듬_방법', '방법_균형', '균형_느낌', '느낌_만족', '만족_특징', '특징_블랙', '블랙_캐비어', '캐비어_워터', '워터_추출물', '추출물_함유', '함유_약산', '약산_포뮬러', '포뮬러_식물', '식물_진정', '진정_복합', '복합_성분']",[],,,0,[],1,['정착'],1,긍정,False
cafearticle,,비듬 없애는 샴푸,두피 각질 때문에 검은 옷을 못입었어요 ㅠ 비듬 샴푸 유명한거 다 써봤는데 어떤건 오히려 더 건조해서 머리감자마자 비듬 폭발 ㅠㅠ 그러다 찾아보니까 각질 없애는 게 중요한게 아니라 두피도 보습이 필요하대요 합성계면활성제 없고 성분이 순한 샴푸 를 쓰는게,"['각질', '비듬', '유명', '건조', '비듬', '폭발', '각질', '중요', '보습', '필요', '합성', '계면활성제', '성분']","['각질_비듬', '비듬_유명', '유명_건조', '건조_비듬', '비듬_폭발', '폭발_각질', '각질_중요', '중요_보습', '보습_필요', '필요_합성', '합성_계면활성제', '계면활성제_성분']","['각질', '비듬', '유명', '건조', '비듬', '폭발', '각질', '중요', '보습', '필요', '합성', '계면활성제', '성분', '각질_비듬', '비듬_유명', '유명_건조', '건조_비듬', '비듬_폭발', '폭발_각질', '각질_중요', '중요_보습', '보습_필요', '필요_합성', '합성_계면활성제', '계면활성제_성분']",[],,,0,[],0,[],0,중립,False
cafearticle,,비듬 없애는 샴푸,머리 비듬 때문에 검은 옷 못입어요 머리 비듬 이 너무 심해서 검은 옷 입으면 다 보여요 ㅋㅋㅋ 니조랄 샴푸 써봤는데 효과가 잘 모르겠어요 머리 비듬 없애는 방법 좀 알려주세요,"['비듬', '비듬', '니조랄', '효과', '비듬', '방법']","['비듬_비듬', '비듬_니조랄', '니조랄_효과', '효과_비듬', '비듬_방법']","['비듬', '비듬', '니조랄', '효과', '비듬', '방법', '비듬_비듬', '비듬_니조랄', '니조랄_효과', '효과_비듬', '비듬_방법']",[],,,1,['니조랄'],0,[],-1,이탈위험,True
cafearticle,,비듬 없애는 샴푸,비듬 없애는 샴푸 추천 진짜 효과 있는 거 있을까요 비듬 없애는 샴푸 추천 알아보던중에 이게 맞나 싶습니다 여러종류 탈모약 찾아서 먹어봤는데 제일 심한 문제는 가르마 탈모인데 이게 거울을 볼 때마다 신경쓰여서 외출 할 때도 사람들이 볼까봐 걱정돼서 외출을 잘,"['비듬', '효과', '비듬', '종류', '탈모', '문제', '가르마', '탈모', '거울', '신경', '외출', '걱정', '외출']","['비듬_효과', '효과_비듬', '비듬_종류', '종류_탈모', '탈모_문제', '문제_가르마', '가르마_탈모', '탈모_거울', '거울_신경', '신경_외출', '외출_걱정', '걱정_외출']","['비듬', '효과', '비듬', '종류', '탈모', '문제', '가르마', '탈모', '거울', '신경', '외출', '걱정', '외출', '비듬_효과', '효과_비듬', '비듬_종류', '종류_탈모', '탈모_문제', '문제_가르마', '가르마_탈모', '탈모_거울', '거울_신경', '신경_외출', '외출_걱정', '걱정_외출']",[],,,0,[],1,['추천'],1,긍정,False
cafearticle,,비듬 없애는 샴푸,운동x 비듬 이 너무 심각해요 비듬 없애는 법 아시는 분 계세요 지루성 두피염인건지 진짜 비듬 이랑 두피각질이 장난아니네요 샴푸 도 그대로예요 안 바꿨습니다ㅠㅠ 혹시 저처럼 고생하시다가 해결하신 분 계실까요,"['운동', '비듬', '비듬', '지루성', '비듬', '각질', '장난', '그대로', '고생', '해결']","['운동_비듬', '비듬_비듬', '비듬_지루성', '지루성_비듬', '비듬_각질', '각질_장난', '장난_그대로', '그대로_고생', '고생_해결']","['운동', '비듬', '비듬', '지루성', '비듬', '각질', '장난', '그대로', '고생', '해결', '운동_비듬', '비듬_비듬', '비듬_지루성', '지루성_비듬', '비듬_각질', '각질_장난', '장난_그대로', '그대로_고생', '고생_해결']",[],,,1,['그대로'],0,[],-1,이탈위험,False
cafearticle,,비듬 없애는 샴푸,비듬 없애는 방법 근본 원인부터 해결해야 합니다 치료 전 24 12 07 치료 후 25 02 11 치료 전 뒷머리와 헤어라인에 노란 각질과 각질 심함 두피 붉고 염증 치료 후 두피 깨끗하고 각질 완전히 사라짐 건강한 두피 회복 비듬 없애는 방법은 단순히 샴푸 만 바꾸는 것이,"['비듬', '방법', '근본', '원인', '해결', '치료', '치료', '치료', '뒷머리', '라인', '각질', '각질', '염증', '치료', '각질', '건강', '회복', '비듬', '방법']","['비듬_방법', '방법_근본', '근본_원인', '원인_해결', '해결_치료', '치료_치료', '치료_치료', '치료_뒷머리', '뒷머리_라인', '라인_각질', '각질_각질', '각질_염증', '염증_치료', '치료_각질', '각질_건강', '건강_회복', '회복_비듬', '비듬_방법']","['비듬', '방법', '근본', '원인', '해결', '치료', '치료', '치료', '뒷머리', '라인', '각질', '각질', '염증', '치료', '각질', '건강', '회복', '비듬', '방법', '비듬_방법', '방법_근본', '근본_원인', '원인_해결', '해결_치료', '치료_치료', '치료_치료', '치료_뒷머리', '뒷머리_라인', '라인_각질', '각질_각질', '각질_염증', '염증_치료', '치료_각질', '각질_건강', '건강_회복', '회복_비듬', '비듬_방법']",[],,,0,[],0,[],0,중립,False
cafearticle,,비듬 없애는 샴푸,지루성 피부염 증상 반복돼요 주변 사람들한테 물어보기도 좀 그렇고 혼자 고민만 하다가 여기 글 올려봅니다 ㅋㅋ 머리 감을 때도 두피가 따갑거나 뭔가 하얀 비듬 같은 게 떨어지는데 이것도 연관이 있는 건지 얼굴이랑 두피 동시에 이러는 게 지루성,"['지루', '피부염', '증상', '반복', '주변', '혼자', '고민', '비듬', '연관', '얼굴', '동시', '지루']","['지루_피부염', '피부염_증상', '증상_반복', '반복_주변', '주변_혼자', '혼자_고민', '고민_비듬', '비듬_연관', '연관_얼굴', '얼굴_동시', '동시_지루']","['지루', '피부염', '증상', '반복', '주변', '혼자', '고민', '비듬', '연관', '얼굴', '동시', '지루', '지루_피부염', '피부염_증상', '증상_반복', '반복_주변', '주변_혼자', '혼자_고민', '고민_비듬', '비듬_연관', '연관_얼굴', '얼굴_동시', '동시_지루']",[],,,0,[],0,[],0,중립,False
cafearticle,,비듬 없애는 샴푸,머리 비듬 없애는 법 이렇게 해도 안 없어지시나요 인터넷에서 머리 비듬 없애는 법 찾아보면서 케토코나졸 샴푸 랑 티트리 오일까지 써봤는데도 계속 생기네요 머리 비듬 없애는 법 알아보던중에 이게 맞나 싶습니다 여러종류 탈모약 찾아서 먹어봤는데 제일 심한 문제는,"['비듬', '인터넷', '비듬', '케토코나졸', '트리', '오일', '비듬', '종류', '탈모', '문제']","['비듬_인터넷', '인터넷_비듬', '비듬_케토코나졸', '케토코나졸_트리', '트리_오일', '오일_비듬', '비듬_종류', '종류_탈모', '탈모_문제']","['비듬', '인터넷', '비듬', '케토코나졸', '트리', '오일', '비듬', '종류', '탈모', '문제', '비듬_인터넷', '인터넷_비듬', '비듬_케토코나졸', '케토코나졸_트리', '트리_오일', '오일_비듬', '비듬_종류', '종류_탈모', '탈모_문제']",[],,,0,[],0,[],0,중립,False
cafearticle,,비듬 없애는 샴푸,비듬 없애는 방법 효과적인 것좀요 대로 비듬 없애는 데 집중하려고 샴푸 부터 순한 걸로 바꿔봤어요 세정력이 너무 강하면 오히려 비듬 생기기 쉽다고 해서 성분을 하나하나 따져가며 골랐거든요 확실히 자극은 덜한 것 같은데 저는 그것보다 근본적으로,"['비듬', '방법', '효과', '비듬', '집중', '세정', '비듬', '성분', '자극', '근본']","['비듬_방법', '방법_효과', '효과_비듬', '비듬_집중', '집중_세정', '세정_비듬', '비듬_성분', '성분_자극', '자극_근본']","['비듬', '방법', '효과', '비듬', '집중', '세정', '비듬', '성분', '자극', '근본', '비듬_방법', '방법_효과', '효과_비듬', '비듬_집중', '집중_세정', '세정_비듬', '비듬_성분', '성분_자극', '자극_근본']",[],,,1,['자극'],0,[],-1,이탈위험,False
cafearticle,,비듬 없애는 샴푸,비듬 없애는 방법 절실해요ㅠ 약용 샴푸 를 써보라고 하고 또 어떤 분은 천연 재료로 팩을 해보라고 조언해주시기도 하고요 그런데 비듬 없애는 방법 중에서 정말 효과 본 분들이 계신지 궁금해요 저처럼 비듬 때문에 탈모까지 생긴 분들은 어떻게,"['비듬', '방법', '천연', '재료', '조언', '비듬', '방법', '효과', '비듬', '탈모']","['비듬_방법', '방법_천연', '천연_재료', '재료_조언', '조언_비듬', '비듬_방법', '방법_효과', '효과_비듬', '비듬_탈모']","['비듬', '방법', '천연', '재료', '조언', '비듬', '방법', '효과', '비듬', '탈모', '비듬_방법', '방법_천연', '천연_재료', '재료_조언', '조언_비듬', '비듬_방법', '방법_효과', '효과_비듬', '비듬_탈모']",[],,,0,[],0,[],0,중립,False
cafearticle,,비듬 없애는 샴푸,비듬 없애는 방법 아시는분 계세요 비듬 없애는 방법 들을 찾아보면 전용 샴푸 쓰라는 말이 제일 많이 나오는데 이미 두 가지나 바꿔봤지만 별 차이를 못 느꼈어요 샴푸 를 바꿀 때마다 처음 며칠은 좀 나아지는 것 같다가 다시 원상복구되는 패턴이 계속,"['비듬', '방법', '비듬', '방법', '전용', '차이', '처음', '며칠', '원상', '복구', '패턴']","['비듬_방법', '방법_비듬', '비듬_방법', '방법_전용', '전용_차이', '차이_처음', '처음_며칠', '며칠_원상', '원상_복구', '복구_패턴']","['비듬', '방법', '비듬', '방법', '전용', '차이', '처음', '며칠', '원상', '복구', '패턴', '비듬_방법', '방법_비듬', '비듬_방법', '방법_전용', '전용_차이', '차이_처음', '처음_며칠', '며칠_원상', '원상_복구', '복구_패턴']",[],,,0,[],0,[],0,중립,False
cafearticle,,비듬 없애는 샴푸,두피 각질 비듬 없애는 녹차 소금 스크럽 만들기 집에 있는 재료로 두피 스케일링 하고 싶다면 녹차 가루와 고운 소금을 1대 1로 섞고 샴푸 나 오일을 조금 넣어 스크럽제를 만들어보세요 소금의 살균 작용과 녹차의 진정 효과가 만나 두피 각질과 비듬 을 말끔하게 제거해,"['각질', '비듬', '녹차', '소금', '스크럽', '재료', '스케일링', '녹차', '가루', '소금', '오일', '스크럽', '소금', '살균', '작용', '녹차', '진정', '효과', '각질', '비듬', '제거']","['각질_비듬', '비듬_녹차', '녹차_소금', '소금_스크럽', '스크럽_재료', '재료_스케일링', '스케일링_녹차', '녹차_가루', '가루_소금', '소금_오일', '오일_스크럽', '스크럽_소금', '소금_살균', '살균_작용', '작용_녹차', '녹차_진정', '진정_효과', '효과_각질', '각질_비듬', '비듬_제거']","['각질', '비듬', '녹차', '소금', '스크럽', '재료', '스케일링', '녹차', '가루', '소금', '오일', '스크럽', '소금', '살균', '작용', '녹차', '진정', '효과', '각질', '비듬', '제거', '각질_비듬', '비듬_녹차', '녹차_소금', '소금_스크럽', '스크럽_재료', '재료_스케일링', '스케일링_녹차', '녹차_가루', '가루_소금', '소금_오일', '오일_스크럽', '스크럽_소금', '소금_살균', '살균_작용', '작용_녹차', '녹차_진정', '진정_효과', '효과_각질', '각질_비듬', '비듬_제거']",[],,,0,[],0,[],0,중립,False
cafearticle,,비듬 없애는 샴푸,두피에 좋은 샴푸 추천좀 해주세요 ㅠㅠ 비듬 신경쓰면 탈모 걱정되고 둘다 잡은거 없나요 비듬 샴푸 쓰면 탈모 샴푸 가 아니고 탈모 샴푸 사서 쓰고있는데 비듬 이 생겨요 아놔 진짜 미치겠어요 ㅠㅠ 비듬 이 왜이렇게 생기는지 머리카락도 자꾸 빠지구요 ㅠㅠ 헤드엔숄더가 제일 괜찮나요 아니면 티에스,"['비듬', '신경', '탈모', '걱정', '비듬', '탈모', '탈모', '비듬', '비듬', '머리카락', '헤드엔숄더', '티에스']","['비듬_신경', '신경_탈모', '탈모_걱정', '걱정_비듬', '비듬_탈모', '탈모_탈모', '탈모_비듬', '비듬_비듬', '비듬_머리카락', '머리카락_헤드엔숄더', '헤드엔숄더_티에스']","['비듬', '신경', '탈모', '걱정', '비듬', '탈모', '탈모', '비듬', '비듬', '머리카락', '헤드엔숄더', '티에스', '비듬_신경', '신경_탈모', '탈모_걱정', '걱정_비듬', '비듬_탈모', '탈모_탈모', '탈모_비듬', '비듬_비듬', '비듬_머리카락', '머리카락_헤드엔숄더', '헤드엔숄더_티에스']",[],,,0,[],1,['추천'],1,긍정,False
cafearticle,,비듬 없애는 샴푸,고양이 비듬 없애는 방법 알려주세요 ㅠㅠ 가습기는 무조건 필요한거같고 미스트는 있어요 ㅠㅠ,"['고양이', '비듬', '방법', '가습기', '필요', '미스트']","['고양이_비듬', '비듬_방법', '방법_가습기', '가습기_필요', '필요_미스트']","['고양이', '비듬', '방법', '가습기', '필요', '미스트', '고양이_비듬', '비듬_방법', '방법_가습기', '가습기_필요', '필요_미스트']",[],,,0,[],0,[],0,중립,False
cafearticle,,비듬 없애는 샴푸,비듬없애는 방법 도대체 뭐가 맞는 건지 모르겠어요ㅠ 비듬없애는 방법 도대체 뭐가 맞는 건지 모르겠어요ㅠ 요즘 진짜 거울 볼 때마다 스트레스가 장난 아니에요 아침에 머리 감고 드라이까지 깔끔하게 하고 나가도 오후만 되면 정수리 쪽이 슬슬 간질간질해지더라구요ㅠㅠ,"['비듬', '방법', '비듬', '방법', '거울', '스트레스', '장난', '아침', '드라이', '오후', '정수리']","['비듬_방법', '방법_비듬', '비듬_방법', '방법_거울', '거울_스트레스', '스트레스_장난', '장난_아침', '아침_드라이', '드라이_오후', '오후_정수리']","['비듬', '방법', '비듬', '방법', '거울', '스트레스', '장난', '아침', '드라이', '오후', '정수리', '비듬_방법', '방법_비듬', '비듬_방법', '방법_거울', '거울_스트레스', '스트레스_장난', '장난_아침', '아침_드라이', '드라이_오후', '오후_정수리']",[],,,0,[],0,[],0,중립,False
cafearticle,,비듬 없애는 샴푸,비듬없애는샴푸 뭐가 맞는 걸까요ㅠㅠ 비듬없애는샴푸 뭐가 맞는 걸까요ㅠㅠ 두피가 계속 뒤집어져요 요즘 두피 때문에 진짜 스트레스가 너무 심해요 머리 감고 나오면 그때만 잠깐 괜찮은데 몇 시간만 지나면 정수리 쪽이 간질간질해지면서 어깨에 하얀,"['비듬', '비듬', '스트레스', '시간', '정수리', '어깨']","['비듬_비듬', '비듬_스트레스', '스트레스_시간', '시간_정수리', '정수리_어깨']","['비듬', '비듬', '스트레스', '시간', '정수리', '어깨', '비듬_비듬', '비듬_스트레스', '스트레스_시간', '시간_정수리', '정수리_어깨']",[],,,0,[],0,[],0,중립,False
cafearticle,,비듬 없애는 샴푸,정수리 냄새 컷 quot 오후만 되면 떡지는 머리 quot 멘솔 쿨링으로 두피 열 내리고 비듬 싹 잡은 미쟝센 샴푸 정 두피 샴푸 비듬 샴푸 샴프 린스 탈모 미쟝센 샴푸 두피 샴푸 추천 비듬 샴푸 지성두피 샴푸 정수리냄새제거 쿨링 샴푸 탈모완화 샴푸 미장센초록통 가성비 샴푸 올리브영 샴푸 머리떡짐해결 두피스케일링 비듬없애는 법,"['정수리', '냄새', '오후', '멘솔', '비듬', '미쟝센', '비듬', '샴프', '린스', '탈모', '미쟝센', '비듬', '지성', '정수리', '냄새', '제거', '탈모', '완화', '미장센', '초록', '가성비', '올리브', '머리떡짐', '해결', '스케일링', '비듬']","['정수리_냄새', '냄새_오후', '오후_멘솔', '멘솔_비듬', '비듬_미쟝센', '미쟝센_비듬', '비듬_샴프', '샴프_린스', '린스_탈모', '탈모_미쟝센', '미쟝센_비듬', '비듬_지성', '지성_정수리', '정수리_냄새', '냄새_제거', '제거_탈모', '탈모_완화', '완화_미장센', '미장센_초록', '초록_가성비', '가성비_올리브', '올리브_머리떡짐', '머리떡짐_해결', '해결_스케일링', '스케일링_비듬']","['정수리', '냄새', '오후', '멘솔', '비듬', '미쟝센', '비듬', '샴프', '린스', '탈모', '미쟝센', '비듬', '지성', '정수리', '냄새', '제거', '탈모', '완화', '미장센', '초록', '가성비', '올리브', '머리떡짐', '해결', '스케일링', '비듬', '정수리_냄새', '냄새_오후', '오후_멘솔', '멘솔_비듬', '비듬_미쟝센', '미쟝센_비듬', '비듬_샴프', '샴프_린스', '린스_탈모', '탈모_미쟝센', '미쟝센_비듬', '비듬_지성', '지성_정수리', '정수리_냄새', '냄새_제거', '제거_탈모', '탈모_완화', '완화_미장센', '미장센_초록', '초록_가성비', '가성비_올리브', '올리브_머리떡짐', '머리떡짐_해결', '해결_스케일링', '스케일링_비듬']",[],,,0,[],1,['추천'],1,긍정,False
cafearticle,,비듬 없애는 샴푸,두피각질 없애는 생활습관과 음식 관리 팁 뭉치면서 비듬 처럼 보일 수 있습니다 2 건조한 두피 잦은 염색 펌 뜨거운 바람 드라이 겨울철 건조한 환경은 두피 수분을 빼앗습니다 3 잘못된 샴푸 습관 하루 2회 이상 과한 세정 세정력 강한 제품 사용은 오히려 두피,"['각질', '생활', '습관', '음식', '관리', '비듬', '건조', '염색', '바람', '드라이', '겨울철', '건조', '환경', '수분', '습관', '하루', '이상', '세정', '세정']","['각질_생활', '생활_습관', '습관_음식', '음식_관리', '관리_비듬', '비듬_건조', '건조_염색', '염색_바람', '바람_드라이', '드라이_겨울철', '겨울철_건조', '건조_환경', '환경_수분', '수분_습관', '습관_하루', '하루_이상', '이상_세정', '세정_세정']","['각질', '생활', '습관', '음식', '관리', '비듬', '건조', '염색', '바람', '드라이', '겨울철', '건조', '환경', '수분', '습관', '하루', '이상', '세정', '세정', '각질_생활', '생활_습관', '습관_음식', '음식_관리', '관리_비듬', '비듬_건조', '건조_염색', '염색_바람', '바람_드라이', '드라이_겨울철', '겨울철_건조', '건조_환경', '환경_수분', '수분_습관', '습관_하루', '하루_이상', '이상_세정', '세정_세정']",[],,,0,[],0,[],0,중립,False
cafearticle,,비듬 없애는 샴푸,비듬 없애는 방법 좋은 팁이라도 ㅠ 단순히 비듬 문제일까 아니면 두피 컨디션이 나빠진 신호일까 고민 중입니다 ㅜ 비듬 을 줄이려면 두피를 과하게 건조시키지 말아야 한다 비듬 없애는 방법 하려면 샴푸 를 꼼꼼히 헹궈야 한다 스트레스 관리도 중요하다,"['비듬', '방법', '비듬', '문제', '컨디션', '신호', '고민', '비듬', '건조', '비듬', '방법', '스트레스', '관리', '중요']","['비듬_방법', '방법_비듬', '비듬_문제', '문제_컨디션', '컨디션_신호', '신호_고민', '고민_비듬', '비듬_건조', '건조_비듬', '비듬_방법', '방법_스트레스', '스트레스_관리', '관리_중요']","['비듬', '방법', '비듬', '문제', '컨디션', '신호', '고민', '비듬', '건조', '비듬', '방법', '스트레스', '관리', '중요', '비듬_방법', '방법_비듬', '비듬_문제', '문제_컨디션', '컨디션_신호', '신호_고민', '고민_비듬', '비듬_건조', '건조_비듬', '비듬_방법', '방법_스트레스', '스트레스_관리', '관리_중요']",[],,,0,[],0,[],0,중립,False
cafearticle,,비듬 없애는 샴푸,비듬 없애는 방법 괜찮은거 있나요ㅠㅠ 그래서 비듬 없애는 방법 계속 찾아보는 중인데 샴푸 바꾸라는 글도 있고 두피 보습하라는 말도 있고 도대체 뭐가 맞는 건지 모르겠네요 비듬 없애는 방법 제대로 안 잡으면 점점 더 심해질까봐 걱정도 되고요 요즘은,"['비듬', '방법', '비듬', '방법', '보습', '비듬', '방법', '걱정']","['비듬_방법', '방법_비듬', '비듬_방법', '방법_보습', '보습_비듬', '비듬_방법', '방법_걱정']","['비듬', '방법', '비듬', '방법', '보습', '비듬', '방법', '걱정', '비듬_방법', '방법_비듬', '비듬_방법', '방법_보습', '보습_비듬', '비듬_방법', '방법_걱정']",[],,,0,[],0,[],0,중립,False
cafearticle,,비듬 없애는 샴푸,이번달 BOGO에 도테라 샴푸 가 떳네요 도테라 샴프에 티트리랑 로즈마리 오일 넣어서 샴푸 했더니 비듬 도 싹 사라지고 두피 가라움증도 천연 샴푸 아이들이사용해도좋은천연 샴푸 100 식물향기 두피각질냄새염증 없애는 법 도테라제품싸게사는법,"['이번', '샴프', '트리', '로즈마리', '오일', '비듬', '천연', '아이', '천연', '식물', '향기', '각질', '냄새', '염증']","['이번_샴프', '샴프_트리', '트리_로즈마리', '로즈마리_오일', '오일_비듬', '비듬_천연', '천연_아이', '아이_천연', '천연_식물', '식물_향기', '향기_각질', '각질_냄새', '냄새_염증']","['이번', '샴프', '트리', '로즈마리', '오일', '비듬', '천연', '아이', '천연', '식물', '향기', '각질', '냄새', '염증', '이번_샴프', '샴프_트리', '트리_로즈마리', '로즈마리_오일', '오일_비듬', '비듬_천연', '천연_아이', '아이_천연', '천연_식물', '식물_향기', '향기_각질', '각질_냄새', '냄새_염증']",[],,,0,[],0,[],0,중립,False
cafearticle,,비듬 없애는 샴푸,샴푸 바꿨더니 비듬 사라졌어요 약산성 샴푸 로 바꿨는데 확실히 달라요 두피 가려움도 없어졌고요 비듬 고민이신 분들 샴푸 바꿔보세요 ㅎㅎ,"['비듬', '산성', '비듬', '고민']","['비듬_산성', '산성_비듬', '비듬_고민']","['비듬', '산성', '비듬', '고민', '비듬_산성', '산성_비듬', '비듬_고민']",[],,,1,['가려움'],2,"['없어졌', '사라졌']",1,긍정,False
cafearticle,,비듬 없애는 샴푸,탈모 초기증상 관리방법이 따로 있을까요 일단 스트레스를 줄이고 비듬 없애는 샴푸 쓰는 것부터 해보려는데 이게 맞는 방향일지도 잘 모르겠어요 탈모 초기증상 관리 혼자 고민만 하다가는 시기를 놓칠까 걱정이에요 지금 단계에서 어떤 걸 하면 좋을까요,"['탈모', '초기', '증상', '관리', '방법', '스트레스', '비듬', '방향', '탈모', '초기', '증상', '관리', '혼자', '고민', '시기', '걱정', '단계']","['탈모_초기', '초기_증상', '증상_관리', '관리_방법', '방법_스트레스', '스트레스_비듬', '비듬_방향', '방향_탈모', '탈모_초기', '초기_증상', '증상_관리', '관리_혼자', '혼자_고민', '고민_시기', '시기_걱정', '걱정_단계']","['탈모', '초기', '증상', '관리', '방법', '스트레스', '비듬', '방향', '탈모', '초기', '증상', '관리', '혼자', '고민', '시기', '걱정', '단계', '탈모_초기', '초기_증상', '증상_관리', '관리_방법', '방법_스트레스', '스트레스_비듬', '비듬_방향', '방향_탈모', '탈모_초기', '초기_증상', '증상_관리', '관리_혼자', '혼자_고민', '고민_시기', '시기_걱정', '걱정_단계']",[],,,0,[],0,[],0,중립,False
cafearticle,,비듬 없애는 샴푸,머리 비듬없애는 법 효과 좋은거 없을까요 인터넷에 머리 비듬없애는 법 검색해보니까 두피 스케일링이나 약용 샴푸 이야기가 많길래 저도 따라 해봤어요 쓰는 동안은 좀 괜찮아지는 느낌이 들긴 했는데 딱 그때뿐이더라고요 근본적으로 나아지는 느낌은 없었어요,"['비듬', '효과', '인터넷', '비듬', '검색', '스케일링', '약용', '이야기', '동안', '느낌', '그때', '근본', '느낌']","['비듬_효과', '효과_인터넷', '인터넷_비듬', '비듬_검색', '검색_스케일링', '스케일링_약용', '약용_이야기', '이야기_동안', '동안_느낌', '느낌_그때', '그때_근본', '근본_느낌']","['비듬', '효과', '인터넷', '비듬', '검색', '스케일링', '약용', '이야기', '동안', '느낌', '그때', '근본', '느낌', '비듬_효과', '효과_인터넷', '인터넷_비듬', '비듬_검색', '검색_스케일링', '스케일링_약용', '약용_이야기', '이야기_동안', '동안_느낌', '느낌_그때', '그때_근본', '근본_느낌']",[],,,0,[],0,[],0,중립,False
cafearticle,,비듬 없애는 샴푸,비듬없애는 방법 뭐가 답인가요ㅠㅠ 검색해서 비듬없애는 방법 이것저것 찾아보고 두피 스케일링도 받아보고 샴푸 도 바꿔봤는데 그때뿐이고 다시 돌아와요 건조한 건지 지루성인지 스트레스 때문인지 이유도 모르겠고 더 답답해요 비듬없애는 방법 제대로,"['비듬', '방법', '검색', '비듬', '방법', '이것저것', '스케일링', '그때', '건조', '지루성', '스트레스', '비듬', '방법']","['비듬_방법', '방법_검색', '검색_비듬', '비듬_방법', '방법_이것저것', '이것저것_스케일링', '스케일링_그때', '그때_건조', '건조_지루성', '지루성_스트레스', '스트레스_비듬', '비듬_방법']","['비듬', '방법', '검색', '비듬', '방법', '이것저것', '스케일링', '그때', '건조', '지루성', '스트레스', '비듬', '방법', '비듬_방법', '방법_검색', '검색_비듬', '비듬_방법', '방법_이것저것', '이것저것_스케일링', '스케일링_그때', '그때_건조', '건조_지루성', '지루성_스트레스', '스트레스_비듬', '비듬_방법']",[],,,0,[],0,[],0,중립,False
cafearticle,,비듬 없애는 샴푸,수원지루성피부염 증상 두피에 나타났을 때 관리방법 억지로 없애는 데 집중하기보다 왜 두피가 계속 붉어지고 예민해지는지 그 원인을 차분히 살펴볼 필요가 있습니다 1 머리가 가렵고 갑자기 비듬 이 많이 떨어진다 수원지루성피부염은 피지 분비가 왕성한 곳에 나타나는,"['수원', '지루', '피부염', '증상', '관리', '방법', '집중', '원인', '필요', '비듬', '수원', '지루성 피부염', '피지', '분비', '왕성']","['수원_지루', '지루_피부염', '피부염_증상', '증상_관리', '관리_방법', '방법_집중', '집중_원인', '원인_필요', '필요_비듬', '비듬_수원', '수원_지루성 피부염', '지루성 피부염_피지', '피지_분비', '분비_왕성']","['수원', '지루', '피부염', '증상', '관리', '방법', '집중', '원인', '필요', '비듬', '수원', '지루성 피부염', '피지', '분비', '왕성', '수원_지루', '지루_피부염', '피부염_증상', '증상_관리', '관리_방법', '방법_집중', '집중_원인', '원인_필요', '필요_비듬', '비듬_수원', '수원_지루성 피부염', '지루성 피부염_피지', '피지_분비', '분비_왕성']",[],,,0,[],0,[],0,중립,False
cafearticle,,비듬 없애는 샴푸,이거 하나로 모든 고민 해결 2026년 02월 계속해서 비듬 없애는 방법을 찾던 중에 저랑 비슷한 고민을 가졌었는데 이거 하나로 해결했다는 샴푸 하나만으로도 비듬 스트레스에서 벗어날 수 있다는게 믿기지 않았는데 실제로 제가 그 당사자가 기미크림,"['고민', '해결', '계속', '비듬', '방법', '고민', '해결', '비듬', '스트레스', '당사자', '기미', '크림']","['고민_해결', '해결_계속', '계속_비듬', '비듬_방법', '방법_고민', '고민_해결', '해결_비듬', '비듬_스트레스', '스트레스_당사자', '당사자_기미', '기미_크림']","['고민', '해결', '계속', '비듬', '방법', '고민', '해결', '비듬', '스트레스', '당사자', '기미', '크림', '고민_해결', '해결_계속', '계속_비듬', '비듬_방법', '방법_고민', '고민_해결', '해결_비듬', '비듬_스트레스', '스트레스_당사자', '당사자_기미', '기미_크림']",[],,,0,[],0,[],0,중립,False
cafearticle,,비듬 없애는 샴푸,비듬없애는 방법 있긴 한가요ㅠ 비듬없애는 방법 검색하면 진짜 수백 가지가 나오잖아요 약국 비듬 샴푸 도 써봤고 니조랄도 써봤고 티트리 오일 넣은 것도 써봤는데 그때만 잠깐 괜찮고 다시 원래대로 돌아오더라고요 비듬없애는 방법 중에 식초 린스도,"['비듬', '방법', '비듬', '방법', '검색', '비듬', '니조랄', '트리', '오일', '그때', '원래', '비듬', '방법', '식초', '린스']","['비듬_방법', '방법_비듬', '비듬_방법', '방법_검색', '검색_비듬', '비듬_니조랄', '니조랄_트리', '트리_오일', '오일_그때', '그때_원래', '원래_비듬', '비듬_방법', '방법_식초', '식초_린스']","['비듬', '방법', '비듬', '방법', '검색', '비듬', '니조랄', '트리', '오일', '그때', '원래', '비듬', '방법', '식초', '린스', '비듬_방법', '방법_비듬', '비듬_방법', '방법_검색', '검색_비듬', '비듬_니조랄', '니조랄_트리', '트리_오일', '오일_그때', '그때_원래', '원래_비듬', '비듬_방법', '방법_식초', '식초_린스']",[],,,1,['니조랄'],0,[],-1,이탈위험,True
cafearticle,,비듬 없애는 샴푸,두피 스케일링 2026년 02월 40일 모발 비듬 없애는 방법에 대한 고민도 점점 동탄두피관리 답답했던 머릿속 두피스케일링 해결 두피스케일링 두피 팩을 씻어주기 위해서 샴푸 를 테라피스트님이 직접 진행해 주시는데 평소에도 두피가 예민한데,"['스케일링', '모발', '비듬', '방법', '고민', '동탄', '관리', '머릿속', '스케일링', '해결', '스케일링', '테라피스트', '진행', '평소']","['스케일링_모발', '모발_비듬', '비듬_방법', '방법_고민', '고민_동탄', '동탄_관리', '관리_머릿속', '머릿속_스케일링', '스케일링_해결', '해결_스케일링', '스케일링_테라피스트', '테라피스트_진행', '진행_평소']","['스케일링', '모발', '비듬', '방법', '고민', '동탄', '관리', '머릿속', '스케일링', '해결', '스케일링', '테라피스트', '진행', '평소', '스케일링_모발', '모발_비듬', '비듬_방법', '방법_고민', '고민_동탄', '동탄_관리', '관리_머릿속', '머릿속_스케일링', '스케일링_해결', '해결_스케일링', '스케일링_테라피스트', '테라피스트_진행', '진행_평소']",[],,,0,[],0,[],0,중립,False
cafearticle,,비듬 없애는 샴푸,머리 비듬없애는 방법 어떤게 좋을까요 비듬없애는 방법 찾아보면서 샴푸 도 엄청 바꿔봤거든요 약국에서 파는 것부터 인터넷에서 유명하다는 것까지 이것저것 사봤는데 괜찮아지는 듯 하더니 결국 다시 돌아오더라구요 혹시 저처럼 샴푸 바꿔도 개선안된 분들,"['비듬', '방법', '비듬', '방법', '인터넷', '유명', '이것저것', '결국', '개선']","['비듬_방법', '방법_비듬', '비듬_방법', '방법_인터넷', '인터넷_유명', '유명_이것저것', '이것저것_결국', '결국_개선']","['비듬', '방법', '비듬', '방법', '인터넷', '유명', '이것저것', '결국', '개선', '비듬_방법', '방법_비듬', '비듬_방법', '방법_인터넷', '인터넷_유명', '유명_이것저것', '이것저것_결국', '결국_개선']",[],,,0,[],0,[],0,중립,False
cafearticle,,비듬 없애는 샴푸,비듬 없애는 방법 알려주세요 아침에 머리 감고 나가도 점심때 되면 또 생겨요 건조한 날씨에는 더더욱 두피가 가려워서 긁으면 긁을수록 하얀 가루가 우수수 떨어지고 있는데요 진짜 비듬 없애는 방법 없나요 샴푸 도 두피 전용으로 바꿔봤어요 처음에,"['비듬', '방법', '아침', '점심', '건조', '날씨', '가루', '비듬', '방법', '전용', '처음']","['비듬_방법', '방법_아침', '아침_점심', '점심_건조', '건조_날씨', '날씨_가루', '가루_비듬', '비듬_방법', '방법_전용', '전용_처음']","['비듬', '방법', '아침', '점심', '건조', '날씨', '가루', '비듬', '방법', '전용', '처음', '비듬_방법', '방법_아침', '아침_점심', '점심_건조', '건조_날씨', '날씨_가루', '가루_비듬', '비듬_방법', '방법_전용', '전용_처음']",[],,,0,[],0,[],0,중립,False
cafearticle,,비듬 없애는 샴푸,대용량 샴푸 추천 비듬 없애는 효과 후기 3 1 살림백서 대용량 샴푸 1000ml 약산성 천연지수81 비듬 민감성 베이비향 지성 구매하러가기 자연에서 찾은 비결 3 1 살림백서 대용량 샴푸 요즘 비듬 과 두피 민감성 문제로 고민하는 분들이 많죠 저도 그 중 한,"['용량', '비듬', '효과', '살림', '백서', '용량', '산성', '천연', '지수', '비듬', '베이비', '지성', '자연', '비결', '살림', '백서', '용량', '비듬', '문제', '고민']","['용량_비듬', '비듬_효과', '효과_살림', '살림_백서', '백서_용량', '용량_산성', '산성_천연', '천연_지수', '지수_비듬', '비듬_베이비', '베이비_지성', '지성_자연', '자연_비결', '비결_살림', '살림_백서', '백서_용량', '용량_비듬', '비듬_문제', '문제_고민']","['용량', '비듬', '효과', '살림', '백서', '용량', '산성', '천연', '지수', '비듬', '베이비', '지성', '자연', '비결', '살림', '백서', '용량', '비듬', '문제', '고민', '용량_비듬', '비듬_효과', '효과_살림', '살림_백서', '백서_용량', '용량_산성', '산성_천연', '천연_지수', '지수_비듬', '비듬_베이비', '베이비_지성', '지성_자연', '자연_비결', '비결_살림', '살림_백서', '백서_용량', '용량_비듬', '비듬_문제', '문제_고민']",[],,,0,[],1,['추천'],1,긍정,False
cafearticle,,비듬 없애는 샴푸,비듬없애는 방법 꼭 좀 알려주세요 비듬 은 대체 어떻게 없애는 건가요 ㅠ 매일 샴푸 써서 머리 감고 하루도 안거르는데도 거울 보면 비듬 이 그대로에요 깔끔한거 좋아해서 더 스트레스 받아요 너무 많아서 옷에도 떨어지고 신경이 계속 쓰여요 비듬없애는 방법,"['비듬', '방법', '비듬', '하루', '거울', '비듬', '깔끔', '스트레스', '신경', '비듬', '방법']","['비듬_방법', '방법_비듬', '비듬_하루', '하루_거울', '거울_비듬', '비듬_깔끔', '깔끔_스트레스', '스트레스_신경', '신경_비듬', '비듬_방법']","['비듬', '방법', '비듬', '하루', '거울', '비듬', '깔끔', '스트레스', '신경', '비듬', '방법', '비듬_방법', '방법_비듬', '비듬_하루', '하루_거울', '거울_비듬', '비듬_깔끔', '깔끔_스트레스', '스트레스_신경', '신경_비듬', '비듬_방법']",[],,,1,['그대로'],0,[],-1,이탈위험,False
cafearticle,,비듬 없애는 샴푸,등업신청합니다 비듬 샴푸 두피문신 피나스테리드 헤어트리트먼트 머리빨리기르는법 두피괄사 미녹시딜여자 모발이식비용 비듬없애는 방법 정수리탈모 헤어토닉 두피가려움 두피영양제 탈모영양제 두피케어 탈모치료,"['신청', '비듬', '문신', '피나스테리드', '트리트먼트', '두피괄사', '미녹시딜', '여자', '모발', '이식', '비용', '비듬', '방법', '정수리', '탈모', '헤어토닉', '영양제', '탈모', '영양제', '케어', '탈모', '치료']","['신청_비듬', '비듬_문신', '문신_피나스테리드', '피나스테리드_트리트먼트', '트리트먼트_두피괄사', '두피괄사_미녹시딜', '미녹시딜_여자', '여자_모발', '모발_이식', '이식_비용', '비용_비듬', '비듬_방법', '방법_정수리', '정수리_탈모', '탈모_헤어토닉', '헤어토닉_영양제', '영양제_탈모', '탈모_영양제', '영양제_케어', '케어_탈모', '탈모_치료']","['신청', '비듬', '문신', '피나스테리드', '트리트먼트', '두피괄사', '미녹시딜', '여자', '모발', '이식', '비용', '비듬', '방법', '정수리', '탈모', '헤어토닉', '영양제', '탈모', '영양제', '케어', '탈모', '치료', '신청_비듬', '비듬_문신', '문신_피나스테리드', '피나스테리드_트리트먼트', '트리트먼트_두피괄사', '두피괄사_미녹시딜', '미녹시딜_여자', '여자_모발', '모발_이식', '이식_비용', '비용_비듬', '비듬_방법', '방법_정수리', '정수리_탈모', '탈모_헤어토닉', '헤어토닉_영양제', '영양제_탈모', '탈모_영양제', '영양제_케어', '케어_탈모', '탈모_치료']",[],,,1,['가려움'],0,[],-1,이탈위험,False
cafearticle,,비듬 없애는 샴푸,겨울철 두피 각질 집에서 쉽게 없애는 5가지 방법 겨울철 두피 각질 집에서 쉽게 없애는 5가지 방법 1 겨울철 두피 각질 왜 더 심해질까 추운 날씨에 비듬 전용 샴푸 를 쓰고 있는데도 나아지지 않나요 이유는 간단해요 제품 성분이 강하거나 알칼리성일 경우,"['겨울철', '각질', '방법', '겨울철', '각질', '방법', '겨울철', '각질', '날씨', '비듬', '전용', '성분', '알칼리']","['겨울철_각질', '각질_방법', '방법_겨울철', '겨울철_각질', '각질_방법', '방법_겨울철', '겨울철_각질', '각질_날씨', '날씨_비듬', '비듬_전용', '전용_성분', '성분_알칼리']","['겨울철', '각질', '방법', '겨울철', '각질', '방법', '겨울철', '각질', '날씨', '비듬', '전용', '성분', '알칼리', '겨울철_각질', '각질_방법', '방법_겨울철', '겨울철_각질', '각질_방법', '방법_겨울철', '겨울철_각질', '각질_날씨', '날씨_비듬', '비듬_전용', '전용_성분', '성분_알칼리']",[],,,0,[],0,[],0,중립,False
cafearticle,,비듬 없애는 샴푸,시험 기간에 잠 줄이면 생기는 일 2026년 01월 비듬 없애는 샴푸 비듬 생기는 이유 머리 문제 극뽁 시험기간에 머리 안감고 가도 주변에서 눈치도 못챌 수준이고 찐친들은 이런 저를 엄청나게 비듬 생기는 이유가 유분은 유분대로 비듬은 비듬대로 각자,"['시험', '기간', '비듬', '비듬', '문제', '시험', '기간', '주변', '눈치', '수준', '찐친', '비듬', '유분', '유분', '비듬', '비듬']","['시험_기간', '기간_비듬', '비듬_비듬', '비듬_문제', '문제_시험', '시험_기간', '기간_주변', '주변_눈치', '눈치_수준', '수준_찐친', '찐친_비듬', '비듬_유분', '유분_유분', '유분_비듬', '비듬_비듬']","['시험', '기간', '비듬', '비듬', '문제', '시험', '기간', '주변', '눈치', '수준', '찐친', '비듬', '유분', '유분', '비듬', '비듬', '시험_기간', '기간_비듬', '비듬_비듬', '비듬_문제', '문제_시험', '시험_기간', '기간_주변', '주변_눈치', '눈치_수준', '수준_찐친', '찐친_비듬', '비듬_유분', '유분_유분', '유분_비듬', '비듬_비듬']",[],,,0,[],0,[],0,중립,False
cafearticle,,비듬 없애는 샴푸,개 비듬 완전 신기한데 어떻게 없애는 거예요 그리고 개 비듬 없애는 방법도 완전 궁금해요 어떻게 하면 되는 건가요 일단 제가 알아본 걸로는 목욕을 그리고 목욕할 때도 미지근한 물로 하고 강아지 전용 샴푸 써야 한다고 하던데요 습도 관리도 중요하다고,"['비듬', '비듬', '방법', '목욕', '목욕', '강아지', '전용', '습도', '관리', '중요']","['비듬_비듬', '비듬_방법', '방법_목욕', '목욕_목욕', '목욕_강아지', '강아지_전용', '전용_습도', '습도_관리', '관리_중요']","['비듬', '비듬', '방법', '목욕', '목욕', '강아지', '전용', '습도', '관리', '중요', '비듬_비듬', '비듬_방법', '방법_목욕', '목욕_목욕', '목욕_강아지', '강아지_전용', '전용_습도', '습도_관리', '관리_중요']",[],,,0,[],0,[],0,중립,False
cafearticle,,비듬 없애는 샴푸,비교우드qi4d 정보 수십 년간 축적된 헤드앤숄더만의 독자적인 비듬 관리 기술력이 이 쿨 멘솔 샴푸 에도 듬뿍 담겨 있습니다 눈에 보이는 비듬 을 없애는 것은 물론 비듬 과 가려움의 근본적인 원인 중 하나인 두피 유해균을 효과적으로,"['비교', '우드', '정보', '축적', '독자', '비듬', '관리', '기술력', '비듬', '비듬', '근본', '원인', '유해', '효과']","['비교_우드', '우드_정보', '정보_축적', '축적_독자', '독자_비듬', '비듬_관리', '관리_기술력', '기술력_비듬', '비듬_비듬', '비듬_근본', '근본_원인', '원인_유해', '유해_효과']","['비교', '우드', '정보', '축적', '독자', '비듬', '관리', '기술력', '비듬', '비듬', '근본', '원인', '유해', '효과', '비교_우드', '우드_정보', '정보_축적', '축적_독자', '독자_비듬', '비듬_관리', '관리_기술력', '기술력_비듬', '비듬_비듬', '비듬_근본', '근본_원인', '원인_유해', '유해_효과']",[],,,1,['가려움'],0,[],-1,이탈위험,False
cafearticle,,비듬 없애는 샴푸,머리 두피 건선 단순한 비듬 인 줄 알고 그냥 넘겼다면 비듬 은 두피가 건조하거나 피지가 많을 때 생기며 대부분 샴푸 관리나 생활습관 개선으로 호전됩니다 반면 한의학적 치료의 목표는 겉으로 보이는 각질을 없애는 것보다는 재발하지 않는 몸 상태를 만드는 것에,"['건선', '단순', '비듬', '비듬', '건조', '피지', '대부분', '관리', '생활', '습관', '개선', '호전', '반면', '한의학', '치료', '목표', '각질', '재발', '상태']","['건선_단순', '단순_비듬', '비듬_비듬', '비듬_건조', '건조_피지', '피지_대부분', '대부분_관리', '관리_생활', '생활_습관', '습관_개선', '개선_호전', '호전_반면', '반면_한의학', '한의학_치료', '치료_목표', '목표_각질', '각질_재발', '재발_상태']","['건선', '단순', '비듬', '비듬', '건조', '피지', '대부분', '관리', '생활', '습관', '개선', '호전', '반면', '한의학', '치료', '목표', '각질', '재발', '상태', '건선_단순', '단순_비듬', '비듬_비듬', '비듬_건조', '건조_피지', '피지_대부분', '대부분_관리', '관리_생활', '생활_습관', '습관_개선', '개선_호전', '호전_반면', '반면_한의학', '한의학_치료', '치료_목표', '목표_각질', '각질_재발', '재발_상태']",[],,,0,[],0,[],0,중립,False
cafearticle,,비듬 없애는 샴푸,비듬 없애는 방법 궁금해요ㅜ 비듬 없애는 방법 웬만한거 다 해본거같아요 관리샵가서 스케일링도받아보고 병원가서 약용 샴푸 도 써봤는데 잠깐만 좋아지다가 다시 재발하고 오히려 자극 세게받아서 그런지 두피가 붉어지고 더 예민해지더라구요,"['비듬', '방법', '비듬', '방법', '관리', '스케일링', '병원', '재발', '자극']","['비듬_방법', '방법_비듬', '비듬_방법', '방법_관리', '관리_스케일링', '스케일링_병원', '병원_재발', '재발_자극']","['비듬', '방법', '비듬', '방법', '관리', '스케일링', '병원', '재발', '자극', '비듬_방법', '방법_비듬', '비듬_방법', '방법_관리', '관리_스케일링', '스케일링_병원', '병원_재발', '재발_자극']",[],,,1,['자극'],0,[],-1,이탈위험,False
cafearticle,,비듬 없애는 샴푸,비듬 없애는 방법 찾아서 비듬 없애는 방법 찾아보면서 하나씩 해보고 있어요 두피 스케일링도 따로 해보고 샴푸 도 바꿔보고 하는데 요즘 너무 춥고 건조해서 그런건지 두피 가렵고 비듬 이 계속 생기네요ㅠ 그렇다 지성이 아닌건 아니라서,"['비듬', '방법', '비듬', '방법', '스케일링', '건조', '비듬', '지성']","['비듬_방법', '방법_비듬', '비듬_방법', '방법_스케일링', '스케일링_건조', '건조_비듬', '비듬_지성']","['비듬', '방법', '비듬', '방법', '스케일링', '건조', '비듬', '지성', '비듬_방법', '방법_비듬', '비듬_방법', '방법_스케일링', '스케일링_건조', '건조_비듬', '비듬_지성']",[],,,0,[],0,[],0,중립,False
cafearticle,,비듬 없애는 샴푸,지성 두피를 위한 최적의 선택 살림백서 약산성 샴푸 그런데 검색해 보니 이 샴푸 는 유칼립투스를 함유하고 있어서 비듬 을 없애는 데 효과적이라는 리뷰를 봤어요 심지어 무실리콘이어서 더욱 안심이었답니다 두피가 민감한 저에게는 딱인 것 같더라고요 사용해 보니,"['지성', '최적', '선택', '살림', '백서', '산성', '검색', '유칼립투스', '함유', '비듬', '효과', '리뷰', '실리콘', '안심']","['지성_최적', '최적_선택', '선택_살림', '살림_백서', '백서_산성', '산성_검색', '검색_유칼립투스', '유칼립투스_함유', '함유_비듬', '비듬_효과', '효과_리뷰', '리뷰_실리콘', '실리콘_안심']","['지성', '최적', '선택', '살림', '백서', '산성', '검색', '유칼립투스', '함유', '비듬', '효과', '리뷰', '실리콘', '안심', '지성_최적', '최적_선택', '선택_살림', '살림_백서', '백서_산성', '산성_검색', '검색_유칼립투스', '유칼립투스_함유', '함유_비듬', '비듬_효과', '효과_리뷰', '리뷰_실리콘', '실리콘_안심']",[],,,0,[],0,[],0,중립,False
cafearticle,,비듬 없애는 샴푸,머리 비듬없애는 법 진짜 부탁드려요 머리 비듬없애는 법 아는 분 없을까요 요즘 이거 때문에 계속 검색만 하고있어요 ㅠ 갑자기 비듬 이 생기기 이상하게 비듬 만 생기니까 도대체 이유를 모르겠어요 괜히 샴푸 가 안맞나 싶기에는 오래 쓴 제품이라 그건 또,"['비듬', '비듬', '검색', '비듬', '이상', '비듬']","['비듬_비듬', '비듬_검색', '검색_비듬', '비듬_이상', '이상_비듬']","['비듬', '비듬', '검색', '비듬', '이상', '비듬', '비듬_비듬', '비듬_검색', '검색_비듬', '비듬_이상', '이상_비듬']",[],,,0,[],0,[],0,중립,False
cafearticle,,비듬 없애는 샴푸,머리 감아도 하루만 지나면 다시 생기는 비듬 진짜 이유는 따로 있더라구요 그래서 오늘은 머리 비듬 없애는 방법 정리해 볼께요 어떻게 관리해야 하는지 제 경험도 섞어서요 이걸 모르고 샴푸 만 바꾸면 계속 반복될 수밖에 없어요 샴푸 선택보다 중요한,"['하루', '비듬', '비듬', '방법', '정리', '관리', '경험', '반복', '선택', '중요']","['하루_비듬', '비듬_비듬', '비듬_방법', '방법_정리', '정리_관리', '관리_경험', '경험_반복', '반복_선택', '선택_중요']","['하루', '비듬', '비듬', '방법', '정리', '관리', '경험', '반복', '선택', '중요', '하루_비듬', '비듬_비듬', '비듬_방법', '방법_정리', '정리_관리', '관리_경험', '경험_반복', '반복_선택', '선택_중요']",[],,,0,[],0,[],0,중립,False
cafearticle,,비듬 없애는 샴푸,진짜 개운한 게 뭔지 경험해 보세요 2026년 01월 품절되기 전에 보기 review 비듬 없애는 방법 자극없이 개운한 메다비타 리바이탈 10 특히나 메다비타처럼 두피컨디션을 바꿔줄 수 있는 제품이라면 더 빠르게 개선을 경험할 수 있을건데요 올바르게 샴푸 하는 방법도,"['경험', '품절', '비듬', '방법', '자극', '비타', '이탈', '비타', '컨디션', '개선', '경험', '방법']","['경험_품절', '품절_비듬', '비듬_방법', '방법_자극', '자극_비타', '비타_이탈', '이탈_비타', '비타_컨디션', '컨디션_개선', '개선_경험', '경험_방법']","['경험', '품절', '비듬', '방법', '자극', '비타', '이탈', '비타', '컨디션', '개선', '경험', '방법', '경험_품절', '품절_비듬', '비듬_방법', '방법_자극', '자극_비타', '비타_이탈', '이탈_비타', '비타_컨디션', '컨디션_개선', '개선_경험', '경험_방법']",[],,,1,['자극'],0,[],-1,이탈위험,False
cafearticle,,비듬 없애는 샴푸,강아지 비듬 없애는 방법 좀 알려주세요 샴푸 를 바꿔야 할지 탄산스파도 좋다는 말 있던데 괜찮을지 오메가3 좋다는 말도 있고 해보시고 강아지 비듬 에 효과 보신 분들 계신다면 댓글좀 부탁드려요 비싼 거 번거로운 거라도 무조건 해줘볼게요 ㅠㅠ,"['강아지', '비듬', '방법', '탄산', '스파', '오메가', '강아지', '비듬', '효과', '댓글']","['강아지_비듬', '비듬_방법', '방법_탄산', '탄산_스파', '스파_오메가', '오메가_강아지', '강아지_비듬', '비듬_효과', '효과_댓글']","['강아지', '비듬', '방법', '탄산', '스파', '오메가', '강아지', '비듬', '효과', '댓글', '강아지_비듬', '비듬_방법', '방법_탄산', '탄산_스파', '스파_오메가', '오메가_강아지', '강아지_비듬', '비듬_효과', '효과_댓글']",[],,,0,[],0,[],0,중립,False
cafearticle,,비듬 없애는 샴푸,0원으로 머리 비듬 1주일만에 없애는 법 생겼다고 비듬 샴푸 사는데 나의 생각은 갑자기 비듬 이 생긴다면 생활습관에서 나온 문제점인것 같음 아니면 샴푸 를 다른걸로 바꿨다던가 아님 나처럼 다운펌이 잘 안맞았던가 등등 또 궁금한거 있으면 아는 선에서,"['비듬', '비듬', '비듬', '생활', '습관', '문제점', '다운']","['비듬_비듬', '비듬_비듬', '비듬_생활', '생활_습관', '습관_문제점', '문제점_다운']","['비듬', '비듬', '비듬', '생활', '습관', '문제점', '다운', '비듬_비듬', '비듬_비듬', '비듬_생활', '생활_습관', '습관_문제점', '문제점_다운']",[],,,0,[],0,[],0,중립,False
cafearticle,,비듬 없애는 샴푸,외출할때 아이라이너 추천 더엔비피미니핑거라이너 다른글보기 애쉬그레이 염색 유지법 뿌리탈색 주기와 보색 샴푸 활용 꿀팁 총정리 지루성 두피염 비듬 없애는 법 두피 각질 가려움,"['외출', '아이라이너', '더엔비피미니핑거라이너', '애쉬그레이', '염색', '유지', '뿌리', '탈색', '주기', '보색', '활용', '정리', '지루', '비듬', '각질']","['외출_아이라이너', '아이라이너_더엔비피미니핑거라이너', '더엔비피미니핑거라이너_애쉬그레이', '애쉬그레이_염색', '염색_유지', '유지_뿌리', '뿌리_탈색', '탈색_주기', '주기_보색', '보색_활용', '활용_정리', '정리_지루', '지루_비듬', '비듬_각질']","['외출', '아이라이너', '더엔비피미니핑거라이너', '애쉬그레이', '염색', '유지', '뿌리', '탈색', '주기', '보색', '활용', '정리', '지루', '비듬', '각질', '외출_아이라이너', '아이라이너_더엔비피미니핑거라이너', '더엔비피미니핑거라이너_애쉬그레이', '애쉬그레이_염색', '염색_유지', '유지_뿌리', '뿌리_탈색', '탈색_주기', '주기_보색', '보색_활용', '활용_정리', '정리_지루', '지루_비듬', '비듬_각질']",[],,,1,['가려움'],1,['추천'],0,중립,False
cafearticle,,비듬 없애는 샴푸,비듬 없애는 방법 제발 부탁드려요ㅠ 혹시 비듬 없애는 방법들중에 확실하게 효과있던 분들 계실까요 꼭 샴푸 가 아니더라도 도움됐던 관리나 습관이 있다면 간절하게 따라하고싶어요 ㅠㅠ 요즘은 사람들 만날때마다 제 머리에 비듬 만 볼까봐 신경이 바짝,"['비듬', '방법', '비듬', '방법', '효과', '도움', '관리', '습관', '비듬', '신경']","['비듬_방법', '방법_비듬', '비듬_방법', '방법_효과', '효과_도움', '도움_관리', '관리_습관', '습관_비듬', '비듬_신경']","['비듬', '방법', '비듬', '방법', '효과', '도움', '관리', '습관', '비듬', '신경', '비듬_방법', '방법_비듬', '비듬_방법', '방법_효과', '효과_도움', '도움_관리', '관리_습관', '습관_비듬', '비듬_신경']",[],,,0,[],1,['효과있'],1,긍정,False
cafearticle,,비듬 없애는 샴푸,머리 비듬 제거방법 답답해서 정말 급해요ㅜ ㅠㅠ 머리를 덜말렸나 싶어서 신경 써서 말려봐도 결과는 비슷 ㅠㅠ 시간 지나면 다시 말짱도로묵이네요 그래서 요즘은 머리 비듬 제거방법만 계속 찾아만 보게되네요 ㅠ 비듬 에 좋다는 샴푸 도 이것저것 써봤는데 잠깐,"['비듬', '제거', '방법', '신경', '결과', '시간', '비듬', '제거', '방법', '비듬', '이것저것']","['비듬_제거', '제거_방법', '방법_신경', '신경_결과', '결과_시간', '시간_비듬', '비듬_제거', '제거_방법', '방법_비듬', '비듬_이것저것']","['비듬', '제거', '방법', '신경', '결과', '시간', '비듬', '제거', '방법', '비듬', '이것저것', '비듬_제거', '제거_방법', '방법_신경', '신경_결과', '결과_시간', '시간_비듬', '비듬_제거', '제거_방법', '방법_비듬', '비듬_이것저것']",[],,,0,[],0,[],0,중립,False
cafearticle,,비듬 없애는 샴푸,임산부 머리 비듬없애는 법 다들 어떻게 관리하시나요 비듬 이 계속 보여서 신경이 많이 쓰이네요 임신 전에는 이런 적이 거의 없었는데 호르몬 때문인지 두피가 건조한 건지 각질처럼 우수수 떨어져서 외출할 때마다 스트레스예요 괜히 아기한테 안 좋은 성분 쓸까 봐 샴푸 도,"['임산부', '비듬', '관리', '비듬', '신경', '임신', '호르몬', '건조', '각질', '외출', '스트레스', '아기', '성분']","['임산부_비듬', '비듬_관리', '관리_비듬', '비듬_신경', '신경_임신', '임신_호르몬', '호르몬_건조', '건조_각질', '각질_외출', '외출_스트레스', '스트레스_아기', '아기_성분']","['임산부', '비듬', '관리', '비듬', '신경', '임신', '호르몬', '건조', '각질', '외출', '스트레스', '아기', '성분', '임산부_비듬', '비듬_관리', '관리_비듬', '비듬_신경', '신경_임신', '임신_호르몬', '호르몬_건조', '건조_각질', '각질_외출', '외출_스트레스', '스트레스_아기', '아기_성분']",[],,,0,[],0,[],0,중립,False
cafearticle,,비듬 없애는 샴푸,두피각질 없애는 방법좀 두피ㅠ 왜그리 각질이생기는지 비듬 도아니고 각질이뭘써야 없어질까요ㅠ스트레스네요,"['각질', '방법', '각질', '비듬', '각질', '스트레스']","['각질_방법', '방법_각질', '각질_비듬', '비듬_각질', '각질_스트레스']","['각질', '방법', '각질', '비듬', '각질', '스트레스', '각질_방법', '방법_각질', '각질_비듬', '비듬_각질', '각질_스트레스']",[],,,0,[],0,[],0,중립,False
cafearticle,,비듬 없애는 샴푸,머리 비듬없애는 법 공유해주세요 ㅜㅜ 비듬 이 생기니까 옷 색부터 조심하게 되고 사람 많은 데서 괜히 위축돼요 ㅜㅜ 샴푸 를 자주 해도 잠깐뿐이고 하루만 지나면 다시 생겨요 ㅜㅜ 그래서 머리 비듬없애는 법을 이것저것 찾아봤는데 말이 너무 달라서 더,"['비듬', '공유', '비듬', '조심', '위축', '잠깐', '하루', '비듬', '이것저것']","['비듬_공유', '공유_비듬', '비듬_조심', '조심_위축', '위축_잠깐', '잠깐_하루', '하루_비듬', '비듬_이것저것']","['비듬', '공유', '비듬', '조심', '위축', '잠깐', '하루', '비듬', '이것저것', '비듬_공유', '공유_비듬', '비듬_조심', '조심_위축', '위축_잠깐', '잠깐_하루', '하루_비듬', '비듬_이것저것']",[],,,0,[],0,[],0,중립,False
cafearticle,,비듬 없애는 샴푸,모두발라 두피스케일러 후기 비듬 없애는 비법 모두발라 두피스케일러 150ml 두피열 스케일링 비듬 각질 두피팩 스크럽 탈모 스켈링 영양제 구매하러가기 샴푸 전에 적당량을 두피에 도포하고 부드럽게 마사지한 뒤 5분 정도 기다렸다가 깨끗이 헹궈주면 되더라고요,"['두피스케일러', '비듬', '비법', '두피스케일러', '스케일링', '비듬', '각질', '스크럽', '탈모', '스켈링', '영양제', '적당량', '도포', '마사지']","['두피스케일러_비듬', '비듬_비법', '비법_두피스케일러', '두피스케일러_스케일링', '스케일링_비듬', '비듬_각질', '각질_스크럽', '스크럽_탈모', '탈모_스켈링', '스켈링_영양제', '영양제_적당량', '적당량_도포', '도포_마사지']","['두피스케일러', '비듬', '비법', '두피스케일러', '스케일링', '비듬', '각질', '스크럽', '탈모', '스켈링', '영양제', '적당량', '도포', '마사지', '두피스케일러_비듬', '비듬_비법', '비법_두피스케일러', '두피스케일러_스케일링', '스케일링_비듬', '비듬_각질', '각질_스크럽', '스크럽_탈모', '탈모_스켈링', '스켈링_영양제', '영양제_적당량', '적당량_도포', '도포_마사지']",[],,,0,[],0,[],0,중립,False
cafearticle,,비듬 없애는 샴푸,머리 비듬없애는 법 있나요 ㅠ 머리 비듬없애는 법만 계속 검색하게 돼요 샴푸 도 바꿔보고 두피에 좋다는 것도 써봤는데 잠깐 괜찮아지는 듯하다가 다시 반복되니까 점점 더 불안해져요 도대체 제가 뭘 잘못하고 있는 건지 정확한 머리 비듬없애는 법이,"['비듬', '비듬', '검색', '반복', '불안', '정확', '비듬']","['비듬_비듬', '비듬_검색', '검색_반복', '반복_불안', '불안_정확', '정확_비듬']","['비듬', '비듬', '검색', '반복', '불안', '정확', '비듬', '비듬_비듬', '비듬_검색', '검색_반복', '반복_불안', '불안_정확', '정확_비듬']",[],,,0,[],0,[],0,중립,False
cafearticle,,비듬 없애는 샴푸,지루성두피염 원인 만성화되는 이유와 대응 전략 붉어집니다 샴푸 를 바꿀 때마다 잠깐 좋아졌다가 다시 돌아와요 이처럼 진료실에 오시는 많은 분들이 지루성두피염 원인에 대해 고민하십니다 단순한 비듬 이나 일시적인 가려움이 아니라 증상이 반복되고 일상에,"['지루성두피염', '원인', '만성', '대응', '전략', '진료실', '지루성두피염', '원인', '고민', '단순', '비듬', '일시', '증상', '반복', '일상']","['지루성두피염_원인', '원인_만성', '만성_대응', '대응_전략', '전략_진료실', '진료실_지루성두피염', '지루성두피염_원인', '원인_고민', '고민_단순', '단순_비듬', '비듬_일시', '일시_증상', '증상_반복', '반복_일상']","['지루성두피염', '원인', '만성', '대응', '전략', '진료실', '지루성두피염', '원인', '고민', '단순', '비듬', '일시', '증상', '반복', '일상', '지루성두피염_원인', '원인_만성', '만성_대응', '대응_전략', '전략_진료실', '진료실_지루성두피염', '지루성두피염_원인', '원인_고민', '고민_단순', '단순_비듬', '비듬_일시', '일시_증상', '증상_반복', '반복_일상']",[],,,1,['가려움'],1,['좋아졌'],0,중립,False
cafearticle,,비듬 없애는 샴푸,광주두피 각질 염증 가려움 균형이 무너지는 까닭 이 균은 피지를 분해하며 부산물을 남기는데 이것이 광주두피 세포를 자극해 심한 가려움과 비듬 을 맑고 건강한 광주두피를 유지하는 것은 단순히 가려움을 없애는 것을 넘어 풍성하고 튼튼한 모발을 지키는 가장,"['광주', '각질', '염증', '균형', '까닭', '피지', '분해', '부산물', '광주', '세포', '자극', '비듬', '건강', '광주두피', '유지', '모발']","['광주_각질', '각질_염증', '염증_균형', '균형_까닭', '까닭_피지', '피지_분해', '분해_부산물', '부산물_광주', '광주_세포', '세포_자극', '자극_비듬', '비듬_건강', '건강_광주두피', '광주두피_유지', '유지_모발']","['광주', '각질', '염증', '균형', '까닭', '피지', '분해', '부산물', '광주', '세포', '자극', '비듬', '건강', '광주두피', '유지', '모발', '광주_각질', '각질_염증', '염증_균형', '균형_까닭', '까닭_피지', '피지_분해', '분해_부산물', '부산물_광주', '광주_세포', '세포_자극', '자극_비듬', '비듬_건강', '건강_광주두피', '광주두피_유지', '유지_모발']",[],,,2,"['자극', '가려움']",0,[],-2,이탈위험,False
cafearticle,,비듬 없애는 샴푸,비듬 제거 팁 비듬 없애는 머리감기 팁 비듬 없애는 머리감기 방법을 찾기 위한 효과적인 샴푸 선택법은 다음과 같습니다 성분 체크하기 먼저 샴푸 의 성분을 확인하세요 비듬 예방에 효과적인 성분인 피리치온 아연 살리실산 등이 들어가 있는지 봐야 해요,"['비듬', '제거', '비듬', '비듬', '방법', '효과', '선택법', '다음', '성분', '체크', '성분', '확인', '비듬', '예방', '효과', '성분', '피리치온', '아연', '살리실산']","['비듬_제거', '제거_비듬', '비듬_비듬', '비듬_방법', '방법_효과', '효과_선택법', '선택법_다음', '다음_성분', '성분_체크', '체크_성분', '성분_확인', '확인_비듬', '비듬_예방', '예방_효과', '효과_성분', '성분_피리치온', '피리치온_아연', '아연_살리실산']","['비듬', '제거', '비듬', '비듬', '방법', '효과', '선택법', '다음', '성분', '체크', '성분', '확인', '비듬', '예방', '효과', '성분', '피리치온', '아연', '살리실산', '비듬_제거', '제거_비듬', '비듬_비듬', '비듬_방법', '방법_효과', '효과_선택법', '선택법_다음', '다음_성분', '성분_체크', '체크_성분', '성분_확인', '확인_비듬', '비듬_예방', '예방_효과', '효과_성분', '성분_피리치온', '피리치온_아연', '아연_살리실산']",[],,,0,[],0,[],0,중립,False
cafearticle,,비듬 없애는 샴푸,비듬 없애는 방법 두피 문제 근본부터 관리하세요 비듬 없애는 방법_1 가장 중요한 샴푸 습관 가장 먼저 점검해야 할 건 역시 샴푸 방법입니다 하루 1회 정도가 적당하며 물은 미지근한 온도로 충분히 적신 후 샴푸 해주세요 손톱은 사용하지 않고 손가락 지문으로,"['비듬', '방법', '문제', '근본', '관리', '비듬', '방법', '중요', '습관', '점검', '방법', '하루', '온도', '손톱', '손가락', '지문']","['비듬_방법', '방법_문제', '문제_근본', '근본_관리', '관리_비듬', '비듬_방법', '방법_중요', '중요_습관', '습관_점검', '점검_방법', '방법_하루', '하루_온도', '온도_손톱', '손톱_손가락', '손가락_지문']","['비듬', '방법', '문제', '근본', '관리', '비듬', '방법', '중요', '습관', '점검', '방법', '하루', '온도', '손톱', '손가락', '지문', '비듬_방법', '방법_문제', '문제_근본', '근본_관리', '관리_비듬', '비듬_방법', '방법_중요', '중요_습관', '습관_점검', '점검_방법', '방법_하루', '하루_온도', '온도_손톱', '손톱_손가락', '손가락_지문']",[],,,0,[],0,[],0,중립,False
cafearticle,,비듬 없애는 샴푸,모집종료 머리 몸에 벤 불냄새 캠핑다녀와서 싹 없애는 샴푸 바디워시 모집합니다 때 두피냄새제거 비듬 제거 샴푸 머리떡질때 바디워시 필수 태그 봄포레 바디워시추천 약산성바디워시 체취감소바디워시 시니어바디워시 대용량바디워시 향기좋은바디워시 노네날제거 가령취제거,"['모집', '종료', '냄새', '캠핑', '바디워시', '모집', '냄새', '제거', '비듬', '제거', '머리떡질', '바디워시', '필수', '태그', '봄포레', '바디워시', '약산', '바디워시', '체취', '감소', '바디워시', '시니어', '바디워시', '용량', '바디워시', '향기', '바디', '워시', '노네날', '제거', '가령취', '제거']","['모집_종료', '종료_냄새', '냄새_캠핑', '캠핑_바디워시', '바디워시_모집', '모집_냄새', '냄새_제거', '제거_비듬', '비듬_제거', '제거_머리떡질', '머리떡질_바디워시', '바디워시_필수', '필수_태그', '태그_봄포레', '봄포레_바디워시', '바디워시_약산', '약산_바디워시', '바디워시_체취', '체취_감소', '감소_바디워시', '바디워시_시니어', '시니어_바디워시', '바디워시_용량', '용량_바디워시', '바디워시_향기', '향기_바디', '바디_워시', '워시_노네날', '노네날_제거', '제거_가령취', '가령취_제거']","['모집', '종료', '냄새', '캠핑', '바디워시', '모집', '냄새', '제거', '비듬', '제거', '머리떡질', '바디워시', '필수', '태그', '봄포레', '바디워시', '약산', '바디워시', '체취', '감소', '바디워시', '시니어', '바디워시', '용량', '바디워시', '향기', '바디', '워시', '노네날', '제거', '가령취', '제거', '모집_종료', '종료_냄새', '냄새_캠핑', '캠핑_바디워시', '바디워시_모집', '모집_냄새', '냄새_제거', '제거_비듬', '비듬_제거', '제거_머리떡질', '머리떡질_바디워시', '바디워시_필수', '필수_태그', '태그_봄포레', '봄포레_바디워시', '바디워시_약산', '약산_바디워시', '바디워시_체취', '체취_감소', '감소_바디워시', '바디워시_시니어', '시니어_바디워시', '바디워시_용량', '용량_바디워시', '바디워시_향기', '향기_바디', '바디_워시', '워시_노네날', '노네날_제거', '제거_가령취', '가령취_제거']",[],,,0,[],1,['추천'],1,긍정,False
cafearticle,,비듬 없애는 샴푸,정수리냄새 없애는 법 아시는 분 댓츠미 각질이나 비듬 냄새는 계속해서 생길 수 있대요 그래서 정수리냄새 관리를 위한 템을 찾으면서 두피 진정 케어까지 해줄 수 있는 걸로 정했는데요 그게 바로 이 엘릭 탈모 샴푸 랍니다 두피 본연의 균형을 지킬 수 있는,"['정수리', '냄새', '댓츠미', '각질', '비듬', '냄새', '계속', '정수리', '냄새', '관리', '진정', '케어', '엘릭', '탈모', '본연', '균형']","['정수리_냄새', '냄새_댓츠미', '댓츠미_각질', '각질_비듬', '비듬_냄새', '냄새_계속', '계속_정수리', '정수리_냄새', '냄새_관리', '관리_진정', '진정_케어', '케어_엘릭', '엘릭_탈모', '탈모_본연', '본연_균형']","['정수리', '냄새', '댓츠미', '각질', '비듬', '냄새', '계속', '정수리', '냄새', '관리', '진정', '케어', '엘릭', '탈모', '본연', '균형', '정수리_냄새', '냄새_댓츠미', '댓츠미_각질', '각질_비듬', '비듬_냄새', '냄새_계속', '계속_정수리', '정수리_냄새', '냄새_관리', '관리_진정', '진정_케어', '케어_엘릭', '엘릭_탈모', '탈모_본연', '본연_균형']",[],,,0,[],0,[],0,중립,False
cafearticle,,비듬 없애는 샴푸,겨울철 비듬 없애는 법 좀ㅠㅠ ㅠㅠ 비듬 때문에 하루 종일 머리 신경 쓰는 것도 지치네요 샴푸 를 바꿔야 하나 싶어서 이것저것 찾아봤는데 좋다는 말도 많고 안 맞았다는 말도 많아서 더 헷갈려요 약한 걸 쓰면 비듬 이 안 잡히는 느낌이고 조금 세다,"['겨울철', '비듬', '비듬', '하루', '종일', '신경', '이것저것', '비듬', '느낌']","['겨울철_비듬', '비듬_비듬', '비듬_하루', '하루_종일', '종일_신경', '신경_이것저것', '이것저것_비듬', '비듬_느낌']","['겨울철', '비듬', '비듬', '하루', '종일', '신경', '이것저것', '비듬', '느낌', '겨울철_비듬', '비듬_비듬', '비듬_하루', '하루_종일', '종일_신경', '신경_이것저것', '이것저것_비듬', '비듬_느낌']",[],,,0,[],0,[],0,중립,False
cafearticle,,비듬 없애는 샴푸,두피 각질 없애는 팁 비밀이 있을까요 많은 사람들이 두피의 건강을 간과하다가 비듬 이나 가려움증으로 고생합니다 사실 두피 각질을 관리하는 법을 잘 알고 있다면 이런 고민에서 벗어날 수 있습니다 이 글에서는 두피 각질을 없애는 방법과 효과적으로,"['각질', '비밀', '건강', '간과', '비듬', '가려움증', '고생', '각질', '관리', '고민', '각질', '방법', '효과']","['각질_비밀', '비밀_건강', '건강_간과', '간과_비듬', '비듬_가려움증', '가려움증_고생', '고생_각질', '각질_관리', '관리_고민', '고민_각질', '각질_방법', '방법_효과']","['각질', '비밀', '건강', '간과', '비듬', '가려움증', '고생', '각질', '관리', '고민', '각질', '방법', '효과', '각질_비밀', '비밀_건강', '건강_간과', '간과_비듬', '비듬_가려움증', '가려움증_고생', '고생_각질', '각질_관리', '관리_고민', '고민_각질', '각질_방법', '방법_효과']",[],,,1,['가려움'],0,[],-1,이탈위험,False
cafearticle,,비듬 없애는 샴푸,비듬없애는 법 있을까요 머리를 매일 감아도 비듬 이 생겨서 좀 창피한 느낌이네요 흰머리가 나서 그런지 머리가 가려워서 조금만 긁으면 비듬 이 생기니 머리를 아예 안만지려고 해요 검은옷 입을때는 비듬 이 떨어지니깐 쫌 그렇더라구요 비듬,"['비듬', '비듬', '창피', '느낌', '흰머리', '조금', '비듬', '비듬', '비듬']","['비듬_비듬', '비듬_창피', '창피_느낌', '느낌_흰머리', '흰머리_조금', '조금_비듬', '비듬_비듬', '비듬_비듬']","['비듬', '비듬', '창피', '느낌', '흰머리', '조금', '비듬', '비듬', '비듬', '비듬_비듬', '비듬_창피', '창피_느낌', '느낌_흰머리', '흰머리_조금', '조금_비듬', '비듬_비듬', '비듬_비듬']",[],,,0,[],0,[],0,중립,False
cafearticle,,비듬 없애는 샴푸,비듬 없애는 방법 공유 비듬 없애는 방법 두피가 건조한데 또 기름은 잘지고 비듬 이 머리를 감아도 계속 생겨서 비듬 샴푸 를 써도 차도가 없었거든요 오히려 자극만 오는 느낌 과에가서 물어보니까 비듬 균을 없애야 발현을 멈춘다고하네요,"['비듬', '방법', '공유', '비듬', '방법', '건조', '기름', '비듬', '비듬', '차도', '자극', '느낌', '비듬', '발현']","['비듬_방법', '방법_공유', '공유_비듬', '비듬_방법', '방법_건조', '건조_기름', '기름_비듬', '비듬_비듬', '비듬_차도', '차도_자극', '자극_느낌', '느낌_비듬', '비듬_발현']","['비듬', '방법', '공유', '비듬', '방법', '건조', '기름', '비듬', '비듬', '차도', '자극', '느낌', '비듬', '발현', '비듬_방법', '방법_공유', '공유_비듬', '비듬_방법', '방법_건조', '건조_기름', '기름_비듬', '비듬_비듬', '비듬_차도', '차도_자극', '자극_느낌', '느낌_비듬', '비듬_발현']",[],,,1,['자극'],0,[],-1,이탈위험,False
cafearticle,,비듬 없애는 샴푸,비듬없애는 법 남표니 비듬 때문에 미치겠네요,"['비듬', '비듬']",['비듬_비듬'],"['비듬', '비듬', '비듬_비듬']",[],,,0,[],0,[],0,중립,False
cafearticle,,비듬 없애는 샴푸,비에티 내츄럴 향기좋은 미용실 약산성 샴푸 1000ml 리턴20ml 단백질 퍼퓸 지성 건성 머리 비듬 무실리콘 정 비에티 내츄럴 향기좋은 미용실 약산성 샴푸 1000ml 리턴20ml 단백질 퍼퓸 지성 건성 머리 비듬 무실리콘 정수리냄새 각질 없애는 법 두피가려움 샴푸 순한 청소년 임산부 1000ml 1개 최저가 확인 자연스럽고 향기로운,"['비에티', '내츄럴', '향기', '미용실', '산성', '리턴', '단백질', '퍼퓸', '지성', '건성', '비듬', '실리콘', '내츄럴', '향기', '미용실', '산성', '리턴', '단백질', '퍼퓸', '지성', '건성', '비듬', '실리콘', '정수리', '냄새', '각질', '청소년', '임산부', '확인', '자연', '향기']","['비에티_내츄럴', '내츄럴_향기', '향기_미용실', '미용실_산성', '산성_리턴', '리턴_단백질', '단백질_퍼퓸', '퍼퓸_지성', '지성_건성', '건성_비듬', '비듬_실리콘', '실리콘_내츄럴', '내츄럴_향기', '향기_미용실', '미용실_산성', '산성_리턴', '리턴_단백질', '단백질_퍼퓸', '퍼퓸_지성', '지성_건성', '건성_비듬', '비듬_실리콘', '실리콘_정수리', '정수리_냄새', '냄새_각질', '각질_청소년', '청소년_임산부', '임산부_확인', '확인_자연', '자연_향기']","['비에티', '내츄럴', '향기', '미용실', '산성', '리턴', '단백질', '퍼퓸', '지성', '건성', '비듬', '실리콘', '내츄럴', '향기', '미용실', '산성', '리턴', '단백질', '퍼퓸', '지성', '건성', '비듬', '실리콘', '정수리', '냄새', '각질', '청소년', '임산부', '확인', '자연', '향기', '비에티_내츄럴', '내츄럴_향기', '향기_미용실', '미용실_산성', '산성_리턴', '리턴_단백질', '단백질_퍼퓸', '퍼퓸_지성', '지성_건성', '건성_비듬', '비듬_실리콘', '실리콘_내츄럴', '내츄럴_향기', '향기_미용실', '미용실_산성', '산성_리턴', '리턴_단백질', '단백질_퍼퓸', '퍼퓸_지성', '지성_건성', '건성_비듬', '비듬_실리콘', '실리콘_정수리', '정수리_냄새', '냄새_각질', '각질_청소년', '청소년_임산부', '임산부_확인', '확인_자연', '자연_향기']",[],,,1,['가려움'],0,[],-1,이탈위험,False
cafearticle,,비듬 없애는 샴푸,비듬 없애는 방법 제발 ㅠㅠ 검색해 보니까 샴푸 말고 다른 관리법도 있는 것 같던데 확실하게 비듬 없애는 방법 아시는 분 공유 좀 부탁드립니다 이러다 대인기피증 걸릴 것 같아요 살려주세요 ㅠㅠ 비듬 없애는 방법 진짜 종결하고 싶습니다 비듬,"['비듬', '방법', '검색', '관리법', '비듬', '방법', '공유', '부탁', '대인', '기피증', '비듬', '방법', '종결', '비듬']","['비듬_방법', '방법_검색', '검색_관리법', '관리법_비듬', '비듬_방법', '방법_공유', '공유_부탁', '부탁_대인', '대인_기피증', '기피증_비듬', '비듬_방법', '방법_종결', '종결_비듬']","['비듬', '방법', '검색', '관리법', '비듬', '방법', '공유', '부탁', '대인', '기피증', '비듬', '방법', '종결', '비듬', '비듬_방법', '방법_검색', '검색_관리법', '관리법_비듬', '비듬_방법', '방법_공유', '공유_부탁', '부탁_대인', '대인_기피증', '기피증_비듬', '비듬_방법', '방법_종결', '종결_비듬']",[],,,0,[],0,[],0,중립,False
cafearticle,,비듬 없애는 샴푸,두피열 탈모생겨요 두피열 내리는 방법 로마린 샴푸 각질 비듬 케어 센시디움 샴푸 민감두피 붉은 두피 뉴트리모 트리트먼트 손상모 com ryul0104 223243342590 Celltologie SEBOSCA SHAMPOO 셀톨로지 세보스카 샴푸 머리가 가려워요 머리냄새 없애는 방법을,"['탈모', '방법', '로마린', '각질', '비듬', '케어', '센시디움', '뉴트리모', '트리트먼트', '손상모', '셀톨로지', '세보스카', '냄새', '방법']","['탈모_방법', '방법_로마린', '로마린_각질', '각질_비듬', '비듬_케어', '케어_센시디움', '센시디움_뉴트리모', '뉴트리모_트리트먼트', '트리트먼트_손상모', '손상모_셀톨로지', '셀톨로지_세보스카', '세보스카_냄새', '냄새_방법']","['탈모', '방법', '로마린', '각질', '비듬', '케어', '센시디움', '뉴트리모', '트리트먼트', '손상모', '셀톨로지', '세보스카', '냄새', '방법', '탈모_방법', '방법_로마린', '로마린_각질', '각질_비듬', '비듬_케어', '케어_센시디움', '센시디움_뉴트리모', '뉴트리모_트리트먼트', '트리트먼트_손상모', '손상모_셀톨로지', '셀톨로지_세보스카', '세보스카_냄새', '냄새_방법']",[],,,0,[],0,[],0,중립,False
cafearticle,,두피각질 샴푸,지루성피부염 연고 바르면 효과있나요 원래도 두피 가 좀 예민한 편이긴 했는데 최근 들어서 급 붉은기가 심해졌구요 비듬처럼 각질 이 올라오기 피부과 가보니 지루성피부염 이라고 해서 일단은 샴푸 부터 순한 걸로 싹 바꿨고요 최대한 자극 안 가도록,"['지루성 피부염', '연고', '효과', '비듬', '각질', '피부과', '지루성 피부염', '자극']","['지루성 피부염_연고', '연고_효과', '효과_비듬', '비듬_각질', '각질_피부과', '피부과_지루성 피부염', '지루성 피부염_자극']","['지루성 피부염', '연고', '효과', '비듬', '각질', '피부과', '지루성 피부염', '자극', '지루성 피부염_연고', '연고_효과', '효과_비듬', '비듬_각질', '각질_피부과', '피부과_지루성 피부염', '지루성 피부염_자극']",[],,,2,"['올라오', '자극']",1,['효과있'],-1,이탈위험,False
cafearticle,,두피각질 샴푸,바디브 약산성 샴푸 1000ml 대용량 비듬케어 사용후기 약산성 샴푸 는 두피 밸런스를 맞춰줘서 건조함이나 각질 케어에 도움이 된다고 하더라구요 바디브 샴푸 는 자극적이지 않으면서 부드럽게 세정되는 느낌이었어요 거품도 풍성하지만 헹굴 때 미끌거림 없이,"['바디브', '약산', '용량', '비듬', '케어', '산성', '밸런스', '건조', '각질', '케어', '도움', '바디브', '자극', '세정', '느낌', '거품']","['바디브_약산', '약산_용량', '용량_비듬', '비듬_케어', '케어_산성', '산성_밸런스', '밸런스_건조', '건조_각질', '각질_케어', '케어_도움', '도움_바디브', '바디브_자극', '자극_세정', '세정_느낌', '느낌_거품']","['바디브', '약산', '용량', '비듬', '케어', '산성', '밸런스', '건조', '각질', '케어', '도움', '바디브', '자극', '세정', '느낌', '거품', '바디브_약산', '약산_용량', '용량_비듬', '비듬_케어', '케어_산성', '산성_밸런스', '밸런스_건조', '건조_각질', '각질_케어', '케어_도움', '도움_바디브', '바디브_자극', '자극_세정', '세정_느낌', '느낌_거품']",[],,,1,['자극'],0,[],-1,이탈위험,False
cafearticle,,두피각질 샴푸,헤드앤숄더 가려운 두피 케어 트리트먼트 1 1L 1개 리뷰 두피 가려움과 건조함을 동시에 편안하게 잡아준 심해져서 각질 이 더 신경 쓰였어요 이 제품을 루틴으로 넣고 나서는 건조함이 확실히 완화됐습니다 샴푸 후 도포하면 두피 를 촉촉하게 감싸주는 느낌이 들고 머리를 말린 뒤에도 당기는 느낌이 덜해서 편안했어요,"['케어', '트리트먼트', '리뷰', '건조', '동시', '편안', '각질', '신경', '루틴', '건조', '완화', '도포', '느낌', '느낌', '편안']","['케어_트리트먼트', '트리트먼트_리뷰', '리뷰_건조', '건조_동시', '동시_편안', '편안_각질', '각질_신경', '신경_루틴', '루틴_건조', '건조_완화', '완화_도포', '도포_느낌', '느낌_느낌', '느낌_편안']","['케어', '트리트먼트', '리뷰', '건조', '동시', '편안', '각질', '신경', '루틴', '건조', '완화', '도포', '느낌', '느낌', '편안', '케어_트리트먼트', '트리트먼트_리뷰', '리뷰_건조', '건조_동시', '동시_편안', '편안_각질', '각질_신경', '신경_루틴', '루틴_건조', '건조_완화', '완화_도포', '도포_느낌', '느낌_느낌', '느낌_편안']",[],,,1,['가려움'],0,[],-1,이탈위험,False
cafearticle,,두피각질 샴푸,헤드앤숄더 프로페셔널 가려운 두피 케어 샴푸 300ml 2개 리뷰 꾸준히 쓸수록 가려움과 각질 이 편안해진 일주일 만에 어깨 위 하얀 각질 이 줄어든 순간 진짜 안도했어요 아이들이 사춘기에 들어서며 두피 기름짐과 각질 가려움이 동시에 올라와 걱정이 컸어요 처음엔 반신반의했지만 이 샴푸 로 바꾸고 약 일주일 지나자 눈에,"['프로페셔널', '케어', '리뷰', '각질', '편안', '일주일', '어깨', '각질', '순간', '아이', '사춘기', '각질', '동시', '걱정', '처음', '반신반의', '일주일']","['프로페셔널_케어', '케어_리뷰', '리뷰_각질', '각질_편안', '편안_일주일', '일주일_어깨', '어깨_각질', '각질_순간', '순간_아이', '아이_사춘기', '사춘기_각질', '각질_동시', '동시_걱정', '걱정_처음', '처음_반신반의', '반신반의_일주일']","['프로페셔널', '케어', '리뷰', '각질', '편안', '일주일', '어깨', '각질', '순간', '아이', '사춘기', '각질', '동시', '걱정', '처음', '반신반의', '일주일', '프로페셔널_케어', '케어_리뷰', '리뷰_각질', '각질_편안', '편안_일주일', '일주일_어깨', '어깨_각질', '각질_순간', '순간_아이', '아이_사춘기', '사춘기_각질', '각질_동시', '동시_걱정', '걱정_처음', '처음_반신반의', '반신반의_일주일']",[],,,1,['가려움'],0,[],-1,이탈위험,False
cafearticle,,두피각질 샴푸,머리 감아도 건성 두피각질 왜 생기죠 두피 마사지나 오일 같은 거 써보신 분 있으세요 아니면 샴푸 말고 다른 방법으로 건성 두피각질 개선하신 분 계신가요 진짜 이대로 가다간 머리숱까지 줄어들 것 같아서 걱정이에요 조언 부탁드립니다,"['건성', '각질', '마사지', '오일', '방법', '건성', '각질', '개선', '머리숱', '걱정', '조언', '부탁']","['건성_각질', '각질_마사지', '마사지_오일', '오일_방법', '방법_건성', '건성_각질', '각질_개선', '개선_머리숱', '머리숱_걱정', '걱정_조언', '조언_부탁']","['건성', '각질', '마사지', '오일', '방법', '건성', '각질', '개선', '머리숱', '걱정', '조언', '부탁', '건성_각질', '각질_마사지', '마사지_오일', '오일_방법', '방법_건성', '건성_각질', '각질_개선', '개선_머리숱', '머리숱_걱정', '걱정_조언', '조언_부탁']",[],,,0,[],0,[],0,중립,False
cafearticle,,두피각질 샴푸,약산성 비듬 샴푸 추천 추천 요즘 들어 아이 머리에서 자꾸 하얀 각질 이 보이기 시작했어요 ㅜㅜ 처음엔 단순히 건조한 건가 싶었는데 아이가 비듬 샴푸 추천 엘릭을 직접 써보니까 확실히 두피 가 널널해진 것 같다고 하더라고요 ㅋㅋㅋ 아직 초딩,"['약산', '비듬', '아이', '각질', '시작', '처음', '건조', '아이', '비듬', '엘릭', '초딩']","['약산_비듬', '비듬_아이', '아이_각질', '각질_시작', '시작_처음', '처음_건조', '건조_아이', '아이_비듬', '비듬_엘릭', '엘릭_초딩']","['약산', '비듬', '아이', '각질', '시작', '처음', '건조', '아이', '비듬', '엘릭', '초딩', '약산_비듬', '비듬_아이', '아이_각질', '각질_시작', '시작_처음', '처음_건조', '건조_아이', '아이_비듬', '비듬_엘릭', '엘릭_초딩']",[],,,0,[],1,['추천'],1,긍정,False
cafearticle,,두피각질 샴푸,얼룩조릿대 효능 직접 경험해보고 정리한 리얼 후기 평소에 머리를 감고 나서도 자꾸만 가렵고 비듬처럼 각질 이 어깨 위로 툭툭 떨어지길래 단순히 샴푸 가 안 맞나 생각했거든요 그런데 단골 미용실 원장님께서 제 두피 상태를 사진으로 찍어 직접 보여주시는데 정말,"['얼룩', '조릿대', '효능', '경험', '정리', '리얼', '평소', '비듬', '각질', '어깨', '단골', '미용실', '원장', '상태', '사진']","['얼룩_조릿대', '조릿대_효능', '효능_경험', '경험_정리', '정리_리얼', '리얼_평소', '평소_비듬', '비듬_각질', '각질_어깨', '어깨_단골', '단골_미용실', '미용실_원장', '원장_상태', '상태_사진']","['얼룩', '조릿대', '효능', '경험', '정리', '리얼', '평소', '비듬', '각질', '어깨', '단골', '미용실', '원장', '상태', '사진', '얼룩_조릿대', '조릿대_효능', '효능_경험', '경험_정리', '정리_리얼', '리얼_평소', '평소_비듬', '비듬_각질', '각질_어깨', '어깨_단골', '단골_미용실', '미용실_원장', '원장_상태', '상태_사진']",[],,,0,[],0,[],0,중립,False
cafearticle,,두피각질 샴푸,라보에이치 댄드러프클리닉 비듬 두피 각질 케어 샴푸 후기 오늘은 제가 최근에 사용해본 라보에이치 댄드러프클리닉 비듬 두피 각질 케어 약산성 샴푸 리필팩에 대한 솔직한 후기를 남겨보려고 해요 요즘 두피 관리에 좀 더 신경을 쓰다 보니 여러 제품을 알아보다가 이 샴푸 를,"['라보', '에이치', '댄드러프', '클리닉', '비듬', '각질', '케어', '라보', '에이치', '댄드러프', '클리닉', '비듬', '각질', '케어', '산성', '리필', '관리', '신경']","['라보_에이치', '에이치_댄드러프', '댄드러프_클리닉', '클리닉_비듬', '비듬_각질', '각질_케어', '케어_라보', '라보_에이치', '에이치_댄드러프', '댄드러프_클리닉', '클리닉_비듬', '비듬_각질', '각질_케어', '케어_산성', '산성_리필', '리필_관리', '관리_신경']","['라보', '에이치', '댄드러프', '클리닉', '비듬', '각질', '케어', '라보', '에이치', '댄드러프', '클리닉', '비듬', '각질', '케어', '산성', '리필', '관리', '신경', '라보_에이치', '에이치_댄드러프', '댄드러프_클리닉', '클리닉_비듬', '비듬_각질', '각질_케어', '케어_라보', '라보_에이치', '에이치_댄드러프', '댄드러프_클리닉', '클리닉_비듬', '비듬_각질', '각질_케어', '케어_산성', '산성_리필', '리필_관리', '관리_신경']",[],,,0,[],0,[],0,중립,False
cafearticle,,두피각질 샴푸,아기 두피 좀 봐주세요ㅠㅠ 51일차 아기 피부염인지 단순 각질 인지 모르겠어요ㅠㅠㅠ 빨갛진 않고 하얗게 비듬들이 엄청 많이 생겼어요ㅠㅠ 원래 물로만 감겨주다가 비듬생긴거 보고 무스텔라뉴본 샴푸 급하게 사서 감겨줬는데 뭘 발라주거나,"['아기', '아기', '피부염', '단순', '각질', '비듬', '비듬', '무스텔라뉴본']","['아기_아기', '아기_피부염', '피부염_단순', '단순_각질', '각질_비듬', '비듬_비듬', '비듬_무스텔라뉴본']","['아기', '아기', '피부염', '단순', '각질', '비듬', '비듬', '무스텔라뉴본', '아기_아기', '아기_피부염', '피부염_단순', '단순_각질', '각질_비듬', '비듬_비듬', '비듬_무스텔라뉴본']",[],,,0,[],0,[],0,중립,False
cafearticle,,두피각질 샴푸,교대헤드스파 모에코의원의 체계적인 탈모 두피 관리 헤드스파 로 시작하세요 급한 마음에 유명하다는 샴푸 로 바꾸거나 영양제를 챙겨 먹어보지만 기대만큼의 변화를 느끼지 못해 육안으로 확인되는 비듬이나 각질 발생량이 늘어났다 두피 의 유분 분비가 과도하거나 지나치게 건조하다 모발의,"['교대헤드스파', '모에코', '의원', '체계', '탈모', '관리', '헤드스파', '시작', '유명', '영양제', '기대', '변화', '육안', '확인', '비듬', '각질', '발생', '유분', '분비', '과도', '건조', '모발']","['교대헤드스파_모에코', '모에코_의원', '의원_체계', '체계_탈모', '탈모_관리', '관리_헤드스파', '헤드스파_시작', '시작_유명', '유명_영양제', '영양제_기대', '기대_변화', '변화_육안', '육안_확인', '확인_비듬', '비듬_각질', '각질_발생', '발생_유분', '유분_분비', '분비_과도', '과도_건조', '건조_모발']","['교대헤드스파', '모에코', '의원', '체계', '탈모', '관리', '헤드스파', '시작', '유명', '영양제', '기대', '변화', '육안', '확인', '비듬', '각질', '발생', '유분', '분비', '과도', '건조', '모발', '교대헤드스파_모에코', '모에코_의원', '의원_체계', '체계_탈모', '탈모_관리', '관리_헤드스파', '헤드스파_시작', '시작_유명', '유명_영양제', '영양제_기대', '기대_변화', '변화_육안', '육안_확인', '확인_비듬', '비듬_각질', '각질_발생', '발생_유분', '유분_분비', '분비_과도', '과도_건조', '건조_모발']",[],,,0,[],0,[],0,중립,False
cafearticle,,두피각질 샴푸,두피 건조증때문에 정말 미치겠는데 혹시 저만 그런가요 처음엔 그냥 샴푸 가 안 맞나 싶어서 바꿔봤는데도 똑같더라구요 머리 말리고 나면 두피 건조증 때문인지 각질 이 하얗게 일어나는데 이게 비듬인지 뭔지도 모르겠고 긁으면 긁을수록 더 심해지는 것 같아서 참고 있는데,"['건조증', '처음', '건조증', '각질', '비듬']","['건조증_처음', '처음_건조증', '건조증_각질', '각질_비듬']","['건조증', '처음', '건조증', '각질', '비듬', '건조증_처음', '처음_건조증', '건조증_각질', '각질_비듬']",[],,,0,[],0,[],0,중립,False
cafearticle,,두피각질 샴푸,머리 비듬 없애는 방법 효과 보신 분 있나요 단순히 샴푸 를 제대로 안 해서 그런가 싶었는데 점점 심해지더라구요 검은 옷 입으면 어깨에 하얀 각질 들이 비듬 샴푸 도 써보고 머리 감는 횟수도 늘려봤는데 별로 나아지지 않아요 오히려 너무 자주 감으니까 두피 가,"['비듬', '방법', '효과', '어깨', '각질', '비듬', '횟수']","['비듬_방법', '방법_효과', '효과_어깨', '어깨_각질', '각질_비듬', '비듬_횟수']","['비듬', '방법', '효과', '어깨', '각질', '비듬', '횟수', '비듬_방법', '방법_효과', '효과_어깨', '어깨_각질', '각질_비듬', '비듬_횟수']",[],,,1,['별로'],0,[],-1,이탈위험,False
cafearticle,,두피각질 샴푸,두피각질 때문에 고민인데 관리법 아시나요 주변에서는 두피각질 전용 샴푸 나 스케일링을 받아보라고 하던데 병원에서 하는 건지 미용실에서 하는 건지도 헷갈리고 가격도 궁금하더라구요 그리고 살리실릭애씨드나 덱스판테놀 성분이 두피각질 에 좋다고 들었는데,"['각질', '고민', '관리법', '아시나요', '주변', '각질', '전용', '스케일링', '병원', '미용실', '살리실릭애씨드', '덱스판테놀', '성분', '각질']","['각질_고민', '고민_관리법', '관리법_아시나요', '아시나요_주변', '주변_각질', '각질_전용', '전용_스케일링', '스케일링_병원', '병원_미용실', '미용실_살리실릭애씨드', '살리실릭애씨드_덱스판테놀', '덱스판테놀_성분', '성분_각질']","['각질', '고민', '관리법', '아시나요', '주변', '각질', '전용', '스케일링', '병원', '미용실', '살리실릭애씨드', '덱스판테놀', '성분', '각질', '각질_고민', '고민_관리법', '관리법_아시나요', '아시나요_주변', '주변_각질', '각질_전용', '전용_스케일링', '스케일링_병원', '병원_미용실', '미용실_살리실릭애씨드', '살리실릭애씨드_덱스판테놀', '덱스판테놀_성분', '성분_각질']",[],,,0,[],0,[],0,중립,False
cafearticle,,두피각질 샴푸,임산부 두피 가려움 비듬 저만 이런가요 앞머리 쪽만 집중적으로 간지럽습니다 샴푸 도 이것저것 바꿔봤는데 큰 효과를 못 봤어요 혹시 저와 비슷한 증상 겪으셨던 분 계실까요 어떻게 해결하셨는지도 궁금합니다,"['임산부', '비듬', '가요', '앞머리', '집중', '이것저것', '효과', '증상', '해결']","['임산부_비듬', '비듬_가요', '가요_앞머리', '앞머리_집중', '집중_이것저것', '이것저것_효과', '효과_증상', '증상_해결']","['임산부', '비듬', '가요', '앞머리', '집중', '이것저것', '효과', '증상', '해결', '임산부_비듬', '비듬_가요', '가요_앞머리', '앞머리_집중', '집중_이것저것', '이것저것_효과', '효과_증상', '증상_해결']",[],,,1,['가려움'],0,[],-1,이탈위험,False
cafearticle,,두피각질 샴푸,임산부 샴푸 뭐 써야할까요 하얗게 각질 떨어지는데 진짜 민망하고 짜증나고 그러네요ㅠㅠ 어쩔 수 없다는 거 알아도 뭔가 몸이 변해가는 것 같아서 속상해요 ㅜㅜ 머리는 비듬가득이고 남편이 보더니 샴푸 랑 바디로션 오일 사준다고 골라보라는데,"['임산부', '각질', '짜증', '비듬', '남편', '바디', '로션', '오일']","['임산부_각질', '각질_짜증', '짜증_비듬', '비듬_남편', '남편_바디', '바디_로션', '로션_오일']","['임산부', '각질', '짜증', '비듬', '남편', '바디', '로션', '오일', '임산부_각질', '각질_짜증', '짜증_비듬', '비듬_남편', '남편_바디', '바디_로션', '로션_오일']",[],,,0,[],0,[],0,중립,False
cafearticle,,두피각질 샴푸,BALLVIC 볼빅 세보 샴푸 병원 샴푸 지루성 비듬 각질 이건 어때요 진짜 효과를 보는 볼빅 세보 샴푸 지루성 비듬 각질 걱정을 끝내다 155 790원 이 샴푸 를 사용한 이후로 제 두피 문제가 확실히 좋아졌어요 비듬이 눈에 띄게 줄었고 깔끔하고 건강한 두피 를 느낄 수 있어서 정말,"['볼빅', '세보', '병원', '지루', '비듬', '각질', '효과', '볼빅', '세보', '지루', '비듬', '각질', '걱정', '이후', '문제', '비듬', '건강']","['볼빅_세보', '세보_병원', '병원_지루', '지루_비듬', '비듬_각질', '각질_효과', '효과_볼빅', '볼빅_세보', '세보_지루', '지루_비듬', '비듬_각질', '각질_걱정', '걱정_이후', '이후_문제', '문제_비듬', '비듬_건강']","['볼빅', '세보', '병원', '지루', '비듬', '각질', '효과', '볼빅', '세보', '지루', '비듬', '각질', '걱정', '이후', '문제', '비듬', '건강', '볼빅_세보', '세보_병원', '병원_지루', '지루_비듬', '비듬_각질', '각질_효과', '효과_볼빅', '볼빅_세보', '세보_지루', '지루_비듬', '비듬_각질', '각질_걱정', '걱정_이후', '이후_문제', '문제_비듬', '비듬_건강']",[],,,0,[],1,['좋아졌'],1,긍정,False
cafearticle,,두피각질 샴푸,두피각질 원인 정말 알고싶습니다ㅠㅠ 스트레스에요ㅠ 두피각질 원인 정말 궁금해서 미칠노릇이네요ㅠㅠ 샴푸 도 이것저것 바꿔봤는데 딱히 효과도 없고요 너무 답답한 마음만 계속 드네요ㅠ 혹시 저처럼 두피각질 원인 몰라서 고생하다가 해결하신분들 계시면,"['각질', '원인', '스트레스', '각질', '원인', '노릇', '이것저것', '효과', '각질', '원인', '고생', '해결']","['각질_원인', '원인_스트레스', '스트레스_각질', '각질_원인', '원인_노릇', '노릇_이것저것', '이것저것_효과', '효과_각질', '각질_원인', '원인_고생', '고생_해결']","['각질', '원인', '스트레스', '각질', '원인', '노릇', '이것저것', '효과', '각질', '원인', '고생', '해결', '각질_원인', '원인_스트레스', '스트레스_각질', '각질_원인', '원인_노릇', '노릇_이것저것', '이것저것_효과', '효과_각질', '각질_원인', '원인_고생', '고생_해결']",[],,,0,[],0,[],0,중립,False
cafearticle,,두피각질 샴푸,머리 두피각질 때문에 탈모가 더 심해지는 건가요 요즘 정수리 쪽이 좀 휑하다 싶었는데 거울로 자세히 보니까 머리 두피각질 이 엄청 많더라고요 샴푸 하고 나서도 금방 또 생기고 가려워서 긁으면 하얗게 떨어지는데 이게 모낭을 막아서 탈모가 더 심해지는 건지,"['각질', '탈모', '정수리', '거울', '각질', '모낭', '탈모']","['각질_탈모', '탈모_정수리', '정수리_거울', '거울_각질', '각질_모낭', '모낭_탈모']","['각질', '탈모', '정수리', '거울', '각질', '모낭', '탈모', '각질_탈모', '탈모_정수리', '정수리_거울', '거울_각질', '각질_모낭', '모낭_탈모']",[],,,0,[],0,[],0,중립,False
cafearticle,,두피각질 샴푸,머리비듬 각질 난리났어요ㅠㅠ 진짜 요즘 거울 보면 머리비듬만 보여서 너무 스트레스에요ㅠ 지루성 두피 염 생기고나서부터 각질 이 계속 떨어지고 옷이나 베개커버 같은데 묻고 진짜 미치겠네요 병원에서 약도 먹고 약용 샴푸 까지 쓰는데 오히려 더,"['비듬', '각질', '난리', '거울', '비듬', '스트레스', '지루', '각질', '베개', '커버', '병원']","['비듬_각질', '각질_난리', '난리_거울', '거울_비듬', '비듬_스트레스', '스트레스_지루', '지루_각질', '각질_베개', '베개_커버', '커버_병원']","['비듬', '각질', '난리', '거울', '비듬', '스트레스', '지루', '각질', '베개', '커버', '병원', '비듬_각질', '각질_난리', '난리_거울', '거울_비듬', '비듬_스트레스', '스트레스_지루', '지루_각질', '각질_베개', '베개_커버', '커버_병원']",[],,,0,[],0,[],0,중립,False
cafearticle,,두피각질 샴푸,지성 두피 인데 하루 1 2번 감아도 기름져요 지성 두피 라 하루에 한번씩 혹은 두번씩 감아야하니까 샴푸 가 금방금방 줄어들더라구요 ㅠㅠㅠ 그래서 샴푸 를 ㄷㅇㅅ 같은 데서 저렴한 거 쓰거나 인터넷에서 대용량으로 사서 써봤더니 오히려 각질 이랑 비듬이 엄청,"['지성', '하루', '지성', '하루', '인터넷', '용량', '각질', '비듬']","['지성_하루', '하루_지성', '지성_하루', '하루_인터넷', '인터넷_용량', '용량_각질', '각질_비듬']","['지성', '하루', '지성', '하루', '인터넷', '용량', '각질', '비듬', '지성_하루', '하루_지성', '지성_하루', '하루_인터넷', '인터넷_용량', '용량_각질', '각질_비듬']",[],,,0,[],0,[],0,중립,False
cafearticle,,두피각질 샴푸,울산지루성 두피 염 피부 상태만으로 알기 어려운 부분까지 차오르거나 각질 이 계속 발생한다면 지루성 두피 염을 의심해보셔야 해요 이는 피지선이 발달한 부위에 주로 단순 관리로는 한계가 있는 이유 초기에는 비듬 샴푸 나 쿨링 제품으로 관리하는 경우가 많지만 이러한,"['울산', '지루', '피부', '상태', '각질', '발생', '지루', '의심', '피지선', '발달', '부위', '단순', '관리', '한계', '초기', '비듬', '관리']","['울산_지루', '지루_피부', '피부_상태', '상태_각질', '각질_발생', '발생_지루', '지루_의심', '의심_피지선', '피지선_발달', '발달_부위', '부위_단순', '단순_관리', '관리_한계', '한계_초기', '초기_비듬', '비듬_관리']","['울산', '지루', '피부', '상태', '각질', '발생', '지루', '의심', '피지선', '발달', '부위', '단순', '관리', '한계', '초기', '비듬', '관리', '울산_지루', '지루_피부', '피부_상태', '상태_각질', '각질_발생', '발생_지루', '지루_의심', '의심_피지선', '피지선_발달', '발달_부위', '부위_단순', '단순_관리', '관리_한계', '한계_초기', '초기_비듬', '비듬_관리']",[],,,0,[],0,[],0,중립,False
cafearticle,,두피각질 샴푸,계절바뀌면서 두피각질 이 ㅠㅠ 그전에는 클리니컬 주황색 샴푸 썼구요 유분도 많아서 정수리는 냄새랑 기름이 잘지는데 관자놀이나 목덜미쪽은 각질 이 심해요 광고없이 정말 효과보신 샴푸 좀 추천바랍니다 정말 두피 가 너무 고통스러워요 ㅠㅠ,"['계절', '각질', '그전', '클리니컬', '주황색', '유분', '정수리', '냄새', '기름', '관자놀이', '목덜미', '각질', '효과', '고통']","['계절_각질', '각질_그전', '그전_클리니컬', '클리니컬_주황색', '주황색_유분', '유분_정수리', '정수리_냄새', '냄새_기름', '기름_관자놀이', '관자놀이_목덜미', '목덜미_각질', '각질_효과', '효과_고통']","['계절', '각질', '그전', '클리니컬', '주황색', '유분', '정수리', '냄새', '기름', '관자놀이', '목덜미', '각질', '효과', '고통', '계절_각질', '각질_그전', '그전_클리니컬', '클리니컬_주황색', '주황색_유분', '유분_정수리', '정수리_냄새', '냄새_기름', '기름_관자놀이', '관자놀이_목덜미', '목덜미_각질', '각질_효과', '효과_고통']",[],,,0,[],1,['추천'],1,긍정,False
cafearticle,,두피각질 샴푸,두피 각질 제거 오일 써보신 분 어떠셨나요 처음엔 그냥 비듬인 줄 알았는데 점점 각질 이 심해지면서 머리카락까지 빠지기 시작하더라구요 샴푸 도 바꿔보고 두피 마사지도 해봤는데 별로 나아지지 않았어요 오히려 시간이 지날수록 각질 은 더 많아지고 머리 감을,"['각질', '제거', '오일', '처음', '비듬', '각질', '머리카락', '시작', '마사지', '시간', '각질']","['각질_제거', '제거_오일', '오일_처음', '처음_비듬', '비듬_각질', '각질_머리카락', '머리카락_시작', '시작_마사지', '마사지_시간', '시간_각질']","['각질', '제거', '오일', '처음', '비듬', '각질', '머리카락', '시작', '마사지', '시간', '각질', '각질_제거', '제거_오일', '오일_처음', '처음_비듬', '비듬_각질', '각질_머리카락', '머리카락_시작', '시작_마사지', '마사지_시간', '시간_각질']",[],,,1,['별로'],0,[],-1,이탈위험,False
cafearticle,,두피각질 샴푸,샴푸 유목민들 모이세요 TS 신상 블랙캐비어 출시했어요 그동안 좋다는 샴푸 다 써봤지만 이번에 체험단으로 미리 만난 더블랙 샴푸 가 정점이네요 ㅋㅋ 염색모발색상유지부터 두피각질 개선까지 한 번에 돼서 너무 편해요 블랙캐비어랑,"['유목민', '신상', '블랙', '캐비어', '출시', '동안', '이번', '체험', '블랙', '정점', '염색', '모발', '색상', '유지', '각질', '개선', '블랙', '캐비어']","['유목민_신상', '신상_블랙', '블랙_캐비어', '캐비어_출시', '출시_동안', '동안_이번', '이번_체험', '체험_블랙', '블랙_정점', '정점_염색', '염색_모발', '모발_색상', '색상_유지', '유지_각질', '각질_개선', '개선_블랙', '블랙_캐비어']","['유목민', '신상', '블랙', '캐비어', '출시', '동안', '이번', '체험', '블랙', '정점', '염색', '모발', '색상', '유지', '각질', '개선', '블랙', '캐비어', '유목민_신상', '신상_블랙', '블랙_캐비어', '캐비어_출시', '출시_동안', '동안_이번', '이번_체험', '체험_블랙', '블랙_정점', '정점_염색', '염색_모발', '모발_색상', '색상_유지', '유지_각질', '각질_개선', '개선_블랙', '블랙_캐비어']",[],,,0,[],0,[],0,중립,False
cafearticle,,두피각질 샴푸,TS신상 더블랙트러플 샴푸 후기 두피 가 워낙 건조하고 예민해서 자꾸 긁게 되고 어두운 옷 입으면 어깨에 각질 떨어질까 봐 신경 쓰였거든요 ㅠㅠ 이번에 TS에서 새로 나온 프리미엄 라인 써봤는데 두피각질 개선에,"['신상', '블랙', '트러플', '건조', '어깨', '각질', '신경', '이번', '프리미엄', '라인', '각질', '개선']","['신상_블랙', '블랙_트러플', '트러플_건조', '건조_어깨', '어깨_각질', '각질_신경', '신경_이번', '이번_프리미엄', '프리미엄_라인', '라인_각질', '각질_개선']","['신상', '블랙', '트러플', '건조', '어깨', '각질', '신경', '이번', '프리미엄', '라인', '각질', '개선', '신상_블랙', '블랙_트러플', '트러플_건조', '건조_어깨', '어깨_각질', '각질_신경', '신경_이번', '이번_프리미엄', '프리미엄_라인', '라인_각질', '각질_개선']",[],,,0,[],0,[],0,중립,False
cafearticle,,두피각질 샴푸,다운 펌 이후 비듬 그리고 항상 아침 저녁 약산성 샴푸 바디워시 클렌징 폼으로로 머리 gt 몸 gt 얼굴순 진행 후 찬 바람으로 드라이를 해주고 있습니다 그릭고 약 7 10일 뒤에 항상 다운펌을 진행을 한 부위만 비듬이 생깁니다 아침마다,"['다운', '이후', '비듬', '아침', '저녁', '산성', '바디워시', '클렌징', '얼굴', '진행', '바람', '드라이', '그릭고', '다운펌', '진행', '부위', '비듬', '아침']","['다운_이후', '이후_비듬', '비듬_아침', '아침_저녁', '저녁_산성', '산성_바디워시', '바디워시_클렌징', '클렌징_얼굴', '얼굴_진행', '진행_바람', '바람_드라이', '드라이_그릭고', '그릭고_다운펌', '다운펌_진행', '진행_부위', '부위_비듬', '비듬_아침']","['다운', '이후', '비듬', '아침', '저녁', '산성', '바디워시', '클렌징', '얼굴', '진행', '바람', '드라이', '그릭고', '다운펌', '진행', '부위', '비듬', '아침', '다운_이후', '이후_비듬', '비듬_아침', '아침_저녁', '저녁_산성', '산성_바디워시', '바디워시_클렌징', '클렌징_얼굴', '얼굴_진행', '진행_바람', '바람_드라이', '드라이_그릭고', '그릭고_다운펌', '다운펌_진행', '진행_부위', '부위_비듬', '비듬_아침']",[],,,0,[],0,[],0,중립,False
cafearticle,,두피각질 샴푸,헤드앤숄더 비듬 샴푸 추천 약산성 비교 사용 후기 청소년 지성 두피 중요 성여러분들 알아보기 예민한 두피 에도 걱정 없이 쓸 수 있다고하시는 약산성 헤드앤숄더 비듬 샴푸 밸런스 지속에 도움도 주는 제조품이더라고요 느낀 건 가려움 일어내가 각질 두피 냄새 단 번에,"['비듬', '약산', '비교', '청소년', '지성', '중요', '걱정', '약산', '비듬', '밸런스', '지속', '도움', '제조', '각질', '냄새']","['비듬_약산', '약산_비교', '비교_청소년', '청소년_지성', '지성_중요', '중요_걱정', '걱정_약산', '약산_비듬', '비듬_밸런스', '밸런스_지속', '지속_도움', '도움_제조', '제조_각질', '각질_냄새']","['비듬', '약산', '비교', '청소년', '지성', '중요', '걱정', '약산', '비듬', '밸런스', '지속', '도움', '제조', '각질', '냄새', '비듬_약산', '약산_비교', '비교_청소년', '청소년_지성', '지성_중요', '중요_걱정', '걱정_약산', '약산_비듬', '비듬_밸런스', '밸런스_지속', '지속_도움', '도움_제조', '제조_각질', '각질_냄새']",[],,,1,['가려움'],1,['추천'],0,중립,False
cafearticle,,두피각질 샴푸,BALLVIC 볼빅 세보 샴푸 병원 샴푸 지루성 비듬 각질 핫딜 비교추천 155 790원 진짜 효과를 느낄 수 있었던 병원 샴푸 같은 전문 케어 평소 지루성 두피 염과 비듬 각질 문제에 시달리던 제가 볼빅 세보 샴푸 를 사용하면서부터 확실히 달라졌어요 병원에서 처방받은 샴푸 처럼 강력한 기능이,"['볼빅', '세보', '병원', '지루', '비듬', '각질', '비교', '효과', '병원', '전문', '케어', '평소', '지루', '비듬', '각질', '문제', '볼빅', '세보', '병원', '처방', '기능']","['볼빅_세보', '세보_병원', '병원_지루', '지루_비듬', '비듬_각질', '각질_비교', '비교_효과', '효과_병원', '병원_전문', '전문_케어', '케어_평소', '평소_지루', '지루_비듬', '비듬_각질', '각질_문제', '문제_볼빅', '볼빅_세보', '세보_병원', '병원_처방', '처방_기능']","['볼빅', '세보', '병원', '지루', '비듬', '각질', '비교', '효과', '병원', '전문', '케어', '평소', '지루', '비듬', '각질', '문제', '볼빅', '세보', '병원', '처방', '기능', '볼빅_세보', '세보_병원', '병원_지루', '지루_비듬', '비듬_각질', '각질_비교', '비교_효과', '효과_병원', '병원_전문', '전문_케어', '케어_평소', '평소_지루', '지루_비듬', '비듬_각질', '각질_문제', '문제_볼빅', '볼빅_세보', '세보_병원', '병원_처방', '처방_기능']",[],,,0,[],1,['추천'],1,긍정,False
cafearticle,,두피각질 샴푸,두피각질 원인이 뭘까요 동안은 두피각질 원인을 없애보려고 순한 샴푸 로 바꿔서 써봤어요 그런데 별로 나아지는 느낌이 없고 오히려 더 심해진 것 같기도 하구요 혹시 잘못된 방법으로 관리하고 있는 건 아닐까 걱정돼요 두피각질 원인이,"['각질', '원인', '동안', '각질', '원인', '느낌', '방법', '관리', '걱정', '각질', '원인']","['각질_원인', '원인_동안', '동안_각질', '각질_원인', '원인_느낌', '느낌_방법', '방법_관리', '관리_걱정', '걱정_각질', '각질_원인']","['각질', '원인', '동안', '각질', '원인', '느낌', '방법', '관리', '걱정', '각질', '원인', '각질_원인', '원인_동안', '동안_각질', '각질_원인', '원인_느낌', '느낌_방법', '방법_관리', '관리_걱정', '걱정_각질', '각질_원인']",[],,,1,['별로'],0,[],-1,이탈위험,False
cafearticle,,두피각질 샴푸,유세린 더모 카필레르 카밍 우레아 샴푸 사용 후기 샴푸 를 사용한 후 몇 주가 지나면서 두피 와 머릿결 모두 건강해진 느낌이 들었어요 비듬이 줄어들고 두피 의 각질 도 많이 개선되었던 것 같습니다 그렇게 매일 사용하면서 저에게 맞는 제품이라는 확신이 들었고,"['유세린', '더모', '카필레르', '카밍', '우레아', '머릿결', '건강', '느낌', '비듬', '각질', '개선', '확신']","['유세린_더모', '더모_카필레르', '카필레르_카밍', '카밍_우레아', '우레아_머릿결', '머릿결_건강', '건강_느낌', '느낌_비듬', '비듬_각질', '각질_개선', '개선_확신']","['유세린', '더모', '카필레르', '카밍', '우레아', '머릿결', '건강', '느낌', '비듬', '각질', '개선', '확신', '유세린_더모', '더모_카필레르', '카필레르_카밍', '카밍_우레아', '우레아_머릿결', '머릿결_건강', '건강_느낌', '느낌_비듬', '비듬_각질', '각질_개선', '개선_확신']",[],,,0,[],0,[],0,중립,False
cafearticle,,두피각질 샴푸,헤드앤숄더 두피 토탈 솔루션 딥클린 샴푸 후기 두피 가 깨끗해지면서 피지나 각질 도 많이 줄어들었고 머릿결도 전에 비해 확실히 건강해 보였어요 이전에는 약간의 기름기가 남아 있어서 자주 샴푸 를 했어야 했는데 이제는 이 헤드앤숄더 두피 토탈 솔루션 딥클린,"['토탈', '솔루션', '클린', '피지', '각질', '머릿결', '건강', '이전', '약간', '기름', '이제', '토탈', '솔루션', '클린']","['토탈_솔루션', '솔루션_클린', '클린_피지', '피지_각질', '각질_머릿결', '머릿결_건강', '건강_이전', '이전_약간', '약간_기름', '기름_이제', '이제_토탈', '토탈_솔루션', '솔루션_클린']","['토탈', '솔루션', '클린', '피지', '각질', '머릿결', '건강', '이전', '약간', '기름', '이제', '토탈', '솔루션', '클린', '토탈_솔루션', '솔루션_클린', '클린_피지', '피지_각질', '각질_머릿결', '머릿결_건강', '건강_이전', '이전_약간', '약간_기름', '기름_이제', '이제_토탈', '토탈_솔루션', '솔루션_클린']",[],,,0,[],0,[],0,중립,False
cafearticle,,두피각질 샴푸,두피 건선 치료 어떻게 하시나요 머리 감고 나면 하얗게 일어나는 각질 들 때문에 정말 스트레스받고 있습니다 처음엔 단순 비듬인 줄 샴푸 도 여러 개 바꿔봤는데 오히려 더 건조해지는 느낌이고 두피 건선 치료 관련해서 검색해보니 정보가 너무 많아서,"['치료', '각질', '스트레스', '처음', '단순', '비듬', '건조', '느낌', '치료', '검색', '정보']","['치료_각질', '각질_스트레스', '스트레스_처음', '처음_단순', '단순_비듬', '비듬_건조', '건조_느낌', '느낌_치료', '치료_검색', '검색_정보']","['치료', '각질', '스트레스', '처음', '단순', '비듬', '건조', '느낌', '치료', '검색', '정보', '치료_각질', '각질_스트레스', '스트레스_처음', '처음_단순', '단순_비듬', '비듬_건조', '건조_느낌', '느낌_치료', '치료_검색', '검색_정보']",[],,,0,[],0,[],0,중립,False
cafearticle,,두피각질 샴푸,헤드앤숄더 건성 두피 케어 샴푸 코코넛 플로럴향 가성비 실화 솔직 리뷰 공유합니다 만약 저처럼 두피 가 쉽게 건조해지고 각질 이 고민이라면 보습 성분이 풍부하게 함유된 제품을 선택하는 것이 좋습니다 너무 강한 세정력의 샴푸 는 오히려 두피 를 더욱 건조하게 만들 수 있으니 주의해야 해요 또한,"['건성', '케어', '코코넛', '플로럴', '가성비', '실화', '리뷰', '공유', '건조', '각질', '고민', '보습', '성분', '함유', '선택', '세정', '건조', '주의']","['건성_케어', '케어_코코넛', '코코넛_플로럴', '플로럴_가성비', '가성비_실화', '실화_리뷰', '리뷰_공유', '공유_건조', '건조_각질', '각질_고민', '고민_보습', '보습_성분', '성분_함유', '함유_선택', '선택_세정', '세정_건조', '건조_주의']","['건성', '케어', '코코넛', '플로럴', '가성비', '실화', '리뷰', '공유', '건조', '각질', '고민', '보습', '성분', '함유', '선택', '세정', '건조', '주의', '건성_케어', '케어_코코넛', '코코넛_플로럴', '플로럴_가성비', '가성비_실화', '실화_리뷰', '리뷰_공유', '공유_건조', '건조_각질', '각질_고민', '고민_보습', '보습_성분', '성분_함유', '함유_선택', '선택_세정', '세정_건조', '건조_주의']",['솔직_리뷰'],,,0,[],0,[],0,중립,False
cafearticle,,두피각질 샴푸,헤드앤숄더 건성 두피 케어 샴푸 코코넛 플로럴향 어떤 게 좋을까 꼼꼼 비교 리뷰 이렇게 헤드앤숄더 건성 두피 케어 샴푸 코코넛 플로럴향을 소개해드렸는데요 건조함 때문에 두피 가려움이나 각질 때문에 스트레스받으셨던 분들이라면 이번 기회에 한번 사용해보시는 것을 권해드리고 싶어요,"['건성', '케어', '코코넛', '플로럴', '비교', '리뷰', '건성', '케어', '코코넛', '플로럴', '소개', '건조', '각질', '스트레스', '이번', '기회']","['건성_케어', '케어_코코넛', '코코넛_플로럴', '플로럴_비교', '비교_리뷰', '리뷰_건성', '건성_케어', '케어_코코넛', '코코넛_플로럴', '플로럴_소개', '소개_건조', '건조_각질', '각질_스트레스', '스트레스_이번', '이번_기회']","['건성', '케어', '코코넛', '플로럴', '비교', '리뷰', '건성', '케어', '코코넛', '플로럴', '소개', '건조', '각질', '스트레스', '이번', '기회', '건성_케어', '케어_코코넛', '코코넛_플로럴', '플로럴_비교', '비교_리뷰', '리뷰_건성', '건성_케어', '케어_코코넛', '코코넛_플로럴', '플로럴_소개', '소개_건조', '건조_각질', '각질_스트레스', '스트레스_이번', '이번_기회']",['꼼꼼_비교'],,,1,['가려움'],0,[],-1,이탈위험,False
cafearticle,,두피각질 샴푸,비듬 탈모 연관성 있나요 요즘 들어 비듬이 갑자기 생기기 시작했어요 원래는 두피 가 깨끗한 편이었는데 최근에 비듬 탈모 같은게 걱정되서 불안하더라구요 샤워할때 머리 감으면서 보니까 어깨에 하얀 각질 이 떨어지는게 보이고 베개에도 아침에,"['비듬', '탈모', '연관', '비듬', '시작', '비듬', '탈모', '걱정', '불안', '샤워', '어깨', '각질', '베개', '아침']","['비듬_탈모', '탈모_연관', '연관_비듬', '비듬_시작', '시작_비듬', '비듬_탈모', '탈모_걱정', '걱정_불안', '불안_샤워', '샤워_어깨', '어깨_각질', '각질_베개', '베개_아침']","['비듬', '탈모', '연관', '비듬', '시작', '비듬', '탈모', '걱정', '불안', '샤워', '어깨', '각질', '베개', '아침', '비듬_탈모', '탈모_연관', '연관_비듬', '비듬_시작', '시작_비듬', '비듬_탈모', '탈모_걱정', '걱정_불안', '불안_샤워', '샤워_어깨', '어깨_각질', '각질_베개', '베개_아침']",[],,,0,[],0,[],0,중립,False
cafearticle,,안티트로 샴푸 후기,안티트로 샴푸 후기 용 그리고 이거 때문에 탈모도 많이 올라오는것 같아서요ㅠ 카페 내에서도 안티트로 샴푸 얘기도 되게 많고 좀 찾아보니까 성분도 괜찮고 후기 도 되게 좋아서 한번 써볼까 하거든요 안티트로 샴푸 어때요 효과는,"['안티트로', '탈모', '카페', '안티트로', '얘기', '성분', '안티트로', '효과']","['안티트로_탈모', '탈모_카페', '카페_안티트로', '안티트로_얘기', '얘기_성분', '성분_안티트로', '안티트로_효과']","['안티트로', '탈모', '카페', '안티트로', '얘기', '성분', '안티트로', '효과', '안티트로_탈모', '탈모_카페', '카페_안티트로', '안티트로_얘기', '얘기_성분', '성분_안티트로', '안티트로_효과']",[],,,2,"['올라오', '안티트로']",0,[],-2,이탈위험,True
cafearticle,,안티트로 샴푸 후기,지루성두피염 샴푸 어쩌죠 아무래도 제 두피가 예민한 편이라 더 안 좋게 반응한 것 같아요 저만 이런 건가 싶어서 지루성두피염 샴푸 후기 찾아보니 별점 낮은 리뷰 중에 저처럼 지루성두피에 민감한 사람들이 이 샴푸 쓰고 나서 두피 뒤집어졌다고,"['지루성두피염', '반응', '지루성두피염', '별점', '리뷰', '지루']","['지루성두피염_반응', '반응_지루성두피염', '지루성두피염_별점', '별점_리뷰', '리뷰_지루']","['지루성두피염', '반응', '지루성두피염', '별점', '리뷰', '지루', '지루성두피염_반응', '반응_지루성두피염', '지루성두피염_별점', '별점_리뷰', '리뷰_지루']",[],,,0,[],0,[],0,중립,False
cafearticle,,안티트로 샴푸 후기,헤드앤숄더 쿨멘솔 샴푸 속상ㅠ 나서 샴푸 할 때마다 신경쓰이더라구요ㅠ 1점 후기 뒤늦게 보니까 저처럼 두피 예민한 분들은 헤드앤숄더 쿨멘솔 샴푸 는 아무래도 제 두피엔 잘 안 맞는 것 같아요 저처럼 민감성이라 두피가 많이 약하고 이거 때문에,['신경'],[],['신경'],[],,,0,[],0,[],0,중립,False
cafearticle,,안티트로 샴푸 후기,안티트로샴푸 두피 고민 끝낼 수 있을까요 솔직 사용 후기 많은 분들이 안티트로샴푸 하면 떠올리는 브랜드가 있죠 바로 헤드앤숄더인데요 이번에 헤드앤숄더 샴푸 를 쓰고 나서 훨씬 개운해졌어요 이제 옷 신경 안 쓰고 입을 수 있게 됐어요 quot 자주 겪는 고민들,"['안티트로', '고민', '안티트로', '이번', '신경', '고민']","['안티트로_고민', '고민_안티트로', '안티트로_이번', '이번_신경', '신경_고민']","['안티트로', '고민', '안티트로', '이번', '신경', '고민', '안티트로_고민', '고민_안티트로', '안티트로_이번', '이번_신경', '신경_고민']",[],,,1,['안티트로'],0,[],-1,이탈위험,True
cafearticle,,안티트로 샴푸 후기,안티트로 샴푸 내돈내산 지루성 두피 효과 후기 할인 링크 그러다 후기 평점이 워낙 높길래 반신반의하며 안티트로 샴푸 를 써봤는데요 지금은 한 달 넘게 사용 중인데 안티트로 샴푸 효과 느끼는 속도가 달랐어요 1주차엔 간지러움이 줄고 2주차엔 각질이 거의 안,"['안티트로', '지루', '효과', '반신반의', '안티트로', '지금', '안티트로', '효과', '속도', '각질']","['안티트로_지루', '지루_효과', '효과_반신반의', '반신반의_안티트로', '안티트로_지금', '지금_안티트로', '안티트로_효과', '효과_속도', '속도_각질']","['안티트로', '지루', '효과', '반신반의', '안티트로', '지금', '안티트로', '효과', '속도', '각질', '안티트로_지루', '지루_효과', '효과_반신반의', '반신반의_안티트로', '안티트로_지금', '지금_안티트로', '안티트로_효과', '효과_속도', '속도_각질']",[],,,1,['안티트로'],0,[],-1,이탈위험,True
cafearticle,,안티트로 샴푸 후기,후기 작성합니다 좋아지는 중 감사드려요 샴푸 두피건선 저는 소금이 들어간 샴푸 티트로 오일 믹싱해서 두피 세척을 합니다 그리고 주 3회는 헤드앤숄더 직구 제품 사용 두피가 정말 너무 많이 좋아짐을 느끼고 있구요 자외선조사기도 꼭 두피에 쬐어,"['작성', '감사', '소금', '티트로', '오일', '믹싱', '세척', '직구', '자외선', '조사']","['작성_감사', '감사_소금', '소금_티트로', '티트로_오일', '오일_믹싱', '믹싱_세척', '세척_직구', '직구_자외선', '자외선_조사']","['작성', '감사', '소금', '티트로', '오일', '믹싱', '세척', '직구', '자외선', '조사', '작성_감사', '감사_소금', '소금_티트로', '티트로_오일', '오일_믹싱', '믹싱_세척', '세척_직구', '직구_자외선', '자외선_조사']",[],,,0,[],0,[],0,중립,False
cafearticle,,안티트로 샴푸 후기,안티트로 샴푸 내돈내산 후기 효과 성분 부작용 사용법 가격 정보 알아보기 안티트로 샴푸 내돈내산 후기 효과 성분 부작용 사용법 가격 정보를 소개해 드릴게요 안티트로 샴푸 는 지루성 두피염 비듬 가려움 두피 트러블 등 문제성 두피를 케어하기 위해 개발된 특수 목적 샴푸 입니다 자극이,"['안티트로', '효과', '성분', '부작용', '사용법', '정보', '안티트로', '효과', '성분', '부작용', '사용법', '정보', '소개', '안티트로', '지루', '비듬', '트러블', '문제', '케어', '개발', '특수', '목적', '자극']","['안티트로_효과', '효과_성분', '성분_부작용', '부작용_사용법', '사용법_정보', '정보_안티트로', '안티트로_효과', '효과_성분', '성분_부작용', '부작용_사용법', '사용법_정보', '정보_소개', '소개_안티트로', '안티트로_지루', '지루_비듬', '비듬_트러블', '트러블_문제', '문제_케어', '케어_개발', '개발_특수', '특수_목적', '목적_자극']","['안티트로', '효과', '성분', '부작용', '사용법', '정보', '안티트로', '효과', '성분', '부작용', '사용법', '정보', '소개', '안티트로', '지루', '비듬', '트러블', '문제', '케어', '개발', '특수', '목적', '자극', '안티트로_효과', '효과_성분', '성분_부작용', '부작용_사용법', '사용법_정보', '정보_안티트로', '안티트로_효과', '효과_성분', '성분_부작용', '부작용_사용법', '사용법_정보', '정보_소개', '소개_안티트로', '안티트로_지루', '지루_비듬', '비듬_트러블', '트러블_문제', '문제_케어', '케어_개발', '개발_특수', '특수_목적', '목적_자극']",[],,,4,"['트러블', '자극', '가려움', '안티트로']",0,[],-4,이탈위험,True
cafearticle,,안티트로 샴푸 후기,안티트로 샴푸 어때요 안티트로 샴푸 가 두피염특화 샴푸 라고 요즘 여기저기서 보이더라구요 후기 도좋고 그래도 혹시 불안해서 써보신분 계시면 후기 좀 부탁드려요 효과 좀 있나요 있다면 언제부터 효과가 나오는지도 궁금합니다 하도,"['안티트로', '안티트로', '특화', '여기저기', '불안', '효과', '효과']","['안티트로_안티트로', '안티트로_특화', '특화_여기저기', '여기저기_불안', '불안_효과', '효과_효과']","['안티트로', '안티트로', '특화', '여기저기', '불안', '효과', '효과', '안티트로_안티트로', '안티트로_특화', '특화_여기저기', '여기저기_불안', '불안_효과', '효과_효과']",[],,,1,['안티트로'],0,[],-1,이탈위험,True
cafearticle,,안티트로 샴푸 후기,안티트로 샴푸 사라마라 부탁드려요ㅠ 여드름이 종종 올라와가지고 고민하고 있었는데 지인이 좋은 샴푸 있다고 안티트로 샴푸 추천해줬는데 효과 없는 샴푸 너무 많았어서 ㅠㅠ 고민중 실제로 써보신분들만 안티트로 샴푸 사라마라 부탁드려요 찐 후기 만,"['안티트로', '여드름', '고민', '지인', '안티트로', '효과', '고민', '안티트로']","['안티트로_여드름', '여드름_고민', '고민_지인', '지인_안티트로', '안티트로_효과', '효과_고민', '고민_안티트로']","['안티트로', '여드름', '고민', '지인', '안티트로', '효과', '고민', '안티트로', '안티트로_여드름', '여드름_고민', '고민_지인', '지인_안티트로', '안티트로_효과', '효과_고민', '고민_안티트로']",[],,,1,['안티트로'],1,['추천'],0,중립,True
cafearticle,,지루성두피 샴푸 추천,지루성두피 염병원 큰일이에요 혹시 지루성두피 염병원 가보신분 계신가요 저 지루성두피 염때문에 어렵게 예약해서 병원 다녀왔는데 효과를 전혀 못보고 오히려 상태가 더 안좋아져서요ㅠ 어떻게해야할지 모르겠어서 글 올려봐요ㅠ 제가 원래 어렸을때,"['지루성두피', '염병원', '큰일', '지루', '병원', '지루', '예약', '병원', '효과', '상태']","['지루성두피_염병원', '염병원_큰일', '큰일_지루', '지루_병원', '병원_지루', '지루_예약', '예약_병원', '병원_효과', '효과_상태']","['지루성두피', '염병원', '큰일', '지루', '병원', '지루', '예약', '병원', '효과', '상태', '지루성두피_염병원', '염병원_큰일', '큰일_지루', '지루_병원', '병원_지루', '지루_예약', '예약_병원', '병원_효과', '효과_상태']",[],,,0,[],0,[],0,중립,False
cafearticle,,지루성두피 샴푸 추천,지루성두피 염 에스로반 연고도 크게 효과가 없을 때는 아마 quot 두피 에 뭔가 났는데 빨갛고 진물도 나는 것 같아서 quot 약국에서 추천 받으셨거나 예전에 피부 트러블 꾸준히 quot 샴푸 로 되나요 quot 라고 물으시는데 실제로 가벼운 지루성두피 염은 이것만으로도 많이 좋아집니다 항진균,"['지루', '에스로반', '연고', '효과', '진물', '예전', '피부', '트러블', '지루', '항진균']","['지루_에스로반', '에스로반_연고', '연고_효과', '효과_진물', '진물_예전', '예전_피부', '피부_트러블', '트러블_지루', '지루_항진균']","['지루', '에스로반', '연고', '효과', '진물', '예전', '피부', '트러블', '지루', '항진균', '지루_에스로반', '에스로반_연고', '연고_효과', '효과_진물', '진물_예전', '예전_피부', '피부_트러블', '트러블_지루', '지루_항진균']",[],,,1,['트러블'],1,['추천'],0,중립,False
cafearticle,,지루성두피 샴푸 추천,BALLVIC 볼빅 세보 샴푸 병원 샴푸 지루성 비듬 각질 이건 어때요 거짓 없는 제품 내 두피 와 피부에 딱 맞는 강력한 기능성 볼빅 세보 샴푸 는 지루성 피부염과 비듬 각질 효과를 보니 이제는 다시 건강한 두피 를 유지하는 게 무서운 일이 아니네요 수많은 사용자들이 추천 하는 신뢰할,"['볼빅', '세보', '병원', '지루', '비듬', '각질', '거짓', '피부', '기능', '볼빅', '세보', '지루성 피부염', '비듬', '각질', '효과', '이제', '건강', '유지', '사용자', '신뢰']","['볼빅_세보', '세보_병원', '병원_지루', '지루_비듬', '비듬_각질', '각질_거짓', '거짓_피부', '피부_기능', '기능_볼빅', '볼빅_세보', '세보_지루성 피부염', '지루성 피부염_비듬', '비듬_각질', '각질_효과', '효과_이제', '이제_건강', '건강_유지', '유지_사용자', '사용자_신뢰']","['볼빅', '세보', '병원', '지루', '비듬', '각질', '거짓', '피부', '기능', '볼빅', '세보', '지루성 피부염', '비듬', '각질', '효과', '이제', '건강', '유지', '사용자', '신뢰', '볼빅_세보', '세보_병원', '병원_지루', '지루_비듬', '비듬_각질', '각질_거짓', '거짓_피부', '피부_기능', '기능_볼빅', '볼빅_세보', '세보_지루성 피부염', '지루성 피부염_비듬', '비듬_각질', '각질_효과', '효과_이제', '이제_건강', '건강_유지', '유지_사용자', '사용자_신뢰']",[],,,0,[],1,['추천'],1,긍정,False
cafearticle,,지루성두피 샴푸 추천,BALLVIC 볼빅 세보 샴푸 병원 샴푸 지루성 비듬 각질 핫딜 비교 추천 두피 고민으로부터 벗어나고 싶은 분들께 강력 추천 합니다 지금 바로 건강한 두피 를 위한 첫걸음 시작하세요 지루성 비듬 각질 걱정 없는 깨끗한 두피 를 원하신다면 지금 바로 볼빅 세보 샴푸 를 만나보세요 꾸준히,"['볼빅', '세보', '병원', '지루', '비듬', '각질', '비교', '고민', '강력', '건강', '첫걸음', '시작', '지루', '비듬', '각질', '걱정', '볼빅', '세보']","['볼빅_세보', '세보_병원', '병원_지루', '지루_비듬', '비듬_각질', '각질_비교', '비교_고민', '고민_강력', '강력_건강', '건강_첫걸음', '첫걸음_시작', '시작_지루', '지루_비듬', '비듬_각질', '각질_걱정', '걱정_볼빅', '볼빅_세보']","['볼빅', '세보', '병원', '지루', '비듬', '각질', '비교', '고민', '강력', '건강', '첫걸음', '시작', '지루', '비듬', '각질', '걱정', '볼빅', '세보', '볼빅_세보', '세보_병원', '병원_지루', '지루_비듬', '비듬_각질', '각질_비교', '비교_고민', '고민_강력', '강력_건강', '건강_첫걸음', '첫걸음_시작', '시작_지루', '지루_비듬', '비듬_각질', '각질_걱정', '걱정_볼빅', '볼빅_세보']",[],,,0,[],1,['추천'],1,긍정,False
cafearticle,,지루성두피 샴푸 추천,지루성두피 염병원 어때요 샴푸 도 여러 개 바꿔봤는데 오히려 더 가려운 것 같기도 하고 두피 가 붉어진 느낌도 들어요 거울 보면서 지루성두피 염병원 추천 도 받고 싶고 집에서 할 수 있는 관리법도 알고 싶습니다 요즘 거울 볼 때마다 자신감이,"['지루성두피', '염병원', '느낌', '거울', '지루성두피', '염병원', '관리법', '거울', '자신감']","['지루성두피_염병원', '염병원_느낌', '느낌_거울', '거울_지루성두피', '지루성두피_염병원', '염병원_관리법', '관리법_거울', '거울_자신감']","['지루성두피', '염병원', '느낌', '거울', '지루성두피', '염병원', '관리법', '거울', '자신감', '지루성두피_염병원', '염병원_느낌', '느낌_거울', '거울_지루성두피', '지루성두피_염병원', '염병원_관리법', '관리법_거울', '거울_자신감']",[],,,0,[],1,['추천'],1,긍정,False
cafearticle,,지루성두피 샴푸 추천,지루성두피 염피부과 가게 되면 지루성두피 염피부과에서 진료받으신 분들 중에 실제로 개선된 경험 있으신가요 샴푸 만 바꿔도 나아질 수 지루성두피 염피부과에서 추천 받은 제품 써보신 분 계시면 효과가 어땠는지 궁금합니다 머리카락이 점점,"['지루성두피', '염피부과', '지루', '피부과', '진료', '개선', '경험', '지루성두피', '피부과', '효과', '머리카락']","['지루성두피_염피부과', '염피부과_지루', '지루_피부과', '피부과_진료', '진료_개선', '개선_경험', '경험_지루성두피', '지루성두피_피부과', '피부과_효과', '효과_머리카락']","['지루성두피', '염피부과', '지루', '피부과', '진료', '개선', '경험', '지루성두피', '피부과', '효과', '머리카락', '지루성두피_염피부과', '염피부과_지루', '지루_피부과', '피부과_진료', '진료_개선', '개선_경험', '경험_지루성두피', '지루성두피_피부과', '피부과_효과', '효과_머리카락']",[],,,0,[],1,['추천'],1,긍정,False
cafearticle,,지루성두피 샴푸 추천,용닥터 샴푸 400 ml 본사정품 지루성두피 탈모 완화 기능성 샴푸 스칼프 볼륨 카페인 샴푸 지긋지긋했 저처럼 지루성 두피 로 고생하시는 분들께 정말 강력 추천 해 드리고 싶어요 꾸준히 사용하면 분명 좋은 결과를 보실 수 있을 거예요 이제 여러분들이 궁금해하실 만한 질문과 답변을 드릴게요 Q 샴푸 사용 후 모발이,"['닥터', '본사', '정품', '지루', '탈모', '완화', '기능', '스칼프', '볼륨', '카페인', '지루', '고생', '강력', '결과', '질문', '답변', '모발']","['닥터_본사', '본사_정품', '정품_지루', '지루_탈모', '탈모_완화', '완화_기능', '기능_스칼프', '스칼프_볼륨', '볼륨_카페인', '카페인_지루', '지루_고생', '고생_강력', '강력_결과', '결과_질문', '질문_답변', '답변_모발']","['닥터', '본사', '정품', '지루', '탈모', '완화', '기능', '스칼프', '볼륨', '카페인', '지루', '고생', '강력', '결과', '질문', '답변', '모발', '닥터_본사', '본사_정품', '정품_지루', '지루_탈모', '탈모_완화', '완화_기능', '기능_스칼프', '스칼프_볼륨', '볼륨_카페인', '카페인_지루', '지루_고생', '고생_강력', '강력_결과', '결과_질문', '질문_답변', '답변_모발']",[],,,0,[],1,['추천'],1,긍정,False
cafearticle,,지루성두피 샴푸 추천,핫딜 오르보닉 약산성 천연 샴푸 비듬 유래 두피 지루성 피부염 민감한 지성 두피 가려움 추천 상품 핫딜 오르보닉 약산성 천연 샴푸 비듬 유래 두피 지루성 피부염 민감한 지성 두피 가려움 추천 상품 구매하러가기,"['오르보닉', '산성', '천연', '비듬', '유래', '지루', '피부염', '지성', '오르보닉', '산성', '천연', '비듬', '유래', '지루', '피부염', '지성']","['오르보닉_산성', '산성_천연', '천연_비듬', '비듬_유래', '유래_지루', '지루_피부염', '피부염_지성', '지성_오르보닉', '오르보닉_산성', '산성_천연', '천연_비듬', '비듬_유래', '유래_지루', '지루_피부염', '피부염_지성']","['오르보닉', '산성', '천연', '비듬', '유래', '지루', '피부염', '지성', '오르보닉', '산성', '천연', '비듬', '유래', '지루', '피부염', '지성', '오르보닉_산성', '산성_천연', '천연_비듬', '비듬_유래', '유래_지루', '지루_피부염', '피부염_지성', '지성_오르보닉', '오르보닉_산성', '산성_천연', '천연_비듬', '비듬_유래', '유래_지루', '지루_피부염', '피부염_지성']",[],,,1,['가려움'],1,['추천'],0,중립,False
cafearticle,,지루성두피 샴푸 추천,Magazine 내 대가리는 소중하니까 탈모 관리템 추천 zip 물론 비듬 지루성 두피 염이 있다면 케토코나졸 샴푸 약용 샴푸 를 가장 먼저 적용해야 하는게 맞습니다 하지만 보조적으로 이런 제품도 있다는 점 지루성 두피 염으로 인한 탈모이신 분께 추천 드리는 아이템입니다,"['대가리', '탈모', '관리', '비듬', '지루', '케토코나졸', '적용', '보조', '지루', '탈모', '아이템']","['대가리_탈모', '탈모_관리', '관리_비듬', '비듬_지루', '지루_케토코나졸', '케토코나졸_적용', '적용_보조', '보조_지루', '지루_탈모', '탈모_아이템']","['대가리', '탈모', '관리', '비듬', '지루', '케토코나졸', '적용', '보조', '지루', '탈모', '아이템', '대가리_탈모', '탈모_관리', '관리_비듬', '비듬_지루', '지루_케토코나졸', '케토코나졸_적용', '적용_보조', '보조_지루', '지루_탈모', '탈모_아이템']",[],,,0,[],1,['추천'],1,긍정,False
cafearticle,,지루성두피 샴푸 추천,니조랄 가격 진짜ㅠ 지루성두피 염 심한 상태로 오래가면 모근까지 영향줘서 탈모 빨라진다는 말도 봤는데 진짜인가봐요ㅠ 안그래도 숱이 많은편도 아닌데 이 나이에 탈모까지 오면 진짜 어떡하죠ㅠ 지인한테 얘기했더니 빨리 맞는 샴푸,"['니조랄', '지루', '상태', '모근', '영향', '탈모', '나이', '탈모', '지인', '얘기']","['니조랄_지루', '지루_상태', '상태_모근', '모근_영향', '영향_탈모', '탈모_나이', '나이_탈모', '탈모_지인', '지인_얘기']","['니조랄', '지루', '상태', '모근', '영향', '탈모', '나이', '탈모', '지인', '얘기', '니조랄_지루', '지루_상태', '상태_모근', '모근_영향', '영향_탈모', '탈모_나이', '나이_탈모', '탈모_지인', '지인_얘기']",[],,,1,['니조랄'],0,[],-1,이탈위험,True
cafearticle,,지루성두피 샴푸 추천,헤드앤숄더 클리니컬 스트렝스 왜이러죠 혹시 지루성두피 염인가 싶어서 이것저것 검색하다가 헤드앤숄더 클리니컬 스트렝스를 알게됐거든요 비슷하게 두피 뒤집어졌다는 분들이 꽤 많더라구요 이게 항진균 샴푸 인데 주성분인 황화셀레늄이 엄청 강한,"['클리니컬', '스트렝스', '지루', '이것저것', '검색', '클리니컬', '스트렝스', '항진', '주성분', '황화셀레늄']","['클리니컬_스트렝스', '스트렝스_지루', '지루_이것저것', '이것저것_검색', '검색_클리니컬', '클리니컬_스트렝스', '스트렝스_항진', '항진_주성분', '주성분_황화셀레늄']","['클리니컬', '스트렝스', '지루', '이것저것', '검색', '클리니컬', '스트렝스', '항진', '주성분', '황화셀레늄', '클리니컬_스트렝스', '스트렝스_지루', '지루_이것저것', '이것저것_검색', '검색_클리니컬', '클리니컬_스트렝스', '스트렝스_항진', '항진_주성분', '주성분_황화셀레늄']",[],,,0,[],0,[],0,중립,False
cafearticle,,지루성두피 샴푸 추천,탈모약 처방 없이 국내에서 살 방법은 정말 없을까요 탈모 샴푸 탈모클리닉 프로페시아 탈모관리 여성탈모 미녹시딜 아보다트 피나스테리드 두타스테리드 두피 열 정수리탈모 M자탈모 비오틴 원형탈모 모발이식병원 지루성두피 염 모발이식 여자탈모,"['탈모', '처방', '국내', '방법', '탈모', '탈모', '클리닉', '프로페시아', '탈모', '관리', '여성탈모', '미녹시딜', '아보다트', '피나스테리드', '두타스테리드', '정수리', '탈모', '탈모', '비오티', '원형', '탈모', '모발', '이식', '병원', '지루', '모발', '이식', '여자', '탈모']","['탈모_처방', '처방_국내', '국내_방법', '방법_탈모', '탈모_탈모', '탈모_클리닉', '클리닉_프로페시아', '프로페시아_탈모', '탈모_관리', '관리_여성탈모', '여성탈모_미녹시딜', '미녹시딜_아보다트', '아보다트_피나스테리드', '피나스테리드_두타스테리드', '두타스테리드_정수리', '정수리_탈모', '탈모_탈모', '탈모_비오티', '비오티_원형', '원형_탈모', '탈모_모발', '모발_이식', '이식_병원', '병원_지루', '지루_모발', '모발_이식', '이식_여자', '여자_탈모']","['탈모', '처방', '국내', '방법', '탈모', '탈모', '클리닉', '프로페시아', '탈모', '관리', '여성탈모', '미녹시딜', '아보다트', '피나스테리드', '두타스테리드', '정수리', '탈모', '탈모', '비오티', '원형', '탈모', '모발', '이식', '병원', '지루', '모발', '이식', '여자', '탈모', '탈모_처방', '처방_국내', '국내_방법', '방법_탈모', '탈모_탈모', '탈모_클리닉', '클리닉_프로페시아', '프로페시아_탈모', '탈모_관리', '관리_여성탈모', '여성탈모_미녹시딜', '미녹시딜_아보다트', '아보다트_피나스테리드', '피나스테리드_두타스테리드', '두타스테리드_정수리', '정수리_탈모', '탈모_탈모', '탈모_비오티', '비오티_원형', '원형_탈모', '탈모_모발', '모발_이식', '이식_병원', '병원_지루', '지루_모발', '모발_이식', '이식_여자', '여자_탈모']",[],,,0,[],0,[],0,중립,False
cafearticle,,지루성두피 샴푸 추천,머리 감아도 가려운데 혹시 지루성두피 염피부과 가보셨나요 샴푸 를 바꿔봐도 소용이 없고 머리 감고 나서도 금방 또 가려워지더라고요 특히 정수리 쪽이 제일 심한데 지루성두피 염피부과 추천 도 좋고 일상에서 관리하는 방법이라도 알려주시면 정말 감사하겠습니다,"['지루성두피', '염피부과', '소용', '정수리', '지루성두피', '염피부과', '일상', '관리', '방법', '감사']","['지루성두피_염피부과', '염피부과_소용', '소용_정수리', '정수리_지루성두피', '지루성두피_염피부과', '염피부과_일상', '일상_관리', '관리_방법', '방법_감사']","['지루성두피', '염피부과', '소용', '정수리', '지루성두피', '염피부과', '일상', '관리', '방법', '감사', '지루성두피_염피부과', '염피부과_소용', '소용_정수리', '정수리_지루성두피', '지루성두피_염피부과', '염피부과_일상', '일상_관리', '관리_방법', '방법_감사']",[],,,0,[],1,['추천'],1,긍정,False
cafearticle,,지루성두피 샴푸 추천,두피 열 스프레이 효과 진짜 있나요 추천 부탁드려용 찾아보니까 두피 열이 지루성두피 염이나 탈모 원인이 될 수도 있다 해서 식겁했네요ㅠㅠ 안 그래도 요즘 관리실 가서 두피 케어도 몇 번 받아봤는데 솔직히 1회 비용이 너무 부담이라 꾸준히는 못 가겠고 샴푸 도,"['스프레이', '효과', '부탁', '지루', '탈모', '원인', '관리실', '케어', '비용', '부담']","['스프레이_효과', '효과_부탁', '부탁_지루', '지루_탈모', '탈모_원인', '원인_관리실', '관리실_케어', '케어_비용', '비용_부담']","['스프레이', '효과', '부탁', '지루', '탈모', '원인', '관리실', '케어', '비용', '부담', '스프레이_효과', '효과_부탁', '부탁_지루', '지루_탈모', '탈모_원인', '원인_관리실', '관리실_케어', '케어_비용', '비용_부담']",[],,,0,[],1,['추천'],1,긍정,False
cafearticle,,지루성두피 샴푸 추천,지루성 두피 샴푸 유목민이에요 감아도 간지럽고 미치겠어요 추천 좀 해주세요 ㅜㅜ 헤드앤숄더 방기원 각종 좋다는거 써봐도 정착을 하지 못했어요,"['지루', '유목민', '기원', '각종', '정착']","['지루_유목민', '유목민_기원', '기원_각종', '각종_정착']","['지루', '유목민', '기원', '각종', '정착', '지루_유목민', '유목민_기원', '기원_각종', '각종_정착']",[],,,0,[],2,"['정착', '추천']",2,긍정,False
cafearticle,,지루성두피 샴푸 추천,오프온 지루성두피 염 볼륨 탈모완화 올리브영 비듬예방 약산성 비건 남자여자 B7블랙빈 쿨 샴푸 개인적 경험 오프온 지루성두피 염 볼륨 탈모완화 올리브영 비듬예방 약산성 비건 남자여자 B7블랙빈 쿨 샴푸 개인적 경험 지루성두피 염과 볼륨 탈모에 도움 되는 올리브영 추천 샴푸 이야기 안녕하세요 오늘은 제가 최근에 경험하고,"['오프', '지루', '볼륨', '탈모', '완화', '올리브', '비듬', '예방', '산성', '남자', '여자', '블랙', '개인', '경험', '오프', '지루', '볼륨', '탈모', '완화', '올리브', '비듬', '예방', '산성', '남자', '여자', '블랙', '개인', '경험', '지루', '볼륨', '탈모', '도움', '올리브', '이야기', '경험']","['오프_지루', '지루_볼륨', '볼륨_탈모', '탈모_완화', '완화_올리브', '올리브_비듬', '비듬_예방', '예방_산성', '산성_남자', '남자_여자', '여자_블랙', '블랙_개인', '개인_경험', '경험_오프', '오프_지루', '지루_볼륨', '볼륨_탈모', '탈모_완화', '완화_올리브', '올리브_비듬', '비듬_예방', '예방_산성', '산성_남자', '남자_여자', '여자_블랙', '블랙_개인', '개인_경험', '경험_지루', '지루_볼륨', '볼륨_탈모', '탈모_도움', '도움_올리브', '올리브_이야기', '이야기_경험']","['오프', '지루', '볼륨', '탈모', '완화', '올리브', '비듬', '예방', '산성', '남자', '여자', '블랙', '개인', '경험', '오프', '지루', '볼륨', '탈모', '완화', '올리브', '비듬', '예방', '산성', '남자', '여자', '블랙', '개인', '경험', '지루', '볼륨', '탈모', '도움', '올리브', '이야기', '경험', '오프_지루', '지루_볼륨', '볼륨_탈모', '탈모_완화', '완화_올리브', '올리브_비듬', '비듬_예방', '예방_산성', '산성_남자', '남자_여자', '여자_블랙', '블랙_개인', '개인_경험', '경험_오프', '오프_지루', '지루_볼륨', '볼륨_탈모', '탈모_완화', '완화_올리브', '올리브_비듬', '비듬_예방', '예방_산성', '산성_남자', '남자_여자', '여자_블랙', '블랙_개인', '개인_경험', '경험_지루', '지루_볼륨', '볼륨_탈모', '탈모_도움', '도움_올리브', '올리브_이야기', '이야기_경험']",[],,,0,[],1,['추천'],1,긍정,False
cafearticle,,지루성두피 샴푸 추천,이스터 스칼프 솔루션 지루성 두피샴푸 1개 500ml 써보니 다르네요 두피 문제로 고민하는 분들께 자신 있게 추천 할 수 있어요 두피 문제 해결의 핵심 강력한 지루성 두피 샴푸 의 기능과 혜택 이 샴푸 는 지루성 두피 를 케어하는 데 최적화된 성분이 함유되어 있어요 피부 자극을,"['이스터', '스칼프', '솔루션', '지루', '문제', '고민', '자신', '문제', '해결', '핵심', '지루', '기능', '지루', '케어', '최적', '성분', '함유', '피부', '자극']","['이스터_스칼프', '스칼프_솔루션', '솔루션_지루', '지루_문제', '문제_고민', '고민_자신', '자신_문제', '문제_해결', '해결_핵심', '핵심_지루', '지루_기능', '기능_지루', '지루_케어', '케어_최적', '최적_성분', '성분_함유', '함유_피부', '피부_자극']","['이스터', '스칼프', '솔루션', '지루', '문제', '고민', '자신', '문제', '해결', '핵심', '지루', '기능', '지루', '케어', '최적', '성분', '함유', '피부', '자극', '이스터_스칼프', '스칼프_솔루션', '솔루션_지루', '지루_문제', '문제_고민', '고민_자신', '자신_문제', '문제_해결', '해결_핵심', '핵심_지루', '지루_기능', '기능_지루', '지루_케어', '케어_최적', '최적_성분', '성분_함유', '함유_피부', '피부_자극']",[],,,1,['자극'],1,['추천'],0,중립,False
cafearticle,,지루성두피 샴푸 추천,지성 두피샴푸 로 바꿔야 할까요 머리감고 드라이하는거 똑같은데도 요즘 들어 머리가 더 빨리 기름지는 느낌이라서요 샴푸 는 마트에서 파는거 두세개정도 돌아가면서 쓰고 있는데 지성 두피샴푸 로 바꿔쓰는게 좋을까요 지성 두피샴푸 쓰면 기름기 좀,"['지성', '드라이', '느낌', '마트', '지성', '지성', '기름']","['지성_드라이', '드라이_느낌', '느낌_마트', '마트_지성', '지성_지성', '지성_기름']","['지성', '드라이', '느낌', '마트', '지성', '지성', '기름', '지성_드라이', '드라이_느낌', '느낌_마트', '마트_지성', '지성_지성', '지성_기름']",[],,,0,[],0,[],0,중립,False
cafearticle,,지루성두피 샴푸 추천,남편 비듬 샴푸 정착해서 너무 속 시원해요 저희 남편이 스트레스받으면 정수리에 각질이 엄청 생기고 기름져서 맨날 긁적거렸거든요 병원 가니까 지루성 두피 염 증상이라길래 맘카페 추천 받고 블루라이프 샴푸 로 바꿔줬어요 근데 이거 진짜 물건인 게 한 2주 정도,"['남편', '비듬', '정착', '남편', '스트레스', '정수리', '각질', '병원', '지루', '증상', '카페', '블루', '라이프', '물건']","['남편_비듬', '비듬_정착', '정착_남편', '남편_스트레스', '스트레스_정수리', '정수리_각질', '각질_병원', '병원_지루', '지루_증상', '증상_카페', '카페_블루', '블루_라이프', '라이프_물건']","['남편', '비듬', '정착', '남편', '스트레스', '정수리', '각질', '병원', '지루', '증상', '카페', '블루', '라이프', '물건', '남편_비듬', '비듬_정착', '정착_남편', '남편_스트레스', '스트레스_정수리', '정수리_각질', '각질_병원', '병원_지루', '지루_증상', '증상_카페', '카페_블루', '블루_라이프', '라이프_물건']",[],,,0,[],2,"['정착', '추천']",2,긍정,False
cafearticle,,지루성두피 샴푸 추천,지루성두피샴푸 좋은 거 알려주세요 있는데 추천 해주실 만한 게 있을까요 그런데 지루성두피샴푸 만으로 해결이 될지도 의문이에요 두피 상태가 전반적으로 안 좋아진 것 같아서 종합적인 관리가 필요할 것 같거든요 머리카락도 예전보다 가늘어지고 윤기도,"['지루', '지루', '해결', '의문', '상태', '전반', '종합', '관리', '필요', '머리카락', '예전', '윤기']","['지루_지루', '지루_해결', '해결_의문', '의문_상태', '상태_전반', '전반_종합', '종합_관리', '관리_필요', '필요_머리카락', '머리카락_예전', '예전_윤기']","['지루', '지루', '해결', '의문', '상태', '전반', '종합', '관리', '필요', '머리카락', '예전', '윤기', '지루_지루', '지루_해결', '해결_의문', '의문_상태', '상태_전반', '전반_종합', '종합_관리', '관리_필요', '필요_머리카락', '머리카락_예전', '예전_윤기']",[],,,0,[],1,['추천'],1,긍정,False
cafearticle,,지루성두피 샴푸 추천,더비솔액 미치겠네요 혹시 지루성두피 염인가 싶어서 병원까지 다녀왔어요ㅠ 병원에서 더비솔액 처방받아서 써봤는데 바르고 있을때는 좀 가라앉는 느낌이 들긴 했거든요 근데 끊고 나니까 오히려 전보다 더 심해진거예요ㅠ 뾰루지도 더 자주,"['더비솔액', '지루', '병원', '병원', '더비솔액', '처방', '느낌', '뾰루지']","['더비솔액_지루', '지루_병원', '병원_병원', '병원_더비솔액', '더비솔액_처방', '처방_느낌', '느낌_뾰루지']","['더비솔액', '지루', '병원', '병원', '더비솔액', '처방', '느낌', '뾰루지', '더비솔액_지루', '지루_병원', '병원_병원', '병원_더비솔액', '더비솔액_처방', '처방_느낌', '느낌_뾰루지']",[],,,1,['뾰루지'],0,[],-1,이탈위험,False
cafearticle,,지루성두피 샴푸 추천,니조랄 약국 사는게 가능한가요 두피 가 자꾸 가렵고 비듬도 많이 생겨서 피부과 가봤더니 지루성 두피 염이라고 하더라구요 의사 선생님이 니조랄 샴푸 를 추천 해 주셔서 니조랄 약국에서 사려고 하는데 혹시 처방전이 있어야 하는 건가요 인터넷으로,"['니조랄', '가능', '비듬', '피부과', '지루', '의사', '선생', '니조랄', '니조랄', '처방전', '인터넷']","['니조랄_가능', '가능_비듬', '비듬_피부과', '피부과_지루', '지루_의사', '의사_선생', '선생_니조랄', '니조랄_니조랄', '니조랄_처방전', '처방전_인터넷']","['니조랄', '가능', '비듬', '피부과', '지루', '의사', '선생', '니조랄', '니조랄', '처방전', '인터넷', '니조랄_가능', '가능_비듬', '비듬_피부과', '피부과_지루', '지루_의사', '의사_선생', '선생_니조랄', '니조랄_니조랄', '니조랄_처방전', '처방전_인터넷']",[],,,1,['니조랄'],1,['추천'],0,중립,True
cafearticle,,지루성두피 샴푸 추천,머리비듬없애는법 알려주세요ㅠ 약용 샴푸 같은 거 매일 써도 되는 건지 아니면 일주일에 몇 번만 쓰는 게 맞는 건지도 잘 모르겠고 머리비듬없애는법 계속 찾아보니까 지루성두피 염이랑 관련이 있을 수도 있다고 나오던데 비듬이 계속 반복되면 그런,"['비듬', '일주일', '비듬', '지루성두피', '비듬', '반복']","['비듬_일주일', '일주일_비듬', '비듬_지루성두피', '지루성두피_비듬', '비듬_반복']","['비듬', '일주일', '비듬', '지루성두피', '비듬', '반복', '비듬_일주일', '일주일_비듬', '비듬_지루성두피', '지루성두피_비듬', '비듬_반복']",[],,,0,[],0,[],0,중립,False
cafearticle,,지루성두피 샴푸 추천,아기 지루성두피 염 피부염 있으셨던분 ㅠㅠ 아기 지루성두피 염같은 피부염 증상 완화에 효과 보신 방법이나 샴푸 있으면 추천 부탁드려요 아 참 그리고 피부 예민한 아기 키우시는분들 평소 피부 관리는 어떻게 해주시나요 겨울이 끝나가면서 어째 아기 피부,"['아기', '지루', '피부염', '아기', '지루', '피부염', '증상', '완화', '효과', '방법', '피부', '아기', '평소', '피부', '관리', '겨울', '아기', '피부']","['아기_지루', '지루_피부염', '피부염_아기', '아기_지루', '지루_피부염', '피부염_증상', '증상_완화', '완화_효과', '효과_방법', '방법_피부', '피부_아기', '아기_평소', '평소_피부', '피부_관리', '관리_겨울', '겨울_아기', '아기_피부']","['아기', '지루', '피부염', '아기', '지루', '피부염', '증상', '완화', '효과', '방법', '피부', '아기', '평소', '피부', '관리', '겨울', '아기', '피부', '아기_지루', '지루_피부염', '피부염_아기', '아기_지루', '지루_피부염', '피부염_증상', '증상_완화', '완화_효과', '효과_방법', '방법_피부', '피부_아기', '아기_평소', '평소_피부', '피부_관리', '관리_겨울', '겨울_아기', '아기_피부']",[],,,0,[],1,['추천'],1,긍정,False
cafearticle,,지루성두피 샴푸 추천,닥터블레이즈 탈모 샴푸 추천 지루성 두피 고민 해결 추천 합니다 잦은 염색이나 펌으로 두피 가 민감해진 분 과도한 스트레스로 두피 트러블이 잦은 분 출산 후 탈모로 고민하는 임산부 온 가족이 안심하고 사용할 수 있는 샴푸 를 찾는 분 두피 가려움 비듬 등 지루성 두피,"['닥터블레이즈', '탈모', '지루', '고민', '해결', '염색', '과도', '스트레스', '트러블', '출산', '탈모', '고민', '임산부', '가족', '안심', '비듬', '지루']","['닥터블레이즈_탈모', '탈모_지루', '지루_고민', '고민_해결', '해결_염색', '염색_과도', '과도_스트레스', '스트레스_트러블', '트러블_출산', '출산_탈모', '탈모_고민', '고민_임산부', '임산부_가족', '가족_안심', '안심_비듬', '비듬_지루']","['닥터블레이즈', '탈모', '지루', '고민', '해결', '염색', '과도', '스트레스', '트러블', '출산', '탈모', '고민', '임산부', '가족', '안심', '비듬', '지루', '닥터블레이즈_탈모', '탈모_지루', '지루_고민', '고민_해결', '해결_염색', '염색_과도', '과도_스트레스', '스트레스_트러블', '트러블_출산', '출산_탈모', '탈모_고민', '고민_임산부', '임산부_가족', '가족_안심', '안심_비듬', '비듬_지루']",[],,,2,"['트러블', '가려움']",1,['추천'],-1,이탈위험,False
cafearticle,,지루성두피 샴푸 추천,메르필 샴푸 약산성 두피샴푸 추천 비듬 가려움 이제 안녕 이런 분들께 추천 합니다 잦은 염색이나 펌으로 두피 가 민감해진 분 비듬 가려움 뾰루지 등 지루성 두피 염으로 고생하는 분 샴푸 후에도 두피 가 찝찝하고 기름지는 분 건강하고 탄력 있는 모발을 가꾸고 싶은 분 순하고,"['메르필', '산성', '비듬', '염색', '비듬', '뾰루지', '지루', '고생', '건강', '탄력', '모발']","['메르필_산성', '산성_비듬', '비듬_염색', '염색_비듬', '비듬_뾰루지', '뾰루지_지루', '지루_고생', '고생_건강', '건강_탄력', '탄력_모발']","['메르필', '산성', '비듬', '염색', '비듬', '뾰루지', '지루', '고생', '건강', '탄력', '모발', '메르필_산성', '산성_비듬', '비듬_염색', '염색_비듬', '비듬_뾰루지', '뾰루지_지루', '지루_고생', '고생_건강', '건강_탄력', '탄력_모발']",[],,,2,"['뾰루지', '가려움']",1,['추천'],-1,이탈위험,False
cafearticle,,지루성두피 샴푸 추천,이스터 스칼프 솔루션 지루성 두피샴푸 1개 500ml 이건 어때요 강력 추천 저처럼 지루성 두피 로 고민하는 분들이라면 작심하고 써보세요 확실한 효과에 감탄하실 거예요 천연 유효 성분과 강력한 세정력의 만남 사용감이 좋아요 이 샴푸 는 자연유래 성분이 가득 들어 있어 피부에,"['이스터', '스칼프', '솔루션', '지루', '강력', '지루', '고민', '작심', '효과', '감탄', '천연', '유효', '성분', '세정', '만남', '자연', '유래', '성분', '피부']","['이스터_스칼프', '스칼프_솔루션', '솔루션_지루', '지루_강력', '강력_지루', '지루_고민', '고민_작심', '작심_효과', '효과_감탄', '감탄_천연', '천연_유효', '유효_성분', '성분_세정', '세정_만남', '만남_자연', '자연_유래', '유래_성분', '성분_피부']","['이스터', '스칼프', '솔루션', '지루', '강력', '지루', '고민', '작심', '효과', '감탄', '천연', '유효', '성분', '세정', '만남', '자연', '유래', '성분', '피부', '이스터_스칼프', '스칼프_솔루션', '솔루션_지루', '지루_강력', '강력_지루', '지루_고민', '고민_작심', '작심_효과', '효과_감탄', '감탄_천연', '천연_유효', '유효_성분', '성분_세정', '세정_만남', '만남_자연', '자연_유래', '유래_성분', '성분_피부']",[],,,0,[],1,['추천'],1,긍정,False
cafearticle,,지루성두피 샴푸 추천,샴푸추천 잘말려도 간지럽고 비듬이생기는것 같아 계속 샴푸 트리트먼트를 바꾸어 보는데도 그대로여서 혹 이런경우 있으신분 계신지 여쭤보아요 ㅜㅜ 미용실에서 판매하는 겸용 샴푸 가 괜찮은지도 함께 질문드려 봅니다,"['비듬', '트리트먼트', '미용실', '판매', '겸용', '질문']","['비듬_트리트먼트', '트리트먼트_미용실', '미용실_판매', '판매_겸용', '겸용_질문']","['비듬', '트리트먼트', '미용실', '판매', '겸용', '질문', '비듬_트리트먼트', '트리트먼트_미용실', '미용실_판매', '판매_겸용', '겸용_질문']",[],,,1,['그대로'],1,['추천'],0,중립,False
cafearticle,,지루성두피 샴푸 추천,낫포헤어 NOT4HAIR 지루성두피 염 사용 전후 비교 후기 정리해서 공유 추천 대상 이 샴푸 는 지루성 두피 염으로 고생하시는 분들 두피 뾰루지나 여드름 문제를 겪고 있는 분들 그리고 약산성 제품을 선호하시는 분들에게 강력히 추천 합니다 또한 향료에 민감한 분들이나 탈모 예방을,"['지루', '전후', '비교', '정리', '공유', '대상', '지루', '고생', '뾰루지', '여드름', '문제', '약산', '선호', '향료', '탈모', '예방']","['지루_전후', '전후_비교', '비교_정리', '정리_공유', '공유_대상', '대상_지루', '지루_고생', '고생_뾰루지', '뾰루지_여드름', '여드름_문제', '문제_약산', '약산_선호', '선호_향료', '향료_탈모', '탈모_예방']","['지루', '전후', '비교', '정리', '공유', '대상', '지루', '고생', '뾰루지', '여드름', '문제', '약산', '선호', '향료', '탈모', '예방', '지루_전후', '전후_비교', '비교_정리', '정리_공유', '공유_대상', '대상_지루', '지루_고생', '고생_뾰루지', '뾰루지_여드름', '여드름_문제', '문제_약산', '약산_선호', '선호_향료', '향료_탈모', '탈모_예방']",[],,,1,['뾰루지'],1,['추천'],0,중립,False
cafearticle,,지루성두피 샴푸 추천,지루성두피 염 탈모 샴푸 두피 집중케어 암라리치 실사용 후기 체감 위주로 정리 두피 보호 천연 샴푸 모발건강 탈모관리 두피 케어 두피 청결 민감성 두피 두피 진정 샴푸추천 모발케어 헤어제품 두피 트러블 두피샴푸 탈모완화 두피 개선 지루성 피부염 천연성분 모발강화 헤어손상 두피 영양,"['지루', '탈모', '집중', '케어', '암라리치', '체감', '위주', '정리', '보호', '천연', '모발', '건강', '탈모', '관리', '케어', '청결', '진정', '모발', '케어', '트러블', '탈모', '완화', '개선', '지루성 피부염', '천연', '성분', '모발', '강화', '손상', '영양']","['지루_탈모', '탈모_집중', '집중_케어', '케어_암라리치', '암라리치_체감', '체감_위주', '위주_정리', '정리_보호', '보호_천연', '천연_모발', '모발_건강', '건강_탈모', '탈모_관리', '관리_케어', '케어_청결', '청결_진정', '진정_모발', '모발_케어', '케어_트러블', '트러블_탈모', '탈모_완화', '완화_개선', '개선_지루성 피부염', '지루성 피부염_천연', '천연_성분', '성분_모발', '모발_강화', '강화_손상', '손상_영양']","['지루', '탈모', '집중', '케어', '암라리치', '체감', '위주', '정리', '보호', '천연', '모발', '건강', '탈모', '관리', '케어', '청결', '진정', '모발', '케어', '트러블', '탈모', '완화', '개선', '지루성 피부염', '천연', '성분', '모발', '강화', '손상', '영양', '지루_탈모', '탈모_집중', '집중_케어', '케어_암라리치', '암라리치_체감', '체감_위주', '위주_정리', '정리_보호', '보호_천연', '천연_모발', '모발_건강', '건강_탈모', '탈모_관리', '관리_케어', '케어_청결', '청결_진정', '진정_모발', '모발_케어', '케어_트러블', '트러블_탈모', '탈모_완화', '완화_개선', '개선_지루성 피부염', '지루성 피부염_천연', '천연_성분', '성분_모발', '모발_강화', '강화_손상', '손상_영양']",[],,,1,['트러블'],1,['추천'],0,중립,False
cafearticle,,지루성두피 샴푸 추천,오프온 지루성두피 염 볼륨 탈모완화 올리브영 비듬예방 약산성 비건 남자여자 B7블랙빈 쿨 샴푸 써보고 느낀 쿨 샴푸 써보고 느낀 점 지루성두피 염과 볼륨 탈모 걱정 해결책을 찾았어요 안녕하세요 오늘은 오랜 기간 있어 두피 를 부드럽게 케어할 수 있어요 지인에게 추천 받았던 이유는 바로 비듬 예방과 두피 건강 회복 에,"['오프', '지루', '볼륨', '탈모', '완화', '올리브', '비듬', '예방', '산성', '남자', '여자', '블랙', '지루성두피', '볼륨', '탈모', '걱정', '해결책', '기간', '케어', '지인', '비듬', '예방', '건강', '회복']","['오프_지루', '지루_볼륨', '볼륨_탈모', '탈모_완화', '완화_올리브', '올리브_비듬', '비듬_예방', '예방_산성', '산성_남자', '남자_여자', '여자_블랙', '블랙_지루성두피', '지루성두피_볼륨', '볼륨_탈모', '탈모_걱정', '걱정_해결책', '해결책_기간', '기간_케어', '케어_지인', '지인_비듬', '비듬_예방', '예방_건강', '건강_회복']","['오프', '지루', '볼륨', '탈모', '완화', '올리브', '비듬', '예방', '산성', '남자', '여자', '블랙', '지루성두피', '볼륨', '탈모', '걱정', '해결책', '기간', '케어', '지인', '비듬', '예방', '건강', '회복', '오프_지루', '지루_볼륨', '볼륨_탈모', '탈모_완화', '완화_올리브', '올리브_비듬', '비듬_예방', '예방_산성', '산성_남자', '남자_여자', '여자_블랙', '블랙_지루성두피', '지루성두피_볼륨', '볼륨_탈모', '탈모_걱정', '걱정_해결책', '해결책_기간', '기간_케어', '케어_지인', '지인_비듬', '비듬_예방', '예방_건강', '건강_회복']",[],,,0,[],1,['추천'],1,긍정,False
cafearticle,,지루성두피 샴푸 추천,샴푸 프란츠 멜리케어 스칼프 클리어 한동안 써본 후기 포인트만 정리 프란츠 샴푸 멜리케어 스칼프케어 탈모완화 지루성두피 염 두피 케어 샴푸추천 탈모 샴푸 두피 건강 두피 관리 지성 두피 두피 트러블 모발케어 두피 클리어 비듬 샴푸 두피 청결 모발강화,"['프란츠', '멜리케어', '스칼프', '클리어', '한동안', '포인트', '정리', '프란츠', '멜리케어', '스칼프', '케어', '탈모', '완화', '지루', '케어', '탈모', '건강', '관리', '지성', '트러블', '모발', '케어', '클리어', '비듬', '청결', '모발', '강화']","['프란츠_멜리케어', '멜리케어_스칼프', '스칼프_클리어', '클리어_한동안', '한동안_포인트', '포인트_정리', '정리_프란츠', '프란츠_멜리케어', '멜리케어_스칼프', '스칼프_케어', '케어_탈모', '탈모_완화', '완화_지루', '지루_케어', '케어_탈모', '탈모_건강', '건강_관리', '관리_지성', '지성_트러블', '트러블_모발', '모발_케어', '케어_클리어', '클리어_비듬', '비듬_청결', '청결_모발', '모발_강화']","['프란츠', '멜리케어', '스칼프', '클리어', '한동안', '포인트', '정리', '프란츠', '멜리케어', '스칼프', '케어', '탈모', '완화', '지루', '케어', '탈모', '건강', '관리', '지성', '트러블', '모발', '케어', '클리어', '비듬', '청결', '모발', '강화', '프란츠_멜리케어', '멜리케어_스칼프', '스칼프_클리어', '클리어_한동안', '한동안_포인트', '포인트_정리', '정리_프란츠', '프란츠_멜리케어', '멜리케어_스칼프', '스칼프_케어', '케어_탈모', '탈모_완화', '완화_지루', '지루_케어', '케어_탈모', '탈모_건강', '건강_관리', '관리_지성', '지성_트러블', '트러블_모발', '모발_케어', '케어_클리어', '클리어_비듬', '비듬_청결', '청결_모발', '모발_강화']",[],,,1,['트러블'],1,['추천'],0,중립,False
cafearticle,,지루성두피 샴푸 추천,지성 두피 지루성두피 염 탈모 샴푸 구매 전 참고 후기 사용 전 참고 추천 대상 이 샴푸 는 지성 두피 로 인해 고민이 많으신 분들 지루성 두피 염으로 인한 불편함을 겪고 계신 분들 그리고 출산 후 탈모로 고민하는 임산부들에게 특히 추천 드립니다 또한 두피 와 모발의 전반적인 건강을,"['지성', '지루', '탈모', '참고', '참고', '대상', '지성', '고민', '지루', '불편', '출산', '탈모', '고민', '임산부', '모발', '전반', '건강']","['지성_지루', '지루_탈모', '탈모_참고', '참고_참고', '참고_대상', '대상_지성', '지성_고민', '고민_지루', '지루_불편', '불편_출산', '출산_탈모', '탈모_고민', '고민_임산부', '임산부_모발', '모발_전반', '전반_건강']","['지성', '지루', '탈모', '참고', '참고', '대상', '지성', '고민', '지루', '불편', '출산', '탈모', '고민', '임산부', '모발', '전반', '건강', '지성_지루', '지루_탈모', '탈모_참고', '참고_참고', '참고_대상', '대상_지성', '지성_고민', '고민_지루', '지루_불편', '불편_출산', '출산_탈모', '탈모_고민', '고민_임산부', '임산부_모발', '모발_전반', '전반_건강']",[],,,0,[],1,['추천'],1,긍정,False
cafearticle,,지루성두피 샴푸 추천,두피 케어 지루성두피 염 샴푸 할랄 비건 며칠 써본 후기 구매 전 보면 좋아요 추천 대상 이 샴푸 는 특히 지루성 두피 염으로 고생하는 분들 탈모 예방이 필요한 분들 그리고 순한 두피 케어 제품을 찾고 있는 분들에게 추천 합니다 또한 비건 라이프스타일을 지향하는 분들에게도 이상적인,"['케어', '지루', '할랄', '며칠', '대상', '지루', '고생', '탈모', '예방', '필요', '케어', '라이프', '스타일', '지향', '이상']","['케어_지루', '지루_할랄', '할랄_며칠', '며칠_대상', '대상_지루', '지루_고생', '고생_탈모', '탈모_예방', '예방_필요', '필요_케어', '케어_라이프', '라이프_스타일', '스타일_지향', '지향_이상']","['케어', '지루', '할랄', '며칠', '대상', '지루', '고생', '탈모', '예방', '필요', '케어', '라이프', '스타일', '지향', '이상', '케어_지루', '지루_할랄', '할랄_며칠', '며칠_대상', '대상_지루', '지루_고생', '고생_탈모', '탈모_예방', '예방_필요', '필요_케어', '케어_라이프', '라이프_스타일', '스타일_지향', '지향_이상']",[],,,0,[],1,['추천'],1,긍정,False
cafearticle,,지루성두피 샴푸 추천,샴푸 데일리케어 지루성 두피 염 비듬 리얼 사용 후기 알아두면 좋은 점 두피 건강 헤어케어 비듬해결 저자극 샴푸 민감성 두피 지루성 피부염 두피 진정 비듬예방 샴푸추천 건강한 두피 모발관리 비듬없애기 자연유래성분 지루성 피부 두피 트러블 모발건강 샴푸 효과 두피 개선 비듬완화,"['데일리', '케어', '지루', '비듬', '리얼', '건강', '케어', '비듬', '해결', '자극', '지루', '피부염', '진정', '비듬', '예방', '건강', '모발', '관리', '비듬', '자연', '유래', '성분', '지루', '피부', '트러블', '모발', '건강', '효과', '개선', '비듬', '완화']","['데일리_케어', '케어_지루', '지루_비듬', '비듬_리얼', '리얼_건강', '건강_케어', '케어_비듬', '비듬_해결', '해결_자극', '자극_지루', '지루_피부염', '피부염_진정', '진정_비듬', '비듬_예방', '예방_건강', '건강_모발', '모발_관리', '관리_비듬', '비듬_자연', '자연_유래', '유래_성분', '성분_지루', '지루_피부', '피부_트러블', '트러블_모발', '모발_건강', '건강_효과', '효과_개선', '개선_비듬', '비듬_완화']","['데일리', '케어', '지루', '비듬', '리얼', '건강', '케어', '비듬', '해결', '자극', '지루', '피부염', '진정', '비듬', '예방', '건강', '모발', '관리', '비듬', '자연', '유래', '성분', '지루', '피부', '트러블', '모발', '건강', '효과', '개선', '비듬', '완화', '데일리_케어', '케어_지루', '지루_비듬', '비듬_리얼', '리얼_건강', '건강_케어', '케어_비듬', '비듬_해결', '해결_자극', '자극_지루', '지루_피부염', '피부염_진정', '진정_비듬', '비듬_예방', '예방_건강', '건강_모발', '모발_관리', '관리_비듬', '비듬_자연', '자연_유래', '유래_성분', '성분_지루', '지루_피부', '피부_트러블', '트러블_모발', '모발_건강', '건강_효과', '효과_개선', '개선_비듬', '비듬_완화']",[],,,2,"['트러블', '자극']",1,['추천'],-1,이탈위험,False
cafearticle,,지루성두피 샴푸 추천,두피 케어 지루성두피 염 샴푸 할랄 비건 구매 전 살펴본 후기 한눈에 정리 추천 대상 루토닉스 마이크로바이오 샴푸 는 지루성 두피 염으로 인한 가려움증과 염증으로 고생하시는 분들 탈모로 고민 중인 분들에게 특히 추천 드립니다 또한 두피 와 모발에 자극을 주지 않으면서도 효과적인 케어를,"['케어', '지루', '할랄', '한눈', '정리', '대상', '루토닉스', '마이크', '바이오', '지루', '가려움증', '염증', '고생', '탈모', '고민', '모발', '자극', '효과', '케어']","['케어_지루', '지루_할랄', '할랄_한눈', '한눈_정리', '정리_대상', '대상_루토닉스', '루토닉스_마이크', '마이크_바이오', '바이오_지루', '지루_가려움증', '가려움증_염증', '염증_고생', '고생_탈모', '탈모_고민', '고민_모발', '모발_자극', '자극_효과', '효과_케어']","['케어', '지루', '할랄', '한눈', '정리', '대상', '루토닉스', '마이크', '바이오', '지루', '가려움증', '염증', '고생', '탈모', '고민', '모발', '자극', '효과', '케어', '케어_지루', '지루_할랄', '할랄_한눈', '한눈_정리', '정리_대상', '대상_루토닉스', '루토닉스_마이크', '마이크_바이오', '바이오_지루', '지루_가려움증', '가려움증_염증', '염증_고생', '고생_탈모', '탈모_고민', '고민_모발', '모발_자극', '자극_효과', '효과_케어']",[],,,2,"['자극', '가려움']",1,['추천'],-1,이탈위험,False
cafearticle,,지루성두피 샴푸 추천,비젤리프 폴리코 탈모 샴푸 솔직 사용 후기 구매 전 가볍게 참고 손상모케어 비듬케어 지성 두피 헤어세트 모발강화 비건 샴푸 천연 샴푸 모발영양 비듬완화 지루성두피 탈모관리 두피 진정 모발회복 두피 클렌징 볼륨 샴푸 샴푸추천 모발손상 샴푸 세트 모발개선 두피 보호,"['비젤리프', '폴리코', '탈모', '손상', '케어', '비듬', '케어', '지성', '세트', '모발', '강화', '천연', '모발', '영양', '비듬', '완화', '지루', '탈모', '관리', '진정', '모발', '회복', '클렌징', '볼륨', '모발', '손상', '세트', '모발', '개선', '보호']","['비젤리프_폴리코', '폴리코_탈모', '탈모_손상', '손상_케어', '케어_비듬', '비듬_케어', '케어_지성', '지성_세트', '세트_모발', '모발_강화', '강화_천연', '천연_모발', '모발_영양', '영양_비듬', '비듬_완화', '완화_지루', '지루_탈모', '탈모_관리', '관리_진정', '진정_모발', '모발_회복', '회복_클렌징', '클렌징_볼륨', '볼륨_모발', '모발_손상', '손상_세트', '세트_모발', '모발_개선', '개선_보호']","['비젤리프', '폴리코', '탈모', '손상', '케어', '비듬', '케어', '지성', '세트', '모발', '강화', '천연', '모발', '영양', '비듬', '완화', '지루', '탈모', '관리', '진정', '모발', '회복', '클렌징', '볼륨', '모발', '손상', '세트', '모발', '개선', '보호', '비젤리프_폴리코', '폴리코_탈모', '탈모_손상', '손상_케어', '케어_비듬', '비듬_케어', '케어_지성', '지성_세트', '세트_모발', '모발_강화', '강화_천연', '천연_모발', '모발_영양', '영양_비듬', '비듬_완화', '완화_지루', '지루_탈모', '탈모_관리', '관리_진정', '진정_모발', '모발_회복', '회복_클렌징', '클렌징_볼륨', '볼륨_모발', '모발_손상', '손상_세트', '세트_모발', '모발_개선', '개선_보호']",[],,,0,[],1,['추천'],1,긍정,False
cafearticle,,지루성두피 샴푸 추천,지루성두피 염 샴푸 1황 등극 제품 정보 푼다 상태일수록 관리 방향을 단순하게 가져가는 게 중요한 것 같아요 저처럼 트러블 반복되시는 분들은 지루성두피 염 샴푸 선택할 때 향료 없는 저자극 제품으로 한 번 시작해보시는 거 추천 드립니다,"['지루', '등극', '정보', '상태', '관리', '방향', '단순', '중요', '트러블', '반복', '지루', '선택', '향료', '자극', '시작']","['지루_등극', '등극_정보', '정보_상태', '상태_관리', '관리_방향', '방향_단순', '단순_중요', '중요_트러블', '트러블_반복', '반복_지루', '지루_선택', '선택_향료', '향료_자극', '자극_시작']","['지루', '등극', '정보', '상태', '관리', '방향', '단순', '중요', '트러블', '반복', '지루', '선택', '향료', '자극', '시작', '지루_등극', '등극_정보', '정보_상태', '상태_관리', '관리_방향', '방향_단순', '단순_중요', '중요_트러블', '트러블_반복', '반복_지루', '지루_선택', '선택_향료', '향료_자극', '자극_시작']",[],,,2,"['트러블', '자극']",1,['추천'],-1,이탈위험,False
cafearticle,,지루성두피 샴푸 추천,BALLVIC 볼빅 세보 샴푸 병원 샴푸 지루성 비듬 각질 이건 알아야 해요 두피 에도 부담 없이 사용할 수 있어 믿고 계속 쓰게 됐죠 피부과 전문의 추천 제품답게 효과도 뛰어나고 믿을 수 있는 감촉이 정말 좋아요 지루성 피부염과 비듬 각질 걱정을 한 번에 해결하는 기능성 제품 이 샴푸 는,"['볼빅', '세보', '병원', '지루', '비듬', '각질', '부담', '피부과', '전문의', '효과', '감촉', '지루성 피부염', '비듬', '각질', '걱정', '해결', '기능']","['볼빅_세보', '세보_병원', '병원_지루', '지루_비듬', '비듬_각질', '각질_부담', '부담_피부과', '피부과_전문의', '전문의_효과', '효과_감촉', '감촉_지루성 피부염', '지루성 피부염_비듬', '비듬_각질', '각질_걱정', '걱정_해결', '해결_기능']","['볼빅', '세보', '병원', '지루', '비듬', '각질', '부담', '피부과', '전문의', '효과', '감촉', '지루성 피부염', '비듬', '각질', '걱정', '해결', '기능', '볼빅_세보', '세보_병원', '병원_지루', '지루_비듬', '비듬_각질', '각질_부담', '부담_피부과', '피부과_전문의', '전문의_효과', '효과_감촉', '감촉_지루성 피부염', '지루성 피부염_비듬', '비듬_각질', '각질_걱정', '걱정_해결', '해결_기능']",[],,,0,[],1,['추천'],1,긍정,False
cafearticle,,지루성두피 샴푸 추천,오프온 지루성두피 염 볼륨 탈모완화 올리브영 비듬예방 약산성 비건 남자여자 B7블랙빈 쿨 샴푸 선택 가이드 오프온 지루성두피 염 볼륨 탈모완화 올리브영 비듬예방 약산성 비건 남자여자 B7블랙빈 쿨 샴푸 선택 가이드 두피 고민 해결에 도움 되는 오프온 지루성두피 염 볼륨 탈모완화 샴푸 추천 이유 안녕하세요 지인분께서 두피,"['오프', '지루', '볼륨', '탈모', '완화', '올리브', '비듬', '예방', '산성', '남자', '여자', '블랙', '선택', '가이드', '오프', '지루', '볼륨', '탈모', '완화', '올리브', '비듬', '예방', '산성', '남자', '여자', '블랙', '선택', '가이드', '고민', '해결', '도움', '오프', '지루', '볼륨', '탈모', '완화', '지인']","['오프_지루', '지루_볼륨', '볼륨_탈모', '탈모_완화', '완화_올리브', '올리브_비듬', '비듬_예방', '예방_산성', '산성_남자', '남자_여자', '여자_블랙', '블랙_선택', '선택_가이드', '가이드_오프', '오프_지루', '지루_볼륨', '볼륨_탈모', '탈모_완화', '완화_올리브', '올리브_비듬', '비듬_예방', '예방_산성', '산성_남자', '남자_여자', '여자_블랙', '블랙_선택', '선택_가이드', '가이드_고민', '고민_해결', '해결_도움', '도움_오프', '오프_지루', '지루_볼륨', '볼륨_탈모', '탈모_완화', '완화_지인']","['오프', '지루', '볼륨', '탈모', '완화', '올리브', '비듬', '예방', '산성', '남자', '여자', '블랙', '선택', '가이드', '오프', '지루', '볼륨', '탈모', '완화', '올리브', '비듬', '예방', '산성', '남자', '여자', '블랙', '선택', '가이드', '고민', '해결', '도움', '오프', '지루', '볼륨', '탈모', '완화', '지인', '오프_지루', '지루_볼륨', '볼륨_탈모', '탈모_완화', '완화_올리브', '올리브_비듬', '비듬_예방', '예방_산성', '산성_남자', '남자_여자', '여자_블랙', '블랙_선택', '선택_가이드', '가이드_오프', '오프_지루', '지루_볼륨', '볼륨_탈모', '탈모_완화', '완화_올리브', '올리브_비듬', '비듬_예방', '예방_산성', '산성_남자', '남자_여자', '여자_블랙', '블랙_선택', '선택_가이드', '가이드_고민', '고민_해결', '해결_도움', '도움_오프', '오프_지루', '지루_볼륨', '볼륨_탈모', '탈모_완화', '완화_지인']",[],,,0,[],1,['추천'],1,긍정,False
cafearticle,,지루성두피 샴푸 추천,4주만에 개선 보넬리 지루성 두피 비듬 각질 약산성 샴푸 추천 리스트 진짜 써본 사람의 후기 싶으시다면 한번쯤 눈여겨보시는 것을 추천 해 드려요 꾸준한 관리와 올바른 제품 선택이 건강한 두피 를 만드는 첫걸음이 될 거예요 4주만에 개선 보넬리 지루성 두피 비듬 각질 약산성 샴푸,"['개선', '보넬리', '지루', '비듬', '각질', '약산', '리스트', '관리', '선택', '건강', '첫걸음', '개선', '보넬리', '지루', '비듬', '각질', '약산']","['개선_보넬리', '보넬리_지루', '지루_비듬', '비듬_각질', '각질_약산', '약산_리스트', '리스트_관리', '관리_선택', '선택_건강', '건강_첫걸음', '첫걸음_개선', '개선_보넬리', '보넬리_지루', '지루_비듬', '비듬_각질', '각질_약산']","['개선', '보넬리', '지루', '비듬', '각질', '약산', '리스트', '관리', '선택', '건강', '첫걸음', '개선', '보넬리', '지루', '비듬', '각질', '약산', '개선_보넬리', '보넬리_지루', '지루_비듬', '비듬_각질', '각질_약산', '약산_리스트', '리스트_관리', '관리_선택', '선택_건강', '건강_첫걸음', '첫걸음_개선', '개선_보넬리', '보넬리_지루', '지루_비듬', '비듬_각질', '각질_약산']",[],,,0,[],1,['추천'],1,긍정,False
cafearticle,,지루성두피 샴푸 추천,지루성두피 질문드립니다 지루성두피 혹시 해결되신 회원님들 계실까요 피부과 가서 약도 받아먹고 했는데 그때뿐이지 잘 안낫네요 샴푸 같은 걸로 해결이 되는건지,"['지루성두피', '질문', '지루성두피', '해결', '회원', '피부과', '그때', '해결']","['지루성두피_질문', '질문_지루성두피', '지루성두피_해결', '해결_회원', '회원_피부과', '피부과_그때', '그때_해결']","['지루성두피', '질문', '지루성두피', '해결', '회원', '피부과', '그때', '해결', '지루성두피_질문', '질문_지루성두피', '지루성두피_해결', '해결_회원', '회원_피부과', '피부과_그때', '그때_해결']",[],,,0,[],0,[],0,중립,False
cafearticle,,지루성두피 샴푸 추천,핀페시아 정품 의심돼서 국산 카피약 추천 좀 받을 수 있을까요 탈모 샴푸 탈모클리닉 프로페시아 탈모관리 여성탈모 미녹시딜 아보다트 피나스테리드 두타스테리드 두피 열 정수리탈모 M자탈모 비오틴 원형탈모 모발이식병원 지루성두피 염 모발이식 여자탈모,"['핀페시아', '정품', '의심', '국산', '카피', '탈모', '탈모', '클리닉', '프로페시아', '탈모', '관리', '여성탈모', '미녹시딜', '아보다트', '피나스테리드', '두타스테리드', '정수리', '탈모', '탈모', '비오티', '원형', '탈모', '모발', '이식', '병원', '지루', '모발', '이식', '여자', '탈모']","['핀페시아_정품', '정품_의심', '의심_국산', '국산_카피', '카피_탈모', '탈모_탈모', '탈모_클리닉', '클리닉_프로페시아', '프로페시아_탈모', '탈모_관리', '관리_여성탈모', '여성탈모_미녹시딜', '미녹시딜_아보다트', '아보다트_피나스테리드', '피나스테리드_두타스테리드', '두타스테리드_정수리', '정수리_탈모', '탈모_탈모', '탈모_비오티', '비오티_원형', '원형_탈모', '탈모_모발', '모발_이식', '이식_병원', '병원_지루', '지루_모발', '모발_이식', '이식_여자', '여자_탈모']","['핀페시아', '정품', '의심', '국산', '카피', '탈모', '탈모', '클리닉', '프로페시아', '탈모', '관리', '여성탈모', '미녹시딜', '아보다트', '피나스테리드', '두타스테리드', '정수리', '탈모', '탈모', '비오티', '원형', '탈모', '모발', '이식', '병원', '지루', '모발', '이식', '여자', '탈모', '핀페시아_정품', '정품_의심', '의심_국산', '국산_카피', '카피_탈모', '탈모_탈모', '탈모_클리닉', '클리닉_프로페시아', '프로페시아_탈모', '탈모_관리', '관리_여성탈모', '여성탈모_미녹시딜', '미녹시딜_아보다트', '아보다트_피나스테리드', '피나스테리드_두타스테리드', '두타스테리드_정수리', '정수리_탈모', '탈모_탈모', '탈모_비오티', '비오티_원형', '원형_탈모', '탈모_모발', '모발_이식', '이식_병원', '병원_지루', '지루_모발', '모발_이식', '이식_여자', '여자_탈모']",[],,,0,[],1,['추천'],1,긍정,False
cafearticle,,지루성두피 샴푸 추천,지루성 두피 문제 이스터 스칼프 솔루션 샴푸 로 해결했어요 지루성 두피 문제로 고민하시는 분들께 꼭 추천 하고 싶어요 마지막으로 이스터 스칼프 솔루션 지루성 두피샴푸 를 통해 제 두피 건강이 한층 개선된 것 같아서 매우 기쁘고 앞으로도 꾸준히 사용하면서 더 좋은 변화를,"['지루', '문제', '이스터', '스칼프', '솔루션', '해결', '지루', '문제', '고민', '마지막', '이스터', '스칼프', '솔루션', '지루', '건강', '개선', '변화']","['지루_문제', '문제_이스터', '이스터_스칼프', '스칼프_솔루션', '솔루션_해결', '해결_지루', '지루_문제', '문제_고민', '고민_마지막', '마지막_이스터', '이스터_스칼프', '스칼프_솔루션', '솔루션_지루', '지루_건강', '건강_개선', '개선_변화']","['지루', '문제', '이스터', '스칼프', '솔루션', '해결', '지루', '문제', '고민', '마지막', '이스터', '스칼프', '솔루션', '지루', '건강', '개선', '변화', '지루_문제', '문제_이스터', '이스터_스칼프', '스칼프_솔루션', '솔루션_해결', '해결_지루', '지루_문제', '문제_고민', '고민_마지막', '마지막_이스터', '이스터_스칼프', '스칼프_솔루션', '솔루션_지루', '지루_건강', '건강_개선', '개선_변화']",[],,,0,[],1,['추천'],1,긍정,False
cafearticle,,지루성두피 샴푸 추천,대박 추천 릴리이브 스칼프턴 시카 PDRN 앰플 모낭염 지루성두피 염 두피 스케일링 100ml 1개 리뷰와 추천 대박 추천 릴리이브 스칼프턴 시카 PDRN 앰플 모낭염 지루성두피 염 두피 스케일링 100ml 1개 리뷰와 추천 후기 것이 추천 돼요 저는 샴푸 후 두피 를 말리고 앰플을 골고루 발라주는 방식으로 사용했어요 꾸준히 사용하면,"['릴리이브', '스칼프턴', '시카', '앰프', '모낭염', '지루성두피', '스케일링', '리뷰', '릴리이브', '스칼프턴', '시카', '앰프', '모낭염', '지루성두피', '스케일링', '리뷰', '앰플', '방식']","['릴리이브_스칼프턴', '스칼프턴_시카', '시카_앰프', '앰프_모낭염', '모낭염_지루성두피', '지루성두피_스케일링', '스케일링_리뷰', '리뷰_릴리이브', '릴리이브_스칼프턴', '스칼프턴_시카', '시카_앰프', '앰프_모낭염', '모낭염_지루성두피', '지루성두피_스케일링', '스케일링_리뷰', '리뷰_앰플', '앰플_방식']","['릴리이브', '스칼프턴', '시카', '앰프', '모낭염', '지루성두피', '스케일링', '리뷰', '릴리이브', '스칼프턴', '시카', '앰프', '모낭염', '지루성두피', '스케일링', '리뷰', '앰플', '방식', '릴리이브_스칼프턴', '스칼프턴_시카', '시카_앰프', '앰프_모낭염', '모낭염_지루성두피', '지루성두피_스케일링', '스케일링_리뷰', '리뷰_릴리이브', '릴리이브_스칼프턴', '스칼프턴_시카', '시카_앰프', '앰프_모낭염', '모낭염_지루성두피', '지루성두피_스케일링', '스케일링_리뷰', '리뷰_앰플', '앰플_방식']",[],,,0,[],1,['추천'],1,긍정,False
youtube,,헤드앤숄더 리뷰,약당당x블루라이프 샴푸 두피 예민하신 분들 무설페이트 블루라이프 샴푸 꼭 써보세요 지금 프로필링크에서 최저가 혜택 진행중입니다 무설페이트 자연 유래 성분 지루성 두피염 비듬 뾰루지 기름진 정수리 케어 최저가 링크는 5월 13일까지예요,"['약당당', '블루', '라이프', '무설페이트', '블루', '라이프', '진행', '무설페이트', '자연', '유래', '성분', '지루', '비듬', '뾰루지', '정수리', '케어']","['약당당_블루', '블루_라이프', '라이프_무설페이트', '무설페이트_블루', '블루_라이프', '라이프_진행', '진행_무설페이트', '무설페이트_자연', '자연_유래', '유래_성분', '성분_지루', '지루_비듬', '비듬_뾰루지', '뾰루지_정수리', '정수리_케어']","['약당당', '블루', '라이프', '무설페이트', '블루', '라이프', '진행', '무설페이트', '자연', '유래', '성분', '지루', '비듬', '뾰루지', '정수리', '케어', '약당당_블루', '블루_라이프', '라이프_무설페이트', '무설페이트_블루', '블루_라이프', '라이프_진행', '진행_무설페이트', '무설페이트_자연', '자연_유래', '유래_성분', '성분_지루', '지루_비듬', '비듬_뾰루지', '뾰루지_정수리', '정수리_케어']",[],"지루성 두피염, 비듬, 약한 두피라면? 요 성분의 샴푸는 피하세욧 ❌️🧴",51.0,1,['뾰루지'],0,[],-1,이탈위험,False
youtube,,헤드앤숄더 리뷰,설페이트는 오히려 수십년간 인증된 가장 안전한 세정성분임 헤숄 쓰십쇼 피앤지가 괜히 초대기업이 아님,"['설페이트', '인증', '안전', '세정', '성분', '피앤지', '기업']","['설페이트_인증', '인증_안전', '안전_세정', '세정_성분', '성분_피앤지', '피앤지_기업']","['설페이트', '인증', '안전', '세정', '성분', '피앤지', '기업', '설페이트_인증', '인증_안전', '안전_세정', '세정_성분', '성분_피앤지', '피앤지_기업']",[],"지루성 두피염, 비듬, 약한 두피라면? 요 성분의 샴푸는 피하세욧 ❌️🧴",40.0,0,[],0,[],0,중립,False
youtube,,헤드앤숄더 리뷰,두피 한동안 뒤집어져서 난리났었는데 헤드엔숄더랑 두피밸런서 쓰고 싹 깨끗해짐,"['동안', '난리', '헤드엔숄더', '두피밸런서']","['동안_난리', '난리_헤드엔숄더', '헤드엔숄더_두피밸런서']","['동안', '난리', '헤드엔숄더', '두피밸런서', '동안_난리', '난리_헤드엔숄더', '헤드엔숄더_두피밸런서']",[],"지루성 두피염, 비듬, 약한 두피라면? 요 성분의 샴푸는 피하세욧 ❌️🧴",87.0,0,[],0,[],0,중립,False
youtube,,헤드앤숄더 리뷰,헤드엔숄더 진짜 좋은데 돌고돌아서 항상 이걸로 쓰게된다는 간증이 진짜 많죠ㅎㅎ 지루성두피의 구원템,"['헤드엔숄더', '간증', '지루성두피', '구원']","['헤드엔숄더_간증', '간증_지루성두피', '지루성두피_구원']","['헤드엔숄더', '간증', '지루성두피', '구원', '헤드엔숄더_간증', '간증_지루성두피', '지루성두피_구원']",[],"지루성 두피염, 비듬, 약한 두피라면? 요 성분의 샴푸는 피하세욧 ❌️🧴",273.0,0,[],0,[],0,중립,False
youtube,,헤드앤숄더 리뷰,헤드앤숄더로 갈아탈때마다 두피여드름 남,['여드름'],[],['여드름'],[],"지루성 두피염, 비듬, 약한 두피라면? 요 성분의 샴푸는 피하세욧 ❌️🧴",8.0,1,['갈아탈'],0,[],-1,이탈위험,False
youtube,,헤드앤숄더 리뷰,헤숄 1주일에 2 3번정도는 써주는거 좋아용 보라색 그리고 샴푸후에 무조건 자생 두피토너 써주세요 두피도 피부라 자극없이 관리해야하는데 샴푸 바꿔 쓴다고 소용없더라구요,"['자생', '토너', '피부', '자극', '관리']","['자생_토너', '토너_피부', '피부_자극', '자극_관리']","['자생', '토너', '피부', '자극', '관리', '자생_토너', '토너_피부', '피부_자극', '자극_관리']",[],"지루성 두피염, 비듬, 약한 두피라면? 요 성분의 샴푸는 피하세욧 ❌️🧴",1.0,2,"['소용없', '자극']",0,[],-2,이탈위험,False
youtube,,헤드앤숄더 리뷰,와 비듬 샴푸로 유명해서 이거 쓰고있는데 최근에 머리에 딱지가 많이 생긴다했는데 이것 때문이네요 ㅠㅠ,"['비듬', '유명', '딱지']","['비듬_유명', '유명_딱지']","['비듬', '유명', '딱지', '비듬_유명', '유명_딱지']",[],"지루성 두피염, 비듬, 약한 두피라면? 요 성분의 샴푸는 피하세욧 ❌️🧴",14.0,0,[],0,[],0,중립,False
youtube,,헤드앤숄더 리뷰,지루성이나 중성두피가 아니면 설페이트 계열은 안쓰시는게 좋고 지루성이나 중성두피인데 뾰루지가 생기면 성분표에 실리콘오일 혹은 메티콘오일 성분이 적혀있으면 10에 9은 그게 문제입니다,"['지루', '중성', '설페이트', '계열', '지루', '중성', '뾰루지', '성분', '실리콘', '오일', '메티콘', '오일', '성분', '문제']","['지루_중성', '중성_설페이트', '설페이트_계열', '계열_지루', '지루_중성', '중성_뾰루지', '뾰루지_성분', '성분_실리콘', '실리콘_오일', '오일_메티콘', '메티콘_오일', '오일_성분', '성분_문제']","['지루', '중성', '설페이트', '계열', '지루', '중성', '뾰루지', '성분', '실리콘', '오일', '메티콘', '오일', '성분', '문제', '지루_중성', '중성_설페이트', '설페이트_계열', '계열_지루', '지루_중성', '중성_뾰루지', '뾰루지_성분', '성분_실리콘', '실리콘_오일', '오일_메티콘', '메티콘_오일', '오일_성분', '성분_문제']",[],"지루성 두피염, 비듬, 약한 두피라면? 요 성분의 샴푸는 피하세욧 ❌️🧴",19.0,1,['뾰루지'],0,[],-1,이탈위험,False
youtube,,헤드앤숄더 리뷰,진짜 저랑 같이 지성 두피에 뾰루지 잘 나시는 분들 요즘은 킹스파워샴푸 쓰고는 저런거 싹 없어졌어요 그냥 한번 썼는데 두피가 시원하고 개운하면서 하얀 각질 비듬이 싹 다 나아버리더라구요 천연 계면활성제에 일반샴푸보다 3배 더 비싼 원료를 쓴다고 들었는데 진짜 비듬 없어지고 탈모까지 없어지고 머리카락 굵어져서 요즘은 헤어에 완전 자신감 업 됐어요 비듬 기름끼 허연각질에 킹스파워샴푸 완전 추천합니다 제가 직접 써봤습니다,"['지성', '뾰루지', '킹스', '파워', '각질', '비듬', '천연', '계면활성제', '일반', '원료', '비듬', '탈모', '머리카락', '자신감', '비듬', '기름', '각질', '킹스', '파워']","['지성_뾰루지', '뾰루지_킹스', '킹스_파워', '파워_각질', '각질_비듬', '비듬_천연', '천연_계면활성제', '계면활성제_일반', '일반_원료', '원료_비듬', '비듬_탈모', '탈모_머리카락', '머리카락_자신감', '자신감_비듬', '비듬_기름', '기름_각질', '각질_킹스', '킹스_파워']","['지성', '뾰루지', '킹스', '파워', '각질', '비듬', '천연', '계면활성제', '일반', '원료', '비듬', '탈모', '머리카락', '자신감', '비듬', '기름', '각질', '킹스', '파워', '지성_뾰루지', '뾰루지_킹스', '킹스_파워', '파워_각질', '각질_비듬', '비듬_천연', '천연_계면활성제', '계면활성제_일반', '일반_원료', '원료_비듬', '비듬_탈모', '탈모_머리카락', '머리카락_자신감', '자신감_비듬', '비듬_기름', '기름_각질', '각질_킹스', '킹스_파워']",[],"지루성 두피염, 비듬, 약한 두피라면? 요 성분의 샴푸는 피하세욧 ❌️🧴",2.0,1,['뾰루지'],2,"['없어졌', '추천']",1,긍정,False
youtube,,헤드앤숄더 리뷰,아버지가 비듬 난다고 헤숄 사서 몇 달 같이 썼더니 두피 트러블 미친듯이 나는 중,"['아버지', '비듬', '트러블']","['아버지_비듬', '비듬_트러블']","['아버지', '비듬', '트러블', '아버지_비듬', '비듬_트러블']",[],"지루성 두피염, 비듬, 약한 두피라면? 요 성분의 샴푸는 피하세욧 ❌️🧴",3.0,1,['트러블'],0,[],-1,이탈위험,False
youtube,,헤드앤숄더 리뷰,저같이 비듬이 많은 사람은 헤드앤숄더ㅠ좋드라고요,['비듬'],[],['비듬'],[],"지루성 두피염, 비듬, 약한 두피라면? 요 성분의 샴푸는 피하세욧 ❌️🧴",0.0,0,[],0,[],0,중립,False
youtube,,헤드앤숄더 리뷰,헤드앤숄더 쿨멘솔 좋아요 지성두피이고 13년째 쓰는중임,"['쿨멘솔', '지성두피']",['쿨멘솔_지성두피'],"['쿨멘솔', '지성두피', '쿨멘솔_지성두피']",[],"지루성 두피염, 비듬, 약한 두피라면? 요 성분의 샴푸는 피하세욧 ❌️🧴",1.0,0,[],0,[],0,중립,False
youtube,,헤드앤숄더 리뷰,비듬 많으신 분들 비듬클리너로 머리 먼저 빗어주고 헤드앤숄더 쓰니 많이 좋아졌어요 참고하세요,"['비듬', '비듬클리너', '참고']","['비듬_비듬클리너', '비듬클리너_참고']","['비듬', '비듬클리너', '참고', '비듬_비듬클리너', '비듬클리너_참고']",[],"지루성 두피염, 비듬, 약한 두피라면? 요 성분의 샴푸는 피하세욧 ❌️🧴",0.0,0,[],1,['좋아졌'],1,긍정,False
youtube,,헤드앤숄더 리뷰,설페이트 없으면 세정력이 똥망임 돌고돌다가 다른것도 쓰고 싶어서 지금은 오프온샴푸 쓰는데 두피샴푸 써본중엔 세정력 좋음 헤숄은 향이 맘에 안들어서 ㅠㅠ,"['설페이트', '세정', '지금', '오프', '정력']","['설페이트_세정', '세정_지금', '지금_오프', '오프_정력']","['설페이트', '세정', '지금', '오프', '정력', '설페이트_세정', '세정_지금', '지금_오프', '오프_정력']",[],"지루성 두피염, 비듬, 약한 두피라면? 요 성분의 샴푸는 피하세욧 ❌️🧴",1.0,0,[],0,[],0,중립,False
youtube,,헤드앤숄더 리뷰,말로만 들어본 잇퓨 업패스트샴푸 써보고 반해서 지금 몇 통째 비워요ㅋ 머리카락 두피에 영양을 주니확실히 빨리 자라네요,"['잇퓨', '패스트', '머리카락', '영양']","['잇퓨_패스트', '패스트_머리카락', '머리카락_영양']","['잇퓨', '패스트', '머리카락', '영양', '잇퓨_패스트', '패스트_머리카락', '머리카락_영양']",[],"지루성 두피염, 비듬, 약한 두피라면? 요 성분의 샴푸는 피하세욧 ❌️🧴",0.0,0,[],0,[],0,중립,False
youtube,,헤드앤숄더 리뷰,비듬클리너로 머리 매일 빗어주면서 샴푸 설페이트 없는걸로 바꿨더니 효과 훨씬 더 좋았어요,"['비듬', '클리너', '설페이트', '효과']","['비듬_클리너', '클리너_설페이트', '설페이트_효과']","['비듬', '클리너', '설페이트', '효과', '비듬_클리너', '클리너_설페이트', '설페이트_효과']",[],"지루성 두피염, 비듬, 약한 두피라면? 요 성분의 샴푸는 피하세욧 ❌️🧴",4.0,0,[],0,[],0,중립,False
youtube,,헤드앤숄더 리뷰,저도 두피에 염증 뾰루지 잘나고 요즘은 머리가 너무 많이 빠지는거 같아서 고민이었는데 킹스파워블랙샴푸 쓰면서 두피 염증 비듬이 다 사라지더라구요 거기다 중요한건 탈모가 멈췄어요 처음 감으면 좀 뻣뻣하다 싶었는데 그러고선 평소 빠지던거 1 5밖에 안빠지구요 머리카락도 굵어지면서 머리카락에 힘이 생기네요 덕분에 머리숱도 훨씬 더 풍성해보이고 헤어 뿌리부터 볼륨이 확 생겨서 스타일이 정말 사는거 같아요 두피 염증 비듬은 옛일이 됐고 요즘은 외출해서 헤어 볼때마다 너무 만족스러워요 저처럼 두피 염증 탈모 비듬 심하고 머리에 힘 없는 분들은 킹스파워샴푸 정말 추천드려요,"['염증', '뾰루지', '고민', '킹스', '파워', '블랙', '염증', '비듬', '중요', '탈모', '처음', '평소', '머리카락', '머리카락', '덕분', '머리숱', '뿌리', '볼륨', '스타일', '염증', '비듬', '옛일', '외출', '만족', '염증', '탈모', '비듬', '킹스', '파워']","['염증_뾰루지', '뾰루지_고민', '고민_킹스', '킹스_파워', '파워_블랙', '블랙_염증', '염증_비듬', '비듬_중요', '중요_탈모', '탈모_처음', '처음_평소', '평소_머리카락', '머리카락_머리카락', '머리카락_덕분', '덕분_머리숱', '머리숱_뿌리', '뿌리_볼륨', '볼륨_스타일', '스타일_염증', '염증_비듬', '비듬_옛일', '옛일_외출', '외출_만족', '만족_염증', '염증_탈모', '탈모_비듬', '비듬_킹스', '킹스_파워']","['염증', '뾰루지', '고민', '킹스', '파워', '블랙', '염증', '비듬', '중요', '탈모', '처음', '평소', '머리카락', '머리카락', '덕분', '머리숱', '뿌리', '볼륨', '스타일', '염증', '비듬', '옛일', '외출', '만족', '염증', '탈모', '비듬', '킹스', '파워', '염증_뾰루지', '뾰루지_고민', '고민_킹스', '킹스_파워', '파워_블랙', '블랙_염증', '염증_비듬', '비듬_중요', '중요_탈모', '탈모_처음', '처음_평소', '평소_머리카락', '머리카락_머리카락', '머리카락_덕분', '덕분_머리숱', '머리숱_뿌리', '뿌리_볼륨', '볼륨_스타일', '스타일_염증', '염증_비듬', '비듬_옛일', '옛일_외출', '외출_만족', '만족_염증', '염증_탈모', '탈모_비듬', '비듬_킹스', '킹스_파워']",[],"지루성 두피염, 비듬, 약한 두피라면? 요 성분의 샴푸는 피하세욧 ❌️🧴",0.0,1,['뾰루지'],1,['추천'],0,중립,False
youtube,,헤드앤숄더 리뷰,두피샴푸 알아보다가 두피 건강이 안 좋으면 탈모가 온다고 하더라고요 탈모부터 지켜야겠다 생각해 모미래 핑크솔트 탈모샴푸 쓰고 있습니다 두피 정리도 잘 되고 머리카락도 덜 빠져서 미리 관리하길 잘한 것 같아요 머릿결도 좋아지고 가려움도 없어져서 일석이조예요 요즘은 거울 볼 때마다 기분이 좋아요 ㅎㅎ 두피랑 탈모 둘 다 잡고 싶으신 분들 핑크솔트 탈모샴푸 추천드려요,"['건강', '탈모', '탈모', '모미래', '핑크솔트', '탈모', '정리', '머리카락', '관리', '머릿결', '일석이조', '거울', '기분', '탈모', '핑크솔트', '탈모']","['건강_탈모', '탈모_탈모', '탈모_모미래', '모미래_핑크솔트', '핑크솔트_탈모', '탈모_정리', '정리_머리카락', '머리카락_관리', '관리_머릿결', '머릿결_일석이조', '일석이조_거울', '거울_기분', '기분_탈모', '탈모_핑크솔트', '핑크솔트_탈모']","['건강', '탈모', '탈모', '모미래', '핑크솔트', '탈모', '정리', '머리카락', '관리', '머릿결', '일석이조', '거울', '기분', '탈모', '핑크솔트', '탈모', '건강_탈모', '탈모_탈모', '탈모_모미래', '모미래_핑크솔트', '핑크솔트_탈모', '탈모_정리', '정리_머리카락', '머리카락_관리', '관리_머릿결', '머릿결_일석이조', '일석이조_거울', '거울_기분', '기분_탈모', '탈모_핑크솔트', '핑크솔트_탈모']",[],"지루성 두피염, 비듬, 약한 두피라면? 요 성분의 샴푸는 피하세욧 ❌️🧴",51.0,1,['가려움'],1,['추천'],0,중립,False
youtube,,헤드앤숄더 리뷰,저는 헤드앤숄더랑 퍼퓸샴푸들 쓰고 두피염 생겼어요 ㄷㄷㄷㄷ,['퍼퓸'],[],['퍼퓸'],[],"지루성 두피염, 비듬, 약한 두피라면? 요 성분의 샴푸는 피하세욧 ❌️🧴",0.0,0,[],0,[],0,중립,False
youtube,,헤드앤숄더 리뷰,헤드앤숄더 매일써도 비듬 많이나오던데 다른거 쓰니까 귀신같이 나음,"['비듬', '귀신']",['비듬_귀신'],"['비듬', '귀신', '비듬_귀신']",[],"지루성 두피염, 비듬, 약한 두피라면? 요 성분의 샴푸는 피하세욧 ❌️🧴",1.0,1,['다른거'],0,[],-1,이탈위험,False
youtube,,헤드앤숄더 리뷰,비듬좀많다 국내시판 헤숄 지루성두피염 쿱앙에서 헤드앤숄더 스트렝스 크리니컬,"['비듬', '국내', '시판', '지루성두피염', '쿱앙', '스트렝스', '크리니컬']","['비듬_국내', '국내_시판', '시판_지루성두피염', '지루성두피염_쿱앙', '쿱앙_스트렝스', '스트렝스_크리니컬']","['비듬', '국내', '시판', '지루성두피염', '쿱앙', '스트렝스', '크리니컬', '비듬_국내', '국내_시판', '시판_지루성두피염', '지루성두피염_쿱앙', '쿱앙_스트렝스', '스트렝스_크리니컬']",[],"지루성 두피염, 비듬, 약한 두피라면? 요 성분의 샴푸는 피하세욧 ❌️🧴",2.0,0,[],0,[],0,중립,False
youtube,,헤드앤숄더 리뷰,동물 실험해도 소듐라우레스 설페이트는 이것은 동물들은 엄청 피부가 까졌어요 순하고 세정 잘 되는 라우릴 글루코사이드 코코글루코사이드 쓰세요 농약을 쓰고 잔류 농약 검사를 인증한지 모르는 코코넛유래에 강한 황산화 에톡실화 과정을 겪어서 강한 화학물질입니다,"['동물', '실험', '소듐라우레스', '설페이트', '동물', '피부', '세정', '라우릴', '글루코사이드', '코코글루코사이드', '농약', '잔류', '농약', '검사', '인증', '코코넛', '유래', '황산', '에톡실', '과정', '화학', '물질']","['동물_실험', '실험_소듐라우레스', '소듐라우레스_설페이트', '설페이트_동물', '동물_피부', '피부_세정', '세정_라우릴', '라우릴_글루코사이드', '글루코사이드_코코글루코사이드', '코코글루코사이드_농약', '농약_잔류', '잔류_농약', '농약_검사', '검사_인증', '인증_코코넛', '코코넛_유래', '유래_황산', '황산_에톡실', '에톡실_과정', '과정_화학', '화학_물질']","['동물', '실험', '소듐라우레스', '설페이트', '동물', '피부', '세정', '라우릴', '글루코사이드', '코코글루코사이드', '농약', '잔류', '농약', '검사', '인증', '코코넛', '유래', '황산', '에톡실', '과정', '화학', '물질', '동물_실험', '실험_소듐라우레스', '소듐라우레스_설페이트', '설페이트_동물', '동물_피부', '피부_세정', '세정_라우릴', '라우릴_글루코사이드', '글루코사이드_코코글루코사이드', '코코글루코사이드_농약', '농약_잔류', '잔류_농약', '농약_검사', '검사_인증', '인증_코코넛', '코코넛_유래', '유래_황산', '황산_에톡실', '에톡실_과정', '과정_화학', '화학_물질']",[],"지루성 두피염, 비듬, 약한 두피라면? 요 성분의 샴푸는 피하세욧 ❌️🧴",7.0,0,[],0,[],0,중립,False
youtube,,헤드앤숄더 리뷰,헤드앤숄더쓰고 두피염증 싹나음,"['헤드앤숄더쓰', '염증']",['헤드앤숄더쓰_염증'],"['헤드앤숄더쓰', '염증', '헤드앤숄더쓰_염증']",[],"지루성 두피염, 비듬, 약한 두피라면? 요 성분의 샴푸는 피하세욧 ❌️🧴",0.0,0,[],0,[],0,중립,False
youtube,,헤드앤숄더 리뷰,저 두피염증으로 진짜 고민 많이하고 샴푸썻는데 생각보다 별효과가 없더라구요 두피가 속의 문젠데 겉만 계속 씻어낸다고 효과가 없는거 같아서 식습관 생활습관 관리했구요 두피커뮤니티에서 추천받은 두피개선환도 잘챙겨먹었더니 3개월정도 되서 두피가 깨끗해진게 눈에 보입니다,"['염증', '고민', '효과', '문제', '효과', '식습관', '생활', '습관', '관리', '커뮤니티', '개선']","['염증_고민', '고민_효과', '효과_문제', '문제_효과', '효과_식습관', '식습관_생활', '생활_습관', '습관_관리', '관리_커뮤니티', '커뮤니티_개선']","['염증', '고민', '효과', '문제', '효과', '식습관', '생활', '습관', '관리', '커뮤니티', '개선', '염증_고민', '고민_효과', '효과_문제', '문제_효과', '효과_식습관', '식습관_생활', '생활_습관', '습관_관리', '관리_커뮤니티', '커뮤니티_개선']",[],"지루성 두피염, 비듬, 약한 두피라면? 요 성분의 샴푸는 피하세욧 ❌️🧴",2.0,0,[],1,['추천'],1,긍정,False
youtube,,헤드앤숄더 리뷰,두피염증으로 몇달 고생했는데요 두피열로 밤낮없이 가려워서 참다못해 병원가도 답이 없었음 요근래에 운동하고 식습관 고치면서 아누오틴 영양제 챙기니까 서서히 열 내려가는듯ㅠㅠ,"['염증', '고생', '병원', '근래', '운동', '식습관', '아누오틴', '영양제']","['염증_고생', '고생_병원', '병원_근래', '근래_운동', '운동_식습관', '식습관_아누오틴', '아누오틴_영양제']","['염증', '고생', '병원', '근래', '운동', '식습관', '아누오틴', '영양제', '염증_고생', '고생_병원', '병원_근래', '근래_운동', '운동_식습관', '식습관_아누오틴', '아누오틴_영양제']",[],"지루성 두피염, 비듬, 약한 두피라면? 요 성분의 샴푸는 피하세욧 ❌️🧴",133.0,0,[],0,[],0,중립,False
youtube,,헤드앤숄더 리뷰,전성분 정제수 소듐라우레스설페이트 소듐자일렌설포네이트 코카마이드엠이에이 소듐시트레이트 다이메티콘 피록톤올아민 멘톨 0 45 향료 소듐클로라이드 시트릭애씨드 소듐벤조에이트 구아하이드록시프로필트라이모늄클로라이드 테트라소듐이디티에이 헥실신남알 리날룰 스테아릴알코올 세틸알코올 폴리쿼터늄 76 리모넨 알파 아이소메틸아이오논 메칠클로로이소치아졸리논 글라이콜다이스테아레이트 소듐라우릴설페이트 코카미도프로필베타인 메칠이소치아졸리논 여기에서 님아는 재료가 뭐가요 이유을 알아야지 사용하지 않죠,"['성분', '정제', '소듐라우레스설페이트', '소듐자일렌설포네이트', '코카마이드엠이에이', '소듐시트레이트', '다이메티콘', '피록톤올아민', '멘톨', '향료', '소듐클로라이드', '시트릭애씨드', '소듐벤조에이트', '구아하이드록시프로필트라이모늄클로라이드', '테트라소듐이디티에이', '헥실신남알', '리날룰', '스테아릴알코올', '세틸알코올', '폴리쿼터늄', '리모넨', '알파', '아이소메틸아이오논', '메칠클로로이소치아졸리논', '글라이콜다이스테아레이트', '소듐라우릴설페이트', '코카미도프로필베타인', '메칠이소치아졸리논', '재료', '가요']","['성분_정제', '정제_소듐라우레스설페이트', '소듐라우레스설페이트_소듐자일렌설포네이트', '소듐자일렌설포네이트_코카마이드엠이에이', '코카마이드엠이에이_소듐시트레이트', '소듐시트레이트_다이메티콘', '다이메티콘_피록톤올아민', '피록톤올아민_멘톨', '멘톨_향료', '향료_소듐클로라이드', '소듐클로라이드_시트릭애씨드', '시트릭애씨드_소듐벤조에이트', '소듐벤조에이트_구아하이드록시프로필트라이모늄클로라이드', '구아하이드록시프로필트라이모늄클로라이드_테트라소듐이디티에이', '테트라소듐이디티에이_헥실신남알', '헥실신남알_리날룰', '리날룰_스테아릴알코올', '스테아릴알코올_세틸알코올', '세틸알코올_폴리쿼터늄', '폴리쿼터늄_리모넨', '리모넨_알파', '알파_아이소메틸아이오논', '아이소메틸아이오논_메칠클로로이소치아졸리논', '메칠클로로이소치아졸리논_글라이콜다이스테아레이트', '글라이콜다이스테아레이트_소듐라우릴설페이트', '소듐라우릴설페이트_코카미도프로필베타인', '코카미도프로필베타인_메칠이소치아졸리논', '메칠이소치아졸리논_재료', '재료_가요']","['성분', '정제', '소듐라우레스설페이트', '소듐자일렌설포네이트', '코카마이드엠이에이', '소듐시트레이트', '다이메티콘', '피록톤올아민', '멘톨', '향료', '소듐클로라이드', '시트릭애씨드', '소듐벤조에이트', '구아하이드록시프로필트라이모늄클로라이드', '테트라소듐이디티에이', '헥실신남알', '리날룰', '스테아릴알코올', '세틸알코올', '폴리쿼터늄', '리모넨', '알파', '아이소메틸아이오논', '메칠클로로이소치아졸리논', '글라이콜다이스테아레이트', '소듐라우릴설페이트', '코카미도프로필베타인', '메칠이소치아졸리논', '재료', '가요', '성분_정제', '정제_소듐라우레스설페이트', '소듐라우레스설페이트_소듐자일렌설포네이트', '소듐자일렌설포네이트_코카마이드엠이에이', '코카마이드엠이에이_소듐시트레이트', '소듐시트레이트_다이메티콘', '다이메티콘_피록톤올아민', '피록톤올아민_멘톨', '멘톨_향료', '향료_소듐클로라이드', '소듐클로라이드_시트릭애씨드', '시트릭애씨드_소듐벤조에이트', '소듐벤조에이트_구아하이드록시프로필트라이모늄클로라이드', '구아하이드록시프로필트라이모늄클로라이드_테트라소듐이디티에이', '테트라소듐이디티에이_헥실신남알', '헥실신남알_리날룰', '리날룰_스테아릴알코올', '스테아릴알코올_세틸알코올', '세틸알코올_폴리쿼터늄', '폴리쿼터늄_리모넨', '리모넨_알파', '알파_아이소메틸아이오논', '아이소메틸아이오논_메칠클로로이소치아졸리논', '메칠클로로이소치아졸리논_글라이콜다이스테아레이트', '글라이콜다이스테아레이트_소듐라우릴설페이트', '소듐라우릴설페이트_코카미도프로필베타인', '코카미도프로필베타인_메칠이소치아졸리논', '메칠이소치아졸리논_재료', '재료_가요']",[],"지루성 두피염, 비듬, 약한 두피라면? 요 성분의 샴푸는 피하세욧 ❌️🧴",0.0,0,[],0,[],0,중립,False
youtube,,헤드앤숄더 리뷰,결국 약산성 샴푸들은 완벽하게 기름기처리가 안되서 두피가 더 안좋아짐 그냥 헤드 앤 숄더 쓰삼 독하면 일반마트에서 못팔아 약용샴푸지,"['약산', '완벽', '기름', '처리', '헤드', '일반', '마트', '약용']","['약산_완벽', '완벽_기름', '기름_처리', '처리_헤드', '헤드_일반', '일반_마트', '마트_약용']","['약산', '완벽', '기름', '처리', '헤드', '일반', '마트', '약용', '약산_완벽', '완벽_기름', '기름_처리', '처리_헤드', '헤드_일반', '일반_마트', '마트_약용']",[],"지루성 두피염, 비듬, 약한 두피라면? 요 성분의 샴푸는 피하세욧 ❌️🧴",1.0,0,[],0,[],0,중립,False
youtube,,헤드앤숄더 리뷰,처음엔 다양한 샴푸 써보다가 가렵고 트러블 나서 아누오틴으로 바꿨어요 지금은 확실히 두피가 안정되고 빠지는 머리도 덜해져서 정착 중이에요,"['처음', '다양', '트러블', '아누오틴', '안정', '정착']","['처음_다양', '다양_트러블', '트러블_아누오틴', '아누오틴_안정', '안정_정착']","['처음', '다양', '트러블', '아누오틴', '안정', '정착', '처음_다양', '다양_트러블', '트러블_아누오틴', '아누오틴_안정', '안정_정착']",[],"지루성 두피염, 비듬, 약한 두피라면? 요 성분의 샴푸는 피하세욧 ❌️🧴",59.0,1,['트러블'],1,['정착'],0,중립,False
youtube,,헤드앤숄더 리뷰,저 헤드엔숄더쓰고있어요 진짜좋아요ㅠ 두피너무 기름져서 보조제로 아누오틴도 같이먹고있는데 확실히 시너지가 좋더라구요,"['헤드', '보조제', '아누오틴', '시너지']","['헤드_보조제', '보조제_아누오틴', '아누오틴_시너지']","['헤드', '보조제', '아누오틴', '시너지', '헤드_보조제', '보조제_아누오틴', '아누오틴_시너지']",[],"지루성 두피염, 비듬, 약한 두피라면? 요 성분의 샴푸는 피하세욧 ❌️🧴",270.0,0,[],0,[],0,중립,False
youtube,,헤드앤숄더 리뷰,헤드엔숄더만한게 없음ㅋㅋ 아예 안쓰기는 힘듬 특히 지성두피는 극단적으로 어느 한쪽에 치우칠게 아니라 화학 계면활성제가 들어간 샴푸는 주 2ㅡ3회 정도 쓰고 나머지는 천연 계면활성제 들어간 순한 제품 쓰는게 좋음 순한게 좋다고 그거만 쓰다간 다른두피는 몰라도 지성두피는 버틸수없음,"['헤드엔숄더', '힘듬', '지성두피', '극단', '한쪽', '화학', '계면활성제', '나머지', '천연', '계면활성제', '지성두피']","['헤드엔숄더_힘듬', '힘듬_지성두피', '지성두피_극단', '극단_한쪽', '한쪽_화학', '화학_계면활성제', '계면활성제_나머지', '나머지_천연', '천연_계면활성제', '계면활성제_지성두피']","['헤드엔숄더', '힘듬', '지성두피', '극단', '한쪽', '화학', '계면활성제', '나머지', '천연', '계면활성제', '지성두피', '헤드엔숄더_힘듬', '힘듬_지성두피', '지성두피_극단', '극단_한쪽', '한쪽_화학', '화학_계면활성제', '계면활성제_나머지', '나머지_천연', '천연_계면활성제', '계면활성제_지성두피']",[],"지루성 두피염, 비듬, 약한 두피라면? 요 성분의 샴푸는 피하세욧 ❌️🧴",37.0,0,[],0,[],0,중립,False
youtube,,헤드앤숄더 리뷰,두피관리 어떻게 해야하나 걱정되던 찰나에 아누오틴 알게 됐어요 지금은 루틴처럼 챙기고 있어요,"['관리', '걱정', '찰나', '아누오틴', '지금', '루틴']","['관리_걱정', '걱정_찰나', '찰나_아누오틴', '아누오틴_지금', '지금_루틴']","['관리', '걱정', '찰나', '아누오틴', '지금', '루틴', '관리_걱정', '걱정_찰나', '찰나_아누오틴', '아누오틴_지금', '지금_루틴']",[],광고❌ 머리 가려운 비듬쟁이들 들어와!!! #헤드앤숄더 #샴푸추천,3.0,0,[],0,[],0,중립,False
youtube,,헤드앤숄더 리뷰,지성 두피라 완전 끌룡,"['지성', '끌룡']",['지성_끌룡'],"['지성', '끌룡', '지성_끌룡']",[],광고❌ 머리 가려운 비듬쟁이들 들어와!!! #헤드앤숄더 #샴푸추천,0.0,0,[],0,[],0,중립,False
youtube,,헤드앤숄더 리뷰,전 일반 쿨링샴푸 쓰는데 넘 시원해서 좋아요 혹시 두피에 각질 비듬 많이 생기시는 분들 꼭 두피 보습 잘 챙겨주시고 이미 생겨버린 비듬은 비듬클리너로 빗어주세요 머리카락에 붙은 비듬은 잘 안 떨어져서 비듬클리너로 빗어줘야 합니다 그렇지 않으면 안 떨어져요 ㅠㅠ,"['일반', '각질', '비듬', '보습', '비듬', '비듬클리너', '머리카락', '비듬', '비듬', '클리너']","['일반_각질', '각질_비듬', '비듬_보습', '보습_비듬', '비듬_비듬클리너', '비듬클리너_머리카락', '머리카락_비듬', '비듬_비듬', '비듬_클리너']","['일반', '각질', '비듬', '보습', '비듬', '비듬클리너', '머리카락', '비듬', '비듬', '클리너', '일반_각질', '각질_비듬', '비듬_보습', '보습_비듬', '비듬_비듬클리너', '비듬클리너_머리카락', '머리카락_비듬', '비듬_비듬', '비듬_클리너']",[],광고❌ 머리 가려운 비듬쟁이들 들어와!!! #헤드앤숄더 #샴푸추천,2.0,0,[],0,[],0,중립,False
youtube,,헤드앤숄더 리뷰,가려움 두피 케어 진짜진짜 중요하죠 맨날 머리 벅벅 긁고ㅠㅠ 저는 두피 지성두피에 기름끼도 많아서 뾰루지도 잘 생기고 긁다보니 비듬 각질도 심해졌는데 요즘은 킹스파워샴푸 쓰고는 저런거 없어졌어요 그냥 한번 썼는데 두피가 시원하고 개운하면서 하얀 각질 비듬이 싹 다 나아버리더라구요 천연 계면활성제에 일반샴푸보다 3배 더 비싼 원료를 쓴다고 들었는데 진짜 비듬 없어지고 탈모까지 없어지고 머리카락 굵어져서 요즘은 헤어에 완전 자신감 업 됐어요 비듬 기름끼 허연각질에 킹스파워샴푸 완전 추천합니다 제가 직접 써봤습니다,"['케어', '중요', '지성', '기름', '뾰루지', '비듬', '각질', '킹스', '파워', '각질', '비듬', '천연', '계면활성제', '일반', '원료', '비듬', '탈모', '머리카락', '자신감', '비듬', '기름', '각질', '킹스', '파워']","['케어_중요', '중요_지성', '지성_기름', '기름_뾰루지', '뾰루지_비듬', '비듬_각질', '각질_킹스', '킹스_파워', '파워_각질', '각질_비듬', '비듬_천연', '천연_계면활성제', '계면활성제_일반', '일반_원료', '원료_비듬', '비듬_탈모', '탈모_머리카락', '머리카락_자신감', '자신감_비듬', '비듬_기름', '기름_각질', '각질_킹스', '킹스_파워']","['케어', '중요', '지성', '기름', '뾰루지', '비듬', '각질', '킹스', '파워', '각질', '비듬', '천연', '계면활성제', '일반', '원료', '비듬', '탈모', '머리카락', '자신감', '비듬', '기름', '각질', '킹스', '파워', '케어_중요', '중요_지성', '지성_기름', '기름_뾰루지', '뾰루지_비듬', '비듬_각질', '각질_킹스', '킹스_파워', '파워_각질', '각질_비듬', '비듬_천연', '천연_계면활성제', '계면활성제_일반', '일반_원료', '원료_비듬', '비듬_탈모', '탈모_머리카락', '머리카락_자신감', '자신감_비듬', '비듬_기름', '기름_각질', '각질_킹스', '킹스_파워']",[],광고❌ 머리 가려운 비듬쟁이들 들어와!!! #헤드앤숄더 #샴푸추천,1.0,2,"['뾰루지', '가려움']",2,"['없어졌', '추천']",0,중립,False
youtube,,헤드앤숄더 리뷰,성분 잘 분석해 보세요 정말 안좋은거 들어있고 동물 실험하는 브랜드입니다 특히 소듐 라우레스 설페이트는 코코넛 유래지만 잔류 농약 검사도 한지 모르는 코코넛으로 강한 항산화 과정을 거쳐서 강한 화학물질이된 성분입니다 조심하세요,"['성분', '분석', '동물', '실험', '소듐', '라우레스', '설페이트', '코코넛', '유래', '잔류', '농약', '검사', '코코넛', '항산화', '과정', '화학', '물질', '성분', '조심']","['성분_분석', '분석_동물', '동물_실험', '실험_소듐', '소듐_라우레스', '라우레스_설페이트', '설페이트_코코넛', '코코넛_유래', '유래_잔류', '잔류_농약', '농약_검사', '검사_코코넛', '코코넛_항산화', '항산화_과정', '과정_화학', '화학_물질', '물질_성분', '성분_조심']","['성분', '분석', '동물', '실험', '소듐', '라우레스', '설페이트', '코코넛', '유래', '잔류', '농약', '검사', '코코넛', '항산화', '과정', '화학', '물질', '성분', '조심', '성분_분석', '분석_동물', '동물_실험', '실험_소듐', '소듐_라우레스', '라우레스_설페이트', '설페이트_코코넛', '코코넛_유래', '유래_잔류', '잔류_농약', '농약_검사', '검사_코코넛', '코코넛_항산화', '항산화_과정', '과정_화학', '화학_물질', '물질_성분', '성분_조심']",[],광고❌ 머리 가려운 비듬쟁이들 들어와!!! #헤드앤숄더 #샴푸추천,0.0,0,[],0,[],0,중립,False
youtube,,헤드앤숄더 리뷰,헤드앤숄더는 동물 실험한 중국의 자본주의 브랜드입니다 소듐라우레스설페이트는 실험해도 이것은 동물들은 엄청 피부가 까졌어요 순하고 세정 잘 되는 라우릴 글루코사이드 코코글루코사이드 쓰세요 농약을 쓰고 잔류 농약 검사를 인증한지 모르는 코코넛유래에 강한 황산화 에톡실화 과정을 겪어서 강한 화학물질입니다,"['동물', '실험', '중국', '자본주의', '소듐라우레스설페이트', '실험', '동물', '피부', '세정', '라우릴', '글루코사이드', '코코글루코사이드', '농약', '잔류', '농약', '검사', '인증', '코코넛', '유래', '황산', '에톡실', '과정', '화학', '물질']","['동물_실험', '실험_중국', '중국_자본주의', '자본주의_소듐라우레스설페이트', '소듐라우레스설페이트_실험', '실험_동물', '동물_피부', '피부_세정', '세정_라우릴', '라우릴_글루코사이드', '글루코사이드_코코글루코사이드', '코코글루코사이드_농약', '농약_잔류', '잔류_농약', '농약_검사', '검사_인증', '인증_코코넛', '코코넛_유래', '유래_황산', '황산_에톡실', '에톡실_과정', '과정_화학', '화학_물질']","['동물', '실험', '중국', '자본주의', '소듐라우레스설페이트', '실험', '동물', '피부', '세정', '라우릴', '글루코사이드', '코코글루코사이드', '농약', '잔류', '농약', '검사', '인증', '코코넛', '유래', '황산', '에톡실', '과정', '화학', '물질', '동물_실험', '실험_중국', '중국_자본주의', '자본주의_소듐라우레스설페이트', '소듐라우레스설페이트_실험', '실험_동물', '동물_피부', '피부_세정', '세정_라우릴', '라우릴_글루코사이드', '글루코사이드_코코글루코사이드', '코코글루코사이드_농약', '농약_잔류', '잔류_농약', '농약_검사', '검사_인증', '인증_코코넛', '코코넛_유래', '유래_황산', '황산_에톡실', '에톡실_과정', '과정_화학', '화학_물질']",[],광고❌ 머리 가려운 비듬쟁이들 들어와!!! #헤드앤숄더 #샴푸추천,0.0,0,[],0,[],0,중립,False
youtube,,헤드앤숄더 리뷰,진짜 간지러움 지루성두피염에 직빵임,['지루성두피염'],[],['지루성두피염'],[],한국에서는 판매 불가한 지루성 두피염 샴푸,90.0,0,[],0,[],0,중립,False
youtube,,헤드앤숄더 리뷰,효과는 좋은데 너무 독해서 두피가 좀 건조해지는 느낌이 있더라고요 전 쿠팡에서 산 에센테라 샴푸나 닥터포헤어 샴푸가 잘 맞았어요 비듬 완화도 완화인데 결국 두피 보습도 시켜주니 좋더라고요,"['효과', '건조', '느낌', '에센테라', '닥터', '비듬', '완화', '완화', '보습']","['효과_건조', '건조_느낌', '느낌_에센테라', '에센테라_닥터', '닥터_비듬', '비듬_완화', '완화_완화', '완화_보습']","['효과', '건조', '느낌', '에센테라', '닥터', '비듬', '완화', '완화', '보습', '효과_건조', '건조_느낌', '느낌_에센테라', '에센테라_닥터', '닥터_비듬', '비듬_완화', '완화_완화', '완화_보습']",[],한국에서는 판매 불가한 지루성 두피염 샴푸,25.0,0,[],0,[],0,중립,False
youtube,,헤드앤숄더 리뷰,몇년동안 비듬 달고 살다가 처음에 저거 일주일 쓰고 머리 털어도 비듬 안나오니까 꿈같았음ㅋ,"['동안', '비듬', '처음', '비듬']","['동안_비듬', '비듬_처음', '처음_비듬']","['동안', '비듬', '처음', '비듬', '동안_비듬', '비듬_처음', '처음_비듬']",[],한국에서는 판매 불가한 지루성 두피염 샴푸,5.0,0,[],0,[],0,중립,False
youtube,,헤드앤숄더 리뷰,와 진짜 말도안됌 진짜 사춘기때부터 지금까지 10년을 비듬덩어리로 살았는데 이걸로 비듬이 안나옴ㄷㄷㄷㄷ,"['사춘기', '지금', '비듬', '덩어리', '비듬']","['사춘기_지금', '지금_비듬', '비듬_덩어리', '덩어리_비듬']","['사춘기', '지금', '비듬', '덩어리', '비듬', '사춘기_지금', '지금_비듬', '비듬_덩어리', '덩어리_비듬']",[],한국에서는 판매 불가한 지루성 두피염 샴푸,24.0,0,[],0,[],0,중립,False
youtube,,헤드앤숄더 리뷰,이건 레알 강력한 비듬가지고 있는분들한테는 강력하게 효과가 있음,"['레알', '비듬', '효과']","['레알_비듬', '비듬_효과']","['레알', '비듬', '효과', '레알_비듬', '비듬_효과']",[],한국에서는 판매 불가한 지루성 두피염 샴푸,73.0,0,[],0,[],0,중립,False
youtube,,헤드앤숄더 리뷰,비듬 염증으로인한 뾰루지 때문에 샴푸 이것저걸쓰다가 이걸 우연히 발견하거 쓴 이후로는 비듬 뾰루지 사라짐 ㄹㅇ 그리고 뭐때문인지는 모르겠지만 이거쓰고나서 잔머리도 많이 남 머리감을때 빠지는 머리카락수도 줄었음 지금 5 6통째 쓰는중 ㄹㅇ 찐 후기임,"['비듬', '염증', '뾰루지', '발견', '이후', '비듬', '뾰루지', '잔머리', '머리카락']","['비듬_염증', '염증_뾰루지', '뾰루지_발견', '발견_이후', '이후_비듬', '비듬_뾰루지', '뾰루지_잔머리', '잔머리_머리카락']","['비듬', '염증', '뾰루지', '발견', '이후', '비듬', '뾰루지', '잔머리', '머리카락', '비듬_염증', '염증_뾰루지', '뾰루지_발견', '발견_이후', '이후_비듬', '비듬_뾰루지', '뾰루지_잔머리', '잔머리_머리카락']",[],한국에서는 판매 불가한 지루성 두피염 샴푸,15.0,1,['뾰루지'],0,[],-1,이탈위험,False
youtube,,헤드앤숄더 리뷰,지루성인 사람은 꼭 보라색 쓰시길 이거랑 두피밸런서 조합으로 지루끼 싹 사라졋음요 대신 스트렝스는 황 냄새가 좀 나는게 단점임,"['지루', '두피밸런서', '조합', '지루', '대신', '스트렝스', '냄새', '단점']","['지루_두피밸런서', '두피밸런서_조합', '조합_지루', '지루_대신', '대신_스트렝스', '스트렝스_냄새', '냄새_단점']","['지루', '두피밸런서', '조합', '지루', '대신', '스트렝스', '냄새', '단점', '지루_두피밸런서', '두피밸런서_조합', '조합_지루', '지루_대신', '대신_스트렝스', '스트렝스_냄새', '냄새_단점']",[],한국에서는 판매 불가한 지루성 두피염 샴푸,81.0,1,['대신'],0,[],-1,이탈위험,False
youtube,,헤드앤숄더 리뷰,진짜 이거쓰고 30년 고통에서 해방되었습니다 지루성 두피로 고통받는 여러분 이거 꼭 쓰세요,"['고통', '해방', '지루', '고통']","['고통_해방', '해방_지루', '지루_고통']","['고통', '해방', '지루', '고통', '고통_해방', '해방_지루', '지루_고통']",[],한국에서는 판매 불가한 지루성 두피염 샴푸,7.0,0,[],0,[],0,중립,False
youtube,,헤드앤숄더 리뷰,이거 쓰고 일주일도 안되서 극강의 가려움 염증 비듬 냄새 다 잡았어요 주변에 알려서 여럿 살렸습니다 제발 사서 쓰세요,"['일주일', '가려움', '염증', '비듬', '냄새', '주변', '여럿']","['일주일_가려움', '가려움_염증', '염증_비듬', '비듬_냄새', '냄새_주변', '주변_여럿']","['일주일', '가려움', '염증', '비듬', '냄새', '주변', '여럿', '일주일_가려움', '가려움_염증', '염증_비듬', '비듬_냄새', '냄새_주변', '주변_여럿']",[],한국에서는 판매 불가한 지루성 두피염 샴푸,2.0,1,['가려움'],0,[],-1,이탈위험,False
youtube,,헤드앤숄더 리뷰,지루성 두피염 때문에 모낭염 골아터지고 병원 한의원 안다녀본곳 없었는데 이거 한병으로 전부 사라짐 단 점점 사용빈도 줄여줘야함,"['지루', '모낭', '병원', '한의원', '빈도']","['지루_모낭', '모낭_병원', '병원_한의원', '한의원_빈도']","['지루', '모낭', '병원', '한의원', '빈도', '지루_모낭', '모낭_병원', '병원_한의원', '한의원_빈도']",[],한국에서는 판매 불가한 지루성 두피염 샴푸,2.0,0,[],0,[],0,중립,False
youtube,,헤드앤숄더 리뷰,6년동안 두피염 달고 살았는데 한방에 치료된 샴푸,"['동안', '치료']",['동안_치료'],"['동안', '치료', '동안_치료']",[],한국에서는 판매 불가한 지루성 두피염 샴푸,167.0,0,[],0,[],0,중립,False
youtube,,헤드앤숄더 리뷰,20년 지루성 두피염으로 사회생활도 엉망이었는데 저거 쓰고 거짓말처럼 없어짐 지금 4년째 사용중이며 어느 정도 지나면 매일 사용 안해도 됨,"['지루', '사회생활', '엉망', '거짓말']","['지루_사회생활', '사회생활_엉망', '엉망_거짓말']","['지루', '사회생활', '엉망', '거짓말', '지루_사회생활', '사회생활_엉망', '엉망_거짓말']",[],한국에서는 판매 불가한 지루성 두피염 샴푸,1.0,0,[],0,[],0,중립,False
youtube,,헤드앤숄더 리뷰,두피가 건조하고 마른 가루비듬이 떨어지고 가려운 머리 무슨색깔 써야함,"['건조', '가루', '비듬', '색깔']","['건조_가루', '가루_비듬', '비듬_색깔']","['건조', '가루', '비듬', '색깔', '건조_가루', '가루_비듬', '비듬_색깔']",[],한국에서는 판매 불가한 지루성 두피염 샴푸,0.0,0,[],0,[],0,중립,False
youtube,,헤드앤숄더 리뷰,지루성 두피염땜에 가려워서 진짜 정신병걸리는 수준에 탈모도 심했는데 이샴푸 쓰고 머리 긁는일 없어짐 아직도 꾸준히 사용하고 있고 이거 없음 못살거같음,"['지루', '정신병', '수준', '탈모']","['지루_정신병', '정신병_수준', '수준_탈모']","['지루', '정신병', '수준', '탈모', '지루_정신병', '정신병_수준', '수준_탈모']",[],한국에서는 판매 불가한 지루성 두피염 샴푸,101.0,0,[],0,[],0,중립,False
youtube,,헤드앤숄더 리뷰,가족 새명이 지루성 두피염인데 사봐야겠네여 지루성 두피염 엉상마다 이거 추천 댓글들 있음ㅋㅋㅋ,"['가족', '지루', '지루', '엉상', '댓글']","['가족_지루', '지루_지루', '지루_엉상', '엉상_댓글']","['가족', '지루', '지루', '엉상', '댓글', '가족_지루', '지루_지루', '지루_엉상', '엉상_댓글']",[],한국에서는 판매 불가한 지루성 두피염 샴푸,0.0,0,[],1,['추천'],1,긍정,False
youtube,,헤드앤숄더 리뷰,저 샴푸는 아니지만 27년전쯤 미군부대에서 아는분이 지루성 두피염이라고 하니까 셀선블루 라는 샴푸 사다 주셨는데 그때 신세계를 만났음 셀선블루도 황하셀레늄 들어간 샴푸라,"['미군', '부대', '지루', '셀선블루', '세계', '셀선블루', '황하셀레늄']","['미군_부대', '부대_지루', '지루_셀선블루', '셀선블루_세계', '세계_셀선블루', '셀선블루_황하셀레늄']","['미군', '부대', '지루', '셀선블루', '세계', '셀선블루', '황하셀레늄', '미군_부대', '부대_지루', '지루_셀선블루', '셀선블루_세계', '세계_셀선블루', '셀선블루_황하셀레늄']",[],한국에서는 판매 불가한 지루성 두피염 샴푸,1.0,0,[],0,[],0,중립,False
youtube,,헤드앤숄더 리뷰,30년된 지루성두피염을 고쳣어요,['지루성두피염'],[],['지루성두피염'],[],한국에서는 판매 불가한 지루성 두피염 샴푸,0.0,0,[],0,[],0,중립,False
youtube,,헤드앤숄더 리뷰,와 헤드엔숄더 지짜 오랜만이다 ㅋㅋㅋㅋㅋㅋㅋㅋ 저는 지루성두피염 때문에 샴푸 찾다가 독일 아르간커넬 샴푸 쓰고 효과봤었는데 저것도 괜찮을듯하네요,"['헤드엔숄더', '지짜', '오랜만', '지루성두피염', '독일', '아르간커넬', '효과']","['헤드엔숄더_지짜', '지짜_오랜만', '오랜만_지루성두피염', '지루성두피염_독일', '독일_아르간커넬', '아르간커넬_효과']","['헤드엔숄더', '지짜', '오랜만', '지루성두피염', '독일', '아르간커넬', '효과', '헤드엔숄더_지짜', '지짜_오랜만', '오랜만_지루성두피염', '지루성두피염_독일', '독일_아르간커넬', '아르간커넬_효과']",[],한국에서는 판매 불가한 지루성 두피염 샴푸,0.0,0,[],1,['효과봤'],1,긍정,False
youtube,,헤드앤숄더 리뷰,이거 진짜 한방에끝남 저진짜 개심한 악질 지루성두피염이였는데 저거 한방쓰고 없어짐,"['개심', '악질', '지루성두피염']","['개심_악질', '악질_지루성두피염']","['개심', '악질', '지루성두피염', '개심_악질', '악질_지루성두피염']",[],한국에서는 판매 불가한 지루성 두피염 샴푸,1.0,0,[],0,[],0,중립,False
youtube,,헤드앤숄더 리뷰,두피 트러블이 심해서 두피샴푸 여러 개 써봤는데 다 안 맞았거든요 친구가 본인도 트러블 심했는데 모미래 쓰고 좋아졌다고 추천해줘서 써봤어요 살리실산이랑 덱스판테놀 들어있어서 두피 진정이 확실히 되더라고요 뾰루지도 없어지고 각질도 줄어서 두피가 건강해진 느낌이에요 좋은 정보 알려준 친구한테 감사하네요 ㅎㅎ,"['트러블', '친구', '본인', '트러블', '모미래', '살리실산', '덱스판테놀', '진정', '뾰루지', '각질', '건강', '느낌', '정보', '친구', '감사']","['트러블_친구', '친구_본인', '본인_트러블', '트러블_모미래', '모미래_살리실산', '살리실산_덱스판테놀', '덱스판테놀_진정', '진정_뾰루지', '뾰루지_각질', '각질_건강', '건강_느낌', '느낌_정보', '정보_친구', '친구_감사']","['트러블', '친구', '본인', '트러블', '모미래', '살리실산', '덱스판테놀', '진정', '뾰루지', '각질', '건강', '느낌', '정보', '친구', '감사', '트러블_친구', '친구_본인', '본인_트러블', '트러블_모미래', '모미래_살리실산', '살리실산_덱스판테놀', '덱스판테놀_진정', '진정_뾰루지', '뾰루지_각질', '각질_건강', '건강_느낌', '느낌_정보', '정보_친구', '친구_감사']",[],한국에서는 판매 불가한 지루성 두피염 샴푸,0.0,2,"['트러블', '뾰루지']",2,"['좋아졌', '추천']",0,중립,False
youtube,,헤드앤숄더 리뷰,가려움 비듬은 좋아진다는 거 댓글 보고 이해했는데 두피 여드름도 좋아지나요 ㅠㅠ 효과 보신 분 지루성 두피염같은데 저는 가려움이랑 여드름 위주로 고민이 커요 화농성 여드름처럼 만지면 아픈 엄청 딱딱하게 크게 빨갛게 올라오고 곪고 염증 생기는 여드름때문에 미치겠어요,"['비듬', '댓글', '이해', '여드름', '효과', '지루', '여드름', '위주', '고민', '화농', '여드름', '염증', '여드름']","['비듬_댓글', '댓글_이해', '이해_여드름', '여드름_효과', '효과_지루', '지루_여드름', '여드름_위주', '위주_고민', '고민_화농', '화농_여드름', '여드름_염증', '염증_여드름']","['비듬', '댓글', '이해', '여드름', '효과', '지루', '여드름', '위주', '고민', '화농', '여드름', '염증', '여드름', '비듬_댓글', '댓글_이해', '이해_여드름', '여드름_효과', '효과_지루', '지루_여드름', '여드름_위주', '위주_고민', '고민_화농', '화농_여드름', '여드름_염증', '염증_여드름']",[],한국에서는 판매 불가한 지루성 두피염 샴푸,0.0,2,"['올라오', '가려움']",0,[],-2,이탈위험,False
youtube,,헤드앤숄더 리뷰,진짜 우리남편 두피염 뭘써도 안낫던거 이거직구로 구매한뒤 한방에 나음 지금도 몇통씩 미리 직구로 구입해놓고 계속 씀,"['남편', '직구', '지금', '직구', '구입']","['남편_직구', '직구_지금', '지금_직구', '직구_구입']","['남편', '직구', '지금', '직구', '구입', '남편_직구', '직구_지금', '지금_직구', '직구_구입']",[],한국에서는 판매 불가한 지루성 두피염 샴푸,0.0,0,[],0,[],0,중립,False
youtube,,헤드앤숄더 리뷰,진짜 지루성두피염 때문에 스트레스 엄청 받아서 힘들었는데 헤드앤숄더 도움 좀 받음 근데 두피각질연화오일이 효과가 제일 좋았음 각질이 녹아 내림 ㅋㅋ,"['지루성두피염', '스트레스', '도움', '각질', '연화', '오일', '효과', '각질']","['지루성두피염_스트레스', '스트레스_도움', '도움_각질', '각질_연화', '연화_오일', '오일_효과', '효과_각질']","['지루성두피염', '스트레스', '도움', '각질', '연화', '오일', '효과', '각질', '지루성두피염_스트레스', '스트레스_도움', '도움_각질', '각질_연화', '연화_오일', '오일_효과', '효과_각질']",[],한국에서는 판매 불가한 지루성 두피염 샴푸,31.0,0,[],0,[],0,중립,False
youtube,,헤드앤숄더 리뷰,지루성두피염이나 각질 많은 사람은 일단 이거 무조건 써야함 살짝 비싸도 성능 하나는 기똥참 7년째 이거만 쓰고있음,"['지루성두피염', '각질', '성능']","['지루성두피염_각질', '각질_성능']","['지루성두피염', '각질', '성능', '지루성두피염_각질', '각질_성능']",[],한국에서는 판매 불가한 지루성 두피염 샴푸,21.0,0,[],0,[],0,중립,False
youtube,,헤드앤숄더 리뷰,나 20년 넘게 고생했던 지루성두피 저거하나로 일주일만에 치료됨,"['고생', '지루성두피', '일주일', '치료']","['고생_지루성두피', '지루성두피_일주일', '일주일_치료']","['고생', '지루성두피', '일주일', '치료', '고생_지루성두피', '지루성두피_일주일', '일주일_치료']",[],한국에서는 판매 불가한 지루성 두피염 샴푸,6.0,0,[],0,[],0,중립,False
youtube,,헤드앤숄더 리뷰,강추합니다 지루성두피 방치하고 17년이상 고생하다가 요번에 유튜브보고 그냥 직구해서 써봤는데 지금 5일사용 했는데 90 이상 염증기 사라지고 있는중 대만족,"['지루성두피', '방치', '이상', '고생', '요번', '직구', '이상', '염증', '만족']","['지루성두피_방치', '방치_이상', '이상_고생', '고생_요번', '요번_직구', '직구_이상', '이상_염증', '염증_만족']","['지루성두피', '방치', '이상', '고생', '요번', '직구', '이상', '염증', '만족', '지루성두피_방치', '방치_이상', '이상_고생', '고생_요번', '요번_직구', '직구_이상', '이상_염증', '염증_만족']",[],한국에서는 판매 불가한 지루성 두피염 샴푸,12.0,0,[],1,['강추'],1,긍정,False
youtube,,헤드앤숄더 리뷰,이거 존나 좋음 샴푸 몇번에 지루성 피부염 비듬 한큐에 해결됨 몇년째 계속 직구로 사용 중 쓸데없는 병원 처방 받아서 약구에서 샴푸 사지 마셈 다 쓸모 없음 이거 하나면 다 해결됨,"['지루성 피부염', '비듬', '해결', '직구', '쓸데', '병원', '처방', '쓸모', '해결']","['지루성 피부염_비듬', '비듬_해결', '해결_직구', '직구_쓸데', '쓸데_병원', '병원_처방', '처방_쓸모', '쓸모_해결']","['지루성 피부염', '비듬', '해결', '직구', '쓸데', '병원', '처방', '쓸모', '해결', '지루성 피부염_비듬', '비듬_해결', '해결_직구', '직구_쓸데', '쓸데_병원', '병원_처방', '처방_쓸모', '쓸모_해결']",[],한국에서는 판매 불가한 지루성 두피염 샴푸,3.0,0,[],0,[],0,중립,False
youtube,,헤드앤숄더 리뷰,지루서두피염 15년 달고 살다가 비타민c메가도즈 이후 사라졌습니다,"['지루서두피염', '비타민', '메가도즈', '이후']","['지루서두피염_비타민', '비타민_메가도즈', '메가도즈_이후']","['지루서두피염', '비타민', '메가도즈', '이후', '지루서두피염_비타민', '비타민_메가도즈', '메가도즈_이후']",[],한국에서는 판매 불가한 지루성 두피염 샴푸,0.0,0,[],1,['사라졌'],1,긍정,False
youtube,,헤드앤숄더 리뷰,이거 진짜 개미치긴함 지루성 피부염때문에 병원도 가보고 두피 케어도 받아봤는데 받을때만 잠시좋아지고 미칠거같았는데 저거쓰고 25년동안 안고쳐지던게 일주일만에 다나아짐,"['지루성 피부염', '병원', '케어', '동안', '일주일']","['지루성 피부염_병원', '병원_케어', '케어_동안', '동안_일주일']","['지루성 피부염', '병원', '케어', '동안', '일주일', '지루성 피부염_병원', '병원_케어', '케어_동안', '동안_일주일']",[],한국에서는 판매 불가한 지루성 두피염 샴푸,0.0,0,[],0,[],0,중립,False
youtube,,헤드앤숄더 리뷰,나도 엄지손톱만한 비듬이 나서 고통스러웟음 댓글 보고 속는셈치고 삿는데 한큐에 없어짐 리조랄도 다 필요없음 비싸기만 비싼데 이건 효과 대박임,"['엄지', '손톱', '비듬', '고통', '댓글', '리조랄', '필요', '효과']","['엄지_손톱', '손톱_비듬', '비듬_고통', '고통_댓글', '댓글_리조랄', '리조랄_필요', '필요_효과']","['엄지', '손톱', '비듬', '고통', '댓글', '리조랄', '필요', '효과', '엄지_손톱', '손톱_비듬', '비듬_고통', '고통_댓글', '댓글_리조랄', '리조랄_필요', '필요_효과']",[],한국에서는 판매 불가한 지루성 두피염 샴푸,1.0,0,[],0,[],0,중립,False
youtube,,헤드앤숄더 리뷰,저는 9년정도 지루성두피염으로 고생했구요 이거는 효과못보고 오히려 그냥 헤드앤숄더 가려움예방 샴푸쓰고 나았어요,"['지루성두피염', '고생', '효과', '예방']","['지루성두피염_고생', '고생_효과', '효과_예방']","['지루성두피염', '고생', '효과', '예방', '지루성두피염_고생', '고생_효과', '효과_예방']",[],한국에서는 판매 불가한 지루성 두피염 샴푸,0.0,1,['가려움'],0,[],-1,이탈위험,False
youtube,,헤드앤숄더 리뷰,진짜 나 지루성두피염 10년동안 개고생했는데 이샴푸쓴이후로 지루성 다날라감,"['지루성두피염', '동안', '고생', '이후', '지루']","['지루성두피염_동안', '동안_고생', '고생_이후', '이후_지루']","['지루성두피염', '동안', '고생', '이후', '지루', '지루성두피염_동안', '동안_고생', '고생_이후', '이후_지루']",[],한국에서는 판매 불가한 지루성 두피염 샴푸,0.0,0,[],0,[],0,중립,False
youtube,,헤드앤숄더 리뷰,이거 진짜임 나 12년간 악성 지루성 두피염이였는데 이거 하고 그냥 지루성이 되버림 대박,"['악성', '지루', '지루']","['악성_지루', '지루_지루']","['악성', '지루', '지루', '악성_지루', '지루_지루']",[],한국에서는 판매 불가한 지루성 두피염 샴푸,0.0,0,[],0,[],0,중립,False
youtube,,헤드앤숄더 리뷰,헤드 앤 숄더 클리니컬 스트렝스를 사서 한 달 가까이 사용했는데 비듬이 더 많아지고 머리도 많이 가려워졌네요 효과를 봤다는 분들이 정말 부럽네요 사용법을 읽어보니 머리를 감을 때마다 사용하면 효과가 더 좋다고 해서 매일 사용했는데 뭐가 문제인지 모르겠네요,"['헤드', '클리니컬', '스트렝스', '비듬', '효과', '사용법', '효과', '문제']","['헤드_클리니컬', '클리니컬_스트렝스', '스트렝스_비듬', '비듬_효과', '효과_사용법', '사용법_효과', '효과_문제']","['헤드', '클리니컬', '스트렝스', '비듬', '효과', '사용법', '효과', '문제', '헤드_클리니컬', '클리니컬_스트렝스', '스트렝스_비듬', '비듬_효과', '효과_사용법', '사용법_효과', '효과_문제']",[],한국에서는 판매 불가한 지루성 두피염 샴푸,10.0,0,[],0,[],0,중립,False
youtube,,헤드앤숄더 리뷰,국내에서 괜찮은 지루성 제품 찾으시면 킹스파워 추천드려요 저도 진짜 심한데 이거 쓰고나서 많이 나아졌어요 머리도 덜 떡지고 덕분에 볼륨도 살아요,"['국내', '지루', '킹스', '파워', '덕분', '볼륨']","['국내_지루', '지루_킹스', '킹스_파워', '파워_덕분', '덕분_볼륨']","['국내', '지루', '킹스', '파워', '덕분', '볼륨', '국내_지루', '지루_킹스', '킹스_파워', '파워_덕분', '덕분_볼륨']",[],한국에서는 판매 불가한 지루성 두피염 샴푸,0.0,0,[],2,"['나아졌', '추천']",2,긍정,False
youtube,,헤드앤숄더 리뷰,지루성 두피염 그냥 병원가서 약 1달동안 먹으니깐 완치되었는데,"['지루', '병원', '동안', '완치']","['지루_병원', '병원_동안', '동안_완치']","['지루', '병원', '동안', '완치', '지루_병원', '병원_동안', '동안_완치']",[],한국에서는 판매 불가한 지루성 두피염 샴푸,0.0,0,[],0,[],0,중립,False
youtube,,헤드앤숄더 리뷰,이샴푸 진짜좋습니다 두피염 저 못고쳤는데 완치는 안되었지만 완화는 되었고 샴푸하고나서도 각질이나고 간지러울때가 있었고 간간히 심심해졌을때 피부과에서 도움받아 액체약을 머리에 바르면서 지냈는데 니조랄좋다고 써봤는데 완전 하루만에 머리결상하고 두피염 더심해짐 뭔가 안맞는건지 ㅜㅜ 직구로 구매하세요 광고아니고 지루성두피염 가지고 계시면 한번써보세요 저는 다른샴푸들은 다 별루였는데 이 샴푸는 맞았어요 전 직구로 과거에 샀었는데 막는다는 말도 들었었고 우리나라에 들어올때 성분이 바뀐다고 들었고 어떻게 됬는지 모르겠어요 두피염은 평생고치기 힘들어서 최대한 악화를 방지하여 생활할수밖에 없어요 정보들도 인터넷에 많으니 조금만 노력하면 조금씩좋아져요ㅜㅜ 힘들지만ㅜㅜ,"['두피염', '완치', '완화', '각질', '피부과', '도움', '액체약', '니조랄', '하루', '직구', '지루성두피염', '직구', '과거', '우리나라', '성분', '평생', '악화', '방지', '생활', '정보', '인터넷', '조금', '노력', '조금']","['두피염_완치', '완치_완화', '완화_각질', '각질_피부과', '피부과_도움', '도움_액체약', '액체약_니조랄', '니조랄_하루', '하루_직구', '직구_지루성두피염', '지루성두피염_직구', '직구_과거', '과거_우리나라', '우리나라_성분', '성분_평생', '평생_악화', '악화_방지', '방지_생활', '생활_정보', '정보_인터넷', '인터넷_조금', '조금_노력', '노력_조금']","['두피염', '완치', '완화', '각질', '피부과', '도움', '액체약', '니조랄', '하루', '직구', '지루성두피염', '직구', '과거', '우리나라', '성분', '평생', '악화', '방지', '생활', '정보', '인터넷', '조금', '노력', '조금', '두피염_완치', '완치_완화', '완화_각질', '각질_피부과', '피부과_도움', '도움_액체약', '액체약_니조랄', '니조랄_하루', '하루_직구', '직구_지루성두피염', '지루성두피염_직구', '직구_과거', '과거_우리나라', '우리나라_성분', '성분_평생', '평생_악화', '악화_방지', '방지_생활', '생활_정보', '정보_인터넷', '인터넷_조금', '조금_노력', '노력_조금']",[],한국에서는 판매 불가한 지루성 두피염 샴푸,0.0,1,['니조랄'],0,[],-1,이탈위험,True
youtube,,헤드앤숄더 리뷰,지루성두피염에 효과 직빵이던데 머리 개기름기도싹 잡아줌,"['지루성두피염', '효과', '기름']","['지루성두피염_효과', '효과_기름']","['지루성두피염', '효과', '기름', '지루성두피염_효과', '효과_기름']",[],한국에서는 판매 불가한 지루성 두피염 샴푸,0.0,0,[],0,[],0,중립,False
youtube,,헤드앤숄더 리뷰,그런데 이거 설페이트 성분 들어가있던데 설페이트는 무조건 피해라고들 하던데,"['페이', '성분', '설페이트', '피해']","['페이_성분', '성분_설페이트', '설페이트_피해']","['페이', '성분', '설페이트', '피해', '페이_성분', '성분_설페이트', '설페이트_피해']",[],한국에서는 판매 불가한 지루성 두피염 샴푸,1.0,0,[],0,[],0,중립,False
youtube,,헤드앤숄더 리뷰,강력 지루성두피 반나절만 지나면 포마드 바른것 처럼 반짝이고 좀만 방치하면 모공 막아서 딱지생기고 점점 커지는데 환장함 이제품 속는셈 치고 세번만 써보면 딱지 없어지고 기름없어지는거 바로느낌 완전추천 신세계임,"['강력', '지루성두피', '반나절', '포마드', '방치', '모공', '딱지', '환장', '딱지', '기름', '느낌', '세계']","['강력_지루성두피', '지루성두피_반나절', '반나절_포마드', '포마드_방치', '방치_모공', '모공_딱지', '딱지_환장', '환장_딱지', '딱지_기름', '기름_느낌', '느낌_세계']","['강력', '지루성두피', '반나절', '포마드', '방치', '모공', '딱지', '환장', '딱지', '기름', '느낌', '세계', '강력_지루성두피', '지루성두피_반나절', '반나절_포마드', '포마드_방치', '방치_모공', '모공_딱지', '딱지_환장', '환장_딱지', '딱지_기름', '기름_느낌', '느낌_세계']",[],한국에서는 판매 불가한 지루성 두피염 샴푸,1.0,0,[],1,['추천'],1,긍정,False
youtube,,헤드앤숄더 리뷰,저도 지루성 두피염 때문에 여성형 탈모왔는데 올영에 바이오틴 탈모샴푸 쓰고 많이 좋아져써요 ㅠㅠㅠㅠㅠ 헤드앤숄더랑 고민했는데 탈모엔 별로일까봐 흑흑ㅎ규ㅠㅠㅠㅠㅠㅠㅠㅠ,"['지루', '여성', '탈모', '올영', '바이오', '탈모', '고민', '탈모']","['지루_여성', '여성_탈모', '탈모_올영', '올영_바이오', '바이오_탈모', '탈모_고민', '고민_탈모']","['지루', '여성', '탈모', '올영', '바이오', '탈모', '고민', '탈모', '지루_여성', '여성_탈모', '탈모_올영', '올영_바이오', '바이오_탈모', '탈모_고민', '고민_탈모']",[],한국에서는 판매 불가한 지루성 두피염 샴푸,0.0,1,['별로'],0,[],-1,이탈위험,False
youtube,,헤드앤숄더 리뷰,남편이 지루성두피에 비듬이 환장하게떨어져 헤드앤숄더 클리니컬 스트랭스 오일컨트롤인가 암튼 보라색 1개 직구해서 쓰는중인데 정말 드라마틱하게 비듬이 없어져서 좋더라구요 다좋은데 단점은 배게에 물이 들더라구여 ㅠㅠ 염색샴프도 아닌데 색이 왜 물들까요 염색을 몇달전에 했는데 혹시 샴프가 염색물을 빼는걸까요 ㅠㅠ수건을 꼭 깔고 자야해요 그런데 내성이 생길수도있다니 안돼 ㅠㅠ,"['남편', '지루', '비듬', '환장', '클리니컬', '스트랭스', '오일', '컨트롤', '직구', '비듬', '단점', '배게', '염색샴프', '염색', '샴프', '염색', '수건', '내성']","['남편_지루', '지루_비듬', '비듬_환장', '환장_클리니컬', '클리니컬_스트랭스', '스트랭스_오일', '오일_컨트롤', '컨트롤_직구', '직구_비듬', '비듬_단점', '단점_배게', '배게_염색샴프', '염색샴프_염색', '염색_샴프', '샴프_염색', '염색_수건', '수건_내성']","['남편', '지루', '비듬', '환장', '클리니컬', '스트랭스', '오일', '컨트롤', '직구', '비듬', '단점', '배게', '염색샴프', '염색', '샴프', '염색', '수건', '내성', '남편_지루', '지루_비듬', '비듬_환장', '환장_클리니컬', '클리니컬_스트랭스', '스트랭스_오일', '오일_컨트롤', '컨트롤_직구', '직구_비듬', '비듬_단점', '단점_배게', '배게_염색샴프', '염색샴프_염색', '염색_샴프', '샴프_염색', '염색_수건', '수건_내성']",[],한국에서는 판매 불가한 지루성 두피염 샴푸,4.0,0,[],0,[],0,중립,False
youtube,,헤드앤숄더 리뷰,두피가 간지러워서 관리해야겠다 싶어 영양제 찾다가 아누오틴 시작했어요 3주쯤 되니 덜 간지러워요,"['관리', '영양제', '아누오틴', '시작']","['관리_영양제', '영양제_아누오틴', '아누오틴_시작']","['관리', '영양제', '아누오틴', '시작', '관리_영양제', '영양제_아누오틴', '아누오틴_시작']",[],한국에서는 판매 불가한 지루성 두피염 샴푸,140.0,0,[],0,[],0,중립,False
youtube,,헤드앤숄더 리뷰,저는 직업이 요리사라가 지루성 두피염 달고 살았거든요 ㅜㅜ 맥주효모 지루염 샴푸 쓰고부터는 가려움이 없어져 신통방통했네요 결국 세정력도 중요하지만 손상 된 두피를 케어하는게 우선이더라구요 머리에 균이 침투하지 못하니 저절로 두피염도 없어지네요 비듬도 중요했지만 전 직업 특성상 가려움 때문에 겁나 스트레스 였는데 3만원 좀 비쌀 수 있지만 비용뽑은거 같아요 ㅎㅎ,"['직업', '요리사', '지루', '맥주', '효모', '지루', '세정', '중요', '손상', '케어', '우선', '침투', '비듬', '중요', '직업', '특성', '스트레스', '비용']","['직업_요리사', '요리사_지루', '지루_맥주', '맥주_효모', '효모_지루', '지루_세정', '세정_중요', '중요_손상', '손상_케어', '케어_우선', '우선_침투', '침투_비듬', '비듬_중요', '중요_직업', '직업_특성', '특성_스트레스', '스트레스_비용']","['직업', '요리사', '지루', '맥주', '효모', '지루', '세정', '중요', '손상', '케어', '우선', '침투', '비듬', '중요', '직업', '특성', '스트레스', '비용', '직업_요리사', '요리사_지루', '지루_맥주', '맥주_효모', '효모_지루', '지루_세정', '세정_중요', '중요_손상', '손상_케어', '케어_우선', '우선_침투', '침투_비듬', '비듬_중요', '중요_직업', '직업_특성', '특성_스트레스', '스트레스_비용']",[],한국에서는 판매 불가한 지루성 두피염 샴푸,3.0,1,['가려움'],0,[],-1,이탈위험,False
youtube,,헤드앤숄더 리뷰,내가 거의 20년동안 검은색 옷을 입어 본적이 없음 하루 두번씩 감기도 해보고 니조랄 그리고 일반 비듬방지 샴푸 다 효과 없음 근대 아는 피부과 아줌마가 이거 쓰라고 해서 써봤는대 바로 완치되었음 진짜 레알임 오래 고통 받고 있는분 계시면 직구해서 써보세요 그리고 내성 어쩌고 하는대 그런거 없습니다 근대 피부과에서 못고치는걸 이거 한번으로 인생이 바뀜 분명 피부과에서도 알고 있을건대 이런건 절때 추천안함,"['동안', '검은색', '하루', '니조랄', '일반', '비듬', '방지', '효과', '근대', '피부과', '아줌마', '완치', '레알', '고통', '직구', '내성', '근대', '피부과', '인생', '피부과']","['동안_검은색', '검은색_하루', '하루_니조랄', '니조랄_일반', '일반_비듬', '비듬_방지', '방지_효과', '효과_근대', '근대_피부과', '피부과_아줌마', '아줌마_완치', '완치_레알', '레알_고통', '고통_직구', '직구_내성', '내성_근대', '근대_피부과', '피부과_인생', '인생_피부과']","['동안', '검은색', '하루', '니조랄', '일반', '비듬', '방지', '효과', '근대', '피부과', '아줌마', '완치', '레알', '고통', '직구', '내성', '근대', '피부과', '인생', '피부과', '동안_검은색', '검은색_하루', '하루_니조랄', '니조랄_일반', '일반_비듬', '비듬_방지', '방지_효과', '효과_근대', '근대_피부과', '피부과_아줌마', '아줌마_완치', '완치_레알', '레알_고통', '고통_직구', '직구_내성', '내성_근대', '근대_피부과', '피부과_인생', '인생_피부과']",[],한국에서는 판매 불가한 지루성 두피염 샴푸,0.0,1,['니조랄'],1,['추천'],0,중립,True
youtube,,헤드앤숄더 리뷰,남편이 평생 지루성피부염으로 피부과 다니고 약먹고 다해봐도 안됐는데 이샴푸 쓰고 싹고쳐짐,"['남편', '평생', '지루성 피부염', '피부과']","['남편_평생', '평생_지루성 피부염', '지루성 피부염_피부과']","['남편', '평생', '지루성 피부염', '피부과', '남편_평생', '평생_지루성 피부염', '지루성 피부염_피부과']",[],한국에서는 판매 불가한 지루성 두피염 샴푸,1.0,0,[],0,[],0,중립,False
youtube,,헤드앤숄더 리뷰,정말 정말 추천 15년정도 계절마다 달고살았던 각질 덩어리 가루 가려움 짖물 지금 사용2달동안 너무 개운해지고 신세계임 물론 개인마다 차이가 있겠지만 저는 헤드엔숄더 selsun blue Anti Dandruff거기에 호호바 오일까지 사용함 고생하고 계신분들 꼭 사용해보세요,"['계절', '각질', '덩어리', '가루', '동안', '세계', '개인', '차이', '헤드엔숄더', '호호바', '오일', '고생']","['계절_각질', '각질_덩어리', '덩어리_가루', '가루_동안', '동안_세계', '세계_개인', '개인_차이', '차이_헤드엔숄더', '헤드엔숄더_호호바', '호호바_오일', '오일_고생']","['계절', '각질', '덩어리', '가루', '동안', '세계', '개인', '차이', '헤드엔숄더', '호호바', '오일', '고생', '계절_각질', '각질_덩어리', '덩어리_가루', '가루_동안', '동안_세계', '세계_개인', '개인_차이', '차이_헤드엔숄더', '헤드엔숄더_호호바', '호호바_오일', '오일_고생']",[],한국에서는 판매 불가한 지루성 두피염 샴푸,1.0,1,['가려움'],1,['추천'],0,중립,False
youtube,,헤드앤숄더 리뷰,민감성두피는 쓰지마세요 저거 엄청강해서 홍반 올라옵니다,['홍반'],[],['홍반'],[],한국에서는 판매 불가한 지루성 두피염 샴푸,0.0,0,[],0,[],0,중립,False
youtube,,헤드앤숄더 리뷰,이걸로 30여년 비듬 해방됨,"['비듬', '해방']",['비듬_해방'],"['비듬', '해방', '비듬_해방']",[],한국에서는 판매 불가한 지루성 두피염 샴푸,0.0,0,[],0,[],0,중립,False
youtube,,헤드앤숄더 리뷰,30년넘게 비듬때문에 개고생하고 인간관계도 스트레스 받았는데 클리니컬스트렝스 쓰자마자 바로 싹나음 귀신같이 놀라운건 이 샴푸를 계기로 클렌징폼 로션 싹다 한국제품 버리고 미국 제품으로 싹다 갈아탐 놀라운건 여드름도 싹없어짐 이샴푸가 나에게 빨간약 먹여줌 우리나라 제품은 쓰레기구나 아니 우리나라는 후진국이구나 진짜 이샴푸덕분에 영어공부하고있음 미국으로 가서 더 넓은 시야를 갖고싶음,"['비듬', '고생', '인간관계', '스트레스', '클리니컬스트렝스', '귀신', '계기', '클렌징', '로션', '한국', '미국', '여드름', '우리나라', '쓰레기', '우리나라', '후진국', '덕분', '영어', '공부', '미국', '시야']","['비듬_고생', '고생_인간관계', '인간관계_스트레스', '스트레스_클리니컬스트렝스', '클리니컬스트렝스_귀신', '귀신_계기', '계기_클렌징', '클렌징_로션', '로션_한국', '한국_미국', '미국_여드름', '여드름_우리나라', '우리나라_쓰레기', '쓰레기_우리나라', '우리나라_후진국', '후진국_덕분', '덕분_영어', '영어_공부', '공부_미국', '미국_시야']","['비듬', '고생', '인간관계', '스트레스', '클리니컬스트렝스', '귀신', '계기', '클렌징', '로션', '한국', '미국', '여드름', '우리나라', '쓰레기', '우리나라', '후진국', '덕분', '영어', '공부', '미국', '시야', '비듬_고생', '고생_인간관계', '인간관계_스트레스', '스트레스_클리니컬스트렝스', '클리니컬스트렝스_귀신', '귀신_계기', '계기_클렌징', '클렌징_로션', '로션_한국', '한국_미국', '미국_여드름', '여드름_우리나라', '우리나라_쓰레기', '쓰레기_우리나라', '우리나라_후진국', '후진국_덕분', '덕분_영어', '영어_공부', '공부_미국', '미국_시야']",[],한국에서는 판매 불가한 지루성 두피염 샴푸,0.0,0,[],0,[],0,중립,False
youtube,,헤드앤숄더 리뷰,항상 두피제품을 비교설명해주어 탈모인들의 많은도움이되겟어요,"['비교', '설명', '탈모인', '도움']","['비교_설명', '설명_탈모인', '탈모인_도움']","['비교', '설명', '탈모인', '도움', '비교_설명', '설명_탈모인', '탈모인_도움']",[],"문제성 두피를 위한 데일리 샴푸, 헤드앤숄더 프로페셔널 1개월 사용 후기 (feat. 솔직한 리뷰)",2.0,0,[],0,[],0,중립,False
youtube,,헤드앤숄더 리뷰,오일컨트롤 사용하는데 볼륨은 사실 라보에이치보단 당연히 덜한데 오일컨트롤로 감으면 가려움이 사라져요 그린컬러는 가려움이 덜해지진않았음,"['오일', '컨트롤', '볼륨', '라보', '에이치', '오일', '컨트롤', '컬러']","['오일_컨트롤', '컨트롤_볼륨', '볼륨_라보', '라보_에이치', '에이치_오일', '오일_컨트롤', '컨트롤_컬러']","['오일', '컨트롤', '볼륨', '라보', '에이치', '오일', '컨트롤', '컬러', '오일_컨트롤', '컨트롤_볼륨', '볼륨_라보', '라보_에이치', '에이치_오일', '오일_컨트롤', '컨트롤_컬러']",[],"문제성 두피를 위한 데일리 샴푸, 헤드앤숄더 프로페셔널 1개월 사용 후기 (feat. 솔직한 리뷰)",0.0,1,['가려움'],0,[],-1,이탈위험,False
youtube,,헤드앤숄더 리뷰,형님 혹시 지루성두피염에 헤어팩이나 헤어토닉 관련해서도 다뤄주시면 감사하겠습니다,"['지루성두피염', '헤어토닉', '감사']","['지루성두피염_헤어토닉', '헤어토닉_감사']","['지루성두피염', '헤어토닉', '감사', '지루성두피염_헤어토닉', '헤어토닉_감사']",[],"문제성 두피를 위한 데일리 샴푸, 헤드앤숄더 프로페셔널 1개월 사용 후기 (feat. 솔직한 리뷰)",6.0,0,[],0,[],0,중립,False
youtube,,헤드앤숄더 리뷰,정수리탈모와 뒷통수까지 살짝 진행되었는데 주사치료로 효과 볼 수 있을까요,"['정수리', '탈모', '통수', '진행', '주사', '치료', '효과']","['정수리_탈모', '탈모_통수', '통수_진행', '진행_주사', '주사_치료', '치료_효과']","['정수리', '탈모', '통수', '진행', '주사', '치료', '효과', '정수리_탈모', '탈모_통수', '통수_진행', '진행_주사', '주사_치료', '치료_효과']",[],"문제성 두피를 위한 데일리 샴푸, 헤드앤숄더 프로페셔널 1개월 사용 후기 (feat. 솔직한 리뷰)",0.0,0,[],0,[],0,중립,False
youtube,,헤드앤숄더 리뷰,이거 물건이네 일주일 안되게 사용했는데 비듬 떨어지는 양 줄고 특히 두피를 손가락 끝으로 문질러보면 각질이 도돌도돌하게 항상 잡혔는데 없어짐ㅋㅋㅋㅋㅋㅋㅋㅋㅋㅋㅋㅋㅋㅋㅋ,"['물건', '비듬', '손가락', '각질']","['물건_비듬', '비듬_손가락', '손가락_각질']","['물건', '비듬', '손가락', '각질', '물건_비듬', '비듬_손가락', '손가락_각질']",[],"문제성 두피를 위한 데일리 샴푸, 헤드앤숄더 프로페셔널 1개월 사용 후기 (feat. 솔직한 리뷰)",2.0,0,[],0,[],0,중립,False
youtube,,헤드앤숄더 리뷰,클리니컬 스트렝스 주2회 쓰고 헤드엔숄더 저 제품 쓰는데 다른제품 보단 좋더라구요,"['클리니컬', '스트렝스', '헤드엔숄더']","['클리니컬_스트렝스', '스트렝스_헤드엔숄더']","['클리니컬', '스트렝스', '헤드엔숄더', '클리니컬_스트렝스', '스트렝스_헤드엔숄더']",[],"문제성 두피를 위한 데일리 샴푸, 헤드앤숄더 프로페셔널 1개월 사용 후기 (feat. 솔직한 리뷰)",0.0,0,[],0,[],0,중립,False
youtube,,헤드앤숄더 리뷰,용닥터님 후기보고 쿠팡주문해서 써봣는데 가려움과 비듬이 많이 줄었어요,"['닥터', '주문', '비듬']","['닥터_주문', '주문_비듬']","['닥터', '주문', '비듬', '닥터_주문', '주문_비듬']",[],"문제성 두피를 위한 데일리 샴푸, 헤드앤숄더 프로페셔널 1개월 사용 후기 (feat. 솔직한 리뷰)",0.0,1,['가려움'],0,[],-1,이탈위험,False
youtube,,헤드앤숄더 리뷰,안녕하세요 지성 건성 두피 상관없이 사용가능할까요,"['지성', '건성', '가능']","['지성_건성', '건성_가능']","['지성', '건성', '가능', '지성_건성', '건성_가능']",[],"문제성 두피를 위한 데일리 샴푸, 헤드앤숄더 프로페셔널 1개월 사용 후기 (feat. 솔직한 리뷰)",0.0,0,[],0,[],0,중립,False
youtube,,헤드앤숄더 리뷰,두피 모낭염에도 효과가있을까요,"['모낭', '효과']",['모낭_효과'],"['모낭', '효과', '모낭_효과']",[],"문제성 두피를 위한 데일리 샴푸, 헤드앤숄더 프로페셔널 1개월 사용 후기 (feat. 솔직한 리뷰)",5.0,0,[],0,[],0,중립,False
youtube,,헤드앤숄더 리뷰,두피케어로시컷네요 써보러구요,['케어'],[],['케어'],[],"문제성 두피를 위한 데일리 샴푸, 헤드앤숄더 프로페셔널 1개월 사용 후기 (feat. 솔직한 리뷰)",0.0,0,[],0,[],0,중립,False
youtube,,헤드앤숄더 리뷰,가려운 두피 샴푸는 머리에 기름 많아도 효과가 별로인가요,"['기름', '효과']",['기름_효과'],"['기름', '효과', '기름_효과']",[],"문제성 두피를 위한 데일리 샴푸, 헤드앤숄더 프로페셔널 1개월 사용 후기 (feat. 솔직한 리뷰)",0.0,1,['별로'],0,[],-1,이탈위험,False
youtube,,헤드앤숄더 리뷰,마트에서도 팔거나 팔 예정일까요 클리니컬 스트렝스 단점이 성분이 강력해서 조절이 필요하단 점과 더불어 직구 외엔 방법이 없다는건데 프로페셔널 샴푸 인터넷에 사면 되지만 마트에서도 팔아야 더 체감이 잘 될 것 같아요,"['마트', '예정', '클리니컬', '스트렝스', '단점', '성분', '조절', '필요', '직구', '방법', '프로페셔널', '인터넷', '마트', '체감']","['마트_예정', '예정_클리니컬', '클리니컬_스트렝스', '스트렝스_단점', '단점_성분', '성분_조절', '조절_필요', '필요_직구', '직구_방법', '방법_프로페셔널', '프로페셔널_인터넷', '인터넷_마트', '마트_체감']","['마트', '예정', '클리니컬', '스트렝스', '단점', '성분', '조절', '필요', '직구', '방법', '프로페셔널', '인터넷', '마트', '체감', '마트_예정', '예정_클리니컬', '클리니컬_스트렝스', '스트렝스_단점', '단점_성분', '성분_조절', '조절_필요', '필요_직구', '직구_방법', '방법_프로페셔널', '프로페셔널_인터넷', '인터넷_마트', '마트_체감']",[],"문제성 두피를 위한 데일리 샴푸, 헤드앤숄더 프로페셔널 1개월 사용 후기 (feat. 솔직한 리뷰)",6.0,0,[],0,[],0,중립,False
youtube,,헤드앤숄더 리뷰,니조랄 프로페셔널 쓰면 비듬끝임,"['니조랄', '프로페셔널', '비듬']","['니조랄_프로페셔널', '프로페셔널_비듬']","['니조랄', '프로페셔널', '비듬', '니조랄_프로페셔널', '프로페셔널_비듬']",[],"문제성 두피를 위한 데일리 샴푸, 헤드앤숄더 프로페셔널 1개월 사용 후기 (feat. 솔직한 리뷰)",2.0,1,['니조랄'],0,[],-1,이탈위험,True
youtube,,헤드앤숄더 리뷰,갑자기 비듬이 심해져 약국에서 파는 샴푸도 써봤지만 갈수록 심해지기만 했거든요 비듬의 삶의 질을 뚝뚝 떨어뜨렸음 그런데 이 제품 쓰고 1회만에 비듬 끝났어요 앞으로 이 제품만 쓸거에요 머릿결이 건조해지지않으면서 비듬을 싹 없애주니 더 만족해요,"['비듬', '비듬', '비듬', '머릿결', '건조', '비듬', '만족']","['비듬_비듬', '비듬_비듬', '비듬_머릿결', '머릿결_건조', '건조_비듬', '비듬_만족']","['비듬', '비듬', '비듬', '머릿결', '건조', '비듬', '만족', '비듬_비듬', '비듬_비듬', '비듬_머릿결', '머릿결_건조', '건조_비듬', '비듬_만족']",[],"문제성 두피를 위한 데일리 샴푸, 헤드앤숄더 프로페셔널 1개월 사용 후기 (feat. 솔직한 리뷰)",2.0,0,[],0,[],0,중립,False
youtube,,헤드앤숄더 리뷰,근데 궁금한게요 탈모약을 먹어서 탈모를 막아주더라도 지루성 두피염이 있으면 무의미한거 아닌가요 어차피 염증으로 머리빠지고 가늘어지니깐 그리고 두피염은 낫는병도 아니기도하고,"['탈모', '탈모', '지루', '의미', '염증']","['탈모_탈모', '탈모_지루', '지루_의미', '의미_염증']","['탈모', '탈모', '지루', '의미', '염증', '탈모_탈모', '탈모_지루', '지루_의미', '의미_염증']",[],"문제성 두피를 위한 데일리 샴푸, 헤드앤숄더 프로페셔널 1개월 사용 후기 (feat. 솔직한 리뷰)",0.0,0,[],0,[],0,중립,False
youtube,,헤드앤숄더 리뷰,건성두피가 써도 괜찮나요,['건성'],[],['건성'],[],"문제성 두피를 위한 데일리 샴푸, 헤드앤숄더 프로페셔널 1개월 사용 후기 (feat. 솔직한 리뷰)",0.0,0,[],0,[],0,중립,False
youtube,,헤드앤숄더 리뷰,유럽에서는 징크피리치온함유 샴푸는 판매를 못하니깐 급하게 피록톤올아민으로 대체해서 판매 불가능한 지역에 판매하는 느낌입니다 결과적으로 클리니컬스트렝스 효과가 워낙좋기 때문에 이걸 이기진 못할것 같은데 장기간 쓰면 내성이 생겨서 결국엔 효과가 너무 반감되더군요 아마존미국이라던가 헤드앤숄더 지역 홈페이지 말고는 프로페셔널 제품이 없는거 봐서는 딱히 미는 제품은 아닌듯 합니다,"['유럽', '징크피리치온', '함유', '판매', '피록톤올아민', '대체', '판매', '가능', '지역', '판매', '느낌', '결과', '클리니컬스트렝스', '효과', '장기간', '내성', '결국', '효과', '반감', '아마존', '미국', '지역', '홈페이지', '프로페셔널']","['유럽_징크피리치온', '징크피리치온_함유', '함유_판매', '판매_피록톤올아민', '피록톤올아민_대체', '대체_판매', '판매_가능', '가능_지역', '지역_판매', '판매_느낌', '느낌_결과', '결과_클리니컬스트렝스', '클리니컬스트렝스_효과', '효과_장기간', '장기간_내성', '내성_결국', '결국_효과', '효과_반감', '반감_아마존', '아마존_미국', '미국_지역', '지역_홈페이지', '홈페이지_프로페셔널']","['유럽', '징크피리치온', '함유', '판매', '피록톤올아민', '대체', '판매', '가능', '지역', '판매', '느낌', '결과', '클리니컬스트렝스', '효과', '장기간', '내성', '결국', '효과', '반감', '아마존', '미국', '지역', '홈페이지', '프로페셔널', '유럽_징크피리치온', '징크피리치온_함유', '함유_판매', '판매_피록톤올아민', '피록톤올아민_대체', '대체_판매', '판매_가능', '가능_지역', '지역_판매', '판매_느낌', '느낌_결과', '결과_클리니컬스트렝스', '클리니컬스트렝스_효과', '효과_장기간', '장기간_내성', '내성_결국', '결국_효과', '효과_반감', '반감_아마존', '아마존_미국', '미국_지역', '지역_홈페이지', '홈페이지_프로페셔널']",[],"문제성 두피를 위한 데일리 샴푸, 헤드앤숄더 프로페셔널 1개월 사용 후기 (feat. 솔직한 리뷰)",6.0,0,[],0,[],0,중립,False
youtube,,헤드앤숄더 리뷰,두피 트러블이 심해서 두피샴푸 여러 개 써봤는데 다 안 맞았거든요 친구가 본인도 트러블 심했는데 모미래 쓰고 좋아졌다고 추천해줘서 써봤어요 살리실산이랑 덱스판테놀 들어있어서 두피 진정이 확실히 되더라고요 뾰루지도 없어지고 각질도 줄어서 두피가 건강해진 느낌이에요 좋은 정보 알려준 친구한테 감사하네요 ㅎㅎ,"['트러블', '친구', '본인', '트러블', '모미래', '살리실산', '덱스판테놀', '진정', '뾰루지', '각질', '건강', '느낌', '정보', '친구', '감사']","['트러블_친구', '친구_본인', '본인_트러블', '트러블_모미래', '모미래_살리실산', '살리실산_덱스판테놀', '덱스판테놀_진정', '진정_뾰루지', '뾰루지_각질', '각질_건강', '건강_느낌', '느낌_정보', '정보_친구', '친구_감사']","['트러블', '친구', '본인', '트러블', '모미래', '살리실산', '덱스판테놀', '진정', '뾰루지', '각질', '건강', '느낌', '정보', '친구', '감사', '트러블_친구', '친구_본인', '본인_트러블', '트러블_모미래', '모미래_살리실산', '살리실산_덱스판테놀', '덱스판테놀_진정', '진정_뾰루지', '뾰루지_각질', '각질_건강', '건강_느낌', '느낌_정보', '정보_친구', '친구_감사']",[],"문제성 두피를 위한 데일리 샴푸, 헤드앤숄더 프로페셔널 1개월 사용 후기 (feat. 솔직한 리뷰)",0.0,2,"['트러블', '뾰루지']",2,"['좋아졌', '추천']",0,중립,False
youtube,,헤드앤숄더 리뷰,아 지루성두피용 샴푸들 너무비싸요 ㅠㅠ,['지루'],[],['지루'],[],"문제성 두피를 위한 데일리 샴푸, 헤드앤숄더 프로페셔널 1개월 사용 후기 (feat. 솔직한 리뷰)",0.0,0,[],0,[],0,중립,False
youtube,,헤드앤숄더 리뷰,진짜 인터넷에 이상하고 비싼 샴푸 사지마시고 검증된 대기업 샴푸 쓰세요 비듬 각질 관련은 진짜 헤드앤숄더 따라올 곳이 없습니다 독보적임,"['인터넷', '이상', '검증', '기업', '비듬', '각질', '독보']","['인터넷_이상', '이상_검증', '검증_기업', '기업_비듬', '비듬_각질', '각질_독보']","['인터넷', '이상', '검증', '기업', '비듬', '각질', '독보', '인터넷_이상', '이상_검증', '검증_기업', '기업_비듬', '비듬_각질', '각질_독보']",[],"문제성 두피를 위한 데일리 샴푸, 헤드앤숄더 프로페셔널 1개월 사용 후기 (feat. 솔직한 리뷰)",0.0,0,[],0,[],0,중립,False
youtube,,헤드앤숄더 리뷰,뒤통수에 뾰루지가 자주나고 간지러워서 가려운 두피 써봤는데 뾰루지가 싹 사라져서 효과봤습니다 비싸도 계속 쓸것 같아요,"['뒤통수', '뾰루지', '뾰루지', '효과']","['뒤통수_뾰루지', '뾰루지_뾰루지', '뾰루지_효과']","['뒤통수', '뾰루지', '뾰루지', '효과', '뒤통수_뾰루지', '뾰루지_뾰루지', '뾰루지_효과']",[],"문제성 두피를 위한 데일리 샴푸, 헤드앤숄더 프로페셔널 1개월 사용 후기 (feat. 솔직한 리뷰)",8.0,1,['뾰루지'],1,['효과봤'],0,중립,False
youtube,,헤드앤숄더 리뷰,클리니컬은 해외직구로만 구할 수 있고 세정력이 좀 강해서 부담스러웠는데 한번 속는 셈치고 써봐야겠네요,"['클리니컬', '해외', '직구', '정력', '부담']","['클리니컬_해외', '해외_직구', '직구_정력', '정력_부담']","['클리니컬', '해외', '직구', '정력', '부담', '클리니컬_해외', '해외_직구', '직구_정력', '정력_부담']",[],"문제성 두피를 위한 데일리 샴푸, 헤드앤숄더 프로페셔널 1개월 사용 후기 (feat. 솔직한 리뷰)",4.0,0,[],0,[],0,중립,False
youtube,,헤드앤숄더 리뷰,클리니컬 스트렝스 장기 3년 매일 사용자 후기 공유해 봅니다 저도 지루성 두피염이 있는데 스트렝스 유행초창기부터 효능을 봐서 계속 써왔는데 초창기 리뉴얼전 주황색부터 리뉴얼후 3가지색상 전부 써봄 이게 거의 매일 쓰다시피 하니까 저만의 부작용인지는 모르겠지만 제가 커뮤니티에 글을 남기니까 저와 비슷한 경험을 하신분이 몇분 있었습니다 제가 그리고 현재는 스트렝스를 끊고 2 3일은 일반샴푸 하루는 노비나 니조랄 같은걸 쓰고 지내고 있습니다 제가 느낀건 1 머리카락이 얇아 집니다 매일 써서 그렇다는 다른분들의 얘기도 있고 암튼 머리카락이 얇아지는 증상이 있어서 저는 현재 중단했습니다 2 매일쓰게 되면 처음 쓸때처럼 드라마틱한 효과가 없습니다 처음 쓸때는 거의 2 3일을 머리 안감아도 될정도로 효과가 좋았고 좁쌀여드름같은게 아예 없었는데 매일 쓰니까 이게 몸이 적응을 하는거 같더라구요,"['클리니컬', '스트렝스', '장기', '사용자', '공유', '지루', '스트렝스', '유행', '초창기', '효능', '초창기', '리뉴얼', '주황색', '리뉴얼', '색상', '부작용', '커뮤니티', '경험', '현재', '스트렝스', '일반', '하루', '노비', '니조랄', '머리카락', '얘기', '머리카락', '증상', '중단', '처음', '효과', '처음', '효과', '좁쌀', '여드름', '적응']","['클리니컬_스트렝스', '스트렝스_장기', '장기_사용자', '사용자_공유', '공유_지루', '지루_스트렝스', '스트렝스_유행', '유행_초창기', '초창기_효능', '효능_초창기', '초창기_리뉴얼', '리뉴얼_주황색', '주황색_리뉴얼', '리뉴얼_색상', '색상_부작용', '부작용_커뮤니티', '커뮤니티_경험', '경험_현재', '현재_스트렝스', '스트렝스_일반', '일반_하루', '하루_노비', '노비_니조랄', '니조랄_머리카락', '머리카락_얘기', '얘기_머리카락', '머리카락_증상', '증상_중단', '중단_처음', '처음_효과', '효과_처음', '처음_효과', '효과_좁쌀', '좁쌀_여드름', '여드름_적응']","['클리니컬', '스트렝스', '장기', '사용자', '공유', '지루', '스트렝스', '유행', '초창기', '효능', '초창기', '리뉴얼', '주황색', '리뉴얼', '색상', '부작용', '커뮤니티', '경험', '현재', '스트렝스', '일반', '하루', '노비', '니조랄', '머리카락', '얘기', '머리카락', '증상', '중단', '처음', '효과', '처음', '효과', '좁쌀', '여드름', '적응', '클리니컬_스트렝스', '스트렝스_장기', '장기_사용자', '사용자_공유', '공유_지루', '지루_스트렝스', '스트렝스_유행', '유행_초창기', '초창기_효능', '효능_초창기', '초창기_리뉴얼', '리뉴얼_주황색', '주황색_리뉴얼', '리뉴얼_색상', '색상_부작용', '부작용_커뮤니티', '커뮤니티_경험', '경험_현재', '현재_스트렝스', '스트렝스_일반', '일반_하루', '하루_노비', '노비_니조랄', '니조랄_머리카락', '머리카락_얘기', '얘기_머리카락', '머리카락_증상', '증상_중단', '중단_처음', '처음_효과', '효과_처음', '처음_효과', '효과_좁쌀', '좁쌀_여드름', '여드름_적응']",[],"문제성 두피를 위한 데일리 샴푸, 헤드앤숄더 프로페셔널 1개월 사용 후기 (feat. 솔직한 리뷰)",7.0,2,"['니조랄', '리뉴얼후']",0,[],-2,이탈위험,True
youtube,,헤드앤숄더 리뷰,클리니컬이랑 차이는 황화셀레늄의 유무 일까요 그럼 지루성 두피염 심한사람은 그냥 클리니컬 쓰는게 맞는걸까요,"['클리니컬', '차이', '황화셀레늄', '유무', '지루', '클리니컬']","['클리니컬_차이', '차이_황화셀레늄', '황화셀레늄_유무', '유무_지루', '지루_클리니컬']","['클리니컬', '차이', '황화셀레늄', '유무', '지루', '클리니컬', '클리니컬_차이', '차이_황화셀레늄', '황화셀레늄_유무', '유무_지루', '지루_클리니컬']",[],"문제성 두피를 위한 데일리 샴푸, 헤드앤숄더 프로페셔널 1개월 사용 후기 (feat. 솔직한 리뷰)",1.0,0,[],0,[],0,중립,False
youtube,,헤드앤숄더 리뷰,두피 뾰루지가 만성 질환인데 피부과에서도 완치는 안 되고 재발 된다고 하고 원인도 밝혀지지 않았다고 하고 미치겠네요 샴푸는 클록스 쓰고 더모베이트 바르고 2달에 한번 약 처방받고요,"['뾰루지', '만성', '질환', '피부과', '완치', '재발', '원인', '클록스', '더모베이트', '처방']","['뾰루지_만성', '만성_질환', '질환_피부과', '피부과_완치', '완치_재발', '재발_원인', '원인_클록스', '클록스_더모베이트', '더모베이트_처방']","['뾰루지', '만성', '질환', '피부과', '완치', '재발', '원인', '클록스', '더모베이트', '처방', '뾰루지_만성', '만성_질환', '질환_피부과', '피부과_완치', '완치_재발', '재발_원인', '원인_클록스', '클록스_더모베이트', '더모베이트_처방']",[],"문제성 두피를 위한 데일리 샴푸, 헤드앤숄더 프로페셔널 1개월 사용 후기 (feat. 솔직한 리뷰)",2.0,1,['뾰루지'],0,[],-1,이탈위험,False
youtube,,헤드앤숄더 리뷰,지금 탈모가 진행중인데 두피문신커버하고 나중에 더 많이 빠지면 모발이식을 생각하고 있습니다 한가지 걱정되는게 두피문신을하면 나중에 모발이식하는데 문제가 될까 걱정이됩니다 두피문신을해도 모발이식할수있나요,"['탈모', '진행', '문신', '커버', '나중', '모발', '이식', '걱정', '문신', '나중', '모발', '이식', '문제', '걱정', '문신', '모발', '이식']","['탈모_진행', '진행_문신', '문신_커버', '커버_나중', '나중_모발', '모발_이식', '이식_걱정', '걱정_문신', '문신_나중', '나중_모발', '모발_이식', '이식_문제', '문제_걱정', '걱정_문신', '문신_모발', '모발_이식']","['탈모', '진행', '문신', '커버', '나중', '모발', '이식', '걱정', '문신', '나중', '모발', '이식', '문제', '걱정', '문신', '모발', '이식', '탈모_진행', '진행_문신', '문신_커버', '커버_나중', '나중_모발', '모발_이식', '이식_걱정', '걱정_문신', '문신_나중', '나중_모발', '모발_이식', '이식_문제', '문제_걱정', '걱정_문신', '문신_모발', '모발_이식']",[],"문제성 두피를 위한 데일리 샴푸, 헤드앤숄더 프로페셔널 1개월 사용 후기 (feat. 솔직한 리뷰)",1.0,0,[],0,[],0,중립,False
youtube,,헤드앤숄더 리뷰,선생님 꼭꼭 답변좀해주세요 클리니컬스트렝스 제품 매일쓰지말고 1주에 2 3회정도 쓰라는거같은데 남은4 5일은 영상속 제품을 써도되는건가요 아니면 혼사용 하지말고 1 스트렝스 일반샴푸 혹은 2 only영상속샴푸 1번이나 2번으로만 사용해야하나요 열심히구글링해도 시원한 결과를 못찾았어요,"['선생', '답변', '클리니컬스트렝스', '스트렝스', '일반', '구글', '결과']","['선생_답변', '답변_클리니컬스트렝스', '클리니컬스트렝스_스트렝스', '스트렝스_일반', '일반_구글', '구글_결과']","['선생', '답변', '클리니컬스트렝스', '스트렝스', '일반', '구글', '결과', '선생_답변', '답변_클리니컬스트렝스', '클리니컬스트렝스_스트렝스', '스트렝스_일반', '일반_구글', '구글_결과']",[],"문제성 두피를 위한 데일리 샴푸, 헤드앤숄더 프로페셔널 1개월 사용 후기 (feat. 솔직한 리뷰)",6.0,0,[],0,[],0,중립,False
youtube,,헤드앤숄더 리뷰,선생님 안녕하세요 헤드앤숄더 스트렝스 제품에 셀레늄 셀파이드 요 성분이 있어서 지루성두피에 효과가 있다고 하셨는데 요 신제품에도 그 성분이 똑같이 있는걸까요 일전에 갔던 병원에서도 샴푸에 해당 성분 얘기를 했던것같아서 왠지 중요해보여서 여쭤봅니다,"['선생', '스트렝스', '레늄', '셀파이드', '성분', '지루', '효과', '성분', '병원', '해당', '성분', '얘기', '중요']","['선생_스트렝스', '스트렝스_레늄', '레늄_셀파이드', '셀파이드_성분', '성분_지루', '지루_효과', '효과_성분', '성분_병원', '병원_해당', '해당_성분', '성분_얘기', '얘기_중요']","['선생', '스트렝스', '레늄', '셀파이드', '성분', '지루', '효과', '성분', '병원', '해당', '성분', '얘기', '중요', '선생_스트렝스', '스트렝스_레늄', '레늄_셀파이드', '셀파이드_성분', '성분_지루', '지루_효과', '효과_성분', '성분_병원', '병원_해당', '해당_성분', '성분_얘기', '얘기_중요']",[],"문제성 두피를 위한 데일리 샴푸, 헤드앤숄더 프로페셔널 1개월 사용 후기 (feat. 솔직한 리뷰)",1.0,0,[],0,[],0,중립,False
youtube,,헤드앤숄더 리뷰,웬만한 지루성 두피염 샴푸를 써봤는데 거의 다 효과를 못 봤지만 헤드엔숄더 클리니컬 스트렝스 지루성두피염 직구해서 써봤는데 진짜 효과 바로 봤습니다,"['지루', '효과', '헤드엔숄더', '클리니컬', '스트렝스', '지루성두피염', '직구', '효과']","['지루_효과', '효과_헤드엔숄더', '헤드엔숄더_클리니컬', '클리니컬_스트렝스', '스트렝스_지루성두피염', '지루성두피염_직구', '직구_효과']","['지루', '효과', '헤드엔숄더', '클리니컬', '스트렝스', '지루성두피염', '직구', '효과', '지루_효과', '효과_헤드엔숄더', '헤드엔숄더_클리니컬', '클리니컬_스트렝스', '스트렝스_지루성두피염', '지루성두피염_직구', '직구_효과']",[],"문제성 두피를 위한 데일리 샴푸, 헤드앤숄더 프로페셔널 1개월 사용 후기 (feat. 솔직한 리뷰)",43.0,0,[],0,[],0,중립,False
youtube,,헤드앤숄더 리뷰,지루성은 오일성분 멘톨 이런 거 쥐약입니다,"['지루', '오일', '성분', '멘톨', '쥐약']","['지루_오일', '오일_성분', '성분_멘톨', '멘톨_쥐약']","['지루', '오일', '성분', '멘톨', '쥐약', '지루_오일', '오일_성분', '성분_멘톨', '멘톨_쥐약']",[],"문제성 두피를 위한 데일리 샴푸, 헤드앤숄더 프로페셔널 1개월 사용 후기 (feat. 솔직한 리뷰)",2.0,0,[],0,[],0,중립,False
youtube,,헤드앤숄더 리뷰,선생님 지루성두피염인지 모낭염인지로 괴로울 지경입니다 비듬은 거의 없고 가려움증은 참을만 하고요 뒷통수쪽 여기저기 여드름같은 뾰루지가 생기고 그 주변은 온통 피부가 붉습니다 여름철에 더더욱 머리통이 열이 뜨거운 체질이구요 약을 먹어도 액을 발라봐도 낫지를 않고 오랜 기간동안 괴롭히네요 약 50여일에 한 번 꼴로 열흘에서 보름정도 활성화되고 아프다가 좀 나아지다가를 반복한게 20여년째입니다 헤드앤숄더 클리니컬 스트렝스 샴푸가 좋다고 해서 검색 중 영상을 봤는데요 기름기가 많은 두피에 뽀루지가 나는 두피염에 좋은 헤드앤숄더 클리니컬스트렝스 샴푸로는 무슨색이 제일 적합할까요 주문 전에 여쭤 봅니다 감사합니다 파랑색 초록색 주황색 보라색이 있더군요,"['선생', '지루성두피염', '모낭염', '비듬', '가려움증', '통수', '여기저기', '여드름', '뾰루지', '주변', '피부', '여름철', '머리통', '체질', '기간', '동안', '열흘', '보름', '활성', '반복', '클리니컬', '스트렝스', '검색', '기름', '뽀루지', '클리니컬스트렝스', '적합', '주문', '감사', '파랑', '초록색', '주황색']","['선생_지루성두피염', '지루성두피염_모낭염', '모낭염_비듬', '비듬_가려움증', '가려움증_통수', '통수_여기저기', '여기저기_여드름', '여드름_뾰루지', '뾰루지_주변', '주변_피부', '피부_여름철', '여름철_머리통', '머리통_체질', '체질_기간', '기간_동안', '동안_열흘', '열흘_보름', '보름_활성', '활성_반복', '반복_클리니컬', '클리니컬_스트렝스', '스트렝스_검색', '검색_기름', '기름_뽀루지', '뽀루지_클리니컬스트렝스', '클리니컬스트렝스_적합', '적합_주문', '주문_감사', '감사_파랑', '파랑_초록색', '초록색_주황색']","['선생', '지루성두피염', '모낭염', '비듬', '가려움증', '통수', '여기저기', '여드름', '뾰루지', '주변', '피부', '여름철', '머리통', '체질', '기간', '동안', '열흘', '보름', '활성', '반복', '클리니컬', '스트렝스', '검색', '기름', '뽀루지', '클리니컬스트렝스', '적합', '주문', '감사', '파랑', '초록색', '주황색', '선생_지루성두피염', '지루성두피염_모낭염', '모낭염_비듬', '비듬_가려움증', '가려움증_통수', '통수_여기저기', '여기저기_여드름', '여드름_뾰루지', '뾰루지_주변', '주변_피부', '피부_여름철', '여름철_머리통', '머리통_체질', '체질_기간', '기간_동안', '동안_열흘', '열흘_보름', '보름_활성', '활성_반복', '반복_클리니컬', '클리니컬_스트렝스', '스트렝스_검색', '검색_기름', '기름_뽀루지', '뽀루지_클리니컬스트렝스', '클리니컬스트렝스_적합', '적합_주문', '주문_감사', '감사_파랑', '파랑_초록색', '초록색_주황색']",[],"문제성 두피를 위한 데일리 샴푸, 헤드앤숄더 프로페셔널 1개월 사용 후기 (feat. 솔직한 리뷰)",0.0,2,"['뾰루지', '가려움']",0,[],-2,이탈위험,False
youtube,,헤드앤숄더 리뷰,선생님 근데 두피 케어와 비듬에 특화됐다는 건 그만큼 세정력이 좋다는 건데 이 샴푸 쓰고나서 린스는 아예 안 해줘도 되는 건가요 세정력이 너무 좋으면 머릿결이 빗자루처럼 뻣뻣해 지는 게 아닐까 싶은데,"['선생', '케어', '비듬', '특화', '세정', '린스', '세정', '머릿결', '빗자루']","['선생_케어', '케어_비듬', '비듬_특화', '특화_세정', '세정_린스', '린스_세정', '세정_머릿결', '머릿결_빗자루']","['선생', '케어', '비듬', '특화', '세정', '린스', '세정', '머릿결', '빗자루', '선생_케어', '케어_비듬', '비듬_특화', '특화_세정', '세정_린스', '린스_세정', '세정_머릿결', '머릿결_빗자루']",[],"문제성 두피를 위한 데일리 샴푸, 헤드앤숄더 프로페셔널 1개월 사용 후기 (feat. 솔직한 리뷰)",0.0,0,[],0,[],0,중립,False
youtube,,헤드앤숄더 리뷰,혹시 이제품이 헤드앤숄더 스트렝스 이것보다 좋다고 보시나요 프로페셔널 둘중 하나 구매예정인데요 왠지 프로페셔널이 더좋아 보여서요,"['스트렝스', '프로페셔널', '예정', '프로페셔널']","['스트렝스_프로페셔널', '프로페셔널_예정', '예정_프로페셔널']","['스트렝스', '프로페셔널', '예정', '프로페셔널', '스트렝스_프로페셔널', '프로페셔널_예정', '예정_프로페셔널']",[],"문제성 두피를 위한 데일리 샴푸, 헤드앤숄더 프로페셔널 1개월 사용 후기 (feat. 솔직한 리뷰)",0.0,0,[],0,[],0,중립,False
youtube,,헤드앤숄더 리뷰,딸이 알려줬는데 소듐 라우레스 설페이트는 동물 실험해도 이것은 동물들은 엄청 피부가 까졌어요 순하고 세정 잘 되는 라우릴 글루코사이드 코코글루코사이드 쓰세요 농약을 쓰고 잔류 농약 검사를 인증한지 모르는 코코넛유래에 강한 황산화 에톡실화 과정을 겪어서 강한 화학물질입니다,"['소듐', '라우레스', '설페이트', '동물', '실험', '동물', '피부', '세정', '라우릴', '글루코사이드', '코코글루코사이드', '농약', '잔류', '농약', '검사', '인증', '코코넛', '유래', '황산', '에톡실', '과정', '화학', '물질']","['소듐_라우레스', '라우레스_설페이트', '설페이트_동물', '동물_실험', '실험_동물', '동물_피부', '피부_세정', '세정_라우릴', '라우릴_글루코사이드', '글루코사이드_코코글루코사이드', '코코글루코사이드_농약', '농약_잔류', '잔류_농약', '농약_검사', '검사_인증', '인증_코코넛', '코코넛_유래', '유래_황산', '황산_에톡실', '에톡실_과정', '과정_화학', '화학_물질']","['소듐', '라우레스', '설페이트', '동물', '실험', '동물', '피부', '세정', '라우릴', '글루코사이드', '코코글루코사이드', '농약', '잔류', '농약', '검사', '인증', '코코넛', '유래', '황산', '에톡실', '과정', '화학', '물질', '소듐_라우레스', '라우레스_설페이트', '설페이트_동물', '동물_실험', '실험_동물', '동물_피부', '피부_세정', '세정_라우릴', '라우릴_글루코사이드', '글루코사이드_코코글루코사이드', '코코글루코사이드_농약', '농약_잔류', '잔류_농약', '농약_검사', '검사_인증', '인증_코코넛', '코코넛_유래', '유래_황산', '황산_에톡실', '에톡실_과정', '과정_화학', '화학_물질']",[],"문제성 두피를 위한 데일리 샴푸, 헤드앤숄더 프로페셔널 1개월 사용 후기 (feat. 솔직한 리뷰)",0.0,0,[],0,[],0,중립,False
youtube,,헤드앤숄더 리뷰,클리니컬스트렝스 대체제 국내 정식 발매 헤숄 엄청 싼 대용량 찾음 헤드앤숄더 SUPER대용량 세트 엄청싼 거 제가 찾아드렸어요 이 포스팅은 쿠팡 파트너스 활동의 일환으로 이에 따른 일정 수수료를 제공받음 링크에서 구매해주시면 제게 도움이 됩니다,"['클리니컬스트렝스', '대체제', '국내', '정식', '발매', '용량', '용량', '세트', '파트너스', '활동', '일환', '일정', '수수료', '제공', '도움']","['클리니컬스트렝스_대체제', '대체제_국내', '국내_정식', '정식_발매', '발매_용량', '용량_용량', '용량_세트', '세트_파트너스', '파트너스_활동', '활동_일환', '일환_일정', '일정_수수료', '수수료_제공', '제공_도움']","['클리니컬스트렝스', '대체제', '국내', '정식', '발매', '용량', '용량', '세트', '파트너스', '활동', '일환', '일정', '수수료', '제공', '도움', '클리니컬스트렝스_대체제', '대체제_국내', '국내_정식', '정식_발매', '발매_용량', '용량_용량', '용량_세트', '세트_파트너스', '파트너스_활동', '활동_일환', '일환_일정', '일정_수수료', '수수료_제공', '제공_도움']",[],"헤드앤숄더 샴푸 총 정리 (비듬, 두피 건강, 지루성두피염 등)",10.0,0,[],0,[],0,중립,False
youtube,,헤드앤숄더 리뷰,최근 지루성 두피염으로 고통받고 있는데 너무 좋은 영상 감사합니다 덕분에 선택에 도움되었어요,"['지루', '고통', '감사', '덕분', '선택', '도움']","['지루_고통', '고통_감사', '감사_덕분', '덕분_선택', '선택_도움']","['지루', '고통', '감사', '덕분', '선택', '도움', '지루_고통', '고통_감사', '감사_덕분', '덕분_선택', '선택_도움']",[],"헤드앤숄더 샴푸 총 정리 (비듬, 두피 건강, 지루성두피염 등)",1.0,0,[],0,[],0,중립,False
youtube,,헤드앤숄더 리뷰,지성인데 두피 뾰루지가 좀 나고 비듬도 살짝 걱정되는데 호크니 지성용만 쓰면 될까요 아니면 같이 쓸거 추천해주세요 호크니로 아침에 감으면 되나요,"['지성', '뾰루지', '비듬', '걱정', '호크니', '지성용', '호크니', '아침']","['지성_뾰루지', '뾰루지_비듬', '비듬_걱정', '걱정_호크니', '호크니_지성용', '지성용_호크니', '호크니_아침']","['지성', '뾰루지', '비듬', '걱정', '호크니', '지성용', '호크니', '아침', '지성_뾰루지', '뾰루지_비듬', '비듬_걱정', '걱정_호크니', '호크니_지성용', '지성용_호크니', '호크니_아침']",[],"헤드앤숄더 샴푸 총 정리 (비듬, 두피 건강, 지루성두피염 등)",0.0,1,['뾰루지'],1,['추천'],0,중립,False
youtube,,헤드앤숄더 리뷰,안녕하세요 지루성 두피있고 두피 뾰루지 도있어서 데일리로 라보에이치 샴푸쓰고 주에 두번정도 헤드앤숄더 클리니컬 스트렝스 써보려고 합니다 혹시 라보에이치가 뚜껑이 초록색 연녹색 있는데 어떤걸 사서 쓰면 될까요,"['지루', '뾰루지', '데일리', '라보', '에이치', '클리니컬', '스트렝스', '라보에이치', '뚜껑', '초록색', '연녹색']","['지루_뾰루지', '뾰루지_데일리', '데일리_라보', '라보_에이치', '에이치_클리니컬', '클리니컬_스트렝스', '스트렝스_라보에이치', '라보에이치_뚜껑', '뚜껑_초록색', '초록색_연녹색']","['지루', '뾰루지', '데일리', '라보', '에이치', '클리니컬', '스트렝스', '라보에이치', '뚜껑', '초록색', '연녹색', '지루_뾰루지', '뾰루지_데일리', '데일리_라보', '라보_에이치', '에이치_클리니컬', '클리니컬_스트렝스', '스트렝스_라보에이치', '라보에이치_뚜껑', '뚜껑_초록색', '초록색_연녹색']",[],"헤드앤숄더 샴푸 총 정리 (비듬, 두피 건강, 지루성두피염 등)",0.0,1,['뾰루지'],0,[],-1,이탈위험,False
youtube,,헤드앤숄더 리뷰,헤드앤숄더 구버전 가려운두피케어로 효과를 엄청 봤는데 3년간 데일리로 썼더니 지금 다시 각질 비듬 가려움이 심해졌습니다 직구버전 스트랭스 황화셀레늄 성분 있는거 사서 쓰면 다시 좋아질수 있을까요,"['버전', '케어', '효과', '데일리', '각질', '비듬', '직구', '버전', '스트랭스', '황화셀레늄', '성분']","['버전_케어', '케어_효과', '효과_데일리', '데일리_각질', '각질_비듬', '비듬_직구', '직구_버전', '버전_스트랭스', '스트랭스_황화셀레늄', '황화셀레늄_성분']","['버전', '케어', '효과', '데일리', '각질', '비듬', '직구', '버전', '스트랭스', '황화셀레늄', '성분', '버전_케어', '케어_효과', '효과_데일리', '데일리_각질', '각질_비듬', '비듬_직구', '직구_버전', '버전_스트랭스', '스트랭스_황화셀레늄', '황화셀레늄_성분']",[],"헤드앤숄더 샴푸 총 정리 (비듬, 두피 건강, 지루성두피염 등)",1.0,2,"['가려움', '구버전']",0,[],-2,이탈위험,False
youtube,,헤드앤숄더 리뷰,건성이면 헤숄 건성두피케어 이거 쓰면 되는건가요 제 비듬이 하얗고 바싹 마른 비듬이라 건성인거 같은데 아 그리고 데일리로는 뭐가 좋을까요,"['건성', '건성두피케어', '비듬', '비듬', '건성', '데일리']","['건성_건성두피케어', '건성두피케어_비듬', '비듬_비듬', '비듬_건성', '건성_데일리']","['건성', '건성두피케어', '비듬', '비듬', '건성', '데일리', '건성_건성두피케어', '건성두피케어_비듬', '비듬_비듬', '비듬_건성', '건성_데일리']",[],"헤드앤숄더 샴푸 총 정리 (비듬, 두피 건강, 지루성두피염 등)",0.0,0,[],0,[],0,중립,False
youtube,,헤드앤숄더 리뷰,지성두피이고 아침에 감고 오후 한 5 6시쯤부터 두피기름 올라오고 냄새나는데 어떤샴푸를 주로 써야할까요,"['지성두피', '아침', '오후', '기름', '냄새']","['지성두피_아침', '아침_오후', '오후_기름', '기름_냄새']","['지성두피', '아침', '오후', '기름', '냄새', '지성두피_아침', '아침_오후', '오후_기름', '기름_냄새']",[],"헤드앤숄더 샴푸 총 정리 (비듬, 두피 건강, 지루성두피염 등)",0.0,1,['올라오'],0,[],-1,이탈위험,False
youtube,,헤드앤숄더 리뷰,라보에이치 회색 어때요 데일리로요 지성두피입니다,"['라보', '에이치', '회색', '데일리', '지성두피']","['라보_에이치', '에이치_회색', '회색_데일리', '데일리_지성두피']","['라보', '에이치', '회색', '데일리', '지성두피', '라보_에이치', '에이치_회색', '회색_데일리', '데일리_지성두피']",[],"헤드앤숄더 샴푸 총 정리 (비듬, 두피 건강, 지루성두피염 등)",2.0,0,[],0,[],0,중립,False
youtube,,헤드앤숄더 리뷰,구버전이 가려운 두피케어용 제품맞나요 두피컨트롤 딥클린 종류가 많아서요ㅠ,"['버전', '케어', '컨트롤', '클린', '종류']","['버전_케어', '케어_컨트롤', '컨트롤_클린', '클린_종류']","['버전', '케어', '컨트롤', '클린', '종류', '버전_케어', '케어_컨트롤', '컨트롤_클린', '클린_종류']",[],"헤드앤숄더 샴푸 총 정리 (비듬, 두피 건강, 지루성두피염 등)",0.0,1,['구버전'],0,[],-1,이탈위험,False
youtube,,헤드앤숄더 리뷰,호크니랑 헤드엔숄더 프로페셔널이랑 100ml당 가격은 비슷한데용,"['호크니', '헤드엔숄더', '프로페셔널']","['호크니_헤드엔숄더', '헤드엔숄더_프로페셔널']","['호크니', '헤드엔숄더', '프로페셔널', '호크니_헤드엔숄더', '헤드엔숄더_프로페셔널']",[],"헤드앤숄더 샴푸 총 정리 (비듬, 두피 건강, 지루성두피염 등)",0.0,0,[],0,[],0,중립,False
youtube,,헤드앤숄더 리뷰,설페이트 성분이 있는 샴푸는 피하라하셨는데 의사분들도 헤드앤숄더 제품을 애용하시네요,"['설페이트', '성분', '의사', '애용']","['설페이트_성분', '성분_의사', '의사_애용']","['설페이트', '성분', '의사', '애용', '설페이트_성분', '성분_의사', '의사_애용']",[],탈모 의사는 어떤 샴푸 쓰는지 제가 직접 물어봤습니다,1.0,0,[],0,[],0,중립,False
youtube,,헤드앤숄더 리뷰,두피 각질이 많아서 고민인데 ㅠㅠ 친구 추천받아서 아누오틴 2달 먹으니까 두피 각질 두피염 증상들이 다 날아가서 너무 좋아요 ㅎㅎ,"['각질', '고민', '친구', '아누오틴', '2달', '각질', '증상']","['각질_고민', '고민_친구', '친구_아누오틴', '아누오틴_2달', '2달_각질', '각질_증상']","['각질', '고민', '친구', '아누오틴', '2달', '각질', '증상', '각질_고민', '고민_친구', '친구_아누오틴', '아누오틴_2달', '2달_각질', '각질_증상']",[],탈모 의사는 어떤 샴푸 쓰는지 제가 직접 물어봤습니다,0.0,0,[],1,['추천'],1,긍정,False
youtube,,헤드앤숄더 리뷰,샴푸 근본 니조랄 3 5분 하면 두피 반점 가려운 거 싹 사라지고 그거랑 사후관리로 아누오틴 먹으면 배수구 막히던 것도 사라지고 빗질할 때 덜 빠짐,"['근본', '니조랄', '반점', '사후', '관리', '아누오틴', '배수구']","['근본_니조랄', '니조랄_반점', '반점_사후', '사후_관리', '관리_아누오틴', '아누오틴_배수구']","['근본', '니조랄', '반점', '사후', '관리', '아누오틴', '배수구', '근본_니조랄', '니조랄_반점', '반점_사후', '사후_관리', '관리_아누오틴', '아누오틴_배수구']",[],탈모 의사는 어떤 샴푸 쓰는지 제가 직접 물어봤습니다,83.0,1,['니조랄'],0,[],-1,이탈위험,True
youtube,,헤드앤숄더 리뷰,전 다 닥터포헤어샴푸 설페이트성분이있는샴푸,"['닥터', '설페이트', '성분']","['닥터_설페이트', '설페이트_성분']","['닥터', '설페이트', '성분', '닥터_설페이트', '설페이트_성분']",[],탈모 의사는 어떤 샴푸 쓰는지 제가 직접 물어봤습니다,4.0,0,[],0,[],0,중립,False
youtube,,헤드앤숄더 리뷰,두피샴푸 찾다가 영상 봤어요 두피 제대로 관리 안하면 탈모가 온다길래 어떤거 쓸지 고민하다가 친구가 추천해준 모미래 핑크솔트 탈모샴푸 쓰게 됐어요 한 달쯤 쓰니까 두피도 건강해지고 빠지는 머리카락도 줄더라고요 ㅎㅎ 잔머리도 더 생기니 전체적으로 풍성해진 느낌이에요 두피 관리하면서 탈모 예방까지 하고 싶으신 분들 한번 사용해보세요,"['관리', '탈모', '고민', '친구', '미래', '핑크솔트', '탈모', '건강', '머리카락', '잔머리', '전체', '느낌', '관리', '탈모', '예방']","['관리_탈모', '탈모_고민', '고민_친구', '친구_미래', '미래_핑크솔트', '핑크솔트_탈모', '탈모_건강', '건강_머리카락', '머리카락_잔머리', '잔머리_전체', '전체_느낌', '느낌_관리', '관리_탈모', '탈모_예방']","['관리', '탈모', '고민', '친구', '미래', '핑크솔트', '탈모', '건강', '머리카락', '잔머리', '전체', '느낌', '관리', '탈모', '예방', '관리_탈모', '탈모_고민', '고민_친구', '친구_미래', '미래_핑크솔트', '핑크솔트_탈모', '탈모_건강', '건강_머리카락', '머리카락_잔머리', '잔머리_전체', '전체_느낌', '느낌_관리', '관리_탈모', '탈모_예방']",[],탈모 의사는 어떤 샴푸 쓰는지 제가 직접 물어봤습니다,53.0,0,[],1,['추천'],1,긍정,False
youtube,,헤드앤숄더 리뷰,헤드앤숄더 X 지원 이벤트 1 두피관련 고민 댓글로 남기기 2 끝 유튜브 커뮤니티 5 29 당발 10명 예전부터 내 영상 봤다 나 헤드앤숄더 계속 쓰는거 알거임 ㅇㅈ 지루성두피염 비듬 떡짐 두피 고민 한번에 싹 모두 헤드앤숄더로 구원 받으세요 1 헤드앤숄더 프로페셔널 오일 컨트롤 지성용 2 헤드앤숄더 프로페셔널 가려운 투피 케어 건성용 건강한 두피 뽀송뽀송한 머릿결 두피 각질 케어 효과 두피 장벽 강화 유효성분 5 23 오전 10시부터 네쇼라 헤드앤숄더 브랜드데이 진행 네이버에 헤드앤숄더 검색하고 특가 이벤트 보기 샴푸추천 비듬없애는법 두피각질 헤드앤숄더프로페셔널,"['지원', '고민', '댓글', '커뮤니티', '예전', '지루성두피염', '비듬', '떡짐', '고민', '구원', '프로페셔널', '오일', '컨트롤', '지성용', '프로페셔널', '케어', '건성', '건강', '머릿결', '각질', '케어', '효과', '장벽', '강화', '유효', '성분', '오전', '네쇼라', '브랜드데이', '진행', '네이버', '검색', '특가', '비듬', '각질', '헤드앤숄더프로페셔널']","['지원_고민', '고민_댓글', '댓글_커뮤니티', '커뮤니티_예전', '예전_지루성두피염', '지루성두피염_비듬', '비듬_떡짐', '떡짐_고민', '고민_구원', '구원_프로페셔널', '프로페셔널_오일', '오일_컨트롤', '컨트롤_지성용', '지성용_프로페셔널', '프로페셔널_케어', '케어_건성', '건성_건강', '건강_머릿결', '머릿결_각질', '각질_케어', '케어_효과', '효과_장벽', '장벽_강화', '강화_유효', '유효_성분', '성분_오전', '오전_네쇼라', '네쇼라_브랜드데이', '브랜드데이_진행', '진행_네이버', '네이버_검색', '검색_특가', '특가_비듬', '비듬_각질', '각질_헤드앤숄더프로페셔널']","['지원', '고민', '댓글', '커뮤니티', '예전', '지루성두피염', '비듬', '떡짐', '고민', '구원', '프로페셔널', '오일', '컨트롤', '지성용', '프로페셔널', '케어', '건성', '건강', '머릿결', '각질', '케어', '효과', '장벽', '강화', '유효', '성분', '오전', '네쇼라', '브랜드데이', '진행', '네이버', '검색', '특가', '비듬', '각질', '헤드앤숄더프로페셔널', '지원_고민', '고민_댓글', '댓글_커뮤니티', '커뮤니티_예전', '예전_지루성두피염', '지루성두피염_비듬', '비듬_떡짐', '떡짐_고민', '고민_구원', '구원_프로페셔널', '프로페셔널_오일', '오일_컨트롤', '컨트롤_지성용', '지성용_프로페셔널', '프로페셔널_케어', '케어_건성', '건성_건강', '건강_머릿결', '머릿결_각질', '각질_케어', '케어_효과', '효과_장벽', '장벽_강화', '강화_유효', '유효_성분', '성분_오전', '오전_네쇼라', '네쇼라_브랜드데이', '브랜드데이_진행', '진행_네이버', '네이버_검색', '검색_특가', '특가_비듬', '비듬_각질', '각질_헤드앤숄더프로페셔널']",[],머리 4일 안감아본적 있다? vs 없다;;,323.0,0,[],1,['추천'],1,긍정,False
youtube,,헤드앤숄더 리뷰,두피 지성인 분들은 공감하실 거에요 저녁에 감아도 담날 아침에 일어나면 눈물밖에안나옴 그래서 늦게 일어나면 꼭 모자쓰고 나가고 ㅋㅋ ㅠㅠ머리 잘 떡지는 사람의 슬픔 두피각질때문에도 고민 엄청 많아서 샴푸 찾는거에만 집중 하느라 탈모왔어요,"['지성인', '공감', '저녁', '아침', '눈물', '모자', '슬픔', '각질', '고민', '집중', '탈모']","['지성인_공감', '공감_저녁', '저녁_아침', '아침_눈물', '눈물_모자', '모자_슬픔', '슬픔_각질', '각질_고민', '고민_집중', '집중_탈모']","['지성인', '공감', '저녁', '아침', '눈물', '모자', '슬픔', '각질', '고민', '집중', '탈모', '지성인_공감', '공감_저녁', '저녁_아침', '아침_눈물', '눈물_모자', '모자_슬픔', '슬픔_각질', '각질_고민', '고민_집중', '집중_탈모']",[],머리 4일 안감아본적 있다? vs 없다;;,1379.0,0,[],0,[],0,중립,False
youtube,,헤드앤숄더 리뷰,진짜 살면서 댓글 써본적이 손에 꼽는 사람인데 이것만큼은 모두가 알아줬으면해서 써요 헤드앤숄더 진짜 좋아요 중학생쯤부터 두피에 각질이라고 해야하나 두피껍질이 나가 떨어져서 비듬같아보이고 친구들이 너 머리에 뭐 묻었다 그래서 스트레스였는데 저 샴푸 쓰고 완전 깨끗이 사라짐 제가 산증인이에요 혹시 저랑 비슷한 고민 있으셨던분들 제발 한번만 시도해봐요 진짜,"['댓글', '모두', '중학', '각질', '껍질', '비듬', '친구', '스트레스', '산증인', '고민', '시도']","['댓글_모두', '모두_중학', '중학_각질', '각질_껍질', '껍질_비듬', '비듬_친구', '친구_스트레스', '스트레스_산증인', '산증인_고민', '고민_시도']","['댓글', '모두', '중학', '각질', '껍질', '비듬', '친구', '스트레스', '산증인', '고민', '시도', '댓글_모두', '모두_중학', '중학_각질', '각질_껍질', '껍질_비듬', '비듬_친구', '친구_스트레스', '스트레스_산증인', '산증인_고민', '고민_시도']",[],머리 4일 안감아본적 있다? vs 없다;;,346.0,0,[],0,[],0,중립,False
youtube,,헤드앤숄더 리뷰,와 아니 진짜로 하 저만 막 긁으면 각질나오는줄 알았는데 진짜 고민이거든요 맨날 머리 긁지도 못하고 가려워미치겟는데 진짜 너무 고민이였어서 이거한번 사서써봤는데 진짜 제 구원템이에요 한번만써봐요,"['각질', '고민', '고민', '구원템']","['각질_고민', '고민_고민', '고민_구원템']","['각질', '고민', '고민', '구원템', '각질_고민', '고민_고민', '고민_구원템']",[],머리 4일 안감아본적 있다? vs 없다;;,20.0,0,[],0,[],0,중립,False
youtube,,헤드앤숄더 리뷰,엄청 심한 사람은 알거에요 반나절만 지나도 머리 떡져서 한 3일4일 안감은거처럼 보이는거 저는 그게 너무 스트레스라서 학생때 점심시간에 기숙사가서 머리감고 오고 그랬어요 기름 좀 덜하다싶으면 각질이 후드득 머리 안감았으면 내가 안감았으니까 그렇지 하는데 감은지 반나절도 안지났는데 너무 슬펐어요 뒤에 좋다는 샴푸 다써봤는데 이거는 언니가 인증한거니까 믿고써보는걸로,"['반나절', '스트레스', '학생', '점심시간', '기숙사', '기름', '각질', '반나절', '언니', '인증']","['반나절_스트레스', '스트레스_학생', '학생_점심시간', '점심시간_기숙사', '기숙사_기름', '기름_각질', '각질_반나절', '반나절_언니', '언니_인증']","['반나절', '스트레스', '학생', '점심시간', '기숙사', '기름', '각질', '반나절', '언니', '인증', '반나절_스트레스', '스트레스_학생', '학생_점심시간', '점심시간_기숙사', '기숙사_기름', '기름_각질', '각질_반나절', '반나절_언니', '언니_인증']",[],머리 4일 안감아본적 있다? vs 없다;;,22.0,0,[],0,[],0,중립,False
youtube,,헤드앤숄더 리뷰,지성 두피인 사람이에요 저녁에 감고 자고 일어나면 떡져있고 아침에 감고 나가도 몇시간 후면 떡져요 여름되면 몸에 열도 많고 땀도 많은 체질이라 더 떡져요 임시방편으로 파우더 필수로 들고 댕겨야해뇨 미칩니다 ㅠㅠ,"['지성', '저녁', '아침', '시간', '여름', '체질', '임시', '방편', '파우더', '필수']","['지성_저녁', '저녁_아침', '아침_시간', '시간_여름', '여름_체질', '체질_임시', '임시_방편', '방편_파우더', '파우더_필수']","['지성', '저녁', '아침', '시간', '여름', '체질', '임시', '방편', '파우더', '필수', '지성_저녁', '저녁_아침', '아침_시간', '시간_여름', '여름_체질', '체질_임시', '임시_방편', '방편_파우더', '파우더_필수']",[],머리 4일 안감아본적 있다? vs 없다;;,55.0,0,[],0,[],0,중립,False
youtube,,헤드앤숄더 리뷰,저도 언니 처럼 각질 많이 나왔던 사람이였습니다 2년전에 제 머리에 살짝살짝 비듬처럼 보이는 각질이 있어서 당시에 머리를 묶고 학교를 갔는데 웬 강사분께서 제 머리를 만지시면서 큰 소리로 나도 아들이 있어서 알아 내가 때줄게 이러시는데 진짜 애들 앞에서 쪽팔렸던 기억이 있네요 물론 지금은 많이 완화가 되긴 했는데 가끔 가다가 각질이 생길때면 진짜 제 머리를 밀고 싶을 정도로 막 제 자신이 싫어지고 그러더라고요 이렇게 좋은 제품 알려주셔서 진심으로 감사드려요 ㅠㅠ,"['언니', '각질', '비듬', '각질', '당시', '학교', '강사', '소리', '아들', '기억', '지금', '완화', '각질', '자신', '진심', '감사']","['언니_각질', '각질_비듬', '비듬_각질', '각질_당시', '당시_학교', '학교_강사', '강사_소리', '소리_아들', '아들_기억', '기억_지금', '지금_완화', '완화_각질', '각질_자신', '자신_진심', '진심_감사']","['언니', '각질', '비듬', '각질', '당시', '학교', '강사', '소리', '아들', '기억', '지금', '완화', '각질', '자신', '진심', '감사', '언니_각질', '각질_비듬', '비듬_각질', '각질_당시', '당시_학교', '학교_강사', '강사_소리', '소리_아들', '아들_기억', '기억_지금', '지금_완화', '완화_각질', '각질_자신', '자신_진심', '진심_감사']",[],머리 4일 안감아본적 있다? vs 없다;;,3.0,0,[],0,[],0,중립,False
youtube,,헤드앤숄더 리뷰,두피에 각질 비듬 많이 생기시는 분들 꼭 두피 보습 잘 챙겨주시고 이미 생겨버린 비듬은 비듬클리너로 빗어주세요 머리카락에 붙은 비듬은 잘 안 떨어져서 비듬클리너로 빗어줘야 합니다 그렇지 않으면 안 떨어져요 ㅠㅠ,"['각질', '비듬', '보습', '비듬', '비듬클리너', '머리카락', '비듬', '비듬', '클리너']","['각질_비듬', '비듬_보습', '보습_비듬', '비듬_비듬클리너', '비듬클리너_머리카락', '머리카락_비듬', '비듬_비듬', '비듬_클리너']","['각질', '비듬', '보습', '비듬', '비듬클리너', '머리카락', '비듬', '비듬', '클리너', '각질_비듬', '비듬_보습', '보습_비듬', '비듬_비듬클리너', '비듬클리너_머리카락', '머리카락_비듬', '비듬_비듬', '비듬_클리너']",[],머리 4일 안감아본적 있다? vs 없다;;,1.0,0,[],0,[],0,중립,False
youtube,,헤드앤숄더 리뷰,오 어쩜 저랑 똑같이 각질이 많을까요,['각질'],[],['각질'],[],머리 4일 안감아본적 있다? vs 없다;;,2.0,0,[],0,[],0,중립,False
youtube,,헤드앤숄더 리뷰,솔직히 두피는 평소에 잘 신경 못 쓰다가 어느 날 갑자기 가려움이나 냄새 뾰루지처럼 눈에 띄는 증상이 생기면 그때서야 심각성을 느끼게 되더라고요ㅠㅠㅜㅠㅠㅜ 저는 특히 기름진 두피에 각질까지 올라오는 지복합성 두피라 아무 샴푸나 쓰면 바로 트러블이 생겨요우ㅜㅜㅜㅜㅜ 요즘 머리 감고 나서도 시원한 느낌이 안 들고 금방 떡지는 게 너무 스트레스입니당 진짜 속 시원하게 관리해 줄 수 있는 제품 찾고 있는데 이 채널 보면서 희망이 생겼어요,"['평소', '신경', '냄새', '뾰루지', '증상', '그때', '심각성', '각질', '복합', '트러블', '느낌', '스트레스', '관리', '희망']","['평소_신경', '신경_냄새', '냄새_뾰루지', '뾰루지_증상', '증상_그때', '그때_심각성', '심각성_각질', '각질_복합', '복합_트러블', '트러블_느낌', '느낌_스트레스', '스트레스_관리', '관리_희망']","['평소', '신경', '냄새', '뾰루지', '증상', '그때', '심각성', '각질', '복합', '트러블', '느낌', '스트레스', '관리', '희망', '평소_신경', '신경_냄새', '냄새_뾰루지', '뾰루지_증상', '증상_그때', '그때_심각성', '심각성_각질', '각질_복합', '복합_트러블', '트러블_느낌', '느낌_스트레스', '스트레스_관리', '관리_희망']",[],머리 4일 안감아본적 있다? vs 없다;;,1.0,4,"['트러블', '뾰루지', '올라오', '가려움']",0,[],-4,이탈위험,False
youtube,,헤드앤숄더 리뷰,일하다가 퇴근시간만 되면 앞머리 떡지는 거 짜증나고 머리 긁으면 비듬인지 각질인지 나오는 거 진심 스트레스였어요ㅜㅜ 믿고 구매해볼게요,"['퇴근', '시간', '앞머리', '짜증', '비듬', '각질', '진심', '스트레스']","['퇴근_시간', '시간_앞머리', '앞머리_짜증', '짜증_비듬', '비듬_각질', '각질_진심', '진심_스트레스']","['퇴근', '시간', '앞머리', '짜증', '비듬', '각질', '진심', '스트레스', '퇴근_시간', '시간_앞머리', '앞머리_짜증', '짜증_비듬', '비듬_각질', '각질_진심', '진심_스트레스']",[],머리 4일 안감아본적 있다? vs 없다;;,2.0,0,[],0,[],0,중립,False
youtube,,헤드앤숄더 리뷰,완전 나보고 사라고 하는 샴푸잖아 저도 건성두피인데 두피샴푸 해도 작은 각질들은 남더라고요ㅠㅠ일이 밤 12시에 끝나 씻을 시간이 없어서 하루에 한번씩 머리를 자주 못감는 저ㅠㅠ 분명 머리 감았는데 몇시간 지나면 머리 떡지고 각질 생기고 나 억울해,"['건성', '각질', '시간', '하루', '시간', '각질', '억울']","['건성_각질', '각질_시간', '시간_하루', '하루_시간', '시간_각질', '각질_억울']","['건성', '각질', '시간', '하루', '시간', '각질', '억울', '건성_각질', '각질_시간', '시간_하루', '하루_시간', '시간_각질', '각질_억울']",[],머리 4일 안감아본적 있다? vs 없다;;,4.0,0,[],0,[],0,중립,False
youtube,,헤드앤숄더 리뷰,저도 머리를 감았는데도 긁거나 빗으면 각질이 떨어져 나와서 너무나도 공감해요ㅜㅜㅜ 언냐가 효과가 있다고 하니까 꼭 써보고 싶어요,"['각질', '공감', '언냐', '효과']","['각질_공감', '공감_언냐', '언냐_효과']","['각질', '공감', '언냐', '효과', '각질_공감', '공감_언냐', '언냐_효과']",[],머리 4일 안감아본적 있다? vs 없다;;,4.0,0,[],0,[],0,중립,False
youtube,,헤드앤숄더 리뷰,저 샴푸 진짜 좋아요ㅜㅜ 두피 지성이라 아침에 감아도 오후되면 떡져서 고민이었는데 저거쓰고나서 진짜 좋아졌어요,"['지성', '아침', '오후', '고민']","['지성_아침', '아침_오후', '오후_고민']","['지성', '아침', '오후', '고민', '지성_아침', '아침_오후', '오후_고민']",[],머리 4일 안감아본적 있다? vs 없다;;,0.0,0,[],1,['좋아졌'],1,긍정,False
youtube,,헤드앤숄더 리뷰,진짜 이 샴푸 너무 조은데 저 라인으로 갈아타야되겠다 ㅠ 언니 덕에 내 두피도 뽀송해졌으면 좋겠댜 진짜로,"['조은데', '라인', '언니', '뽀송']","['조은데_라인', '라인_언니', '언니_뽀송']","['조은데', '라인', '언니', '뽀송', '조은데_라인', '라인_언니', '언니_뽀송']",[],머리 4일 안감아본적 있다? vs 없다;;,2.0,0,[],0,[],0,중립,False
youtube,,헤드앤숄더 리뷰,울긋불긋한 열감 두피에 하루만 안감아도 떡지는 머리 각질은 덤 게다가 아침에 감아도 자기전에 정수리 냄새가 올라오는 아주 손 많이가는 머리와 두피 때문에 고민이많은데 헤드앤숄더 프로페셔널로 이 모든 고민을 해결할 수 있을거같아요 꼭 써보고싶어요,"['하루', '각질', '아침', '정수리', '냄새', '고민', '프로페셔널', '고민', '해결']","['하루_각질', '각질_아침', '아침_정수리', '정수리_냄새', '냄새_고민', '고민_프로페셔널', '프로페셔널_고민', '고민_해결']","['하루', '각질', '아침', '정수리', '냄새', '고민', '프로페셔널', '고민', '해결', '하루_각질', '각질_아침', '아침_정수리', '정수리_냄새', '냄새_고민', '고민_프로페셔널', '프로페셔널_고민', '고민_해결']",[],머리 4일 안감아본적 있다? vs 없다;;,1.0,1,['올라오'],0,[],-1,이탈위험,False
youtube,,헤드앤숄더 리뷰,나처럼 지성 건성인 사람은 공감할거임 이런 두피를 가지고 있으면 진짜진짜 극한을 넘나드는 중인걸 ㅠㅠㅠㅠ 아침 저녁으로 하루 두번씩 머리 감아도 기름지고 머리 잘 말리고 열심히 관리해도 건조함때문에 각질 파티 검은색 옷은 진짜 마음먹고 입어야함,"['지성', '건성', '공감', '극한', '아침', '저녁', '하루', '관리', '건조', '각질', '파티', '검은색']","['지성_건성', '건성_공감', '공감_극한', '극한_아침', '아침_저녁', '저녁_하루', '하루_관리', '관리_건조', '건조_각질', '각질_파티', '파티_검은색']","['지성', '건성', '공감', '극한', '아침', '저녁', '하루', '관리', '건조', '각질', '파티', '검은색', '지성_건성', '건성_공감', '공감_극한', '극한_아침', '아침_저녁', '저녁_하루', '하루_관리', '관리_건조', '건조_각질', '각질_파티', '파티_검은색']",[],머리 4일 안감아본적 있다? vs 없다;;,2.0,0,[],0,[],0,중립,False
youtube,,헤드앤숄더 리뷰,옛날부터 저 샴푸 쓰신 거 봤는데 완전 써보고 싶어요 머리를 열심히 감고 나와도 두피에 각질이 남아있고 되게 건조한데 또 다음날되면 기름져 있고ㅠㅠ 완전 유수분 밸런스가 박살난 상태입니다 그래서 지금 머리도 엄청빠져서 작년만 해도 미용실가면 제 머리숱보고 놀라셨는데 지금은 말 꼬리마냥 두피가 상하니깐 머릿결도 상한 상태가 됐어요ㅋㅋㅎㅎㅜㅠ 두피각질이랑 냄새도 진짜고민이였는데 절 구원해즈시면 정말 감사하겠습니다ㅠㅜ,"['옛날', '각질', '건조', '다음', '수분', '밸런스', '박살', '상태', '작년', '미용실', '지금', '꼬리', '머릿결', '상태', '각질', '냄새', '고민', '구원해즈', '감사']","['옛날_각질', '각질_건조', '건조_다음', '다음_수분', '수분_밸런스', '밸런스_박살', '박살_상태', '상태_작년', '작년_미용실', '미용실_지금', '지금_꼬리', '꼬리_머릿결', '머릿결_상태', '상태_각질', '각질_냄새', '냄새_고민', '고민_구원해즈', '구원해즈_감사']","['옛날', '각질', '건조', '다음', '수분', '밸런스', '박살', '상태', '작년', '미용실', '지금', '꼬리', '머릿결', '상태', '각질', '냄새', '고민', '구원해즈', '감사', '옛날_각질', '각질_건조', '건조_다음', '다음_수분', '수분_밸런스', '밸런스_박살', '박살_상태', '상태_작년', '작년_미용실', '미용실_지금', '지금_꼬리', '꼬리_머릿결', '머릿결_상태', '상태_각질', '각질_냄새', '냄새_고민', '고민_구원해즈', '구원해즈_감사']",[],머리 4일 안감아본적 있다? vs 없다;;,1.0,0,[],0,[],0,중립,False
youtube,,헤드앤숄더 리뷰,3년동안 비듬으로 고생하고 있는데 영상이랑 댓글 보고 꼭 구해야겠다고 생각했어요 진짜 주위에서 저만큼 건성두피인 사람을 본 적이 없어요 ㅠㅠㅠ 진짜 머리 만지면 비듬 생겨서 못만지겠다는 말에 너무너무 공감해요ㅜㅜㅜㅜ해결책이 없는 줄 알고 평생 이렇게 살아야겠구나 싶었는데 저와 같은 고민을 가졌고 해결되었다는 말을 보고 안심도 되고 넘 감격스러워요 게다가 비듬만큼 떡도 잘 지는 머리인데 수험생이라 솔직히 매일 감는 건 부담스러워서 이틀에 한번 감는데 안 감은 날엔 제 머리가 너무 더러워서 스트레스도 받고 눈치도 보여서 너무 힘들었어요 진짜 좋은 샴푸 알려줘서 고마워요 진짜 꼭꼭 써볼게요,"['동안', '비듬', '고생', '댓글', '주위', '건성', '비듬', '공감', '해결책', '평생', '고민', '해결', '안심', '감격', '비듬', '수험', '부담', '이틀', '스트레스', '눈치']","['동안_비듬', '비듬_고생', '고생_댓글', '댓글_주위', '주위_건성', '건성_비듬', '비듬_공감', '공감_해결책', '해결책_평생', '평생_고민', '고민_해결', '해결_안심', '안심_감격', '감격_비듬', '비듬_수험', '수험_부담', '부담_이틀', '이틀_스트레스', '스트레스_눈치']","['동안', '비듬', '고생', '댓글', '주위', '건성', '비듬', '공감', '해결책', '평생', '고민', '해결', '안심', '감격', '비듬', '수험', '부담', '이틀', '스트레스', '눈치', '동안_비듬', '비듬_고생', '고생_댓글', '댓글_주위', '주위_건성', '건성_비듬', '비듬_공감', '공감_해결책', '해결책_평생', '평생_고민', '고민_해결', '해결_안심', '안심_감격', '감격_비듬', '비듬_수험', '수험_부담', '부담_이틀', '이틀_스트레스', '스트레스_눈치']",[],머리 4일 안감아본적 있다? vs 없다;;,1.0,0,[],0,[],0,중립,False
youtube,,헤드앤숄더 리뷰,학생인데 지성두피라 밖에만 나가면 머리가 금방떡지고 기름져저요ㅜ 헤어식초도 써보고 다른 샴푸도 써봤지만 효과가 없었다는 ㅜ 헤드엔숄더 꼭 써보고 싶어요 댓글보니 저같은 지성두피분들이 많으시더라구용ㅜㅜ 진짜 넘 써보고 싶습니당,"['학생', '지성두피라', '식초', '효과', '헤드', '댓글', '지성두피']","['학생_지성두피라', '지성두피라_식초', '식초_효과', '효과_헤드', '헤드_댓글', '댓글_지성두피']","['학생', '지성두피라', '식초', '효과', '헤드', '댓글', '지성두피', '학생_지성두피라', '지성두피라_식초', '식초_효과', '효과_헤드', '헤드_댓글', '댓글_지성두피']",[],머리 4일 안감아본적 있다? vs 없다;;,1.0,0,[],0,[],0,중립,False
youtube,,헤드앤숄더 리뷰,친구가 추천해서 사용해봤는데 유명한건 이유가 있긴하더라구요 엄청 쿨링하고 좋은데 저는 수부지라서 각질이나 떡짐으로는 일반 샴푸랑 큰차이를 못느꼈어요 현재 맞춤형샴푸 쓰는데 이제까지 사용한 샴푸들중에 제일 효과 좋아요,"['친구', '유명', '부지', '각질', '떡짐', '일반', '차이', '맞춤', '이제', '효과']","['친구_유명', '유명_부지', '부지_각질', '각질_떡짐', '떡짐_일반', '일반_차이', '차이_맞춤', '맞춤_이제', '이제_효과']","['친구', '유명', '부지', '각질', '떡짐', '일반', '차이', '맞춤', '이제', '효과', '친구_유명', '유명_부지', '부지_각질', '각질_떡짐', '떡짐_일반', '일반_차이', '차이_맞춤', '맞춤_이제', '이제_효과']",[],머리 4일 안감아본적 있다? vs 없다;;,1.0,0,[],1,['추천'],1,긍정,False
youtube,,헤드앤숄더 리뷰,어떤 샴푸를 써도 계속 비듬 나와서 머리 말릴때도 조심해서 말리게 되고 일상생활에서도 머리는 절대 못만지게되고 머리 묶을때도 신경쓰면서 묶게 되더라구요 ㅠㅠ 근데 지원님께서 저랑 상황이 같으신 자료화면을 보고 너무 이 샴푸가 써보고 싶어졌어요 이벤트 당첨 안되더라두 이 샴푸 꼭 써보겠습니다 이런 이벤트랑 샴푸 추천해주셔서 감사해여,"['비듬', '조심', '일상생활', '신경', '지원', '상황', '자료', '화면', '당첨', '감사']","['비듬_조심', '조심_일상생활', '일상생활_신경', '신경_지원', '지원_상황', '상황_자료', '자료_화면', '화면_당첨', '당첨_감사']","['비듬', '조심', '일상생활', '신경', '지원', '상황', '자료', '화면', '당첨', '감사', '비듬_조심', '조심_일상생활', '일상생활_신경', '신경_지원', '지원_상황', '상황_자료', '자료_화면', '화면_당첨', '당첨_감사']",[],머리 4일 안감아본적 있다? vs 없다;;,1.0,0,[],1,['추천'],1,긍정,False
youtube,,헤드앤숄더 리뷰,두피때문에 샴푸 유목생활 아직도 못끝낸사람 저요 왜 꼭 샴푸들은 처음 쓸땐 잘 맞는거같다가도 중간정도쓰면 어라 왜 갑자기 또 비듬생기고 떡지는건지ㅠㅠ 헤드앤숄더 기본라인도 써봤지만 약간의 아쉬움이 있었는데 지원님의 프로페셔널 샴푸 사용후기보니까 너무너무 써보고싶어요 지긋지긋한 샴푸유목민 생활 이제 끝내고싶습니다,"['유목', '생활', '처음', '중간', '비듬', '기본', '라인', '약간', '아쉬움', '지원', '프로페셔널', '유목민', '생활']","['유목_생활', '생활_처음', '처음_중간', '중간_비듬', '비듬_기본', '기본_라인', '라인_약간', '약간_아쉬움', '아쉬움_지원', '지원_프로페셔널', '프로페셔널_유목민', '유목민_생활']","['유목', '생활', '처음', '중간', '비듬', '기본', '라인', '약간', '아쉬움', '지원', '프로페셔널', '유목민', '생활', '유목_생활', '생활_처음', '처음_중간', '중간_비듬', '비듬_기본', '기본_라인', '라인_약간', '약간_아쉬움', '아쉬움_지원', '지원_프로페셔널', '프로페셔널_유목민', '유목민_생활']",[],머리 4일 안감아본적 있다? vs 없다;;,1.0,0,[],0,[],0,중립,False
youtube,,헤드앤숄더 리뷰,지원님 진짜 저 떡 안지는 샴푸 필요했어요ㅠㅠ 주말 공휴일 할거 없이 매일 12시간 근무인데 퇴근하면 너무 피곤해서 아침에 더 자려고 저녁에 머리 감아도 일어나면 머리가 떡진거처럼 뭉쳐있어서 결국 다시 감고 샴푸 매일 두번씩 하는 셈이니 두피에도 안좋아질까봐 걱정이여서 한참을 찾았는데 이걸 딱 발견했네요 점점 날씨도 더워지고 있어서 몸에 열 많고 땀도 많이 흘리는 체질인 저한테 딱인거 같아요ㅠㅠ,"['지원', '필요', '주말', '공휴일', '근무', '퇴근', '피곤', '아침', '저녁', '결국', '걱정', '한참', '발견', '날씨', '체질']","['지원_필요', '필요_주말', '주말_공휴일', '공휴일_근무', '근무_퇴근', '퇴근_피곤', '피곤_아침', '아침_저녁', '저녁_결국', '결국_걱정', '걱정_한참', '한참_발견', '발견_날씨', '날씨_체질']","['지원', '필요', '주말', '공휴일', '근무', '퇴근', '피곤', '아침', '저녁', '결국', '걱정', '한참', '발견', '날씨', '체질', '지원_필요', '필요_주말', '주말_공휴일', '공휴일_근무', '근무_퇴근', '퇴근_피곤', '피곤_아침', '아침_저녁', '저녁_결국', '결국_걱정', '걱정_한참', '한참_발견', '발견_날씨', '날씨_체질']",[],머리 4일 안감아본적 있다? vs 없다;;,2.0,0,[],0,[],0,중립,False
youtube,,헤드앤숄더 리뷰,지성 두피라 그런지 하루만 지나도 기름지고 가끔은 머리 쪽에 트러블까지 올라와요ㅠㅠ 요새 습도도 높아서 더 끈적거리는 등 좀 신경 쓰이는데 헤드앤더 프로페셔널 오일 컨트롤 제품 한번 써보고 싶네요,"['지성', '하루', '트러블', '요새', '습도', '신경', '헤드앤더', '프로페셔널', '오일', '컨트롤']","['지성_하루', '하루_트러블', '트러블_요새', '요새_습도', '습도_신경', '신경_헤드앤더', '헤드앤더_프로페셔널', '프로페셔널_오일', '오일_컨트롤']","['지성', '하루', '트러블', '요새', '습도', '신경', '헤드앤더', '프로페셔널', '오일', '컨트롤', '지성_하루', '하루_트러블', '트러블_요새', '요새_습도', '습도_신경', '신경_헤드앤더', '헤드앤더_프로페셔널', '프로페셔널_오일', '오일_컨트롤']",[],머리 4일 안감아본적 있다? vs 없다;;,2.0,1,['트러블'],0,[],-1,이탈위험,False
youtube,,헤드앤숄더 리뷰,언니랑 정말 똑같은 두피를 가지거 있는 사람이에요 건성두피를 가지고 있어서 아무리 다양한 샴푸를 써봐도 아무리 다양한 방법을 써봐도 두피 각질은 사라지지 않더라구요ㅠㅠ 거의 2년째 엄청 스트레스 받고 있는 문젠데 저에게 너무 구세주같은 제품인 것 같아요 게다가 앞머리까지 있어서 머리도 쉽게 떡져서 진짜 스트레스를 많이 받았거든요 원래 두피가 예민한편이라 자칫하면 지루성 두피염도 자주 찾아오는 최악의 두피를 가지고 있는 사람입니다 ㅠㅠ 그래서 그런지 마지막 희망으로 헤드앤숄더 제품 너무 가지고 싶네요 좋은 제품 추천 고마워요,"['언니', '건성', '다양', '다양', '방법', '각질', '스트레스', '문제', '구세주', '앞머리', '스트레스', '지루', '최악', '마지막', '희망']","['언니_건성', '건성_다양', '다양_다양', '다양_방법', '방법_각질', '각질_스트레스', '스트레스_문제', '문제_구세주', '구세주_앞머리', '앞머리_스트레스', '스트레스_지루', '지루_최악', '최악_마지막', '마지막_희망']","['언니', '건성', '다양', '다양', '방법', '각질', '스트레스', '문제', '구세주', '앞머리', '스트레스', '지루', '최악', '마지막', '희망', '언니_건성', '건성_다양', '다양_다양', '다양_방법', '방법_각질', '각질_스트레스', '스트레스_문제', '문제_구세주', '구세주_앞머리', '앞머리_스트레스', '스트레스_지루', '지루_최악', '최악_마지막', '마지막_희망']",[],머리 4일 안감아본적 있다? vs 없다;;,1.0,1,['최악'],1,['추천'],0,중립,False
youtube,,헤드앤숄더 리뷰,지성두피로 살아간지 2n년차 ts부터 갈아치운 삼푸만 20브랜드가 넘습니다 8시간만 지나도 떡지고요 긴 생머리 분들은 아실텐데 떡지는 것도 땀에 쩔은 것 마냥 착 붙어서 꾀죄죄해보여요 그래서 두피 스프레이 오일 샴푸 다 하고 마사지도 받고 두피전용 식초도 쓰는데 삼푸에는 아직 정착을 못했네요ㅠ 지원님 덕분에 꿀템 많이 받아갔는데 이번에 샴푸라니 너무 기대돼요 미국에서부터 쓰셨다니 믿어봅니다 제발 이번에는 정착할 수 있길,"['지성', '삼푸', '시간', '스프레이', '오일', '마사지', '전용', '식초', '삼푸', '정착', '지원', '덕분', '이번', '기대', '미국', '이번', '정착']","['지성_삼푸', '삼푸_시간', '시간_스프레이', '스프레이_오일', '오일_마사지', '마사지_전용', '전용_식초', '식초_삼푸', '삼푸_정착', '정착_지원', '지원_덕분', '덕분_이번', '이번_기대', '기대_미국', '미국_이번', '이번_정착']","['지성', '삼푸', '시간', '스프레이', '오일', '마사지', '전용', '식초', '삼푸', '정착', '지원', '덕분', '이번', '기대', '미국', '이번', '정착', '지성_삼푸', '삼푸_시간', '시간_스프레이', '스프레이_오일', '오일_마사지', '마사지_전용', '전용_식초', '식초_삼푸', '삼푸_정착', '정착_지원', '지원_덕분', '덕분_이번', '이번_기대', '기대_미국', '미국_이번', '이번_정착']",[],머리 4일 안감아본적 있다? vs 없다;;,2.0,0,[],1,['정착'],1,긍정,False
youtube,,헤드앤숄더 리뷰,지루성두피염으로 매일감아도 각질이떨어져요ㅜㅜ 근데 금방또 기름집니다 그나마 헤드앤숄더 오리지널로 버티는데 여름이다가오니 각질 반나절기름 폭팔이네요ㅜㅜ 주변에서 껍데기같은거 떼주고그럴때 민망한데 한번써보고싶어요 혹시 두가지버전중 어떤걸 더 추천하실까요,"['지루성두피염', '각질', '오리지널', '여름', '각질', '반나절', '기름', '폭파', '주변', '껍데기', '버전']","['지루성두피염_각질', '각질_오리지널', '오리지널_여름', '여름_각질', '각질_반나절', '반나절_기름', '기름_폭파', '폭파_주변', '주변_껍데기', '껍데기_버전']","['지루성두피염', '각질', '오리지널', '여름', '각질', '반나절', '기름', '폭파', '주변', '껍데기', '버전', '지루성두피염_각질', '각질_오리지널', '오리지널_여름', '여름_각질', '각질_반나절', '반나절_기름', '기름_폭파', '폭파_주변', '주변_껍데기', '껍데기_버전']",[],머리 4일 안감아본적 있다? vs 없다;;,1.0,0,[],1,['추천'],1,긍정,False
youtube,,헤드앤숄더 리뷰,두피에 안나던 뾰루지랑 비듬이 요새 너무 고민이었는데 이런 샴푸추천영상이 뜨다니 너무 나에게 필요한 샴푸얌 프로페셔널 헤드앤숄더 당장 써보고싶어,"['뾰루지', '비듬', '고민', '필요', '프로페셔널']","['뾰루지_비듬', '비듬_고민', '고민_필요', '필요_프로페셔널']","['뾰루지', '비듬', '고민', '필요', '프로페셔널', '뾰루지_비듬', '비듬_고민', '고민_필요', '필요_프로페셔널']",[],머리 4일 안감아본적 있다? vs 없다;;,0.0,1,['뾰루지'],1,['추천'],0,중립,False
youtube,,헤드앤숄더 리뷰,매일 감아도 막 떡지고 지원님처럼 각질이 계속 나와요ㅠㅠ 그래서 머리에 손도 못댐ㅋ 또 파우더 쓰면 너무 비듬 같고ㅠㅠ 해드앤숄더에 대해 많이 알고 싶어요 해드앤숄더 제품 꼭 써보고 싶어요ㅠㅠ 저랑 머리 스타일 비슷 ㅋㅋㅋ 하 눈물 나온다 각질 그만 나오라구 해드앤숄더 한 번 써 볼께요 건성 두피들 아님 각질 나오는 사람 모여라,"['지원', '각질', '파우더', '비듬', '해드앤숄더', '해드앤숄더', '스타일', '눈물', '각질', '해드앤숄더', '건성', '각질']","['지원_각질', '각질_파우더', '파우더_비듬', '비듬_해드앤숄더', '해드앤숄더_해드앤숄더', '해드앤숄더_스타일', '스타일_눈물', '눈물_각질', '각질_해드앤숄더', '해드앤숄더_건성', '건성_각질']","['지원', '각질', '파우더', '비듬', '해드앤숄더', '해드앤숄더', '스타일', '눈물', '각질', '해드앤숄더', '건성', '각질', '지원_각질', '각질_파우더', '파우더_비듬', '비듬_해드앤숄더', '해드앤숄더_해드앤숄더', '해드앤숄더_스타일', '스타일_눈물', '눈물_각질', '각질_해드앤숄더', '해드앤숄더_건성', '건성_각질']",[],머리 4일 안감아본적 있다? vs 없다;;,2.0,0,[],0,[],0,중립,False
youtube,,헤드앤숄더 리뷰,와 대박 전에 비듬걱정 많았을때 알았다라면 지금도 마찬가지기에 쓰기 좋아보이네요,"['비듬', '걱정', '지금', '마찬가지']","['비듬_걱정', '걱정_지금', '지금_마찬가지']","['비듬', '걱정', '지금', '마찬가지', '비듬_걱정', '걱정_지금', '지금_마찬가지']",[],머리 4일 안감아본적 있다? vs 없다;;,0.0,0,[],0,[],0,중립,False
youtube,,헤드앤숄더 리뷰,저도 헤드앤숄더 기본라인 쓰는데 오늘만해도 비듬이 썸남 만나야한단 말이야 ㅜㅜ 언니 도와줘 언니 추천템들은 다 좋아서 써보고 싶어,"['기본', '라인', '비듬', '언니', '언니']","['기본_라인', '라인_비듬', '비듬_언니', '언니_언니']","['기본', '라인', '비듬', '언니', '언니', '기본_라인', '라인_비듬', '비듬_언니', '언니_언니']",[],머리 4일 안감아본적 있다? vs 없다;;,1.0,0,[],1,['추천'],1,긍정,False
youtube,,헤드앤숄더 리뷰,저도 헤드앤숄더 기본라인 사용중인데 정말 좋지만 극지성이라 비듬이 후두둑 프로패셔널 쓰며 구원받고 싶어요ㅠㅠ,"['기본', '라인', '지성', '비듬', '프로패셔널', '구원']","['기본_라인', '라인_지성', '지성_비듬', '비듬_프로패셔널', '프로패셔널_구원']","['기본', '라인', '지성', '비듬', '프로패셔널', '구원', '기본_라인', '라인_지성', '지성_비듬', '비듬_프로패셔널', '프로패셔널_구원']",[],머리 4일 안감아본적 있다? vs 없다;;,1.0,0,[],0,[],0,중립,False
youtube,,헤드앤숄더 리뷰,헐 프로페셔널이 있었구나 전 기본 대용량 사서 쓰고 있는데 비듬은 좋아졌지만 기름이ㅠㅠ저녁만 되면 기름이 좔좔좔 프로페셔널 한 번 써봐야 겠어요,"['프로페셔널', '기본', '용량', '비듬', '기름이', '저녁', '기름', '프로페셔널']","['프로페셔널_기본', '기본_용량', '용량_비듬', '비듬_기름이', '기름이_저녁', '저녁_기름', '기름_프로페셔널']","['프로페셔널', '기본', '용량', '비듬', '기름이', '저녁', '기름', '프로페셔널', '프로페셔널_기본', '기본_용량', '용량_비듬', '비듬_기름이', '기름이_저녁', '저녁_기름', '기름_프로페셔널']",[],머리 4일 안감아본적 있다? vs 없다;;,0.0,0,[],1,['좋아졌'],1,긍정,False
youtube,,헤드앤숄더 리뷰,저는 고3학생인데요 진짜 하루가 채 지나기전에 반나절만되도 떡져서ㅜ항상 드라이샴푸는 필수입니다 고3이라 밤샐날도 많은데 그럴때마다 떡진거 너무 표나서 항상 놀림을 받았어요ㅜㅜㅜ 그리고 각질 비듬 둘다 있는 편이라 머리 안건들려고 노력하는데 기름져서 간지러워지니 어쩔수 없이 또 건들게 되고 그래서 주로 밝은 옷만 입어요 저만큼 머리 지성이라 힘든 사람 없을거에요ㅜㅜㅜ 이제는 두피때문에 스트레스 그만 받고 싶어요,"['학생', '하루', '반나절', '드라이', '필수', '놀림', '각질', '비듬', '노력', '지성', '이제', '스트레스']","['학생_하루', '하루_반나절', '반나절_드라이', '드라이_필수', '필수_놀림', '놀림_각질', '각질_비듬', '비듬_노력', '노력_지성', '지성_이제', '이제_스트레스']","['학생', '하루', '반나절', '드라이', '필수', '놀림', '각질', '비듬', '노력', '지성', '이제', '스트레스', '학생_하루', '하루_반나절', '반나절_드라이', '드라이_필수', '필수_놀림', '놀림_각질', '각질_비듬', '비듬_노력', '노력_지성', '지성_이제', '이제_스트레스']",[],머리 4일 안감아본적 있다? vs 없다;;,1.0,0,[],0,[],0,중립,False
youtube,,헤드앤숄더 리뷰,헐헐 이거 저도 써요ㅠㅠㅠ 진짜 저도 두피 너무 안 좋아서 옛날에는 두피에 뾰루지처럼 생기고 피도 나고 두피 막 벗겨지고 진물나오고ㅠㅠ 그러다가 피부과가서 받은 샴푸에 연고 다 써봤지만 효과도 없고 이것저것 샴푸 두피에 좋다는거 다 써봤지만 저거 쓰고나서 가려움도 가라앉고 덜 일어났어요 그래서 저도 제 최애샴푸 온니도 쓰고 계셨다니ㅠㅠ 인증 받은 기분이에요,"['옛날', '뾰루지', '진물', '피부과', '연고', '효과', '이것저것', '최애', '인증', '기분']","['옛날_뾰루지', '뾰루지_진물', '진물_피부과', '피부과_연고', '연고_효과', '효과_이것저것', '이것저것_최애', '최애_인증', '인증_기분']","['옛날', '뾰루지', '진물', '피부과', '연고', '효과', '이것저것', '최애', '인증', '기분', '옛날_뾰루지', '뾰루지_진물', '진물_피부과', '피부과_연고', '연고_효과', '효과_이것저것', '이것저것_최애', '최애_인증', '인증_기분']",[],머리 4일 안감아본적 있다? vs 없다;;,3.0,2,"['뾰루지', '가려움']",0,[],-2,이탈위험,False
youtube,,헤드앤숄더 리뷰,어렸을 때 엄마가 헤드엔숄더만 집에 구비해두셨는데 나이 먹으니 올영에 익숙해져서 한국 와서는 써본적이 없네요ㅠㅠ 좋은 제품인거 깜빡하고 있었어요 비듬처럼 보일까봐 걱정이라는거 넘넘 공감해요 ㅠㅠㅠㅠ 자주 떡져서 더 피곤 30분 뒤에 라이브 할텐데 써보려구용ㅇ,"['엄마', '헤드엔숄더', '구비', '나이', '한국', '비듬', '걱정', '공감', '피곤', '라이브']","['엄마_헤드엔숄더', '헤드엔숄더_구비', '구비_나이', '나이_한국', '한국_비듬', '비듬_걱정', '걱정_공감', '공감_피곤', '피곤_라이브']","['엄마', '헤드엔숄더', '구비', '나이', '한국', '비듬', '걱정', '공감', '피곤', '라이브', '엄마_헤드엔숄더', '헤드엔숄더_구비', '구비_나이', '나이_한국', '한국_비듬', '비듬_걱정', '걱정_공감', '공감_피곤', '피곤_라이브']",[],머리 4일 안감아본적 있다? vs 없다;;,0.0,0,[],0,[],0,중립,False
youtube,,헤드앤숄더 리뷰,학과 특성상 어피를 매일 해야하는데 꼬리빗으로 가르마를 탈 때마다 두피에서 각질이 진짜 못 봐주겠더라구요 ㅠㅠㅠㅠ 스프레이로 매일 코팅하니 두피도 숨을 못 쉬어서 답답하구 두피냄새도 장난 아니예요 지원님이 브러쉬로 두피 긁을 때 넘 시원해보여요 ㅠㅠㅠㅠ 대리 만족감 짱이에요 캐나다에도 파는지 검색해 봐야겠어요 쇼퍼스에 있네요 당장 구매하러 갑니다 그리구 한국 돌아가서두 바로 구매할 거예용 홍홍,"['학과', '특성', '어피', '꼬리', '가르마', '각질', '스프레이', '코팅', '냄새', '장난', '지원', '브러쉬', '대리', '만족감', '캐나다', '검색', '쇼퍼스', '당장', '한국', '홍홍']","['학과_특성', '특성_어피', '어피_꼬리', '꼬리_가르마', '가르마_각질', '각질_스프레이', '스프레이_코팅', '코팅_냄새', '냄새_장난', '장난_지원', '지원_브러쉬', '브러쉬_대리', '대리_만족감', '만족감_캐나다', '캐나다_검색', '검색_쇼퍼스', '쇼퍼스_당장', '당장_한국', '한국_홍홍']","['학과', '특성', '어피', '꼬리', '가르마', '각질', '스프레이', '코팅', '냄새', '장난', '지원', '브러쉬', '대리', '만족감', '캐나다', '검색', '쇼퍼스', '당장', '한국', '홍홍', '학과_특성', '특성_어피', '어피_꼬리', '꼬리_가르마', '가르마_각질', '각질_스프레이', '스프레이_코팅', '코팅_냄새', '냄새_장난', '장난_지원', '지원_브러쉬', '브러쉬_대리', '대리_만족감', '만족감_캐나다', '캐나다_검색', '검색_쇼퍼스', '쇼퍼스_당장', '당장_한국', '한국_홍홍']",[],머리 4일 안감아본적 있다? vs 없다;;,1.0,0,[],0,[],0,중립,False
youtube,,헤드앤숄더 리뷰,기본제품도 아주 만족하면서 썼는데 각질과 머리 떡짐을 늦추는 샴푸라니 기대되네용,"['기본', '만족', '각질', '떡짐', '기대']","['기본_만족', '만족_각질', '각질_떡짐', '떡짐_기대']","['기본', '만족', '각질', '떡짐', '기대', '기본_만족', '만족_각질', '각질_떡짐', '떡짐_기대']",[],머리 4일 안감아본적 있다? vs 없다;;,0.0,0,[],0,[],0,중립,False
youtube,,헤드앤숄더 리뷰,머리 아침에 감아도 저녁만 되면 각질이 떨어져서 원래 이런 줄 알았더니 아니었군요 언니가 추천하니까 꼭 써보고 싶어요,"['아침', '저녁', '각질', '언니']","['아침_저녁', '저녁_각질', '각질_언니']","['아침', '저녁', '각질', '언니', '아침_저녁', '저녁_각질', '각질_언니']",[],머리 4일 안감아본적 있다? vs 없다;;,0.0,0,[],1,['추천'],1,긍정,False
youtube,,헤드앤숄더 리뷰,헐 두피가 너무 건조해지는거같아서 걱정이었는데 써봐야겠어요 지원님 추천이면 믿을수있져 ㅋㅋ,"['건조', '걱정', '지원']","['건조_걱정', '걱정_지원']","['건조', '걱정', '지원', '건조_걱정', '걱정_지원']",[],머리 4일 안감아본적 있다? vs 없다;;,0.0,0,[],1,['추천'],1,긍정,False
youtube,,헤드앤숄더 리뷰,탈색하고 두피가 너어어어어어어무 예민해지고 ㅠㅠㅠ 빗질만 해도 각질이 후두둑 떨어져서 진짜 너무너무너무 스트레스였는데 이 샴푸가 구원템이 될 거 같아서 써보고 싶네요,"['탈색', '각질', '스트레스', '구원템']","['탈색_각질', '각질_스트레스', '스트레스_구원템']","['탈색', '각질', '스트레스', '구원템', '탈색_각질', '각질_스트레스', '스트레스_구원템']",[],머리 4일 안감아본적 있다? vs 없다;;,0.0,0,[],0,[],0,중립,False
youtube,,헤드앤숄더 리뷰,저녁에 감으면 다음 날에 떡지는 지성 두피 겨울엔 추운 아침마다 여름엔 아침 저녁으로 두번씩 드라이샴푸는 필수 저에게 너무나도 필요한 제품이에여,"['저녁', '다음', '지성', '겨울', '아침', '여름', '아침', '저녁', '드라이', '필수', '필요']","['저녁_다음', '다음_지성', '지성_겨울', '겨울_아침', '아침_여름', '여름_아침', '아침_저녁', '저녁_드라이', '드라이_필수', '필수_필요']","['저녁', '다음', '지성', '겨울', '아침', '여름', '아침', '저녁', '드라이', '필수', '필요', '저녁_다음', '다음_지성', '지성_겨울', '겨울_아침', '아침_여름', '여름_아침', '아침_저녁', '저녁_드라이', '드라이_필수', '필수_필요']",[],머리 4일 안감아본적 있다? vs 없다;;,0.0,0,[],0,[],0,중립,False
youtube,,헤드앤숄더 리뷰,진짜 비듬 너무 고민인데 추천 곰아워요 거기다 저렇게 현실감 가득한 후기라니 믿고 살게용,"['비듬', '고민', '곰아워', '현실감']","['비듬_고민', '고민_곰아워', '곰아워_현실감']","['비듬', '고민', '곰아워', '현실감', '비듬_고민', '고민_곰아워', '곰아워_현실감']",[],머리 4일 안감아본적 있다? vs 없다;;,0.0,0,[],1,['추천'],1,긍정,False
youtube,,헤드앤숄더 리뷰,개개개개극지성 두피를 가졌습니다 미용실에서도 인정한 진짜 미친 지성인데요 아무리 유명한 지성용 샴푸도 3시간 지나면 떡져서 넘 힘들어요ㅠㅠ 언니 인증 샴푸라니까 믿고 써보고싶네영,"['개개', '개개', '지성', '미용실', '인정', '지성', '유명', '지성', '언니', '인증']","['개개_개개', '개개_지성', '지성_미용실', '미용실_인정', '인정_지성', '지성_유명', '유명_지성', '지성_언니', '언니_인증']","['개개', '개개', '지성', '미용실', '인정', '지성', '유명', '지성', '언니', '인증', '개개_개개', '개개_지성', '지성_미용실', '미용실_인정', '인정_지성', '지성_유명', '유명_지성', '지성_언니', '언니_인증']",[],머리 4일 안감아본적 있다? vs 없다;;,0.0,0,[],0,[],0,중립,False
youtube,,헤드앤숄더 리뷰,요즘 머리 각질 뻥안치고 너무 심해져서 고민이었는데 저한테 딱 맞는 제품이 나와주엇네요 ㅜㅜㅠㅠ 당장 구매갈기러가,"['각질', '고민', '당장']","['각질_고민', '고민_당장']","['각질', '고민', '당장', '각질_고민', '고민_당장']",[],머리 4일 안감아본적 있다? vs 없다;;,0.0,0,[],0,[],0,중립,False
youtube,,헤드앤숄더 리뷰,지원님 영상 보다가 깜짝놀랐어요 저랑 두피가 똑같으세요ㅠㅠ 건성이라 각질 떨어질까봐 손도 잘 안대고 금방 떡지고ㅜㅠㅠ딱 헤드앤숄더 기본라인 쓰고있는데 프로페셔널라인이 훨씬 괜찮군요 요즘 탈모도 걱정이라 두피관리 정보를 주섬주섬 모으고 있는데 좋은 정보 감사해요,"['지원', '건성', '각질', '기본', '라인', '프로페셔널', '라인', '탈모', '걱정', '관리', '정보', '정보', '감사']","['지원_건성', '건성_각질', '각질_기본', '기본_라인', '라인_프로페셔널', '프로페셔널_라인', '라인_탈모', '탈모_걱정', '걱정_관리', '관리_정보', '정보_정보', '정보_감사']","['지원', '건성', '각질', '기본', '라인', '프로페셔널', '라인', '탈모', '걱정', '관리', '정보', '정보', '감사', '지원_건성', '건성_각질', '각질_기본', '기본_라인', '라인_프로페셔널', '프로페셔널_라인', '라인_탈모', '탈모_걱정', '걱정_관리', '관리_정보', '정보_정보', '정보_감사']",[],머리 4일 안감아본적 있다? vs 없다;;,2.0,0,[],0,[],0,중립,False
youtube,,헤드앤숄더 리뷰,파랑이는 두피 시원하고 초록이는 각질 비듬 완전 잘 잡혀요 둘 다 기름은 잘 잡아주는데 저는 개인적으로 초록이가 진짜 너무 좋았어서 재구매해서 쓰고잇어요,"['파랑', '초록', '각질', '비듬', '기름', '개인', '초록']","['파랑_초록', '초록_각질', '각질_비듬', '비듬_기름', '기름_개인', '개인_초록']","['파랑', '초록', '각질', '비듬', '기름', '개인', '초록', '파랑_초록', '초록_각질', '각질_비듬', '비듬_기름', '기름_개인', '개인_초록']",[],머리 4일 안감아본적 있다? vs 없다;;,0.0,0,[],1,['재구매'],1,긍정,False
youtube,,헤드앤숄더 리뷰,두피 브러쉬 진짜 요물임 개 시원함 저거 없으면 머리 못 감음,"['브러쉬', '요물']",['브러쉬_요물'],"['브러쉬', '요물', '브러쉬_요물']",[],머리 4일 안감아본적 있다? vs 없다;;,0.0,0,[],0,[],0,중립,False
youtube,,헤드앤숄더 리뷰,ㅘ 온니 두피타입 완전 공감 두피쪽 머리카락 엉켜도 괜히 비듬 나올까봐 못하는 두피 브러쉬 한동안 안썼는데 이거랑 브러쉬랑 가치 써봐야징,"['타입', '공감', '머리카락', '비듬', '브러쉬', '한동안', '브러쉬', '가치']","['타입_공감', '공감_머리카락', '머리카락_비듬', '비듬_브러쉬', '브러쉬_한동안', '한동안_브러쉬', '브러쉬_가치']","['타입', '공감', '머리카락', '비듬', '브러쉬', '한동안', '브러쉬', '가치', '타입_공감', '공감_머리카락', '머리카락_비듬', '비듬_브러쉬', '브러쉬_한동안', '한동안_브러쉬', '브러쉬_가치']",[],머리 4일 안감아본적 있다? vs 없다;;,1.0,0,[],0,[],0,중립,False
youtube,,헤드앤숄더 리뷰,비듬이랑 떡짐 완전 제 고민이에요 ㅠㅠ 각질 생기고 저녁에 감으면 떡져서 자주 감아줘야돼요 이런 고민을 해결해줄 지원언니픽 샴푸라니 기대됩니당,"['비듬', '고민', '각질', '저녁', '고민', '해결', '지원', '언니', '기대']","['비듬_고민', '고민_각질', '각질_저녁', '저녁_고민', '고민_해결', '해결_지원', '지원_언니', '언니_기대']","['비듬', '고민', '각질', '저녁', '고민', '해결', '지원', '언니', '기대', '비듬_고민', '고민_각질', '각질_저녁', '저녁_고민', '고민_해결', '해결_지원', '지원_언니', '언니_기대']",[],머리 4일 안감아본적 있다? vs 없다;;,0.0,0,[],0,[],0,중립,False
youtube,,헤드앤숄더 리뷰,내 머리 기름 냄새 때문에 헛구역질 나오는 사람 잇츠미 ㅋㅋㅋ 진짜 지성 두피 중의 지성 두피라서 유분이 너무 많이 올라오고 심지어 샴푸를 한 번 해서는 다 안 지워져서 애벌 샴푸도 하고 본 샴푸도 꼭 해야하는 사람이에요 여름이 되면 그런 유분이랑 땀이랑 먼지랑 다 뒤섞여서 진짜 너어어우무 꿉꿉하고 두피가 간질간질 가려워서 긁으면 진짜 손톱에 냄새가 너무 더럽져 진짜 365일 머리 기름이랑 싸우고 있는 사람이라서 샴푸 써 본 종류만 해도 얼마나 많이 써봤는지 모르겠어요 헤드앤숄더는 이런 제 두피 고민을 해결해줄 수 있을지 너무너무 기대돼요 제발 이번 여름은 시원하게 날 수 있기를,"['기름', '냄새', '구역', '잇츠미', '지성', '지성', '유분', '애벌', '여름', '유분', '먼지', '너어어우무', '손톱', '냄새', '기름', '종류', '고민', '해결', '기대', '이번', '여름']","['기름_냄새', '냄새_구역', '구역_잇츠미', '잇츠미_지성', '지성_지성', '지성_유분', '유분_애벌', '애벌_여름', '여름_유분', '유분_먼지', '먼지_너어어우무', '너어어우무_손톱', '손톱_냄새', '냄새_기름', '기름_종류', '종류_고민', '고민_해결', '해결_기대', '기대_이번', '이번_여름']","['기름', '냄새', '구역', '잇츠미', '지성', '지성', '유분', '애벌', '여름', '유분', '먼지', '너어어우무', '손톱', '냄새', '기름', '종류', '고민', '해결', '기대', '이번', '여름', '기름_냄새', '냄새_구역', '구역_잇츠미', '잇츠미_지성', '지성_지성', '지성_유분', '유분_애벌', '애벌_여름', '여름_유분', '유분_먼지', '먼지_너어어우무', '너어어우무_손톱', '손톱_냄새', '냄새_기름', '기름_종류', '종류_고민', '고민_해결', '해결_기대', '기대_이번', '이번_여름']",[],머리 4일 안감아본적 있다? vs 없다;;,1.0,1,['올라오'],0,[],-1,이탈위험,False
youtube,,헤드앤숄더 리뷰,두피 지성 진짜 저녁에 감고 자도 아침에 떡져서 특히 앞머리 있는 사람은 진짜 매일매일 아침마다 머리 감아야 해서 미치도록 불편하죠ㅠㅜㅜㅠ 저 샴푸 한 번 써보고 싶네요,"['지성', '저녁', '아침', '앞머리', '아침', '불편']","['지성_저녁', '저녁_아침', '아침_앞머리', '앞머리_아침', '아침_불편']","['지성', '저녁', '아침', '앞머리', '아침', '불편', '지성_저녁', '저녁_아침', '아침_앞머리', '앞머리_아침', '아침_불편']",[],머리 4일 안감아본적 있다? vs 없다;;,0.0,0,[],0,[],0,중립,False
youtube,,헤드앤숄더 리뷰,저도 머리 매일 감아도 비듬 안 없어져서 몇 년째 스트레스 받고 살았어요ㅠㅠ 헤드앤숄더 한번 써보고 싶네요,"['비듬', '스트레스']",['비듬_스트레스'],"['비듬', '스트레스', '비듬_스트레스']",[],머리 4일 안감아본적 있다? vs 없다;;,0.0,0,[],0,[],0,중립,False
youtube,,헤드앤숄더 리뷰,항상 두피에 정수리 냄새가 나고ㅠㅠ자주 떡이 져서 사람들이랑 있을때 자꾸 신경이 쓰이더라구요 저녁에 감아도 아침에 보면 다 떡져있고ㅠ 아침에 감아도 저녁되면 다 떡지고ㅠㅠㅠ너무너무 스트레스라 지원님이 극찬하시는 프로페셔널 라인 써보고싶어요 그리고 지원님 영상 항상 잘보고 있어요 사랑합니다,"['정수리', '냄새', '신경', '저녁', '아침', '아침', '저녁', '스트레스', '지원', '극찬', '프로페셔널', '라인', '지원', '사랑']","['정수리_냄새', '냄새_신경', '신경_저녁', '저녁_아침', '아침_아침', '아침_저녁', '저녁_스트레스', '스트레스_지원', '지원_극찬', '극찬_프로페셔널', '프로페셔널_라인', '라인_지원', '지원_사랑']","['정수리', '냄새', '신경', '저녁', '아침', '아침', '저녁', '스트레스', '지원', '극찬', '프로페셔널', '라인', '지원', '사랑', '정수리_냄새', '냄새_신경', '신경_저녁', '저녁_아침', '아침_아침', '아침_저녁', '저녁_스트레스', '스트레스_지원', '지원_극찬', '극찬_프로페셔널', '프로페셔널_라인', '라인_지원', '지원_사랑']",[],머리 4일 안감아본적 있다? vs 없다;;,0.0,0,[],0,[],0,중립,False
youtube,,헤드앤숄더 리뷰,머리 제대로 안 말려서 비듬 나오는 줄 알았는데 건성피부라 그런거였군 오늘도 언니 덕분에 꿀팁 하나 얻어가용 샴푸 써봐야겠다,"['비듬', '건성', '피부', '언니', '덕분']","['비듬_건성', '건성_피부', '피부_언니', '언니_덕분']","['비듬', '건성', '피부', '언니', '덕분', '비듬_건성', '건성_피부', '피부_언니', '언니_덕분']",[],머리 4일 안감아본적 있다? vs 없다;;,0.0,0,[],0,[],0,중립,False
youtube,,헤드앤숄더 리뷰,언니 숏츠 보고 바로 구매했어요 학생 때부터 머리 매일 감아도 비듬이 떨어져서 검은 색 옷은 피해서 입었어요 엄마가 맨날 제 두피 긁어서 비듬 떨어지면 머리 감으라고 잔소리하셨던 기억이 있네요 ㅠㅠ 미용실 가면 항상 두피가 안 좋다고 하셔서 어떤 샴푸 써야하지 고민했었는데 어떨지 너무 기대돼요 항상 좋은 정보와 재밌는 영상 보여주셔서 감사합니다,"['언니', '숏츠', '학생', '비듬', '엄마', '비듬', '잔소리', '기억', '미용실', '고민', '기대', '정보', '감사']","['언니_숏츠', '숏츠_학생', '학생_비듬', '비듬_엄마', '엄마_비듬', '비듬_잔소리', '잔소리_기억', '기억_미용실', '미용실_고민', '고민_기대', '기대_정보', '정보_감사']","['언니', '숏츠', '학생', '비듬', '엄마', '비듬', '잔소리', '기억', '미용실', '고민', '기대', '정보', '감사', '언니_숏츠', '숏츠_학생', '학생_비듬', '비듬_엄마', '엄마_비듬', '비듬_잔소리', '잔소리_기억', '기억_미용실', '미용실_고민', '고민_기대', '기대_정보', '정보_감사']",[],머리 4일 안감아본적 있다? vs 없다;;,0.0,0,[],0,[],0,중립,False
youtube,,헤드앤숄더 리뷰,하루만 머리 안감으면 머리 가렵고 머리카락 빠지는 양도 달라요 저녁되면 떡져있는데 매일 씻으니까 두피가 너무 건조하고 각질이 비듬처럼 떨어져요 추천해주신 두피에센스 려 루트젠도 쓰고 있습니다 머리 말리고 나면 에센스 사용부위가 픽서 뿌린 것 처럼 끈적 버석 거리는 거 말고는 머리카락 빠지는 양도 줄고 씻고 난 직후 건조함은 없지만 아직도 매일 씻어야할 정도로 유분이 많은데 건조한건 없어지지 않네요 ㅠ 헤드엔숄더 프로 지성용이 좋을까요 건성용이 좋을까요,"['하루', '머리카락', '저녁', '건조', '각질', '비듬', '에센스', '루트', '에센스', '부위', '픽서', '머리카락', '직후', '건조', '유분', '건조', '헤드엔숄더', '프로', '지성용', '건성']","['하루_머리카락', '머리카락_저녁', '저녁_건조', '건조_각질', '각질_비듬', '비듬_에센스', '에센스_루트', '루트_에센스', '에센스_부위', '부위_픽서', '픽서_머리카락', '머리카락_직후', '직후_건조', '건조_유분', '유분_건조', '건조_헤드엔숄더', '헤드엔숄더_프로', '프로_지성용', '지성용_건성']","['하루', '머리카락', '저녁', '건조', '각질', '비듬', '에센스', '루트', '에센스', '부위', '픽서', '머리카락', '직후', '건조', '유분', '건조', '헤드엔숄더', '프로', '지성용', '건성', '하루_머리카락', '머리카락_저녁', '저녁_건조', '건조_각질', '각질_비듬', '비듬_에센스', '에센스_루트', '루트_에센스', '에센스_부위', '부위_픽서', '픽서_머리카락', '머리카락_직후', '직후_건조', '건조_유분', '유분_건조', '건조_헤드엔숄더', '헤드엔숄더_프로', '프로_지성용', '지성용_건성']",[],머리 4일 안감아본적 있다? vs 없다;;,0.0,0,[],1,['추천'],1,긍정,False
youtube,,헤드앤숄더 리뷰,와 저 매일 머리감아야하는 수부지 두피인데 너무써보고싶어요ㅠㅠㅠ,['수부'],[],['수부'],[],머리 4일 안감아본적 있다? vs 없다;;,0.0,0,[],0,[],0,중립,False
youtube,,헤드앤숄더 리뷰,학생이라서 아침에 머리를 깜아도 저녁엔 떡지기 일수 더라구요 완전 지성이라 쿨링감도 있는 비듬 없애주는 샴푸 찾고 있엇는데 이케 소개해주시다뇨 항상 꿀템 얻어가용ㅎㅎ,"['학생', '아침', '저녁', '일수', '지성', '쿨링', '비듬', '소개']","['학생_아침', '아침_저녁', '저녁_일수', '일수_지성', '지성_쿨링', '쿨링_비듬', '비듬_소개']","['학생', '아침', '저녁', '일수', '지성', '쿨링', '비듬', '소개', '학생_아침', '아침_저녁', '저녁_일수', '일수_지성', '지성_쿨링', '쿨링_비듬', '비듬_소개']",[],머리 4일 안감아본적 있다? vs 없다;;,0.0,0,[],0,[],0,중립,False
youtube,,헤드앤숄더 리뷰,진짜 저 비듬때문에 진짜진짜 고민이었는데ㅠㅜㅠㅠㅜ 제 두피가 엄청 건조하고 비듬이 많이 나오는 타입이거든요 진짜 고민인데 역시 지원님 추천해주셔서 감사합니다,"['비듬', '고민', '건조', '비듬', '타입', '고민', '지원', '감사']","['비듬_고민', '고민_건조', '건조_비듬', '비듬_타입', '타입_고민', '고민_지원', '지원_감사']","['비듬', '고민', '건조', '비듬', '타입', '고민', '지원', '감사', '비듬_고민', '고민_건조', '건조_비듬', '비듬_타입', '타입_고민', '고민_지원', '지원_감사']",[],머리 4일 안감아본적 있다? vs 없다;;,0.0,0,[],1,['추천'],1,긍정,False
youtube,,헤드앤숄더 리뷰,와근데 진짜 각질 나오는 것 때문에 어제 감았는데도 안 감은 줄 알까봐 엄청 스트레스였는데ㅠㅠ 효과가 진짜진짜 좋네요 대박이다,"['각질', '스트레스', '효과']","['각질_스트레스', '스트레스_효과']","['각질', '스트레스', '효과', '각질_스트레스', '스트레스_효과']",[],머리 4일 안감아본적 있다? vs 없다;;,0.0,0,[],0,[],0,중립,False
youtube,,헤드앤숄더 리뷰,두피 지성인으로서 저녁에 감어도 아침에 떡안지는 건성인 너무 부러운 파워 두피 지성이라 아침일찍 감아도 6시 정도만 되면 바로 떡져서 헤드앤숄더 기본라인 잘쓰고 있었는데 원래도 잘쓰던 제품이라 프로페셔널 라인이 더 기대가 돼용,"['지성인', '저녁', '아침', '성인', '파워', '지성', '아침', '기본', '라인', '원래', '프로페셔널', '라인', '기대']","['지성인_저녁', '저녁_아침', '아침_성인', '성인_파워', '파워_지성', '지성_아침', '아침_기본', '기본_라인', '라인_원래', '원래_프로페셔널', '프로페셔널_라인', '라인_기대']","['지성인', '저녁', '아침', '성인', '파워', '지성', '아침', '기본', '라인', '원래', '프로페셔널', '라인', '기대', '지성인_저녁', '저녁_아침', '아침_성인', '성인_파워', '파워_지성', '지성_아침', '아침_기본', '기본_라인', '라인_원래', '원래_프로페셔널', '프로페셔널_라인', '라인_기대']",[],머리 4일 안감아본적 있다? vs 없다;;,0.0,0,[],0,[],0,중립,False
youtube,,헤드앤숄더 리뷰,저도 건성두피인 건지 각질이 엄청 심한 편인데 감은지 하루만 돼도 가렵고 긁으면 각질 와장창이에요 ㅜ 잦은 탈염색으로 심해진 것도 같은데 두피관리 돈 주고 받기엔 좀 많이 부담스럽고 이렇게 샴푸하면서 매일매일 케어할 수 있으면 너무 좋을 거 같아요,"['건성', '각질', '하루', '각질', '염색', '관리', '부담', '케어']","['건성_각질', '각질_하루', '하루_각질', '각질_염색', '염색_관리', '관리_부담', '부담_케어']","['건성', '각질', '하루', '각질', '염색', '관리', '부담', '케어', '건성_각질', '각질_하루', '하루_각질', '각질_염색', '염색_관리', '관리_부담', '부담_케어']",[],머리 4일 안감아본적 있다? vs 없다;;,0.0,0,[],0,[],0,중립,False
youtube,,헤드앤숄더 리뷰,혹시 올영에서 가장비싼샴푸이고 수많은 고급살롱에서 쓰이고있는 로레알 프로페셔널 앱솔루트 리페어 몰큘러샴푸도 한번 분석부탁드립니다,"['올영', '고급', '살롱', '로레알', '프로페셔널', '앱솔루트', '페어', '몰큘러', '분석', '부탁']","['올영_고급', '고급_살롱', '살롱_로레알', '로레알_프로페셔널', '프로페셔널_앱솔루트', '앱솔루트_페어', '페어_몰큘러', '몰큘러_분석', '분석_부탁']","['올영', '고급', '살롱', '로레알', '프로페셔널', '앱솔루트', '페어', '몰큘러', '분석', '부탁', '올영_고급', '고급_살롱', '살롱_로레알', '로레알_프로페셔널', '프로페셔널_앱솔루트', '앱솔루트_페어', '페어_몰큘러', '몰큘러_분석', '분석_부탁']",[],쿠팡 헤드앤숄더 가성비 샴푸 괜찮을까?,1.0,0,[],0,[],0,중립,False
youtube,,헤드앤숄더 리뷰,헤드앤숄더 가려운두피용 1년정도 썼는데 이젠 가렵더라고요 1년정도는 가렵지도 않고 머리결도 좋아요 머리도 덜빠집니다 어느 순간 두피가 민감해져서 가렵더라고요 이제는 아주 가끔만 써요,"['이제', '순간', '이제']","['이제_순간', '순간_이제']","['이제', '순간', '이제', '이제_순간', '순간_이제']",[],쿠팡 헤드앤숄더 가성비 샴푸 괜찮을까?,6.0,0,[],0,[],0,중립,False
youtube,,헤드앤숄더 리뷰,전 이거 하고 두피 뒤집어지던데 원래쓰던걸로 돌아갔어요 왜그런거죠,[],[],[],[],쿠팡 헤드앤숄더 가성비 샴푸 괜찮을까?,1.0,0,[],0,[],0,중립,False
youtube,,헤드앤숄더 리뷰,저 샴푸를 이마에 바르는 이유는 이마에 난 곰팡이 여드름 없애려고하는거이무 말라세지아 균은 케토코나졸 성분 들어간 향산성 샴푸 바르면 회복됨 근데 그 향산성 샴푸가 대부분 비듬 지루성 샴푸에 들어있어서 헤드 앤 숄더 쓰라는거임,"['이마', '이마', '곰팡이', '여드름', '말라세지아', '케토코나졸', '성분', '산성', '회복', '산성', '대부분', '비듬', '지루', '헤드']","['이마_이마', '이마_곰팡이', '곰팡이_여드름', '여드름_말라세지아', '말라세지아_케토코나졸', '케토코나졸_성분', '성분_산성', '산성_회복', '회복_산성', '산성_대부분', '대부분_비듬', '비듬_지루', '지루_헤드']","['이마', '이마', '곰팡이', '여드름', '말라세지아', '케토코나졸', '성분', '산성', '회복', '산성', '대부분', '비듬', '지루', '헤드', '이마_이마', '이마_곰팡이', '곰팡이_여드름', '여드름_말라세지아', '말라세지아_케토코나졸', '케토코나졸_성분', '성분_산성', '산성_회복', '회복_산성', '산성_대부분', '대부분_비듬', '비듬_지루', '지루_헤드']",[],한국인만 몰랐던 여드름 삭제 치트키,0.0,0,[],0,[],0,중립,False
youtube,,비듬샴푸 추천,약당당x블루라이프 샴푸 두피 예민하신 분들 무설페이트 블루라이프 샴푸 꼭 써보세요 지금 프로필링크에서 최저가 혜택 진행중입니다 무설페이트 자연 유래 성분 지루성 두피염 비듬 뾰루지 기름진 정수리 케어 최저가 링크는 5월 13일까지예요,"['약당당', '블루', '라이프', '무설페이트', '블루', '라이프', '진행', '무설페이트', '자연', '유래', '성분', '지루', '비듬', '뾰루지', '정수리', '케어']","['약당당_블루', '블루_라이프', '라이프_무설페이트', '무설페이트_블루', '블루_라이프', '라이프_진행', '진행_무설페이트', '무설페이트_자연', '자연_유래', '유래_성분', '성분_지루', '지루_비듬', '비듬_뾰루지', '뾰루지_정수리', '정수리_케어']","['약당당', '블루', '라이프', '무설페이트', '블루', '라이프', '진행', '무설페이트', '자연', '유래', '성분', '지루', '비듬', '뾰루지', '정수리', '케어', '약당당_블루', '블루_라이프', '라이프_무설페이트', '무설페이트_블루', '블루_라이프', '라이프_진행', '진행_무설페이트', '무설페이트_자연', '자연_유래', '유래_성분', '성분_지루', '지루_비듬', '비듬_뾰루지', '뾰루지_정수리', '정수리_케어']",[],"지루성 두피염, 비듬, 약한 두피라면? 요 성분의 샴푸는 피하세욧 ❌️🧴",51.0,1,['뾰루지'],0,[],-1,이탈위험,False
youtube,,비듬샴푸 추천,설페이트는 오히려 수십년간 인증된 가장 안전한 세정성분임 헤숄 쓰십쇼 피앤지가 괜히 초대기업이 아님,"['설페이트', '인증', '안전', '세정', '성분', '피앤지', '기업']","['설페이트_인증', '인증_안전', '안전_세정', '세정_성분', '성분_피앤지', '피앤지_기업']","['설페이트', '인증', '안전', '세정', '성분', '피앤지', '기업', '설페이트_인증', '인증_안전', '안전_세정', '세정_성분', '성분_피앤지', '피앤지_기업']",[],"지루성 두피염, 비듬, 약한 두피라면? 요 성분의 샴푸는 피하세욧 ❌️🧴",40.0,0,[],0,[],0,중립,False
youtube,,비듬샴푸 추천,두피 한동안 뒤집어져서 난리났었는데 헤드엔숄더랑 두피밸런서 쓰고 싹 깨끗해짐,"['동안', '난리', '헤드엔숄더', '두피밸런서']","['동안_난리', '난리_헤드엔숄더', '헤드엔숄더_두피밸런서']","['동안', '난리', '헤드엔숄더', '두피밸런서', '동안_난리', '난리_헤드엔숄더', '헤드엔숄더_두피밸런서']",[],"지루성 두피염, 비듬, 약한 두피라면? 요 성분의 샴푸는 피하세욧 ❌️🧴",87.0,0,[],0,[],0,중립,False
youtube,,비듬샴푸 추천,헤드엔숄더 진짜 좋은데 돌고돌아서 항상 이걸로 쓰게된다는 간증이 진짜 많죠ㅎㅎ 지루성두피의 구원템,"['헤드엔숄더', '간증', '지루성두피', '구원']","['헤드엔숄더_간증', '간증_지루성두피', '지루성두피_구원']","['헤드엔숄더', '간증', '지루성두피', '구원', '헤드엔숄더_간증', '간증_지루성두피', '지루성두피_구원']",[],"지루성 두피염, 비듬, 약한 두피라면? 요 성분의 샴푸는 피하세욧 ❌️🧴",273.0,0,[],0,[],0,중립,False
youtube,,비듬샴푸 추천,헤드앤숄더로 갈아탈때마다 두피여드름 남,['여드름'],[],['여드름'],[],"지루성 두피염, 비듬, 약한 두피라면? 요 성분의 샴푸는 피하세욧 ❌️🧴",8.0,1,['갈아탈'],0,[],-1,이탈위험,False
youtube,,비듬샴푸 추천,헤숄 1주일에 2 3번정도는 써주는거 좋아용 보라색 그리고 샴푸후에 무조건 자생 두피토너 써주세요 두피도 피부라 자극없이 관리해야하는데 샴푸 바꿔 쓴다고 소용없더라구요,"['자생', '토너', '피부', '자극', '관리']","['자생_토너', '토너_피부', '피부_자극', '자극_관리']","['자생', '토너', '피부', '자극', '관리', '자생_토너', '토너_피부', '피부_자극', '자극_관리']",[],"지루성 두피염, 비듬, 약한 두피라면? 요 성분의 샴푸는 피하세욧 ❌️🧴",1.0,2,"['소용없', '자극']",0,[],-2,이탈위험,False
youtube,,비듬샴푸 추천,와 비듬 샴푸로 유명해서 이거 쓰고있는데 최근에 머리에 딱지가 많이 생긴다했는데 이것 때문이네요 ㅠㅠ,"['비듬', '유명', '딱지']","['비듬_유명', '유명_딱지']","['비듬', '유명', '딱지', '비듬_유명', '유명_딱지']",[],"지루성 두피염, 비듬, 약한 두피라면? 요 성분의 샴푸는 피하세욧 ❌️🧴",14.0,0,[],0,[],0,중립,False
youtube,,비듬샴푸 추천,지루성이나 중성두피가 아니면 설페이트 계열은 안쓰시는게 좋고 지루성이나 중성두피인데 뾰루지가 생기면 성분표에 실리콘오일 혹은 메티콘오일 성분이 적혀있으면 10에 9은 그게 문제입니다,"['지루', '중성', '설페이트', '계열', '지루', '중성', '뾰루지', '성분', '실리콘', '오일', '메티콘', '오일', '성분', '문제']","['지루_중성', '중성_설페이트', '설페이트_계열', '계열_지루', '지루_중성', '중성_뾰루지', '뾰루지_성분', '성분_실리콘', '실리콘_오일', '오일_메티콘', '메티콘_오일', '오일_성분', '성분_문제']","['지루', '중성', '설페이트', '계열', '지루', '중성', '뾰루지', '성분', '실리콘', '오일', '메티콘', '오일', '성분', '문제', '지루_중성', '중성_설페이트', '설페이트_계열', '계열_지루', '지루_중성', '중성_뾰루지', '뾰루지_성분', '성분_실리콘', '실리콘_오일', '오일_메티콘', '메티콘_오일', '오일_성분', '성분_문제']",[],"지루성 두피염, 비듬, 약한 두피라면? 요 성분의 샴푸는 피하세욧 ❌️🧴",19.0,1,['뾰루지'],0,[],-1,이탈위험,False
youtube,,비듬샴푸 추천,진짜 저랑 같이 지성 두피에 뾰루지 잘 나시는 분들 요즘은 킹스파워샴푸 쓰고는 저런거 싹 없어졌어요 그냥 한번 썼는데 두피가 시원하고 개운하면서 하얀 각질 비듬이 싹 다 나아버리더라구요 천연 계면활성제에 일반샴푸보다 3배 더 비싼 원료를 쓴다고 들었는데 진짜 비듬 없어지고 탈모까지 없어지고 머리카락 굵어져서 요즘은 헤어에 완전 자신감 업 됐어요 비듬 기름끼 허연각질에 킹스파워샴푸 완전 추천합니다 제가 직접 써봤습니다,"['지성', '뾰루지', '킹스', '파워', '각질', '비듬', '천연', '계면활성제', '일반', '원료', '비듬', '탈모', '머리카락', '자신감', '비듬', '기름', '각질', '킹스', '파워']","['지성_뾰루지', '뾰루지_킹스', '킹스_파워', '파워_각질', '각질_비듬', '비듬_천연', '천연_계면활성제', '계면활성제_일반', '일반_원료', '원료_비듬', '비듬_탈모', '탈모_머리카락', '머리카락_자신감', '자신감_비듬', '비듬_기름', '기름_각질', '각질_킹스', '킹스_파워']","['지성', '뾰루지', '킹스', '파워', '각질', '비듬', '천연', '계면활성제', '일반', '원료', '비듬', '탈모', '머리카락', '자신감', '비듬', '기름', '각질', '킹스', '파워', '지성_뾰루지', '뾰루지_킹스', '킹스_파워', '파워_각질', '각질_비듬', '비듬_천연', '천연_계면활성제', '계면활성제_일반', '일반_원료', '원료_비듬', '비듬_탈모', '탈모_머리카락', '머리카락_자신감', '자신감_비듬', '비듬_기름', '기름_각질', '각질_킹스', '킹스_파워']",[],"지루성 두피염, 비듬, 약한 두피라면? 요 성분의 샴푸는 피하세욧 ❌️🧴",2.0,1,['뾰루지'],2,"['없어졌', '추천']",1,긍정,False
youtube,,비듬샴푸 추천,아버지가 비듬 난다고 헤숄 사서 몇 달 같이 썼더니 두피 트러블 미친듯이 나는 중,"['아버지', '비듬', '트러블']","['아버지_비듬', '비듬_트러블']","['아버지', '비듬', '트러블', '아버지_비듬', '비듬_트러블']",[],"지루성 두피염, 비듬, 약한 두피라면? 요 성분의 샴푸는 피하세욧 ❌️🧴",3.0,1,['트러블'],0,[],-1,이탈위험,False
youtube,,비듬샴푸 추천,저같이 비듬이 많은 사람은 헤드앤숄더ㅠ좋드라고요,['비듬'],[],['비듬'],[],"지루성 두피염, 비듬, 약한 두피라면? 요 성분의 샴푸는 피하세욧 ❌️🧴",0.0,0,[],0,[],0,중립,False
youtube,,비듬샴푸 추천,헤드앤숄더 쿨멘솔 좋아요 지성두피이고 13년째 쓰는중임,"['쿨멘솔', '지성두피']",['쿨멘솔_지성두피'],"['쿨멘솔', '지성두피', '쿨멘솔_지성두피']",[],"지루성 두피염, 비듬, 약한 두피라면? 요 성분의 샴푸는 피하세욧 ❌️🧴",1.0,0,[],0,[],0,중립,False
youtube,,비듬샴푸 추천,비듬 많으신 분들 비듬클리너로 머리 먼저 빗어주고 헤드앤숄더 쓰니 많이 좋아졌어요 참고하세요,"['비듬', '비듬클리너', '참고']","['비듬_비듬클리너', '비듬클리너_참고']","['비듬', '비듬클리너', '참고', '비듬_비듬클리너', '비듬클리너_참고']",[],"지루성 두피염, 비듬, 약한 두피라면? 요 성분의 샴푸는 피하세욧 ❌️🧴",0.0,0,[],1,['좋아졌'],1,긍정,False
youtube,,비듬샴푸 추천,설페이트 없으면 세정력이 똥망임 돌고돌다가 다른것도 쓰고 싶어서 지금은 오프온샴푸 쓰는데 두피샴푸 써본중엔 세정력 좋음 헤숄은 향이 맘에 안들어서 ㅠㅠ,"['설페이트', '세정', '지금', '오프', '정력']","['설페이트_세정', '세정_지금', '지금_오프', '오프_정력']","['설페이트', '세정', '지금', '오프', '정력', '설페이트_세정', '세정_지금', '지금_오프', '오프_정력']",[],"지루성 두피염, 비듬, 약한 두피라면? 요 성분의 샴푸는 피하세욧 ❌️🧴",1.0,0,[],0,[],0,중립,False
youtube,,비듬샴푸 추천,말로만 들어본 잇퓨 업패스트샴푸 써보고 반해서 지금 몇 통째 비워요ㅋ 머리카락 두피에 영양을 주니확실히 빨리 자라네요,"['잇퓨', '패스트', '머리카락', '영양']","['잇퓨_패스트', '패스트_머리카락', '머리카락_영양']","['잇퓨', '패스트', '머리카락', '영양', '잇퓨_패스트', '패스트_머리카락', '머리카락_영양']",[],"지루성 두피염, 비듬, 약한 두피라면? 요 성분의 샴푸는 피하세욧 ❌️🧴",0.0,0,[],0,[],0,중립,False
youtube,,비듬샴푸 추천,비듬클리너로 머리 매일 빗어주면서 샴푸 설페이트 없는걸로 바꿨더니 효과 훨씬 더 좋았어요,"['비듬', '클리너', '설페이트', '효과']","['비듬_클리너', '클리너_설페이트', '설페이트_효과']","['비듬', '클리너', '설페이트', '효과', '비듬_클리너', '클리너_설페이트', '설페이트_효과']",[],"지루성 두피염, 비듬, 약한 두피라면? 요 성분의 샴푸는 피하세욧 ❌️🧴",4.0,0,[],0,[],0,중립,False
youtube,,비듬샴푸 추천,저도 두피에 염증 뾰루지 잘나고 요즘은 머리가 너무 많이 빠지는거 같아서 고민이었는데 킹스파워블랙샴푸 쓰면서 두피 염증 비듬이 다 사라지더라구요 거기다 중요한건 탈모가 멈췄어요 처음 감으면 좀 뻣뻣하다 싶었는데 그러고선 평소 빠지던거 1 5밖에 안빠지구요 머리카락도 굵어지면서 머리카락에 힘이 생기네요 덕분에 머리숱도 훨씬 더 풍성해보이고 헤어 뿌리부터 볼륨이 확 생겨서 스타일이 정말 사는거 같아요 두피 염증 비듬은 옛일이 됐고 요즘은 외출해서 헤어 볼때마다 너무 만족스러워요 저처럼 두피 염증 탈모 비듬 심하고 머리에 힘 없는 분들은 킹스파워샴푸 정말 추천드려요,"['염증', '뾰루지', '고민', '킹스', '파워', '블랙', '염증', '비듬', '중요', '탈모', '처음', '평소', '머리카락', '머리카락', '덕분', '머리숱', '뿌리', '볼륨', '스타일', '염증', '비듬', '옛일', '외출', '만족', '염증', '탈모', '비듬', '킹스', '파워']","['염증_뾰루지', '뾰루지_고민', '고민_킹스', '킹스_파워', '파워_블랙', '블랙_염증', '염증_비듬', '비듬_중요', '중요_탈모', '탈모_처음', '처음_평소', '평소_머리카락', '머리카락_머리카락', '머리카락_덕분', '덕분_머리숱', '머리숱_뿌리', '뿌리_볼륨', '볼륨_스타일', '스타일_염증', '염증_비듬', '비듬_옛일', '옛일_외출', '외출_만족', '만족_염증', '염증_탈모', '탈모_비듬', '비듬_킹스', '킹스_파워']","['염증', '뾰루지', '고민', '킹스', '파워', '블랙', '염증', '비듬', '중요', '탈모', '처음', '평소', '머리카락', '머리카락', '덕분', '머리숱', '뿌리', '볼륨', '스타일', '염증', '비듬', '옛일', '외출', '만족', '염증', '탈모', '비듬', '킹스', '파워', '염증_뾰루지', '뾰루지_고민', '고민_킹스', '킹스_파워', '파워_블랙', '블랙_염증', '염증_비듬', '비듬_중요', '중요_탈모', '탈모_처음', '처음_평소', '평소_머리카락', '머리카락_머리카락', '머리카락_덕분', '덕분_머리숱', '머리숱_뿌리', '뿌리_볼륨', '볼륨_스타일', '스타일_염증', '염증_비듬', '비듬_옛일', '옛일_외출', '외출_만족', '만족_염증', '염증_탈모', '탈모_비듬', '비듬_킹스', '킹스_파워']",[],"지루성 두피염, 비듬, 약한 두피라면? 요 성분의 샴푸는 피하세욧 ❌️🧴",0.0,1,['뾰루지'],1,['추천'],0,중립,False
youtube,,비듬샴푸 추천,두피샴푸 알아보다가 두피 건강이 안 좋으면 탈모가 온다고 하더라고요 탈모부터 지켜야겠다 생각해 모미래 핑크솔트 탈모샴푸 쓰고 있습니다 두피 정리도 잘 되고 머리카락도 덜 빠져서 미리 관리하길 잘한 것 같아요 머릿결도 좋아지고 가려움도 없어져서 일석이조예요 요즘은 거울 볼 때마다 기분이 좋아요 ㅎㅎ 두피랑 탈모 둘 다 잡고 싶으신 분들 핑크솔트 탈모샴푸 추천드려요,"['건강', '탈모', '탈모', '모미래', '핑크솔트', '탈모', '정리', '머리카락', '관리', '머릿결', '일석이조', '거울', '기분', '탈모', '핑크솔트', '탈모']","['건강_탈모', '탈모_탈모', '탈모_모미래', '모미래_핑크솔트', '핑크솔트_탈모', '탈모_정리', '정리_머리카락', '머리카락_관리', '관리_머릿결', '머릿결_일석이조', '일석이조_거울', '거울_기분', '기분_탈모', '탈모_핑크솔트', '핑크솔트_탈모']","['건강', '탈모', '탈모', '모미래', '핑크솔트', '탈모', '정리', '머리카락', '관리', '머릿결', '일석이조', '거울', '기분', '탈모', '핑크솔트', '탈모', '건강_탈모', '탈모_탈모', '탈모_모미래', '모미래_핑크솔트', '핑크솔트_탈모', '탈모_정리', '정리_머리카락', '머리카락_관리', '관리_머릿결', '머릿결_일석이조', '일석이조_거울', '거울_기분', '기분_탈모', '탈모_핑크솔트', '핑크솔트_탈모']",[],"지루성 두피염, 비듬, 약한 두피라면? 요 성분의 샴푸는 피하세욧 ❌️🧴",51.0,1,['가려움'],1,['추천'],0,중립,False
youtube,,비듬샴푸 추천,저는 헤드앤숄더랑 퍼퓸샴푸들 쓰고 두피염 생겼어요 ㄷㄷㄷㄷ,['퍼퓸'],[],['퍼퓸'],[],"지루성 두피염, 비듬, 약한 두피라면? 요 성분의 샴푸는 피하세욧 ❌️🧴",0.0,0,[],0,[],0,중립,False
youtube,,비듬샴푸 추천,헤드앤숄더 매일써도 비듬 많이나오던데 다른거 쓰니까 귀신같이 나음,"['비듬', '귀신']",['비듬_귀신'],"['비듬', '귀신', '비듬_귀신']",[],"지루성 두피염, 비듬, 약한 두피라면? 요 성분의 샴푸는 피하세욧 ❌️🧴",1.0,1,['다른거'],0,[],-1,이탈위험,False
youtube,,비듬샴푸 추천,비듬좀많다 국내시판 헤숄 지루성두피염 쿱앙에서 헤드앤숄더 스트렝스 크리니컬,"['비듬', '국내', '시판', '지루성두피염', '쿱앙', '스트렝스', '크리니컬']","['비듬_국내', '국내_시판', '시판_지루성두피염', '지루성두피염_쿱앙', '쿱앙_스트렝스', '스트렝스_크리니컬']","['비듬', '국내', '시판', '지루성두피염', '쿱앙', '스트렝스', '크리니컬', '비듬_국내', '국내_시판', '시판_지루성두피염', '지루성두피염_쿱앙', '쿱앙_스트렝스', '스트렝스_크리니컬']",[],"지루성 두피염, 비듬, 약한 두피라면? 요 성분의 샴푸는 피하세욧 ❌️🧴",2.0,0,[],0,[],0,중립,False
youtube,,비듬샴푸 추천,동물 실험해도 소듐라우레스 설페이트는 이것은 동물들은 엄청 피부가 까졌어요 순하고 세정 잘 되는 라우릴 글루코사이드 코코글루코사이드 쓰세요 농약을 쓰고 잔류 농약 검사를 인증한지 모르는 코코넛유래에 강한 황산화 에톡실화 과정을 겪어서 강한 화학물질입니다,"['동물', '실험', '소듐라우레스', '설페이트', '동물', '피부', '세정', '라우릴', '글루코사이드', '코코글루코사이드', '농약', '잔류', '농약', '검사', '인증', '코코넛', '유래', '황산', '에톡실', '과정', '화학', '물질']","['동물_실험', '실험_소듐라우레스', '소듐라우레스_설페이트', '설페이트_동물', '동물_피부', '피부_세정', '세정_라우릴', '라우릴_글루코사이드', '글루코사이드_코코글루코사이드', '코코글루코사이드_농약', '농약_잔류', '잔류_농약', '농약_검사', '검사_인증', '인증_코코넛', '코코넛_유래', '유래_황산', '황산_에톡실', '에톡실_과정', '과정_화학', '화학_물질']","['동물', '실험', '소듐라우레스', '설페이트', '동물', '피부', '세정', '라우릴', '글루코사이드', '코코글루코사이드', '농약', '잔류', '농약', '검사', '인증', '코코넛', '유래', '황산', '에톡실', '과정', '화학', '물질', '동물_실험', '실험_소듐라우레스', '소듐라우레스_설페이트', '설페이트_동물', '동물_피부', '피부_세정', '세정_라우릴', '라우릴_글루코사이드', '글루코사이드_코코글루코사이드', '코코글루코사이드_농약', '농약_잔류', '잔류_농약', '농약_검사', '검사_인증', '인증_코코넛', '코코넛_유래', '유래_황산', '황산_에톡실', '에톡실_과정', '과정_화학', '화학_물질']",[],"지루성 두피염, 비듬, 약한 두피라면? 요 성분의 샴푸는 피하세욧 ❌️🧴",7.0,0,[],0,[],0,중립,False
youtube,,비듬샴푸 추천,헤드앤숄더쓰고 두피염증 싹나음,"['헤드앤숄더쓰', '염증']",['헤드앤숄더쓰_염증'],"['헤드앤숄더쓰', '염증', '헤드앤숄더쓰_염증']",[],"지루성 두피염, 비듬, 약한 두피라면? 요 성분의 샴푸는 피하세욧 ❌️🧴",0.0,0,[],0,[],0,중립,False
youtube,,비듬샴푸 추천,저 두피염증으로 진짜 고민 많이하고 샴푸썻는데 생각보다 별효과가 없더라구요 두피가 속의 문젠데 겉만 계속 씻어낸다고 효과가 없는거 같아서 식습관 생활습관 관리했구요 두피커뮤니티에서 추천받은 두피개선환도 잘챙겨먹었더니 3개월정도 되서 두피가 깨끗해진게 눈에 보입니다,"['염증', '고민', '효과', '문제', '효과', '식습관', '생활', '습관', '관리', '커뮤니티', '개선']","['염증_고민', '고민_효과', '효과_문제', '문제_효과', '효과_식습관', '식습관_생활', '생활_습관', '습관_관리', '관리_커뮤니티', '커뮤니티_개선']","['염증', '고민', '효과', '문제', '효과', '식습관', '생활', '습관', '관리', '커뮤니티', '개선', '염증_고민', '고민_효과', '효과_문제', '문제_효과', '효과_식습관', '식습관_생활', '생활_습관', '습관_관리', '관리_커뮤니티', '커뮤니티_개선']",[],"지루성 두피염, 비듬, 약한 두피라면? 요 성분의 샴푸는 피하세욧 ❌️🧴",2.0,0,[],1,['추천'],1,긍정,False
youtube,,비듬샴푸 추천,두피염증으로 몇달 고생했는데요 두피열로 밤낮없이 가려워서 참다못해 병원가도 답이 없었음 요근래에 운동하고 식습관 고치면서 아누오틴 영양제 챙기니까 서서히 열 내려가는듯ㅠㅠ,"['염증', '고생', '병원', '근래', '운동', '식습관', '아누오틴', '영양제']","['염증_고생', '고생_병원', '병원_근래', '근래_운동', '운동_식습관', '식습관_아누오틴', '아누오틴_영양제']","['염증', '고생', '병원', '근래', '운동', '식습관', '아누오틴', '영양제', '염증_고생', '고생_병원', '병원_근래', '근래_운동', '운동_식습관', '식습관_아누오틴', '아누오틴_영양제']",[],"지루성 두피염, 비듬, 약한 두피라면? 요 성분의 샴푸는 피하세욧 ❌️🧴",133.0,0,[],0,[],0,중립,False
youtube,,비듬샴푸 추천,전성분 정제수 소듐라우레스설페이트 소듐자일렌설포네이트 코카마이드엠이에이 소듐시트레이트 다이메티콘 피록톤올아민 멘톨 0 45 향료 소듐클로라이드 시트릭애씨드 소듐벤조에이트 구아하이드록시프로필트라이모늄클로라이드 테트라소듐이디티에이 헥실신남알 리날룰 스테아릴알코올 세틸알코올 폴리쿼터늄 76 리모넨 알파 아이소메틸아이오논 메칠클로로이소치아졸리논 글라이콜다이스테아레이트 소듐라우릴설페이트 코카미도프로필베타인 메칠이소치아졸리논 여기에서 님아는 재료가 뭐가요 이유을 알아야지 사용하지 않죠,"['성분', '정제', '소듐라우레스설페이트', '소듐자일렌설포네이트', '코카마이드엠이에이', '소듐시트레이트', '다이메티콘', '피록톤올아민', '멘톨', '향료', '소듐클로라이드', '시트릭애씨드', '소듐벤조에이트', '구아하이드록시프로필트라이모늄클로라이드', '테트라소듐이디티에이', '헥실신남알', '리날룰', '스테아릴알코올', '세틸알코올', '폴리쿼터늄', '리모넨', '알파', '아이소메틸아이오논', '메칠클로로이소치아졸리논', '글라이콜다이스테아레이트', '소듐라우릴설페이트', '코카미도프로필베타인', '메칠이소치아졸리논', '재료', '가요']","['성분_정제', '정제_소듐라우레스설페이트', '소듐라우레스설페이트_소듐자일렌설포네이트', '소듐자일렌설포네이트_코카마이드엠이에이', '코카마이드엠이에이_소듐시트레이트', '소듐시트레이트_다이메티콘', '다이메티콘_피록톤올아민', '피록톤올아민_멘톨', '멘톨_향료', '향료_소듐클로라이드', '소듐클로라이드_시트릭애씨드', '시트릭애씨드_소듐벤조에이트', '소듐벤조에이트_구아하이드록시프로필트라이모늄클로라이드', '구아하이드록시프로필트라이모늄클로라이드_테트라소듐이디티에이', '테트라소듐이디티에이_헥실신남알', '헥실신남알_리날룰', '리날룰_스테아릴알코올', '스테아릴알코올_세틸알코올', '세틸알코올_폴리쿼터늄', '폴리쿼터늄_리모넨', '리모넨_알파', '알파_아이소메틸아이오논', '아이소메틸아이오논_메칠클로로이소치아졸리논', '메칠클로로이소치아졸리논_글라이콜다이스테아레이트', '글라이콜다이스테아레이트_소듐라우릴설페이트', '소듐라우릴설페이트_코카미도프로필베타인', '코카미도프로필베타인_메칠이소치아졸리논', '메칠이소치아졸리논_재료', '재료_가요']","['성분', '정제', '소듐라우레스설페이트', '소듐자일렌설포네이트', '코카마이드엠이에이', '소듐시트레이트', '다이메티콘', '피록톤올아민', '멘톨', '향료', '소듐클로라이드', '시트릭애씨드', '소듐벤조에이트', '구아하이드록시프로필트라이모늄클로라이드', '테트라소듐이디티에이', '헥실신남알', '리날룰', '스테아릴알코올', '세틸알코올', '폴리쿼터늄', '리모넨', '알파', '아이소메틸아이오논', '메칠클로로이소치아졸리논', '글라이콜다이스테아레이트', '소듐라우릴설페이트', '코카미도프로필베타인', '메칠이소치아졸리논', '재료', '가요', '성분_정제', '정제_소듐라우레스설페이트', '소듐라우레스설페이트_소듐자일렌설포네이트', '소듐자일렌설포네이트_코카마이드엠이에이', '코카마이드엠이에이_소듐시트레이트', '소듐시트레이트_다이메티콘', '다이메티콘_피록톤올아민', '피록톤올아민_멘톨', '멘톨_향료', '향료_소듐클로라이드', '소듐클로라이드_시트릭애씨드', '시트릭애씨드_소듐벤조에이트', '소듐벤조에이트_구아하이드록시프로필트라이모늄클로라이드', '구아하이드록시프로필트라이모늄클로라이드_테트라소듐이디티에이', '테트라소듐이디티에이_헥실신남알', '헥실신남알_리날룰', '리날룰_스테아릴알코올', '스테아릴알코올_세틸알코올', '세틸알코올_폴리쿼터늄', '폴리쿼터늄_리모넨', '리모넨_알파', '알파_아이소메틸아이오논', '아이소메틸아이오논_메칠클로로이소치아졸리논', '메칠클로로이소치아졸리논_글라이콜다이스테아레이트', '글라이콜다이스테아레이트_소듐라우릴설페이트', '소듐라우릴설페이트_코카미도프로필베타인', '코카미도프로필베타인_메칠이소치아졸리논', '메칠이소치아졸리논_재료', '재료_가요']",[],"지루성 두피염, 비듬, 약한 두피라면? 요 성분의 샴푸는 피하세욧 ❌️🧴",0.0,0,[],0,[],0,중립,False
youtube,,비듬샴푸 추천,결국 약산성 샴푸들은 완벽하게 기름기처리가 안되서 두피가 더 안좋아짐 그냥 헤드 앤 숄더 쓰삼 독하면 일반마트에서 못팔아 약용샴푸지,"['약산', '완벽', '기름', '처리', '헤드', '일반', '마트', '약용']","['약산_완벽', '완벽_기름', '기름_처리', '처리_헤드', '헤드_일반', '일반_마트', '마트_약용']","['약산', '완벽', '기름', '처리', '헤드', '일반', '마트', '약용', '약산_완벽', '완벽_기름', '기름_처리', '처리_헤드', '헤드_일반', '일반_마트', '마트_약용']",[],"지루성 두피염, 비듬, 약한 두피라면? 요 성분의 샴푸는 피하세욧 ❌️🧴",1.0,0,[],0,[],0,중립,False
youtube,,비듬샴푸 추천,처음엔 다양한 샴푸 써보다가 가렵고 트러블 나서 아누오틴으로 바꿨어요 지금은 확실히 두피가 안정되고 빠지는 머리도 덜해져서 정착 중이에요,"['처음', '다양', '트러블', '아누오틴', '안정', '정착']","['처음_다양', '다양_트러블', '트러블_아누오틴', '아누오틴_안정', '안정_정착']","['처음', '다양', '트러블', '아누오틴', '안정', '정착', '처음_다양', '다양_트러블', '트러블_아누오틴', '아누오틴_안정', '안정_정착']",[],"지루성 두피염, 비듬, 약한 두피라면? 요 성분의 샴푸는 피하세욧 ❌️🧴",59.0,1,['트러블'],1,['정착'],0,중립,False
youtube,,비듬샴푸 추천,저 헤드엔숄더쓰고있어요 진짜좋아요ㅠ 두피너무 기름져서 보조제로 아누오틴도 같이먹고있는데 확실히 시너지가 좋더라구요,"['헤드', '보조제', '아누오틴', '시너지']","['헤드_보조제', '보조제_아누오틴', '아누오틴_시너지']","['헤드', '보조제', '아누오틴', '시너지', '헤드_보조제', '보조제_아누오틴', '아누오틴_시너지']",[],"지루성 두피염, 비듬, 약한 두피라면? 요 성분의 샴푸는 피하세욧 ❌️🧴",270.0,0,[],0,[],0,중립,False
youtube,,비듬샴푸 추천,헤드엔숄더만한게 없음ㅋㅋ 아예 안쓰기는 힘듬 특히 지성두피는 극단적으로 어느 한쪽에 치우칠게 아니라 화학 계면활성제가 들어간 샴푸는 주 2ㅡ3회 정도 쓰고 나머지는 천연 계면활성제 들어간 순한 제품 쓰는게 좋음 순한게 좋다고 그거만 쓰다간 다른두피는 몰라도 지성두피는 버틸수없음,"['헤드엔숄더', '힘듬', '지성두피', '극단', '한쪽', '화학', '계면활성제', '나머지', '천연', '계면활성제', '지성두피']","['헤드엔숄더_힘듬', '힘듬_지성두피', '지성두피_극단', '극단_한쪽', '한쪽_화학', '화학_계면활성제', '계면활성제_나머지', '나머지_천연', '천연_계면활성제', '계면활성제_지성두피']","['헤드엔숄더', '힘듬', '지성두피', '극단', '한쪽', '화학', '계면활성제', '나머지', '천연', '계면활성제', '지성두피', '헤드엔숄더_힘듬', '힘듬_지성두피', '지성두피_극단', '극단_한쪽', '한쪽_화학', '화학_계면활성제', '계면활성제_나머지', '나머지_천연', '천연_계면활성제', '계면활성제_지성두피']",[],"지루성 두피염, 비듬, 약한 두피라면? 요 성분의 샴푸는 피하세욧 ❌️🧴",37.0,0,[],0,[],0,중립,False
youtube,,비듬샴푸 추천,전 저속노화샴푸랑 비울스케일러로 꾸준히 관리해주고 있어요 ㅜㅜ 두피가 많이 예미한데도 성분이 순해서 그런지 저한텐 잘 맞더라구요,"['노화', '비울스케일러', '관리', '예미', '성분']","['노화_비울스케일러', '비울스케일러_관리', '관리_예미', '예미_성분']","['노화', '비울스케일러', '관리', '예미', '성분', '노화_비울스케일러', '비울스케일러_관리', '관리_예미', '예미_성분']",[],비듬샴푸 추천 순위 TOP5ㅣ닥터방기원ㅣ헤드앤숄더ㅣ다슈ㅣ아브카,0.0,0,[],0,[],0,중립,False
youtube,,비듬샴푸 추천,비듬샴푸랑 아누오틴으로 관리 시작했어요 요즘은 머리 감을 때 손에 덜 묻어나오는 게 느껴져요,"['비듬', '아누오틴', '관리', '시작']","['비듬_아누오틴', '아누오틴_관리', '관리_시작']","['비듬', '아누오틴', '관리', '시작', '비듬_아누오틴', '아누오틴_관리', '관리_시작']",[],비듬샴푸 추천 순위 TOP5ㅣ닥터방기원ㅣ헤드앤숄더ㅣ다슈ㅣ아브카,10.0,0,[],0,[],0,중립,False
youtube,,비듬샴푸 추천,2023년 11월 현시점 추천입니다 추후 순위와 가격은 변동될 수 있습니다 상품 정보를 보기 원하시면 아래 링크를 참고하세요 1위 닥터방기원 댄드러프 비듬케어 탈모샴푸 10 960원 2위 헤드앤숄더 가려운 두피케어 샴푸 대용량 10 870원 3위 헤드앤숄더 쿨 멘솔 샴푸 16 500원 4위 다슈 데일리 두피 딥클렌징 비듬케어 탈모증상완화 샴푸 12 400원 5위 아브카 비듬케어 가려운 두피 컨트롤 샴푸 7 460원 품절이라면 or 더 많은 상품을 보시려면 순위는 최근 누적 판매량과 최근리뷰를 고려해 선정했습니다 이 포스팅은 쿠팡 파트너스 활동의 일환으로 이에 따른 일정액의 수수료를 제공받으며 이는 지속적인 채널 운영에 활용됩니다 제품 구매에 대한 책임은 구매자 본인께 있으며 본 영상 게시자는 책임을 지지 않습니다,"['현시점', '추후', '순위', '변동', '정보', '아래', '참고', '닥터방기원', '댄드러프', '비듬', '케어', '탈모', '케어', '용량', '다슈', '데일리', '클렌징', '비듬', '케어', '탈모', '증상', '완화', '아브카', '비듬', '케어', '컨트롤', '품절', '순위', '누적', '판매량', '리뷰', '고려', '선정', '파트너스', '활동', '일환', '일정액', '수수료', '제공', '지속', '운영', '활용', '책임', '구매자', '본인', '게시', '책임']","['현시점_추후', '추후_순위', '순위_변동', '변동_정보', '정보_아래', '아래_참고', '참고_닥터방기원', '닥터방기원_댄드러프', '댄드러프_비듬', '비듬_케어', '케어_탈모', '탈모_케어', '케어_용량', '용량_다슈', '다슈_데일리', '데일리_클렌징', '클렌징_비듬', '비듬_케어', '케어_탈모', '탈모_증상', '증상_완화', '완화_아브카', '아브카_비듬', '비듬_케어', '케어_컨트롤', '컨트롤_품절', '품절_순위', '순위_누적', '누적_판매량', '판매량_리뷰', '리뷰_고려', '고려_선정', '선정_파트너스', '파트너스_활동', '활동_일환', '일환_일정액', '일정액_수수료', '수수료_제공', '제공_지속', '지속_운영', '운영_활용', '활용_책임', '책임_구매자', '구매자_본인', '본인_게시', '게시_책임']","['현시점', '추후', '순위', '변동', '정보', '아래', '참고', '닥터방기원', '댄드러프', '비듬', '케어', '탈모', '케어', '용량', '다슈', '데일리', '클렌징', '비듬', '케어', '탈모', '증상', '완화', '아브카', '비듬', '케어', '컨트롤', '품절', '순위', '누적', '판매량', '리뷰', '고려', '선정', '파트너스', '활동', '일환', '일정액', '수수료', '제공', '지속', '운영', '활용', '책임', '구매자', '본인', '게시', '책임', '현시점_추후', '추후_순위', '순위_변동', '변동_정보', '정보_아래', '아래_참고', '참고_닥터방기원', '닥터방기원_댄드러프', '댄드러프_비듬', '비듬_케어', '케어_탈모', '탈모_케어', '케어_용량', '용량_다슈', '다슈_데일리', '데일리_클렌징', '클렌징_비듬', '비듬_케어', '케어_탈모', '탈모_증상', '증상_완화', '완화_아브카', '아브카_비듬', '비듬_케어', '케어_컨트롤', '컨트롤_품절', '품절_순위', '순위_누적', '누적_판매량', '판매량_리뷰', '리뷰_고려', '고려_선정', '선정_파트너스', '파트너스_활동', '활동_일환', '일환_일정액', '일정액_수수료', '수수료_제공', '제공_지속', '지속_운영', '운영_활용', '활용_책임', '책임_구매자', '구매자_본인', '본인_게시', '게시_책임']",[],비듬샴푸 추천 순위 TOP5ㅣ닥터방기원ㅣ헤드앤숄더ㅣ다슈ㅣ아브카,0.0,0,[],1,['추천'],1,긍정,False
youtube,,비듬샴푸 추천,비듬심한 친구가 있는데 이거 사주고싶어요,"['비듬', '친구']",['비듬_친구'],"['비듬', '친구', '비듬_친구']",[],비듬샴푸 추천ㅣ비듬샴푸 추천ㅣ비듬샴푸 추천ㅣ비듬샴푸 추천,0.0,0,[],0,[],0,중립,False
youtube,,비듬샴푸 추천,저도 방치하다가 머리카락 엄청 빠졌어요ㅠㅠ 이중아연 성분 찾아보고 나서야 진짜 효과 본 느낌이에요 각질도 없어지고 두피색도 맑아졌다고 해야 하나 샴푸 유목민이었는데 이제는 정착했어요ㅎㅎ,"['방치', '머리카락', '아연', '성분', '효과', '느낌', '각질', '유목민', '이제', '정착']","['방치_머리카락', '머리카락_아연', '아연_성분', '성분_효과', '효과_느낌', '느낌_각질', '각질_유목민', '유목민_이제', '이제_정착']","['방치', '머리카락', '아연', '성분', '효과', '느낌', '각질', '유목민', '이제', '정착', '방치_머리카락', '머리카락_아연', '아연_성분', '성분_효과', '효과_느낌', '느낌_각질', '각질_유목민', '유목민_이제', '이제_정착']",[],비듬샴푸ㅣ효과 좋은 비듬 관리 샴푸 추천,0.0,0,[],1,['정착'],1,긍정,False
youtube,,비듬샴푸 추천,요즘에 추워지면서 진짜 두피에 각질 생겨서 스트레스였는데 한스님 믿고 한번 구매해보겠습니다ㅠㅠㅠ,"['각질', '스트레스', '스님']","['각질_스트레스', '스트레스_스님']","['각질', '스트레스', '스님', '각질_스트레스', '스트레스_스님']",[],"샴푸로 집에서 비듬,가려움 없애는 방법 알려드립니다",5.0,0,[],0,[],0,중립,False
youtube,,비듬샴푸 추천,비듬 땜에 정신 나갈 뻔 했는데 저거 쓰자마자 2 3일 안에 비듬 진짜 싹 사라짐,"['비듬', '정신', '비듬']","['비듬_정신', '정신_비듬']","['비듬', '정신', '비듬', '비듬_정신', '정신_비듬']",[],"샴푸로 집에서 비듬,가려움 없애는 방법 알려드립니다",1.0,0,[],0,[],0,중립,False
youtube,,비듬샴푸 추천,비듬 진짜 스트레스라 미용실 샴푸 써보려고 알아보다가 데오아 샀는데 이것도 좋아요 실제 미용실에서 사용하는 샴푸라고 하는데 세정력도 좋고 무엇보다 향기가 미쳤음,"['비듬', '스트레스', '미용실', '미용실', '세정', '향기']","['비듬_스트레스', '스트레스_미용실', '미용실_미용실', '미용실_세정', '세정_향기']","['비듬', '스트레스', '미용실', '미용실', '세정', '향기', '비듬_스트레스', '스트레스_미용실', '미용실_미용실', '미용실_세정', '세정_향기']",[],"샴푸로 집에서 비듬,가려움 없애는 방법 알려드립니다",0.0,0,[],0,[],0,중립,False
youtube,,비듬샴푸 추천,비듬이 싹 잡하니 탈도도 잡히고 두피도 진정되고 진짜 좋아요 아누오틴 진작 먹을걸,"['비듬', '진정', '아누오틴']","['비듬_진정', '진정_아누오틴']","['비듬', '진정', '아누오틴', '비듬_진정', '진정_아누오틴']",[],"샴푸로 집에서 비듬,가려움 없애는 방법 알려드립니다",0.0,0,[],0,[],0,중립,False
youtube,,비듬샴푸 추천,진짜 비듬 가려움이 심해서 저속노화샴푸 스케일러로 관리중인데 요즘 그나마 좋아져서 안긁어요ㅠㅠ 맨날 손톱으로 벅벅 긁어서 피도 나고 아팠는디,"['비듬', '노화', '스케일러', '관리', '손톱']","['비듬_노화', '노화_스케일러', '스케일러_관리', '관리_손톱']","['비듬', '노화', '스케일러', '관리', '손톱', '비듬_노화', '노화_스케일러', '스케일러_관리', '관리_손톱']",[],"샴푸로 집에서 비듬,가려움 없애는 방법 알려드립니다",0.0,1,['가려움'],0,[],-1,이탈위험,False
youtube,,비듬샴푸 추천,샴푸외에 더 하는 두피케어 있으면 한번 모아서 추천해주세요,['케어'],[],['케어'],[],"샴푸로 집에서 비듬,가려움 없애는 방법 알려드립니다",4.0,0,[],1,['추천'],1,긍정,False
youtube,,비듬샴푸 추천,오 진짜 두피 상태가 많이 나아지신 듯,['상태'],[],['상태'],[],"샴푸로 집에서 비듬,가려움 없애는 방법 알려드립니다",0.0,0,[],0,[],0,중립,False
youtube,,비듬샴푸 추천,두피관리하느라 비오틴 들어간 제품 중에 아누오틴선택했는데 제일 깔끔하고 자극 없고 속도 편해서 꾸준히 챙기고 있어요,"['관리', '비오티', '아누오틴', '선택', '깔끔', '자극']","['관리_비오티', '비오티_아누오틴', '아누오틴_선택', '선택_깔끔', '깔끔_자극']","['관리', '비오티', '아누오틴', '선택', '깔끔', '자극', '관리_비오티', '비오티_아누오틴', '아누오틴_선택', '선택_깔끔', '깔끔_자극']",[],"샴푸로 집에서 비듬,가려움 없애는 방법 알려드립니다",0.0,1,['자극'],0,[],-1,이탈위험,False
youtube,,비듬샴푸 추천,저도 두피샴푸 사용하면서 아누오틴 챙기는데 확실히 관리되고 머리도 덜 빠져요,"['아누오틴', '관리']",['아누오틴_관리'],"['아누오틴', '관리', '아누오틴_관리']",[],"샴푸로 집에서 비듬,가려움 없애는 방법 알려드립니다",0.0,0,[],0,[],0,중립,False
youtube,,비듬샴푸 추천,말씀해주신 샴푸 방법 좋습니다 저도 그렇게 하고 있네요 제가효과본 방법 일부 추가해서 정리해보면 이렇습니다 1 머리감기 전에 빗질하기 2 미온수로 2분간 불리기 3 샴푸 도포 후 저자극두피관리솔로 부드럽게 마사지 하기 손톱으로 긁는게 안좋다는 거 알지만 조금만 자라면 안긁으려고 해도 자꾸 손톱으로 긁게 되더라구요 샴푸브러쉬도 여러개 써봤었는데 이게 안아프고 마사지감도 적당해서 좋아요 4 3분간 방치하기 5 3분강 헹구기 6 수건으로 톡톡 두드리며 닦기 7 머리 찬바람으로 말리기 주변인들한테도 추천하는 방법이에요 결과는 딱 2가지였어요 안하고 방치해서 심해지거나 관리해서 좋아지거나 과정이 많아서 귀찮고 성격 급하신 분들한텐 안맞겠지만 간절하신 분들은 1달만 해보세요,"['말씀', '방법', '효과', '방법', '일부', '추가', '정리', '온수', '도포', '자극', '관리', '마사지', '손톱', '조금', '손톱', '브러쉬', '마사지', '방치', '수건', '바람', '주변인', '방법', '결과', '방치', '관리', '과정', '성격']","['말씀_방법', '방법_효과', '효과_방법', '방법_일부', '일부_추가', '추가_정리', '정리_온수', '온수_도포', '도포_자극', '자극_관리', '관리_마사지', '마사지_손톱', '손톱_조금', '조금_손톱', '손톱_브러쉬', '브러쉬_마사지', '마사지_방치', '방치_수건', '수건_바람', '바람_주변인', '주변인_방법', '방법_결과', '결과_방치', '방치_관리', '관리_과정', '과정_성격']","['말씀', '방법', '효과', '방법', '일부', '추가', '정리', '온수', '도포', '자극', '관리', '마사지', '손톱', '조금', '손톱', '브러쉬', '마사지', '방치', '수건', '바람', '주변인', '방법', '결과', '방치', '관리', '과정', '성격', '말씀_방법', '방법_효과', '효과_방법', '방법_일부', '일부_추가', '추가_정리', '정리_온수', '온수_도포', '도포_자극', '자극_관리', '관리_마사지', '마사지_손톱', '손톱_조금', '조금_손톱', '손톱_브러쉬', '브러쉬_마사지', '마사지_방치', '방치_수건', '수건_바람', '바람_주변인', '주변인_방법', '방법_결과', '결과_방치', '방치_관리', '관리_과정', '과정_성격']",[],"샴푸로 집에서 비듬,가려움 없애는 방법 알려드립니다",7.0,1,['자극'],1,['추천'],0,중립,False
youtube,,비듬샴푸 추천,몇개월째 사용중인데 비듬 및 가려움 효과 없음,"['비듬', '효과']",['비듬_효과'],"['비듬', '효과', '비듬_효과']",[],"샴푸로 집에서 비듬,가려움 없애는 방법 알려드립니다",1.0,1,['가려움'],0,[],-1,이탈위험,False
youtube,,비듬샴푸 추천,저도 진짜 어깨 위에 비듬 우수수 떨어질 때 완전 멘붕이었어요 두피 간지럽고 피딱지까지 생기길래 심각한 줄 알고 병원 다녀왔는데 지루성두피염이더라구요 그때부터 이중아연 들어간 샴푸로 바꾸고 진짜 인생 바뀌었습니다 지금은 각질이 거의 없어지고 두피도 확실히 진정됐어요,"['어깨', '비듬', '멘붕', '피딱지', '병원', '지루성두피염', '그때', '이중', '아연', '인생', '지금', '각질', '진정']","['어깨_비듬', '비듬_멘붕', '멘붕_피딱지', '피딱지_병원', '병원_지루성두피염', '지루성두피염_그때', '그때_이중', '이중_아연', '아연_인생', '인생_지금', '지금_각질', '각질_진정']","['어깨', '비듬', '멘붕', '피딱지', '병원', '지루성두피염', '그때', '이중', '아연', '인생', '지금', '각질', '진정', '어깨_비듬', '비듬_멘붕', '멘붕_피딱지', '피딱지_병원', '병원_지루성두피염', '지루성두피염_그때', '그때_이중', '이중_아연', '아연_인생', '인생_지금', '지금_각질', '각질_진정']",[],"샴푸로 집에서 비듬,가려움 없애는 방법 알려드립니다",23.0,0,[],0,[],0,중립,False
youtube,,비듬샴푸 추천,이 포스팅은 쿠팡파트너스 활동의 일환으로 이에 따른 일정액의 수수료를 제공받습니다 구매하시는 가격은 동일합니다 최대 할인율 보러가기 추천상품 구매링크 5위 Nizoral비듬 가려움증 케어 헤어 토너 1개 100ml 가격 25870원 할인제품 4위 Nizoral비듬 가려움증 케어 헤어 토너 2개 100ml 가격 36640원 할인제품 3위 헤드앤숄더 가려운 두피 케어 샴푸 850ml 1개 가격 9070원 할인제품 2위 Nizoral비듬샴푸 1개 200ml 가격 38830원 할인제품 1위 Nizoral비듬샴푸 3개 200ml 가격 86320원 할인제품 빠른 품절 예상되오니 신속한 구매 결정 하시면 좋아요 구독과 좋아요는 영상 제작에 큰힘이 됩니다 짧은 시간 투자해서 제게 힘을 주세요 핫딜 쇼핑 세일 공동구매 할인 가성비,"['파트너스', '활동', '일환', '일정액', '수수료', '제공', '동일', '비듬', '가려움증', '케어', '토너', '비듬', '가려움증', '케어', '토너', '케어', '비듬', '비듬', '품절', '예상', '신속', '결정', '제작', '시간', '투자', '쇼핑', '공동', '가성비']","['파트너스_활동', '활동_일환', '일환_일정액', '일정액_수수료', '수수료_제공', '제공_동일', '동일_비듬', '비듬_가려움증', '가려움증_케어', '케어_토너', '토너_비듬', '비듬_가려움증', '가려움증_케어', '케어_토너', '토너_케어', '케어_비듬', '비듬_비듬', '비듬_품절', '품절_예상', '예상_신속', '신속_결정', '결정_제작', '제작_시간', '시간_투자', '투자_쇼핑', '쇼핑_공동', '공동_가성비']","['파트너스', '활동', '일환', '일정액', '수수료', '제공', '동일', '비듬', '가려움증', '케어', '토너', '비듬', '가려움증', '케어', '토너', '케어', '비듬', '비듬', '품절', '예상', '신속', '결정', '제작', '시간', '투자', '쇼핑', '공동', '가성비', '파트너스_활동', '활동_일환', '일환_일정액', '일정액_수수료', '수수료_제공', '제공_동일', '동일_비듬', '비듬_가려움증', '가려움증_케어', '케어_토너', '토너_비듬', '비듬_가려움증', '가려움증_케어', '케어_토너', '토너_케어', '케어_비듬', '비듬_비듬', '비듬_품절', '품절_예상', '예상_신속', '신속_결정', '결정_제작', '제작_시간', '시간_투자', '투자_쇼핑', '쇼핑_공동', '공동_가성비']",[],"니조랄 찐 후기! 비듬  가려움, 헤드앤숄더 비교분석 + 샴푸 추천",0.0,1,['가려움'],1,['추천'],0,중립,False
youtube,,비듬샴푸 추천,지루성 두피염으로 고통 받다가 피부과 원장님이 알려주신 방법대로 관리해서 이제 쫌 나아졌네요 ㅠㅠ 알려주신 방법 알려드릴께요 딱 3가지만 하세요 1 피지 유발 식습관 줄이기 기름진 음식 설탕 많은 음식 인스턴트 2 항염 향균 성분이 들어간 와샴푸 쓰세요 3 머리 감은 후 꼭 두피 잘 말려주세요 이거 3 4주면 확실히 효과가 드러납니다,"['지루', '고통', '피부과', '원장', '방법', '관리', '방법', '피지', '유발', '식습관', '음식', '설탕', '음식', '인스턴트', '성분', '효과']","['지루_고통', '고통_피부과', '피부과_원장', '원장_방법', '방법_관리', '관리_방법', '방법_피지', '피지_유발', '유발_식습관', '식습관_음식', '음식_설탕', '설탕_음식', '음식_인스턴트', '인스턴트_성분', '성분_효과']","['지루', '고통', '피부과', '원장', '방법', '관리', '방법', '피지', '유발', '식습관', '음식', '설탕', '음식', '인스턴트', '성분', '효과', '지루_고통', '고통_피부과', '피부과_원장', '원장_방법', '방법_관리', '관리_방법', '방법_피지', '피지_유발', '유발_식습관', '식습관_음식', '음식_설탕', '설탕_음식', '음식_인스턴트', '인스턴트_성분', '성분_효과']",[],🧴니조랄? 헤드앤숄더? 비듬 제거 샴푸 선택법 지루성두피염 vs 두피건선 완벽 구별법,1.0,0,[],1,['나아졌'],1,긍정,False
youtube,,비듬샴푸 추천,두피 전체가 그렇진 않고 2부분 정도가 특히 심합니다 가족에게 봐달라고하니 두피가 붉다고 하고 가려운 수준은 가끔씩 엄청 가려운거 빼면 그냥 거의 안간지럽거나 참을만한 가려움인데 가렵기 시작해서 살짝 긁으면 하얀가루같은 각질비듬이 떨어집니다 샤워직후에는 좀 깨끗한 편인거 같고 시간 지나 좀 간지러워져서 조금씩 손이 갈때쯤 보니 심하다고 느껴지는 부분이 좀 갈라지며 하얗게 뜨는 느낌입니다 피부나 이런게 기본적으로 좀 건조한 편이라 비듬도 그런쪽으로 나는거 같은데 기본증상은 지루성인거 같기도하고 헷갈리네요 댓글 보게 되시면 가볍게라도 의견 남겨주시면 도움될거 같아요,"['전체', '가족', '수준', '시작', '가루', '각질', '비듬', '샤워', '직후', '시간', '조금', '느낌', '피부', '기본', '건조', '비듬', '기본', '증상', '지루', '댓글', '의견', '도움']","['전체_가족', '가족_수준', '수준_시작', '시작_가루', '가루_각질', '각질_비듬', '비듬_샤워', '샤워_직후', '직후_시간', '시간_조금', '조금_느낌', '느낌_피부', '피부_기본', '기본_건조', '건조_비듬', '비듬_기본', '기본_증상', '증상_지루', '지루_댓글', '댓글_의견', '의견_도움']","['전체', '가족', '수준', '시작', '가루', '각질', '비듬', '샤워', '직후', '시간', '조금', '느낌', '피부', '기본', '건조', '비듬', '기본', '증상', '지루', '댓글', '의견', '도움', '전체_가족', '가족_수준', '수준_시작', '시작_가루', '가루_각질', '각질_비듬', '비듬_샤워', '샤워_직후', '직후_시간', '시간_조금', '조금_느낌', '느낌_피부', '피부_기본', '기본_건조', '건조_비듬', '비듬_기본', '기본_증상', '증상_지루', '지루_댓글', '댓글_의견', '의견_도움']",[],🧴니조랄? 헤드앤숄더? 비듬 제거 샴푸 선택법 지루성두피염 vs 두피건선 완벽 구별법,0.0,1,['가려움'],0,[],-1,이탈위험,False
youtube,,안티트로 vs 헤드앤숄더,약당당x블루라이프 샴푸 두피 예민하신 분들 무설페이트 블루라이프 샴푸 꼭 써보세요 지금 프로필링크에서 최저가 혜택 진행중입니다 무설페이트 자연 유래 성분 지루성 두피염 비듬 뾰루지 기름진 정수리 케어 최저가 링크는 5월 13일까지예요,"['약당당', '블루', '라이프', '무설페이트', '블루', '라이프', '진행', '무설페이트', '자연', '유래', '성분', '지루', '비듬', '뾰루지', '정수리', '케어']","['약당당_블루', '블루_라이프', '라이프_무설페이트', '무설페이트_블루', '블루_라이프', '라이프_진행', '진행_무설페이트', '무설페이트_자연', '자연_유래', '유래_성분', '성분_지루', '지루_비듬', '비듬_뾰루지', '뾰루지_정수리', '정수리_케어']","['약당당', '블루', '라이프', '무설페이트', '블루', '라이프', '진행', '무설페이트', '자연', '유래', '성분', '지루', '비듬', '뾰루지', '정수리', '케어', '약당당_블루', '블루_라이프', '라이프_무설페이트', '무설페이트_블루', '블루_라이프', '라이프_진행', '진행_무설페이트', '무설페이트_자연', '자연_유래', '유래_성분', '성분_지루', '지루_비듬', '비듬_뾰루지', '뾰루지_정수리', '정수리_케어']",[],"지루성 두피염, 비듬, 약한 두피라면? 요 성분의 샴푸는 피하세욧 ❌️🧴",51.0,1,['뾰루지'],0,[],-1,이탈위험,False
youtube,,안티트로 vs 헤드앤숄더,설페이트는 오히려 수십년간 인증된 가장 안전한 세정성분임 헤숄 쓰십쇼 피앤지가 괜히 초대기업이 아님,"['설페이트', '인증', '안전', '세정', '성분', '피앤지', '기업']","['설페이트_인증', '인증_안전', '안전_세정', '세정_성분', '성분_피앤지', '피앤지_기업']","['설페이트', '인증', '안전', '세정', '성분', '피앤지', '기업', '설페이트_인증', '인증_안전', '안전_세정', '세정_성분', '성분_피앤지', '피앤지_기업']",[],"지루성 두피염, 비듬, 약한 두피라면? 요 성분의 샴푸는 피하세욧 ❌️🧴",40.0,0,[],0,[],0,중립,False
youtube,,안티트로 vs 헤드앤숄더,두피 한동안 뒤집어져서 난리났었는데 헤드엔숄더랑 두피밸런서 쓰고 싹 깨끗해짐,"['동안', '난리', '헤드엔숄더', '두피밸런서']","['동안_난리', '난리_헤드엔숄더', '헤드엔숄더_두피밸런서']","['동안', '난리', '헤드엔숄더', '두피밸런서', '동안_난리', '난리_헤드엔숄더', '헤드엔숄더_두피밸런서']",[],"지루성 두피염, 비듬, 약한 두피라면? 요 성분의 샴푸는 피하세욧 ❌️🧴",87.0,0,[],0,[],0,중립,False
youtube,,안티트로 vs 헤드앤숄더,헤드엔숄더 진짜 좋은데 돌고돌아서 항상 이걸로 쓰게된다는 간증이 진짜 많죠ㅎㅎ 지루성두피의 구원템,"['헤드엔숄더', '간증', '지루성두피', '구원']","['헤드엔숄더_간증', '간증_지루성두피', '지루성두피_구원']","['헤드엔숄더', '간증', '지루성두피', '구원', '헤드엔숄더_간증', '간증_지루성두피', '지루성두피_구원']",[],"지루성 두피염, 비듬, 약한 두피라면? 요 성분의 샴푸는 피하세욧 ❌️🧴",273.0,0,[],0,[],0,중립,False
youtube,,안티트로 vs 헤드앤숄더,헤드앤숄더로 갈아탈때마다 두피여드름 남,['여드름'],[],['여드름'],[],"지루성 두피염, 비듬, 약한 두피라면? 요 성분의 샴푸는 피하세욧 ❌️🧴",8.0,1,['갈아탈'],0,[],-1,이탈위험,False
youtube,,안티트로 vs 헤드앤숄더,헤숄 1주일에 2 3번정도는 써주는거 좋아용 보라색 그리고 샴푸후에 무조건 자생 두피토너 써주세요 두피도 피부라 자극없이 관리해야하는데 샴푸 바꿔 쓴다고 소용없더라구요,"['자생', '토너', '피부', '자극', '관리']","['자생_토너', '토너_피부', '피부_자극', '자극_관리']","['자생', '토너', '피부', '자극', '관리', '자생_토너', '토너_피부', '피부_자극', '자극_관리']",[],"지루성 두피염, 비듬, 약한 두피라면? 요 성분의 샴푸는 피하세욧 ❌️🧴",1.0,2,"['소용없', '자극']",0,[],-2,이탈위험,False
youtube,,안티트로 vs 헤드앤숄더,와 비듬 샴푸로 유명해서 이거 쓰고있는데 최근에 머리에 딱지가 많이 생긴다했는데 이것 때문이네요 ㅠㅠ,"['비듬', '유명', '딱지']","['비듬_유명', '유명_딱지']","['비듬', '유명', '딱지', '비듬_유명', '유명_딱지']",[],"지루성 두피염, 비듬, 약한 두피라면? 요 성분의 샴푸는 피하세욧 ❌️🧴",14.0,0,[],0,[],0,중립,False
youtube,,안티트로 vs 헤드앤숄더,지루성이나 중성두피가 아니면 설페이트 계열은 안쓰시는게 좋고 지루성이나 중성두피인데 뾰루지가 생기면 성분표에 실리콘오일 혹은 메티콘오일 성분이 적혀있으면 10에 9은 그게 문제입니다,"['지루', '중성', '설페이트', '계열', '지루', '중성', '뾰루지', '성분', '실리콘', '오일', '메티콘', '오일', '성분', '문제']","['지루_중성', '중성_설페이트', '설페이트_계열', '계열_지루', '지루_중성', '중성_뾰루지', '뾰루지_성분', '성분_실리콘', '실리콘_오일', '오일_메티콘', '메티콘_오일', '오일_성분', '성분_문제']","['지루', '중성', '설페이트', '계열', '지루', '중성', '뾰루지', '성분', '실리콘', '오일', '메티콘', '오일', '성분', '문제', '지루_중성', '중성_설페이트', '설페이트_계열', '계열_지루', '지루_중성', '중성_뾰루지', '뾰루지_성분', '성분_실리콘', '실리콘_오일', '오일_메티콘', '메티콘_오일', '오일_성분', '성분_문제']",[],"지루성 두피염, 비듬, 약한 두피라면? 요 성분의 샴푸는 피하세욧 ❌️🧴",19.0,1,['뾰루지'],0,[],-1,이탈위험,False
youtube,,안티트로 vs 헤드앤숄더,진짜 저랑 같이 지성 두피에 뾰루지 잘 나시는 분들 요즘은 킹스파워샴푸 쓰고는 저런거 싹 없어졌어요 그냥 한번 썼는데 두피가 시원하고 개운하면서 하얀 각질 비듬이 싹 다 나아버리더라구요 천연 계면활성제에 일반샴푸보다 3배 더 비싼 원료를 쓴다고 들었는데 진짜 비듬 없어지고 탈모까지 없어지고 머리카락 굵어져서 요즘은 헤어에 완전 자신감 업 됐어요 비듬 기름끼 허연각질에 킹스파워샴푸 완전 추천합니다 제가 직접 써봤습니다,"['지성', '뾰루지', '킹스', '파워', '각질', '비듬', '천연', '계면활성제', '일반', '원료', '비듬', '탈모', '머리카락', '자신감', '비듬', '기름', '각질', '킹스', '파워']","['지성_뾰루지', '뾰루지_킹스', '킹스_파워', '파워_각질', '각질_비듬', '비듬_천연', '천연_계면활성제', '계면활성제_일반', '일반_원료', '원료_비듬', '비듬_탈모', '탈모_머리카락', '머리카락_자신감', '자신감_비듬', '비듬_기름', '기름_각질', '각질_킹스', '킹스_파워']","['지성', '뾰루지', '킹스', '파워', '각질', '비듬', '천연', '계면활성제', '일반', '원료', '비듬', '탈모', '머리카락', '자신감', '비듬', '기름', '각질', '킹스', '파워', '지성_뾰루지', '뾰루지_킹스', '킹스_파워', '파워_각질', '각질_비듬', '비듬_천연', '천연_계면활성제', '계면활성제_일반', '일반_원료', '원료_비듬', '비듬_탈모', '탈모_머리카락', '머리카락_자신감', '자신감_비듬', '비듬_기름', '기름_각질', '각질_킹스', '킹스_파워']",[],"지루성 두피염, 비듬, 약한 두피라면? 요 성분의 샴푸는 피하세욧 ❌️🧴",2.0,1,['뾰루지'],2,"['없어졌', '추천']",1,긍정,False
youtube,,안티트로 vs 헤드앤숄더,아버지가 비듬 난다고 헤숄 사서 몇 달 같이 썼더니 두피 트러블 미친듯이 나는 중,"['아버지', '비듬', '트러블']","['아버지_비듬', '비듬_트러블']","['아버지', '비듬', '트러블', '아버지_비듬', '비듬_트러블']",[],"지루성 두피염, 비듬, 약한 두피라면? 요 성분의 샴푸는 피하세욧 ❌️🧴",3.0,1,['트러블'],0,[],-1,이탈위험,False
youtube,,안티트로 vs 헤드앤숄더,저같이 비듬이 많은 사람은 헤드앤숄더ㅠ좋드라고요,['비듬'],[],['비듬'],[],"지루성 두피염, 비듬, 약한 두피라면? 요 성분의 샴푸는 피하세욧 ❌️🧴",0.0,0,[],0,[],0,중립,False
youtube,,안티트로 vs 헤드앤숄더,헤드앤숄더 쿨멘솔 좋아요 지성두피이고 13년째 쓰는중임,"['쿨멘솔', '지성두피']",['쿨멘솔_지성두피'],"['쿨멘솔', '지성두피', '쿨멘솔_지성두피']",[],"지루성 두피염, 비듬, 약한 두피라면? 요 성분의 샴푸는 피하세욧 ❌️🧴",1.0,0,[],0,[],0,중립,False
youtube,,안티트로 vs 헤드앤숄더,비듬 많으신 분들 비듬클리너로 머리 먼저 빗어주고 헤드앤숄더 쓰니 많이 좋아졌어요 참고하세요,"['비듬', '비듬클리너', '참고']","['비듬_비듬클리너', '비듬클리너_참고']","['비듬', '비듬클리너', '참고', '비듬_비듬클리너', '비듬클리너_참고']",[],"지루성 두피염, 비듬, 약한 두피라면? 요 성분의 샴푸는 피하세욧 ❌️🧴",0.0,0,[],1,['좋아졌'],1,긍정,False
youtube,,안티트로 vs 헤드앤숄더,설페이트 없으면 세정력이 똥망임 돌고돌다가 다른것도 쓰고 싶어서 지금은 오프온샴푸 쓰는데 두피샴푸 써본중엔 세정력 좋음 헤숄은 향이 맘에 안들어서 ㅠㅠ,"['설페이트', '세정', '지금', '오프', '정력']","['설페이트_세정', '세정_지금', '지금_오프', '오프_정력']","['설페이트', '세정', '지금', '오프', '정력', '설페이트_세정', '세정_지금', '지금_오프', '오프_정력']",[],"지루성 두피염, 비듬, 약한 두피라면? 요 성분의 샴푸는 피하세욧 ❌️🧴",1.0,0,[],0,[],0,중립,False
youtube,,안티트로 vs 헤드앤숄더,말로만 들어본 잇퓨 업패스트샴푸 써보고 반해서 지금 몇 통째 비워요ㅋ 머리카락 두피에 영양을 주니확실히 빨리 자라네요,"['잇퓨', '패스트', '머리카락', '영양']","['잇퓨_패스트', '패스트_머리카락', '머리카락_영양']","['잇퓨', '패스트', '머리카락', '영양', '잇퓨_패스트', '패스트_머리카락', '머리카락_영양']",[],"지루성 두피염, 비듬, 약한 두피라면? 요 성분의 샴푸는 피하세욧 ❌️🧴",0.0,0,[],0,[],0,중립,False
youtube,,안티트로 vs 헤드앤숄더,비듬클리너로 머리 매일 빗어주면서 샴푸 설페이트 없는걸로 바꿨더니 효과 훨씬 더 좋았어요,"['비듬', '클리너', '설페이트', '효과']","['비듬_클리너', '클리너_설페이트', '설페이트_효과']","['비듬', '클리너', '설페이트', '효과', '비듬_클리너', '클리너_설페이트', '설페이트_효과']",[],"지루성 두피염, 비듬, 약한 두피라면? 요 성분의 샴푸는 피하세욧 ❌️🧴",4.0,0,[],0,[],0,중립,False
youtube,,안티트로 vs 헤드앤숄더,저도 두피에 염증 뾰루지 잘나고 요즘은 머리가 너무 많이 빠지는거 같아서 고민이었는데 킹스파워블랙샴푸 쓰면서 두피 염증 비듬이 다 사라지더라구요 거기다 중요한건 탈모가 멈췄어요 처음 감으면 좀 뻣뻣하다 싶었는데 그러고선 평소 빠지던거 1 5밖에 안빠지구요 머리카락도 굵어지면서 머리카락에 힘이 생기네요 덕분에 머리숱도 훨씬 더 풍성해보이고 헤어 뿌리부터 볼륨이 확 생겨서 스타일이 정말 사는거 같아요 두피 염증 비듬은 옛일이 됐고 요즘은 외출해서 헤어 볼때마다 너무 만족스러워요 저처럼 두피 염증 탈모 비듬 심하고 머리에 힘 없는 분들은 킹스파워샴푸 정말 추천드려요,"['염증', '뾰루지', '고민', '킹스', '파워', '블랙', '염증', '비듬', '중요', '탈모', '처음', '평소', '머리카락', '머리카락', '덕분', '머리숱', '뿌리', '볼륨', '스타일', '염증', '비듬', '옛일', '외출', '만족', '염증', '탈모', '비듬', '킹스', '파워']","['염증_뾰루지', '뾰루지_고민', '고민_킹스', '킹스_파워', '파워_블랙', '블랙_염증', '염증_비듬', '비듬_중요', '중요_탈모', '탈모_처음', '처음_평소', '평소_머리카락', '머리카락_머리카락', '머리카락_덕분', '덕분_머리숱', '머리숱_뿌리', '뿌리_볼륨', '볼륨_스타일', '스타일_염증', '염증_비듬', '비듬_옛일', '옛일_외출', '외출_만족', '만족_염증', '염증_탈모', '탈모_비듬', '비듬_킹스', '킹스_파워']","['염증', '뾰루지', '고민', '킹스', '파워', '블랙', '염증', '비듬', '중요', '탈모', '처음', '평소', '머리카락', '머리카락', '덕분', '머리숱', '뿌리', '볼륨', '스타일', '염증', '비듬', '옛일', '외출', '만족', '염증', '탈모', '비듬', '킹스', '파워', '염증_뾰루지', '뾰루지_고민', '고민_킹스', '킹스_파워', '파워_블랙', '블랙_염증', '염증_비듬', '비듬_중요', '중요_탈모', '탈모_처음', '처음_평소', '평소_머리카락', '머리카락_머리카락', '머리카락_덕분', '덕분_머리숱', '머리숱_뿌리', '뿌리_볼륨', '볼륨_스타일', '스타일_염증', '염증_비듬', '비듬_옛일', '옛일_외출', '외출_만족', '만족_염증', '염증_탈모', '탈모_비듬', '비듬_킹스', '킹스_파워']",[],"지루성 두피염, 비듬, 약한 두피라면? 요 성분의 샴푸는 피하세욧 ❌️🧴",0.0,1,['뾰루지'],1,['추천'],0,중립,False
youtube,,안티트로 vs 헤드앤숄더,두피샴푸 알아보다가 두피 건강이 안 좋으면 탈모가 온다고 하더라고요 탈모부터 지켜야겠다 생각해 모미래 핑크솔트 탈모샴푸 쓰고 있습니다 두피 정리도 잘 되고 머리카락도 덜 빠져서 미리 관리하길 잘한 것 같아요 머릿결도 좋아지고 가려움도 없어져서 일석이조예요 요즘은 거울 볼 때마다 기분이 좋아요 ㅎㅎ 두피랑 탈모 둘 다 잡고 싶으신 분들 핑크솔트 탈모샴푸 추천드려요,"['건강', '탈모', '탈모', '모미래', '핑크솔트', '탈모', '정리', '머리카락', '관리', '머릿결', '일석이조', '거울', '기분', '탈모', '핑크솔트', '탈모']","['건강_탈모', '탈모_탈모', '탈모_모미래', '모미래_핑크솔트', '핑크솔트_탈모', '탈모_정리', '정리_머리카락', '머리카락_관리', '관리_머릿결', '머릿결_일석이조', '일석이조_거울', '거울_기분', '기분_탈모', '탈모_핑크솔트', '핑크솔트_탈모']","['건강', '탈모', '탈모', '모미래', '핑크솔트', '탈모', '정리', '머리카락', '관리', '머릿결', '일석이조', '거울', '기분', '탈모', '핑크솔트', '탈모', '건강_탈모', '탈모_탈모', '탈모_모미래', '모미래_핑크솔트', '핑크솔트_탈모', '탈모_정리', '정리_머리카락', '머리카락_관리', '관리_머릿결', '머릿결_일석이조', '일석이조_거울', '거울_기분', '기분_탈모', '탈모_핑크솔트', '핑크솔트_탈모']",[],"지루성 두피염, 비듬, 약한 두피라면? 요 성분의 샴푸는 피하세욧 ❌️🧴",51.0,1,['가려움'],1,['추천'],0,중립,False
youtube,,안티트로 vs 헤드앤숄더,저는 헤드앤숄더랑 퍼퓸샴푸들 쓰고 두피염 생겼어요 ㄷㄷㄷㄷ,['퍼퓸'],[],['퍼퓸'],[],"지루성 두피염, 비듬, 약한 두피라면? 요 성분의 샴푸는 피하세욧 ❌️🧴",0.0,0,[],0,[],0,중립,False
youtube,,안티트로 vs 헤드앤숄더,헤드앤숄더 매일써도 비듬 많이나오던데 다른거 쓰니까 귀신같이 나음,"['비듬', '귀신']",['비듬_귀신'],"['비듬', '귀신', '비듬_귀신']",[],"지루성 두피염, 비듬, 약한 두피라면? 요 성분의 샴푸는 피하세욧 ❌️🧴",1.0,1,['다른거'],0,[],-1,이탈위험,False
youtube,,안티트로 vs 헤드앤숄더,비듬좀많다 국내시판 헤숄 지루성두피염 쿱앙에서 헤드앤숄더 스트렝스 크리니컬,"['비듬', '국내', '시판', '지루성두피염', '쿱앙', '스트렝스', '크리니컬']","['비듬_국내', '국내_시판', '시판_지루성두피염', '지루성두피염_쿱앙', '쿱앙_스트렝스', '스트렝스_크리니컬']","['비듬', '국내', '시판', '지루성두피염', '쿱앙', '스트렝스', '크리니컬', '비듬_국내', '국내_시판', '시판_지루성두피염', '지루성두피염_쿱앙', '쿱앙_스트렝스', '스트렝스_크리니컬']",[],"지루성 두피염, 비듬, 약한 두피라면? 요 성분의 샴푸는 피하세욧 ❌️🧴",2.0,0,[],0,[],0,중립,False
youtube,,안티트로 vs 헤드앤숄더,동물 실험해도 소듐라우레스 설페이트는 이것은 동물들은 엄청 피부가 까졌어요 순하고 세정 잘 되는 라우릴 글루코사이드 코코글루코사이드 쓰세요 농약을 쓰고 잔류 농약 검사를 인증한지 모르는 코코넛유래에 강한 황산화 에톡실화 과정을 겪어서 강한 화학물질입니다,"['동물', '실험', '소듐라우레스', '설페이트', '동물', '피부', '세정', '라우릴', '글루코사이드', '코코글루코사이드', '농약', '잔류', '농약', '검사', '인증', '코코넛', '유래', '황산', '에톡실', '과정', '화학', '물질']","['동물_실험', '실험_소듐라우레스', '소듐라우레스_설페이트', '설페이트_동물', '동물_피부', '피부_세정', '세정_라우릴', '라우릴_글루코사이드', '글루코사이드_코코글루코사이드', '코코글루코사이드_농약', '농약_잔류', '잔류_농약', '농약_검사', '검사_인증', '인증_코코넛', '코코넛_유래', '유래_황산', '황산_에톡실', '에톡실_과정', '과정_화학', '화학_물질']","['동물', '실험', '소듐라우레스', '설페이트', '동물', '피부', '세정', '라우릴', '글루코사이드', '코코글루코사이드', '농약', '잔류', '농약', '검사', '인증', '코코넛', '유래', '황산', '에톡실', '과정', '화학', '물질', '동물_실험', '실험_소듐라우레스', '소듐라우레스_설페이트', '설페이트_동물', '동물_피부', '피부_세정', '세정_라우릴', '라우릴_글루코사이드', '글루코사이드_코코글루코사이드', '코코글루코사이드_농약', '농약_잔류', '잔류_농약', '농약_검사', '검사_인증', '인증_코코넛', '코코넛_유래', '유래_황산', '황산_에톡실', '에톡실_과정', '과정_화학', '화학_물질']",[],"지루성 두피염, 비듬, 약한 두피라면? 요 성분의 샴푸는 피하세욧 ❌️🧴",7.0,0,[],0,[],0,중립,False
youtube,,안티트로 vs 헤드앤숄더,헤드앤숄더쓰고 두피염증 싹나음,"['헤드앤숄더쓰', '염증']",['헤드앤숄더쓰_염증'],"['헤드앤숄더쓰', '염증', '헤드앤숄더쓰_염증']",[],"지루성 두피염, 비듬, 약한 두피라면? 요 성분의 샴푸는 피하세욧 ❌️🧴",0.0,0,[],0,[],0,중립,False
youtube,,안티트로 vs 헤드앤숄더,저 두피염증으로 진짜 고민 많이하고 샴푸썻는데 생각보다 별효과가 없더라구요 두피가 속의 문젠데 겉만 계속 씻어낸다고 효과가 없는거 같아서 식습관 생활습관 관리했구요 두피커뮤니티에서 추천받은 두피개선환도 잘챙겨먹었더니 3개월정도 되서 두피가 깨끗해진게 눈에 보입니다,"['염증', '고민', '효과', '문제', '효과', '식습관', '생활', '습관', '관리', '커뮤니티', '개선']","['염증_고민', '고민_효과', '효과_문제', '문제_효과', '효과_식습관', '식습관_생활', '생활_습관', '습관_관리', '관리_커뮤니티', '커뮤니티_개선']","['염증', '고민', '효과', '문제', '효과', '식습관', '생활', '습관', '관리', '커뮤니티', '개선', '염증_고민', '고민_효과', '효과_문제', '문제_효과', '효과_식습관', '식습관_생활', '생활_습관', '습관_관리', '관리_커뮤니티', '커뮤니티_개선']",[],"지루성 두피염, 비듬, 약한 두피라면? 요 성분의 샴푸는 피하세욧 ❌️🧴",2.0,0,[],1,['추천'],1,긍정,False
youtube,,안티트로 vs 헤드앤숄더,두피염증으로 몇달 고생했는데요 두피열로 밤낮없이 가려워서 참다못해 병원가도 답이 없었음 요근래에 운동하고 식습관 고치면서 아누오틴 영양제 챙기니까 서서히 열 내려가는듯ㅠㅠ,"['염증', '고생', '병원', '근래', '운동', '식습관', '아누오틴', '영양제']","['염증_고생', '고생_병원', '병원_근래', '근래_운동', '운동_식습관', '식습관_아누오틴', '아누오틴_영양제']","['염증', '고생', '병원', '근래', '운동', '식습관', '아누오틴', '영양제', '염증_고생', '고생_병원', '병원_근래', '근래_운동', '운동_식습관', '식습관_아누오틴', '아누오틴_영양제']",[],"지루성 두피염, 비듬, 약한 두피라면? 요 성분의 샴푸는 피하세욧 ❌️🧴",133.0,0,[],0,[],0,중립,False
youtube,,안티트로 vs 헤드앤숄더,전성분 정제수 소듐라우레스설페이트 소듐자일렌설포네이트 코카마이드엠이에이 소듐시트레이트 다이메티콘 피록톤올아민 멘톨 0 45 향료 소듐클로라이드 시트릭애씨드 소듐벤조에이트 구아하이드록시프로필트라이모늄클로라이드 테트라소듐이디티에이 헥실신남알 리날룰 스테아릴알코올 세틸알코올 폴리쿼터늄 76 리모넨 알파 아이소메틸아이오논 메칠클로로이소치아졸리논 글라이콜다이스테아레이트 소듐라우릴설페이트 코카미도프로필베타인 메칠이소치아졸리논 여기에서 님아는 재료가 뭐가요 이유을 알아야지 사용하지 않죠,"['성분', '정제', '소듐라우레스설페이트', '소듐자일렌설포네이트', '코카마이드엠이에이', '소듐시트레이트', '다이메티콘', '피록톤올아민', '멘톨', '향료', '소듐클로라이드', '시트릭애씨드', '소듐벤조에이트', '구아하이드록시프로필트라이모늄클로라이드', '테트라소듐이디티에이', '헥실신남알', '리날룰', '스테아릴알코올', '세틸알코올', '폴리쿼터늄', '리모넨', '알파', '아이소메틸아이오논', '메칠클로로이소치아졸리논', '글라이콜다이스테아레이트', '소듐라우릴설페이트', '코카미도프로필베타인', '메칠이소치아졸리논', '재료', '가요']","['성분_정제', '정제_소듐라우레스설페이트', '소듐라우레스설페이트_소듐자일렌설포네이트', '소듐자일렌설포네이트_코카마이드엠이에이', '코카마이드엠이에이_소듐시트레이트', '소듐시트레이트_다이메티콘', '다이메티콘_피록톤올아민', '피록톤올아민_멘톨', '멘톨_향료', '향료_소듐클로라이드', '소듐클로라이드_시트릭애씨드', '시트릭애씨드_소듐벤조에이트', '소듐벤조에이트_구아하이드록시프로필트라이모늄클로라이드', '구아하이드록시프로필트라이모늄클로라이드_테트라소듐이디티에이', '테트라소듐이디티에이_헥실신남알', '헥실신남알_리날룰', '리날룰_스테아릴알코올', '스테아릴알코올_세틸알코올', '세틸알코올_폴리쿼터늄', '폴리쿼터늄_리모넨', '리모넨_알파', '알파_아이소메틸아이오논', '아이소메틸아이오논_메칠클로로이소치아졸리논', '메칠클로로이소치아졸리논_글라이콜다이스테아레이트', '글라이콜다이스테아레이트_소듐라우릴설페이트', '소듐라우릴설페이트_코카미도프로필베타인', '코카미도프로필베타인_메칠이소치아졸리논', '메칠이소치아졸리논_재료', '재료_가요']","['성분', '정제', '소듐라우레스설페이트', '소듐자일렌설포네이트', '코카마이드엠이에이', '소듐시트레이트', '다이메티콘', '피록톤올아민', '멘톨', '향료', '소듐클로라이드', '시트릭애씨드', '소듐벤조에이트', '구아하이드록시프로필트라이모늄클로라이드', '테트라소듐이디티에이', '헥실신남알', '리날룰', '스테아릴알코올', '세틸알코올', '폴리쿼터늄', '리모넨', '알파', '아이소메틸아이오논', '메칠클로로이소치아졸리논', '글라이콜다이스테아레이트', '소듐라우릴설페이트', '코카미도프로필베타인', '메칠이소치아졸리논', '재료', '가요', '성분_정제', '정제_소듐라우레스설페이트', '소듐라우레스설페이트_소듐자일렌설포네이트', '소듐자일렌설포네이트_코카마이드엠이에이', '코카마이드엠이에이_소듐시트레이트', '소듐시트레이트_다이메티콘', '다이메티콘_피록톤올아민', '피록톤올아민_멘톨', '멘톨_향료', '향료_소듐클로라이드', '소듐클로라이드_시트릭애씨드', '시트릭애씨드_소듐벤조에이트', '소듐벤조에이트_구아하이드록시프로필트라이모늄클로라이드', '구아하이드록시프로필트라이모늄클로라이드_테트라소듐이디티에이', '테트라소듐이디티에이_헥실신남알', '헥실신남알_리날룰', '리날룰_스테아릴알코올', '스테아릴알코올_세틸알코올', '세틸알코올_폴리쿼터늄', '폴리쿼터늄_리모넨', '리모넨_알파', '알파_아이소메틸아이오논', '아이소메틸아이오논_메칠클로로이소치아졸리논', '메칠클로로이소치아졸리논_글라이콜다이스테아레이트', '글라이콜다이스테아레이트_소듐라우릴설페이트', '소듐라우릴설페이트_코카미도프로필베타인', '코카미도프로필베타인_메칠이소치아졸리논', '메칠이소치아졸리논_재료', '재료_가요']",[],"지루성 두피염, 비듬, 약한 두피라면? 요 성분의 샴푸는 피하세욧 ❌️🧴",0.0,0,[],0,[],0,중립,False
youtube,,안티트로 vs 헤드앤숄더,결국 약산성 샴푸들은 완벽하게 기름기처리가 안되서 두피가 더 안좋아짐 그냥 헤드 앤 숄더 쓰삼 독하면 일반마트에서 못팔아 약용샴푸지,"['약산', '완벽', '기름', '처리', '헤드', '일반', '마트', '약용']","['약산_완벽', '완벽_기름', '기름_처리', '처리_헤드', '헤드_일반', '일반_마트', '마트_약용']","['약산', '완벽', '기름', '처리', '헤드', '일반', '마트', '약용', '약산_완벽', '완벽_기름', '기름_처리', '처리_헤드', '헤드_일반', '일반_마트', '마트_약용']",[],"지루성 두피염, 비듬, 약한 두피라면? 요 성분의 샴푸는 피하세욧 ❌️🧴",1.0,0,[],0,[],0,중립,False
youtube,,안티트로 vs 헤드앤숄더,처음엔 다양한 샴푸 써보다가 가렵고 트러블 나서 아누오틴으로 바꿨어요 지금은 확실히 두피가 안정되고 빠지는 머리도 덜해져서 정착 중이에요,"['처음', '다양', '트러블', '아누오틴', '안정', '정착']","['처음_다양', '다양_트러블', '트러블_아누오틴', '아누오틴_안정', '안정_정착']","['처음', '다양', '트러블', '아누오틴', '안정', '정착', '처음_다양', '다양_트러블', '트러블_아누오틴', '아누오틴_안정', '안정_정착']",[],"지루성 두피염, 비듬, 약한 두피라면? 요 성분의 샴푸는 피하세욧 ❌️🧴",59.0,1,['트러블'],1,['정착'],0,중립,False
youtube,,안티트로 vs 헤드앤숄더,저 헤드엔숄더쓰고있어요 진짜좋아요ㅠ 두피너무 기름져서 보조제로 아누오틴도 같이먹고있는데 확실히 시너지가 좋더라구요,"['헤드', '보조제', '아누오틴', '시너지']","['헤드_보조제', '보조제_아누오틴', '아누오틴_시너지']","['헤드', '보조제', '아누오틴', '시너지', '헤드_보조제', '보조제_아누오틴', '아누오틴_시너지']",[],"지루성 두피염, 비듬, 약한 두피라면? 요 성분의 샴푸는 피하세욧 ❌️🧴",270.0,0,[],0,[],0,중립,False
youtube,,안티트로 vs 헤드앤숄더,헤드엔숄더만한게 없음ㅋㅋ 아예 안쓰기는 힘듬 특히 지성두피는 극단적으로 어느 한쪽에 치우칠게 아니라 화학 계면활성제가 들어간 샴푸는 주 2ㅡ3회 정도 쓰고 나머지는 천연 계면활성제 들어간 순한 제품 쓰는게 좋음 순한게 좋다고 그거만 쓰다간 다른두피는 몰라도 지성두피는 버틸수없음,"['헤드엔숄더', '힘듬', '지성두피', '극단', '한쪽', '화학', '계면활성제', '나머지', '천연', '계면활성제', '지성두피']","['헤드엔숄더_힘듬', '힘듬_지성두피', '지성두피_극단', '극단_한쪽', '한쪽_화학', '화학_계면활성제', '계면활성제_나머지', '나머지_천연', '천연_계면활성제', '계면활성제_지성두피']","['헤드엔숄더', '힘듬', '지성두피', '극단', '한쪽', '화학', '계면활성제', '나머지', '천연', '계면활성제', '지성두피', '헤드엔숄더_힘듬', '힘듬_지성두피', '지성두피_극단', '극단_한쪽', '한쪽_화학', '화학_계면활성제', '계면활성제_나머지', '나머지_천연', '천연_계면활성제', '계면활성제_지성두피']",[],"지루성 두피염, 비듬, 약한 두피라면? 요 성분의 샴푸는 피하세욧 ❌️🧴",37.0,0,[],0,[],0,중립,False
youtube,,안티트로 vs 헤드앤숄더,클리니컬스트렝스 대체제 국내 정식 발매 헤숄 엄청 싼 대용량 찾음 헤드앤숄더 SUPER대용량 세트 엄청싼 거 제가 찾아드렸어요 이 포스팅은 쿠팡 파트너스 활동의 일환으로 이에 따른 일정 수수료를 제공받음 링크에서 구매해주시면 제게 도움이 됩니다,"['클리니컬스트렝스', '대체제', '국내', '정식', '발매', '용량', '용량', '세트', '파트너스', '활동', '일환', '일정', '수수료', '제공', '도움']","['클리니컬스트렝스_대체제', '대체제_국내', '국내_정식', '정식_발매', '발매_용량', '용량_용량', '용량_세트', '세트_파트너스', '파트너스_활동', '활동_일환', '일환_일정', '일정_수수료', '수수료_제공', '제공_도움']","['클리니컬스트렝스', '대체제', '국내', '정식', '발매', '용량', '용량', '세트', '파트너스', '활동', '일환', '일정', '수수료', '제공', '도움', '클리니컬스트렝스_대체제', '대체제_국내', '국내_정식', '정식_발매', '발매_용량', '용량_용량', '용량_세트', '세트_파트너스', '파트너스_활동', '활동_일환', '일환_일정', '일정_수수료', '수수료_제공', '제공_도움']",[],"헤드앤숄더 샴푸 총 정리 (비듬, 두피 건강, 지루성두피염 등)",10.0,0,[],0,[],0,중립,False
youtube,,안티트로 vs 헤드앤숄더,최근 지루성 두피염으로 고통받고 있는데 너무 좋은 영상 감사합니다 덕분에 선택에 도움되었어요,"['지루', '고통', '감사', '덕분', '선택', '도움']","['지루_고통', '고통_감사', '감사_덕분', '덕분_선택', '선택_도움']","['지루', '고통', '감사', '덕분', '선택', '도움', '지루_고통', '고통_감사', '감사_덕분', '덕분_선택', '선택_도움']",[],"헤드앤숄더 샴푸 총 정리 (비듬, 두피 건강, 지루성두피염 등)",1.0,0,[],0,[],0,중립,False
youtube,,안티트로 vs 헤드앤숄더,지성인데 두피 뾰루지가 좀 나고 비듬도 살짝 걱정되는데 호크니 지성용만 쓰면 될까요 아니면 같이 쓸거 추천해주세요 호크니로 아침에 감으면 되나요,"['지성', '뾰루지', '비듬', '걱정', '호크니', '지성용', '호크니', '아침']","['지성_뾰루지', '뾰루지_비듬', '비듬_걱정', '걱정_호크니', '호크니_지성용', '지성용_호크니', '호크니_아침']","['지성', '뾰루지', '비듬', '걱정', '호크니', '지성용', '호크니', '아침', '지성_뾰루지', '뾰루지_비듬', '비듬_걱정', '걱정_호크니', '호크니_지성용', '지성용_호크니', '호크니_아침']",[],"헤드앤숄더 샴푸 총 정리 (비듬, 두피 건강, 지루성두피염 등)",0.0,1,['뾰루지'],1,['추천'],0,중립,False
youtube,,안티트로 vs 헤드앤숄더,안녕하세요 지루성 두피있고 두피 뾰루지 도있어서 데일리로 라보에이치 샴푸쓰고 주에 두번정도 헤드앤숄더 클리니컬 스트렝스 써보려고 합니다 혹시 라보에이치가 뚜껑이 초록색 연녹색 있는데 어떤걸 사서 쓰면 될까요,"['지루', '뾰루지', '데일리', '라보', '에이치', '클리니컬', '스트렝스', '라보에이치', '뚜껑', '초록색', '연녹색']","['지루_뾰루지', '뾰루지_데일리', '데일리_라보', '라보_에이치', '에이치_클리니컬', '클리니컬_스트렝스', '스트렝스_라보에이치', '라보에이치_뚜껑', '뚜껑_초록색', '초록색_연녹색']","['지루', '뾰루지', '데일리', '라보', '에이치', '클리니컬', '스트렝스', '라보에이치', '뚜껑', '초록색', '연녹색', '지루_뾰루지', '뾰루지_데일리', '데일리_라보', '라보_에이치', '에이치_클리니컬', '클리니컬_스트렝스', '스트렝스_라보에이치', '라보에이치_뚜껑', '뚜껑_초록색', '초록색_연녹색']",[],"헤드앤숄더 샴푸 총 정리 (비듬, 두피 건강, 지루성두피염 등)",0.0,1,['뾰루지'],0,[],-1,이탈위험,False
youtube,,안티트로 vs 헤드앤숄더,헤드앤숄더 구버전 가려운두피케어로 효과를 엄청 봤는데 3년간 데일리로 썼더니 지금 다시 각질 비듬 가려움이 심해졌습니다 직구버전 스트랭스 황화셀레늄 성분 있는거 사서 쓰면 다시 좋아질수 있을까요,"['버전', '케어', '효과', '데일리', '각질', '비듬', '직구', '버전', '스트랭스', '황화셀레늄', '성분']","['버전_케어', '케어_효과', '효과_데일리', '데일리_각질', '각질_비듬', '비듬_직구', '직구_버전', '버전_스트랭스', '스트랭스_황화셀레늄', '황화셀레늄_성분']","['버전', '케어', '효과', '데일리', '각질', '비듬', '직구', '버전', '스트랭스', '황화셀레늄', '성분', '버전_케어', '케어_효과', '효과_데일리', '데일리_각질', '각질_비듬', '비듬_직구', '직구_버전', '버전_스트랭스', '스트랭스_황화셀레늄', '황화셀레늄_성분']",[],"헤드앤숄더 샴푸 총 정리 (비듬, 두피 건강, 지루성두피염 등)",1.0,2,"['가려움', '구버전']",0,[],-2,이탈위험,False
youtube,,안티트로 vs 헤드앤숄더,건성이면 헤숄 건성두피케어 이거 쓰면 되는건가요 제 비듬이 하얗고 바싹 마른 비듬이라 건성인거 같은데 아 그리고 데일리로는 뭐가 좋을까요,"['건성', '건성두피케어', '비듬', '비듬', '건성', '데일리']","['건성_건성두피케어', '건성두피케어_비듬', '비듬_비듬', '비듬_건성', '건성_데일리']","['건성', '건성두피케어', '비듬', '비듬', '건성', '데일리', '건성_건성두피케어', '건성두피케어_비듬', '비듬_비듬', '비듬_건성', '건성_데일리']",[],"헤드앤숄더 샴푸 총 정리 (비듬, 두피 건강, 지루성두피염 등)",0.0,0,[],0,[],0,중립,False
youtube,,안티트로 vs 헤드앤숄더,지성두피이고 아침에 감고 오후 한 5 6시쯤부터 두피기름 올라오고 냄새나는데 어떤샴푸를 주로 써야할까요,"['지성두피', '아침', '오후', '기름', '냄새']","['지성두피_아침', '아침_오후', '오후_기름', '기름_냄새']","['지성두피', '아침', '오후', '기름', '냄새', '지성두피_아침', '아침_오후', '오후_기름', '기름_냄새']",[],"헤드앤숄더 샴푸 총 정리 (비듬, 두피 건강, 지루성두피염 등)",0.0,1,['올라오'],0,[],-1,이탈위험,False
youtube,,안티트로 vs 헤드앤숄더,라보에이치 회색 어때요 데일리로요 지성두피입니다,"['라보', '에이치', '회색', '데일리', '지성두피']","['라보_에이치', '에이치_회색', '회색_데일리', '데일리_지성두피']","['라보', '에이치', '회색', '데일리', '지성두피', '라보_에이치', '에이치_회색', '회색_데일리', '데일리_지성두피']",[],"헤드앤숄더 샴푸 총 정리 (비듬, 두피 건강, 지루성두피염 등)",2.0,0,[],0,[],0,중립,False
youtube,,안티트로 vs 헤드앤숄더,구버전이 가려운 두피케어용 제품맞나요 두피컨트롤 딥클린 종류가 많아서요ㅠ,"['버전', '케어', '컨트롤', '클린', '종류']","['버전_케어', '케어_컨트롤', '컨트롤_클린', '클린_종류']","['버전', '케어', '컨트롤', '클린', '종류', '버전_케어', '케어_컨트롤', '컨트롤_클린', '클린_종류']",[],"헤드앤숄더 샴푸 총 정리 (비듬, 두피 건강, 지루성두피염 등)",0.0,1,['구버전'],0,[],-1,이탈위험,False
youtube,,안티트로 vs 헤드앤숄더,호크니랑 헤드엔숄더 프로페셔널이랑 100ml당 가격은 비슷한데용,"['호크니', '헤드엔숄더', '프로페셔널']","['호크니_헤드엔숄더', '헤드엔숄더_프로페셔널']","['호크니', '헤드엔숄더', '프로페셔널', '호크니_헤드엔숄더', '헤드엔숄더_프로페셔널']",[],"헤드앤숄더 샴푸 총 정리 (비듬, 두피 건강, 지루성두피염 등)",0.0,0,[],0,[],0,중립,False
youtube,,안티트로 vs 헤드앤숄더,항상 두피제품을 비교설명해주어 탈모인들의 많은도움이되겟어요,"['비교', '설명', '탈모인', '도움']","['비교_설명', '설명_탈모인', '탈모인_도움']","['비교', '설명', '탈모인', '도움', '비교_설명', '설명_탈모인', '탈모인_도움']",[],"문제성 두피를 위한 데일리 샴푸, 헤드앤숄더 프로페셔널 1개월 사용 후기 (feat. 솔직한 리뷰)",2.0,0,[],0,[],0,중립,False
youtube,,안티트로 vs 헤드앤숄더,오일컨트롤 사용하는데 볼륨은 사실 라보에이치보단 당연히 덜한데 오일컨트롤로 감으면 가려움이 사라져요 그린컬러는 가려움이 덜해지진않았음,"['오일', '컨트롤', '볼륨', '라보', '에이치', '오일', '컨트롤', '컬러']","['오일_컨트롤', '컨트롤_볼륨', '볼륨_라보', '라보_에이치', '에이치_오일', '오일_컨트롤', '컨트롤_컬러']","['오일', '컨트롤', '볼륨', '라보', '에이치', '오일', '컨트롤', '컬러', '오일_컨트롤', '컨트롤_볼륨', '볼륨_라보', '라보_에이치', '에이치_오일', '오일_컨트롤', '컨트롤_컬러']",[],"문제성 두피를 위한 데일리 샴푸, 헤드앤숄더 프로페셔널 1개월 사용 후기 (feat. 솔직한 리뷰)",0.0,1,['가려움'],0,[],-1,이탈위험,False
youtube,,안티트로 vs 헤드앤숄더,형님 혹시 지루성두피염에 헤어팩이나 헤어토닉 관련해서도 다뤄주시면 감사하겠습니다,"['지루성두피염', '헤어토닉', '감사']","['지루성두피염_헤어토닉', '헤어토닉_감사']","['지루성두피염', '헤어토닉', '감사', '지루성두피염_헤어토닉', '헤어토닉_감사']",[],"문제성 두피를 위한 데일리 샴푸, 헤드앤숄더 프로페셔널 1개월 사용 후기 (feat. 솔직한 리뷰)",6.0,0,[],0,[],0,중립,False
youtube,,안티트로 vs 헤드앤숄더,정수리탈모와 뒷통수까지 살짝 진행되었는데 주사치료로 효과 볼 수 있을까요,"['정수리', '탈모', '통수', '진행', '주사', '치료', '효과']","['정수리_탈모', '탈모_통수', '통수_진행', '진행_주사', '주사_치료', '치료_효과']","['정수리', '탈모', '통수', '진행', '주사', '치료', '효과', '정수리_탈모', '탈모_통수', '통수_진행', '진행_주사', '주사_치료', '치료_효과']",[],"문제성 두피를 위한 데일리 샴푸, 헤드앤숄더 프로페셔널 1개월 사용 후기 (feat. 솔직한 리뷰)",0.0,0,[],0,[],0,중립,False
youtube,,안티트로 vs 헤드앤숄더,이거 물건이네 일주일 안되게 사용했는데 비듬 떨어지는 양 줄고 특히 두피를 손가락 끝으로 문질러보면 각질이 도돌도돌하게 항상 잡혔는데 없어짐ㅋㅋㅋㅋㅋㅋㅋㅋㅋㅋㅋㅋㅋㅋㅋ,"['물건', '비듬', '손가락', '각질']","['물건_비듬', '비듬_손가락', '손가락_각질']","['물건', '비듬', '손가락', '각질', '물건_비듬', '비듬_손가락', '손가락_각질']",[],"문제성 두피를 위한 데일리 샴푸, 헤드앤숄더 프로페셔널 1개월 사용 후기 (feat. 솔직한 리뷰)",2.0,0,[],0,[],0,중립,False
youtube,,안티트로 vs 헤드앤숄더,클리니컬 스트렝스 주2회 쓰고 헤드엔숄더 저 제품 쓰는데 다른제품 보단 좋더라구요,"['클리니컬', '스트렝스', '헤드엔숄더']","['클리니컬_스트렝스', '스트렝스_헤드엔숄더']","['클리니컬', '스트렝스', '헤드엔숄더', '클리니컬_스트렝스', '스트렝스_헤드엔숄더']",[],"문제성 두피를 위한 데일리 샴푸, 헤드앤숄더 프로페셔널 1개월 사용 후기 (feat. 솔직한 리뷰)",0.0,0,[],0,[],0,중립,False
youtube,,안티트로 vs 헤드앤숄더,용닥터님 후기보고 쿠팡주문해서 써봣는데 가려움과 비듬이 많이 줄었어요,"['닥터', '주문', '비듬']","['닥터_주문', '주문_비듬']","['닥터', '주문', '비듬', '닥터_주문', '주문_비듬']",[],"문제성 두피를 위한 데일리 샴푸, 헤드앤숄더 프로페셔널 1개월 사용 후기 (feat. 솔직한 리뷰)",0.0,1,['가려움'],0,[],-1,이탈위험,False
youtube,,안티트로 vs 헤드앤숄더,안녕하세요 지성 건성 두피 상관없이 사용가능할까요,"['지성', '건성', '가능']","['지성_건성', '건성_가능']","['지성', '건성', '가능', '지성_건성', '건성_가능']",[],"문제성 두피를 위한 데일리 샴푸, 헤드앤숄더 프로페셔널 1개월 사용 후기 (feat. 솔직한 리뷰)",0.0,0,[],0,[],0,중립,False
youtube,,안티트로 vs 헤드앤숄더,두피 모낭염에도 효과가있을까요,"['모낭', '효과']",['모낭_효과'],"['모낭', '효과', '모낭_효과']",[],"문제성 두피를 위한 데일리 샴푸, 헤드앤숄더 프로페셔널 1개월 사용 후기 (feat. 솔직한 리뷰)",5.0,0,[],0,[],0,중립,False
youtube,,안티트로 vs 헤드앤숄더,두피케어로시컷네요 써보러구요,['케어'],[],['케어'],[],"문제성 두피를 위한 데일리 샴푸, 헤드앤숄더 프로페셔널 1개월 사용 후기 (feat. 솔직한 리뷰)",0.0,0,[],0,[],0,중립,False
youtube,,안티트로 vs 헤드앤숄더,가려운 두피 샴푸는 머리에 기름 많아도 효과가 별로인가요,"['기름', '효과']",['기름_효과'],"['기름', '효과', '기름_효과']",[],"문제성 두피를 위한 데일리 샴푸, 헤드앤숄더 프로페셔널 1개월 사용 후기 (feat. 솔직한 리뷰)",0.0,1,['별로'],0,[],-1,이탈위험,False
youtube,,안티트로 vs 헤드앤숄더,마트에서도 팔거나 팔 예정일까요 클리니컬 스트렝스 단점이 성분이 강력해서 조절이 필요하단 점과 더불어 직구 외엔 방법이 없다는건데 프로페셔널 샴푸 인터넷에 사면 되지만 마트에서도 팔아야 더 체감이 잘 될 것 같아요,"['마트', '예정', '클리니컬', '스트렝스', '단점', '성분', '조절', '필요', '직구', '방법', '프로페셔널', '인터넷', '마트', '체감']","['마트_예정', '예정_클리니컬', '클리니컬_스트렝스', '스트렝스_단점', '단점_성분', '성분_조절', '조절_필요', '필요_직구', '직구_방법', '방법_프로페셔널', '프로페셔널_인터넷', '인터넷_마트', '마트_체감']","['마트', '예정', '클리니컬', '스트렝스', '단점', '성분', '조절', '필요', '직구', '방법', '프로페셔널', '인터넷', '마트', '체감', '마트_예정', '예정_클리니컬', '클리니컬_스트렝스', '스트렝스_단점', '단점_성분', '성분_조절', '조절_필요', '필요_직구', '직구_방법', '방법_프로페셔널', '프로페셔널_인터넷', '인터넷_마트', '마트_체감']",[],"문제성 두피를 위한 데일리 샴푸, 헤드앤숄더 프로페셔널 1개월 사용 후기 (feat. 솔직한 리뷰)",6.0,0,[],0,[],0,중립,False
youtube,,안티트로 vs 헤드앤숄더,니조랄 프로페셔널 쓰면 비듬끝임,"['니조랄', '프로페셔널', '비듬']","['니조랄_프로페셔널', '프로페셔널_비듬']","['니조랄', '프로페셔널', '비듬', '니조랄_프로페셔널', '프로페셔널_비듬']",[],"문제성 두피를 위한 데일리 샴푸, 헤드앤숄더 프로페셔널 1개월 사용 후기 (feat. 솔직한 리뷰)",2.0,1,['니조랄'],0,[],-1,이탈위험,True
youtube,,안티트로 vs 헤드앤숄더,갑자기 비듬이 심해져 약국에서 파는 샴푸도 써봤지만 갈수록 심해지기만 했거든요 비듬의 삶의 질을 뚝뚝 떨어뜨렸음 그런데 이 제품 쓰고 1회만에 비듬 끝났어요 앞으로 이 제품만 쓸거에요 머릿결이 건조해지지않으면서 비듬을 싹 없애주니 더 만족해요,"['비듬', '비듬', '비듬', '머릿결', '건조', '비듬', '만족']","['비듬_비듬', '비듬_비듬', '비듬_머릿결', '머릿결_건조', '건조_비듬', '비듬_만족']","['비듬', '비듬', '비듬', '머릿결', '건조', '비듬', '만족', '비듬_비듬', '비듬_비듬', '비듬_머릿결', '머릿결_건조', '건조_비듬', '비듬_만족']",[],"문제성 두피를 위한 데일리 샴푸, 헤드앤숄더 프로페셔널 1개월 사용 후기 (feat. 솔직한 리뷰)",2.0,0,[],0,[],0,중립,False
youtube,,안티트로 vs 헤드앤숄더,근데 궁금한게요 탈모약을 먹어서 탈모를 막아주더라도 지루성 두피염이 있으면 무의미한거 아닌가요 어차피 염증으로 머리빠지고 가늘어지니깐 그리고 두피염은 낫는병도 아니기도하고,"['탈모', '탈모', '지루', '의미', '염증']","['탈모_탈모', '탈모_지루', '지루_의미', '의미_염증']","['탈모', '탈모', '지루', '의미', '염증', '탈모_탈모', '탈모_지루', '지루_의미', '의미_염증']",[],"문제성 두피를 위한 데일리 샴푸, 헤드앤숄더 프로페셔널 1개월 사용 후기 (feat. 솔직한 리뷰)",0.0,0,[],0,[],0,중립,False
youtube,,안티트로 vs 헤드앤숄더,건성두피가 써도 괜찮나요,['건성'],[],['건성'],[],"문제성 두피를 위한 데일리 샴푸, 헤드앤숄더 프로페셔널 1개월 사용 후기 (feat. 솔직한 리뷰)",0.0,0,[],0,[],0,중립,False
youtube,,안티트로 vs 헤드앤숄더,유럽에서는 징크피리치온함유 샴푸는 판매를 못하니깐 급하게 피록톤올아민으로 대체해서 판매 불가능한 지역에 판매하는 느낌입니다 결과적으로 클리니컬스트렝스 효과가 워낙좋기 때문에 이걸 이기진 못할것 같은데 장기간 쓰면 내성이 생겨서 결국엔 효과가 너무 반감되더군요 아마존미국이라던가 헤드앤숄더 지역 홈페이지 말고는 프로페셔널 제품이 없는거 봐서는 딱히 미는 제품은 아닌듯 합니다,"['유럽', '징크피리치온', '함유', '판매', '피록톤올아민', '대체', '판매', '가능', '지역', '판매', '느낌', '결과', '클리니컬스트렝스', '효과', '장기간', '내성', '결국', '효과', '반감', '아마존', '미국', '지역', '홈페이지', '프로페셔널']","['유럽_징크피리치온', '징크피리치온_함유', '함유_판매', '판매_피록톤올아민', '피록톤올아민_대체', '대체_판매', '판매_가능', '가능_지역', '지역_판매', '판매_느낌', '느낌_결과', '결과_클리니컬스트렝스', '클리니컬스트렝스_효과', '효과_장기간', '장기간_내성', '내성_결국', '결국_효과', '효과_반감', '반감_아마존', '아마존_미국', '미국_지역', '지역_홈페이지', '홈페이지_프로페셔널']","['유럽', '징크피리치온', '함유', '판매', '피록톤올아민', '대체', '판매', '가능', '지역', '판매', '느낌', '결과', '클리니컬스트렝스', '효과', '장기간', '내성', '결국', '효과', '반감', '아마존', '미국', '지역', '홈페이지', '프로페셔널', '유럽_징크피리치온', '징크피리치온_함유', '함유_판매', '판매_피록톤올아민', '피록톤올아민_대체', '대체_판매', '판매_가능', '가능_지역', '지역_판매', '판매_느낌', '느낌_결과', '결과_클리니컬스트렝스', '클리니컬스트렝스_효과', '효과_장기간', '장기간_내성', '내성_결국', '결국_효과', '효과_반감', '반감_아마존', '아마존_미국', '미국_지역', '지역_홈페이지', '홈페이지_프로페셔널']",[],"문제성 두피를 위한 데일리 샴푸, 헤드앤숄더 프로페셔널 1개월 사용 후기 (feat. 솔직한 리뷰)",6.0,0,[],0,[],0,중립,False
youtube,,안티트로 vs 헤드앤숄더,두피 트러블이 심해서 두피샴푸 여러 개 써봤는데 다 안 맞았거든요 친구가 본인도 트러블 심했는데 모미래 쓰고 좋아졌다고 추천해줘서 써봤어요 살리실산이랑 덱스판테놀 들어있어서 두피 진정이 확실히 되더라고요 뾰루지도 없어지고 각질도 줄어서 두피가 건강해진 느낌이에요 좋은 정보 알려준 친구한테 감사하네요 ㅎㅎ,"['트러블', '친구', '본인', '트러블', '모미래', '살리실산', '덱스판테놀', '진정', '뾰루지', '각질', '건강', '느낌', '정보', '친구', '감사']","['트러블_친구', '친구_본인', '본인_트러블', '트러블_모미래', '모미래_살리실산', '살리실산_덱스판테놀', '덱스판테놀_진정', '진정_뾰루지', '뾰루지_각질', '각질_건강', '건강_느낌', '느낌_정보', '정보_친구', '친구_감사']","['트러블', '친구', '본인', '트러블', '모미래', '살리실산', '덱스판테놀', '진정', '뾰루지', '각질', '건강', '느낌', '정보', '친구', '감사', '트러블_친구', '친구_본인', '본인_트러블', '트러블_모미래', '모미래_살리실산', '살리실산_덱스판테놀', '덱스판테놀_진정', '진정_뾰루지', '뾰루지_각질', '각질_건강', '건강_느낌', '느낌_정보', '정보_친구', '친구_감사']",[],"문제성 두피를 위한 데일리 샴푸, 헤드앤숄더 프로페셔널 1개월 사용 후기 (feat. 솔직한 리뷰)",0.0,2,"['트러블', '뾰루지']",2,"['좋아졌', '추천']",0,중립,False
youtube,,안티트로 vs 헤드앤숄더,아 지루성두피용 샴푸들 너무비싸요 ㅠㅠ,['지루'],[],['지루'],[],"문제성 두피를 위한 데일리 샴푸, 헤드앤숄더 프로페셔널 1개월 사용 후기 (feat. 솔직한 리뷰)",0.0,0,[],0,[],0,중립,False
youtube,,안티트로 vs 헤드앤숄더,진짜 인터넷에 이상하고 비싼 샴푸 사지마시고 검증된 대기업 샴푸 쓰세요 비듬 각질 관련은 진짜 헤드앤숄더 따라올 곳이 없습니다 독보적임,"['인터넷', '이상', '검증', '기업', '비듬', '각질', '독보']","['인터넷_이상', '이상_검증', '검증_기업', '기업_비듬', '비듬_각질', '각질_독보']","['인터넷', '이상', '검증', '기업', '비듬', '각질', '독보', '인터넷_이상', '이상_검증', '검증_기업', '기업_비듬', '비듬_각질', '각질_독보']",[],"문제성 두피를 위한 데일리 샴푸, 헤드앤숄더 프로페셔널 1개월 사용 후기 (feat. 솔직한 리뷰)",0.0,0,[],0,[],0,중립,False
youtube,,안티트로 vs 헤드앤숄더,뒤통수에 뾰루지가 자주나고 간지러워서 가려운 두피 써봤는데 뾰루지가 싹 사라져서 효과봤습니다 비싸도 계속 쓸것 같아요,"['뒤통수', '뾰루지', '뾰루지', '효과']","['뒤통수_뾰루지', '뾰루지_뾰루지', '뾰루지_효과']","['뒤통수', '뾰루지', '뾰루지', '효과', '뒤통수_뾰루지', '뾰루지_뾰루지', '뾰루지_효과']",[],"문제성 두피를 위한 데일리 샴푸, 헤드앤숄더 프로페셔널 1개월 사용 후기 (feat. 솔직한 리뷰)",8.0,1,['뾰루지'],1,['효과봤'],0,중립,False
youtube,,안티트로 vs 헤드앤숄더,클리니컬은 해외직구로만 구할 수 있고 세정력이 좀 강해서 부담스러웠는데 한번 속는 셈치고 써봐야겠네요,"['클리니컬', '해외', '직구', '정력', '부담']","['클리니컬_해외', '해외_직구', '직구_정력', '정력_부담']","['클리니컬', '해외', '직구', '정력', '부담', '클리니컬_해외', '해외_직구', '직구_정력', '정력_부담']",[],"문제성 두피를 위한 데일리 샴푸, 헤드앤숄더 프로페셔널 1개월 사용 후기 (feat. 솔직한 리뷰)",4.0,0,[],0,[],0,중립,False
youtube,,안티트로 vs 헤드앤숄더,클리니컬 스트렝스 장기 3년 매일 사용자 후기 공유해 봅니다 저도 지루성 두피염이 있는데 스트렝스 유행초창기부터 효능을 봐서 계속 써왔는데 초창기 리뉴얼전 주황색부터 리뉴얼후 3가지색상 전부 써봄 이게 거의 매일 쓰다시피 하니까 저만의 부작용인지는 모르겠지만 제가 커뮤니티에 글을 남기니까 저와 비슷한 경험을 하신분이 몇분 있었습니다 제가 그리고 현재는 스트렝스를 끊고 2 3일은 일반샴푸 하루는 노비나 니조랄 같은걸 쓰고 지내고 있습니다 제가 느낀건 1 머리카락이 얇아 집니다 매일 써서 그렇다는 다른분들의 얘기도 있고 암튼 머리카락이 얇아지는 증상이 있어서 저는 현재 중단했습니다 2 매일쓰게 되면 처음 쓸때처럼 드라마틱한 효과가 없습니다 처음 쓸때는 거의 2 3일을 머리 안감아도 될정도로 효과가 좋았고 좁쌀여드름같은게 아예 없었는데 매일 쓰니까 이게 몸이 적응을 하는거 같더라구요,"['클리니컬', '스트렝스', '장기', '사용자', '공유', '지루', '스트렝스', '유행', '초창기', '효능', '초창기', '리뉴얼', '주황색', '리뉴얼', '색상', '부작용', '커뮤니티', '경험', '현재', '스트렝스', '일반', '하루', '노비', '니조랄', '머리카락', '얘기', '머리카락', '증상', '중단', '처음', '효과', '처음', '효과', '좁쌀', '여드름', '적응']","['클리니컬_스트렝스', '스트렝스_장기', '장기_사용자', '사용자_공유', '공유_지루', '지루_스트렝스', '스트렝스_유행', '유행_초창기', '초창기_효능', '효능_초창기', '초창기_리뉴얼', '리뉴얼_주황색', '주황색_리뉴얼', '리뉴얼_색상', '색상_부작용', '부작용_커뮤니티', '커뮤니티_경험', '경험_현재', '현재_스트렝스', '스트렝스_일반', '일반_하루', '하루_노비', '노비_니조랄', '니조랄_머리카락', '머리카락_얘기', '얘기_머리카락', '머리카락_증상', '증상_중단', '중단_처음', '처음_효과', '효과_처음', '처음_효과', '효과_좁쌀', '좁쌀_여드름', '여드름_적응']","['클리니컬', '스트렝스', '장기', '사용자', '공유', '지루', '스트렝스', '유행', '초창기', '효능', '초창기', '리뉴얼', '주황색', '리뉴얼', '색상', '부작용', '커뮤니티', '경험', '현재', '스트렝스', '일반', '하루', '노비', '니조랄', '머리카락', '얘기', '머리카락', '증상', '중단', '처음', '효과', '처음', '효과', '좁쌀', '여드름', '적응', '클리니컬_스트렝스', '스트렝스_장기', '장기_사용자', '사용자_공유', '공유_지루', '지루_스트렝스', '스트렝스_유행', '유행_초창기', '초창기_효능', '효능_초창기', '초창기_리뉴얼', '리뉴얼_주황색', '주황색_리뉴얼', '리뉴얼_색상', '색상_부작용', '부작용_커뮤니티', '커뮤니티_경험', '경험_현재', '현재_스트렝스', '스트렝스_일반', '일반_하루', '하루_노비', '노비_니조랄', '니조랄_머리카락', '머리카락_얘기', '얘기_머리카락', '머리카락_증상', '증상_중단', '중단_처음', '처음_효과', '효과_처음', '처음_효과', '효과_좁쌀', '좁쌀_여드름', '여드름_적응']",[],"문제성 두피를 위한 데일리 샴푸, 헤드앤숄더 프로페셔널 1개월 사용 후기 (feat. 솔직한 리뷰)",7.0,2,"['니조랄', '리뉴얼후']",0,[],-2,이탈위험,True
youtube,,안티트로 vs 헤드앤숄더,클리니컬이랑 차이는 황화셀레늄의 유무 일까요 그럼 지루성 두피염 심한사람은 그냥 클리니컬 쓰는게 맞는걸까요,"['클리니컬', '차이', '황화셀레늄', '유무', '지루', '클리니컬']","['클리니컬_차이', '차이_황화셀레늄', '황화셀레늄_유무', '유무_지루', '지루_클리니컬']","['클리니컬', '차이', '황화셀레늄', '유무', '지루', '클리니컬', '클리니컬_차이', '차이_황화셀레늄', '황화셀레늄_유무', '유무_지루', '지루_클리니컬']",[],"문제성 두피를 위한 데일리 샴푸, 헤드앤숄더 프로페셔널 1개월 사용 후기 (feat. 솔직한 리뷰)",1.0,0,[],0,[],0,중립,False
youtube,,안티트로 vs 헤드앤숄더,두피 뾰루지가 만성 질환인데 피부과에서도 완치는 안 되고 재발 된다고 하고 원인도 밝혀지지 않았다고 하고 미치겠네요 샴푸는 클록스 쓰고 더모베이트 바르고 2달에 한번 약 처방받고요,"['뾰루지', '만성', '질환', '피부과', '완치', '재발', '원인', '클록스', '더모베이트', '처방']","['뾰루지_만성', '만성_질환', '질환_피부과', '피부과_완치', '완치_재발', '재발_원인', '원인_클록스', '클록스_더모베이트', '더모베이트_처방']","['뾰루지', '만성', '질환', '피부과', '완치', '재발', '원인', '클록스', '더모베이트', '처방', '뾰루지_만성', '만성_질환', '질환_피부과', '피부과_완치', '완치_재발', '재발_원인', '원인_클록스', '클록스_더모베이트', '더모베이트_처방']",[],"문제성 두피를 위한 데일리 샴푸, 헤드앤숄더 프로페셔널 1개월 사용 후기 (feat. 솔직한 리뷰)",2.0,1,['뾰루지'],0,[],-1,이탈위험,False
youtube,,안티트로 vs 헤드앤숄더,지금 탈모가 진행중인데 두피문신커버하고 나중에 더 많이 빠지면 모발이식을 생각하고 있습니다 한가지 걱정되는게 두피문신을하면 나중에 모발이식하는데 문제가 될까 걱정이됩니다 두피문신을해도 모발이식할수있나요,"['탈모', '진행', '문신', '커버', '나중', '모발', '이식', '걱정', '문신', '나중', '모발', '이식', '문제', '걱정', '문신', '모발', '이식']","['탈모_진행', '진행_문신', '문신_커버', '커버_나중', '나중_모발', '모발_이식', '이식_걱정', '걱정_문신', '문신_나중', '나중_모발', '모발_이식', '이식_문제', '문제_걱정', '걱정_문신', '문신_모발', '모발_이식']","['탈모', '진행', '문신', '커버', '나중', '모발', '이식', '걱정', '문신', '나중', '모발', '이식', '문제', '걱정', '문신', '모발', '이식', '탈모_진행', '진행_문신', '문신_커버', '커버_나중', '나중_모발', '모발_이식', '이식_걱정', '걱정_문신', '문신_나중', '나중_모발', '모발_이식', '이식_문제', '문제_걱정', '걱정_문신', '문신_모발', '모발_이식']",[],"문제성 두피를 위한 데일리 샴푸, 헤드앤숄더 프로페셔널 1개월 사용 후기 (feat. 솔직한 리뷰)",1.0,0,[],0,[],0,중립,False
youtube,,안티트로 vs 헤드앤숄더,선생님 꼭꼭 답변좀해주세요 클리니컬스트렝스 제품 매일쓰지말고 1주에 2 3회정도 쓰라는거같은데 남은4 5일은 영상속 제품을 써도되는건가요 아니면 혼사용 하지말고 1 스트렝스 일반샴푸 혹은 2 only영상속샴푸 1번이나 2번으로만 사용해야하나요 열심히구글링해도 시원한 결과를 못찾았어요,"['선생', '답변', '클리니컬스트렝스', '스트렝스', '일반', '구글', '결과']","['선생_답변', '답변_클리니컬스트렝스', '클리니컬스트렝스_스트렝스', '스트렝스_일반', '일반_구글', '구글_결과']","['선생', '답변', '클리니컬스트렝스', '스트렝스', '일반', '구글', '결과', '선생_답변', '답변_클리니컬스트렝스', '클리니컬스트렝스_스트렝스', '스트렝스_일반', '일반_구글', '구글_결과']",[],"문제성 두피를 위한 데일리 샴푸, 헤드앤숄더 프로페셔널 1개월 사용 후기 (feat. 솔직한 리뷰)",6.0,0,[],0,[],0,중립,False
youtube,,안티트로 vs 헤드앤숄더,선생님 안녕하세요 헤드앤숄더 스트렝스 제품에 셀레늄 셀파이드 요 성분이 있어서 지루성두피에 효과가 있다고 하셨는데 요 신제품에도 그 성분이 똑같이 있는걸까요 일전에 갔던 병원에서도 샴푸에 해당 성분 얘기를 했던것같아서 왠지 중요해보여서 여쭤봅니다,"['선생', '스트렝스', '레늄', '셀파이드', '성분', '지루', '효과', '성분', '병원', '해당', '성분', '얘기', '중요']","['선생_스트렝스', '스트렝스_레늄', '레늄_셀파이드', '셀파이드_성분', '성분_지루', '지루_효과', '효과_성분', '성분_병원', '병원_해당', '해당_성분', '성분_얘기', '얘기_중요']","['선생', '스트렝스', '레늄', '셀파이드', '성분', '지루', '효과', '성분', '병원', '해당', '성분', '얘기', '중요', '선생_스트렝스', '스트렝스_레늄', '레늄_셀파이드', '셀파이드_성분', '성분_지루', '지루_효과', '효과_성분', '성분_병원', '병원_해당', '해당_성분', '성분_얘기', '얘기_중요']",[],"문제성 두피를 위한 데일리 샴푸, 헤드앤숄더 프로페셔널 1개월 사용 후기 (feat. 솔직한 리뷰)",1.0,0,[],0,[],0,중립,False
youtube,,안티트로 vs 헤드앤숄더,웬만한 지루성 두피염 샴푸를 써봤는데 거의 다 효과를 못 봤지만 헤드엔숄더 클리니컬 스트렝스 지루성두피염 직구해서 써봤는데 진짜 효과 바로 봤습니다,"['지루', '효과', '헤드엔숄더', '클리니컬', '스트렝스', '지루성두피염', '직구', '효과']","['지루_효과', '효과_헤드엔숄더', '헤드엔숄더_클리니컬', '클리니컬_스트렝스', '스트렝스_지루성두피염', '지루성두피염_직구', '직구_효과']","['지루', '효과', '헤드엔숄더', '클리니컬', '스트렝스', '지루성두피염', '직구', '효과', '지루_효과', '효과_헤드엔숄더', '헤드엔숄더_클리니컬', '클리니컬_스트렝스', '스트렝스_지루성두피염', '지루성두피염_직구', '직구_효과']",[],"문제성 두피를 위한 데일리 샴푸, 헤드앤숄더 프로페셔널 1개월 사용 후기 (feat. 솔직한 리뷰)",43.0,0,[],0,[],0,중립,False
youtube,,안티트로 vs 헤드앤숄더,지루성은 오일성분 멘톨 이런 거 쥐약입니다,"['지루', '오일', '성분', '멘톨', '쥐약']","['지루_오일', '오일_성분', '성분_멘톨', '멘톨_쥐약']","['지루', '오일', '성분', '멘톨', '쥐약', '지루_오일', '오일_성분', '성분_멘톨', '멘톨_쥐약']",[],"문제성 두피를 위한 데일리 샴푸, 헤드앤숄더 프로페셔널 1개월 사용 후기 (feat. 솔직한 리뷰)",2.0,0,[],0,[],0,중립,False
youtube,,안티트로 vs 헤드앤숄더,선생님 지루성두피염인지 모낭염인지로 괴로울 지경입니다 비듬은 거의 없고 가려움증은 참을만 하고요 뒷통수쪽 여기저기 여드름같은 뾰루지가 생기고 그 주변은 온통 피부가 붉습니다 여름철에 더더욱 머리통이 열이 뜨거운 체질이구요 약을 먹어도 액을 발라봐도 낫지를 않고 오랜 기간동안 괴롭히네요 약 50여일에 한 번 꼴로 열흘에서 보름정도 활성화되고 아프다가 좀 나아지다가를 반복한게 20여년째입니다 헤드앤숄더 클리니컬 스트렝스 샴푸가 좋다고 해서 검색 중 영상을 봤는데요 기름기가 많은 두피에 뽀루지가 나는 두피염에 좋은 헤드앤숄더 클리니컬스트렝스 샴푸로는 무슨색이 제일 적합할까요 주문 전에 여쭤 봅니다 감사합니다 파랑색 초록색 주황색 보라색이 있더군요,"['선생', '지루성두피염', '모낭염', '비듬', '가려움증', '통수', '여기저기', '여드름', '뾰루지', '주변', '피부', '여름철', '머리통', '체질', '기간', '동안', '열흘', '보름', '활성', '반복', '클리니컬', '스트렝스', '검색', '기름', '뽀루지', '클리니컬스트렝스', '적합', '주문', '감사', '파랑', '초록색', '주황색']","['선생_지루성두피염', '지루성두피염_모낭염', '모낭염_비듬', '비듬_가려움증', '가려움증_통수', '통수_여기저기', '여기저기_여드름', '여드름_뾰루지', '뾰루지_주변', '주변_피부', '피부_여름철', '여름철_머리통', '머리통_체질', '체질_기간', '기간_동안', '동안_열흘', '열흘_보름', '보름_활성', '활성_반복', '반복_클리니컬', '클리니컬_스트렝스', '스트렝스_검색', '검색_기름', '기름_뽀루지', '뽀루지_클리니컬스트렝스', '클리니컬스트렝스_적합', '적합_주문', '주문_감사', '감사_파랑', '파랑_초록색', '초록색_주황색']","['선생', '지루성두피염', '모낭염', '비듬', '가려움증', '통수', '여기저기', '여드름', '뾰루지', '주변', '피부', '여름철', '머리통', '체질', '기간', '동안', '열흘', '보름', '활성', '반복', '클리니컬', '스트렝스', '검색', '기름', '뽀루지', '클리니컬스트렝스', '적합', '주문', '감사', '파랑', '초록색', '주황색', '선생_지루성두피염', '지루성두피염_모낭염', '모낭염_비듬', '비듬_가려움증', '가려움증_통수', '통수_여기저기', '여기저기_여드름', '여드름_뾰루지', '뾰루지_주변', '주변_피부', '피부_여름철', '여름철_머리통', '머리통_체질', '체질_기간', '기간_동안', '동안_열흘', '열흘_보름', '보름_활성', '활성_반복', '반복_클리니컬', '클리니컬_스트렝스', '스트렝스_검색', '검색_기름', '기름_뽀루지', '뽀루지_클리니컬스트렝스', '클리니컬스트렝스_적합', '적합_주문', '주문_감사', '감사_파랑', '파랑_초록색', '초록색_주황색']",[],"문제성 두피를 위한 데일리 샴푸, 헤드앤숄더 프로페셔널 1개월 사용 후기 (feat. 솔직한 리뷰)",0.0,2,"['뾰루지', '가려움']",0,[],-2,이탈위험,False
youtube,,안티트로 vs 헤드앤숄더,선생님 근데 두피 케어와 비듬에 특화됐다는 건 그만큼 세정력이 좋다는 건데 이 샴푸 쓰고나서 린스는 아예 안 해줘도 되는 건가요 세정력이 너무 좋으면 머릿결이 빗자루처럼 뻣뻣해 지는 게 아닐까 싶은데,"['선생', '케어', '비듬', '특화', '세정', '린스', '세정', '머릿결', '빗자루']","['선생_케어', '케어_비듬', '비듬_특화', '특화_세정', '세정_린스', '린스_세정', '세정_머릿결', '머릿결_빗자루']","['선생', '케어', '비듬', '특화', '세정', '린스', '세정', '머릿결', '빗자루', '선생_케어', '케어_비듬', '비듬_특화', '특화_세정', '세정_린스', '린스_세정', '세정_머릿결', '머릿결_빗자루']",[],"문제성 두피를 위한 데일리 샴푸, 헤드앤숄더 프로페셔널 1개월 사용 후기 (feat. 솔직한 리뷰)",0.0,0,[],0,[],0,중립,False
youtube,,안티트로 vs 헤드앤숄더,혹시 이제품이 헤드앤숄더 스트렝스 이것보다 좋다고 보시나요 프로페셔널 둘중 하나 구매예정인데요 왠지 프로페셔널이 더좋아 보여서요,"['스트렝스', '프로페셔널', '예정', '프로페셔널']","['스트렝스_프로페셔널', '프로페셔널_예정', '예정_프로페셔널']","['스트렝스', '프로페셔널', '예정', '프로페셔널', '스트렝스_프로페셔널', '프로페셔널_예정', '예정_프로페셔널']",[],"문제성 두피를 위한 데일리 샴푸, 헤드앤숄더 프로페셔널 1개월 사용 후기 (feat. 솔직한 리뷰)",0.0,0,[],0,[],0,중립,False
youtube,,안티트로 vs 헤드앤숄더,딸이 알려줬는데 소듐 라우레스 설페이트는 동물 실험해도 이것은 동물들은 엄청 피부가 까졌어요 순하고 세정 잘 되는 라우릴 글루코사이드 코코글루코사이드 쓰세요 농약을 쓰고 잔류 농약 검사를 인증한지 모르는 코코넛유래에 강한 황산화 에톡실화 과정을 겪어서 강한 화학물질입니다,"['소듐', '라우레스', '설페이트', '동물', '실험', '동물', '피부', '세정', '라우릴', '글루코사이드', '코코글루코사이드', '농약', '잔류', '농약', '검사', '인증', '코코넛', '유래', '황산', '에톡실', '과정', '화학', '물질']","['소듐_라우레스', '라우레스_설페이트', '설페이트_동물', '동물_실험', '실험_동물', '동물_피부', '피부_세정', '세정_라우릴', '라우릴_글루코사이드', '글루코사이드_코코글루코사이드', '코코글루코사이드_농약', '농약_잔류', '잔류_농약', '농약_검사', '검사_인증', '인증_코코넛', '코코넛_유래', '유래_황산', '황산_에톡실', '에톡실_과정', '과정_화학', '화학_물질']","['소듐', '라우레스', '설페이트', '동물', '실험', '동물', '피부', '세정', '라우릴', '글루코사이드', '코코글루코사이드', '농약', '잔류', '농약', '검사', '인증', '코코넛', '유래', '황산', '에톡실', '과정', '화학', '물질', '소듐_라우레스', '라우레스_설페이트', '설페이트_동물', '동물_실험', '실험_동물', '동물_피부', '피부_세정', '세정_라우릴', '라우릴_글루코사이드', '글루코사이드_코코글루코사이드', '코코글루코사이드_농약', '농약_잔류', '잔류_농약', '농약_검사', '검사_인증', '인증_코코넛', '코코넛_유래', '유래_황산', '황산_에톡실', '에톡실_과정', '과정_화학', '화학_물질']",[],"문제성 두피를 위한 데일리 샴푸, 헤드앤숄더 프로페셔널 1개월 사용 후기 (feat. 솔직한 리뷰)",0.0,0,[],0,[],0,중립,False
youtube,,안티트로 vs 헤드앤숄더,진짜 간지러움 지루성두피염에 직빵임,['지루성두피염'],[],['지루성두피염'],[],한국에서는 판매 불가한 지루성 두피염 샴푸,90.0,0,[],0,[],0,중립,False
youtube,,안티트로 vs 헤드앤숄더,효과는 좋은데 너무 독해서 두피가 좀 건조해지는 느낌이 있더라고요 전 쿠팡에서 산 에센테라 샴푸나 닥터포헤어 샴푸가 잘 맞았어요 비듬 완화도 완화인데 결국 두피 보습도 시켜주니 좋더라고요,"['효과', '건조', '느낌', '에센테라', '닥터', '비듬', '완화', '완화', '보습']","['효과_건조', '건조_느낌', '느낌_에센테라', '에센테라_닥터', '닥터_비듬', '비듬_완화', '완화_완화', '완화_보습']","['효과', '건조', '느낌', '에센테라', '닥터', '비듬', '완화', '완화', '보습', '효과_건조', '건조_느낌', '느낌_에센테라', '에센테라_닥터', '닥터_비듬', '비듬_완화', '완화_완화', '완화_보습']",[],한국에서는 판매 불가한 지루성 두피염 샴푸,25.0,0,[],0,[],0,중립,False
youtube,,안티트로 vs 헤드앤숄더,몇년동안 비듬 달고 살다가 처음에 저거 일주일 쓰고 머리 털어도 비듬 안나오니까 꿈같았음ㅋ,"['동안', '비듬', '처음', '비듬']","['동안_비듬', '비듬_처음', '처음_비듬']","['동안', '비듬', '처음', '비듬', '동안_비듬', '비듬_처음', '처음_비듬']",[],한국에서는 판매 불가한 지루성 두피염 샴푸,5.0,0,[],0,[],0,중립,False
youtube,,안티트로 vs 헤드앤숄더,와 진짜 말도안됌 진짜 사춘기때부터 지금까지 10년을 비듬덩어리로 살았는데 이걸로 비듬이 안나옴ㄷㄷㄷㄷ,"['사춘기', '지금', '비듬', '덩어리', '비듬']","['사춘기_지금', '지금_비듬', '비듬_덩어리', '덩어리_비듬']","['사춘기', '지금', '비듬', '덩어리', '비듬', '사춘기_지금', '지금_비듬', '비듬_덩어리', '덩어리_비듬']",[],한국에서는 판매 불가한 지루성 두피염 샴푸,24.0,0,[],0,[],0,중립,False
youtube,,안티트로 vs 헤드앤숄더,이건 레알 강력한 비듬가지고 있는분들한테는 강력하게 효과가 있음,"['레알', '비듬', '효과']","['레알_비듬', '비듬_효과']","['레알', '비듬', '효과', '레알_비듬', '비듬_효과']",[],한국에서는 판매 불가한 지루성 두피염 샴푸,73.0,0,[],0,[],0,중립,False
youtube,,안티트로 vs 헤드앤숄더,비듬 염증으로인한 뾰루지 때문에 샴푸 이것저걸쓰다가 이걸 우연히 발견하거 쓴 이후로는 비듬 뾰루지 사라짐 ㄹㅇ 그리고 뭐때문인지는 모르겠지만 이거쓰고나서 잔머리도 많이 남 머리감을때 빠지는 머리카락수도 줄었음 지금 5 6통째 쓰는중 ㄹㅇ 찐 후기임,"['비듬', '염증', '뾰루지', '발견', '이후', '비듬', '뾰루지', '잔머리', '머리카락']","['비듬_염증', '염증_뾰루지', '뾰루지_발견', '발견_이후', '이후_비듬', '비듬_뾰루지', '뾰루지_잔머리', '잔머리_머리카락']","['비듬', '염증', '뾰루지', '발견', '이후', '비듬', '뾰루지', '잔머리', '머리카락', '비듬_염증', '염증_뾰루지', '뾰루지_발견', '발견_이후', '이후_비듬', '비듬_뾰루지', '뾰루지_잔머리', '잔머리_머리카락']",[],한국에서는 판매 불가한 지루성 두피염 샴푸,15.0,1,['뾰루지'],0,[],-1,이탈위험,False
youtube,,안티트로 vs 헤드앤숄더,지루성인 사람은 꼭 보라색 쓰시길 이거랑 두피밸런서 조합으로 지루끼 싹 사라졋음요 대신 스트렝스는 황 냄새가 좀 나는게 단점임,"['지루', '두피밸런서', '조합', '지루', '대신', '스트렝스', '냄새', '단점']","['지루_두피밸런서', '두피밸런서_조합', '조합_지루', '지루_대신', '대신_스트렝스', '스트렝스_냄새', '냄새_단점']","['지루', '두피밸런서', '조합', '지루', '대신', '스트렝스', '냄새', '단점', '지루_두피밸런서', '두피밸런서_조합', '조합_지루', '지루_대신', '대신_스트렝스', '스트렝스_냄새', '냄새_단점']",[],한국에서는 판매 불가한 지루성 두피염 샴푸,81.0,1,['대신'],0,[],-1,이탈위험,False
youtube,,안티트로 vs 헤드앤숄더,진짜 이거쓰고 30년 고통에서 해방되었습니다 지루성 두피로 고통받는 여러분 이거 꼭 쓰세요,"['고통', '해방', '지루', '고통']","['고통_해방', '해방_지루', '지루_고통']","['고통', '해방', '지루', '고통', '고통_해방', '해방_지루', '지루_고통']",[],한국에서는 판매 불가한 지루성 두피염 샴푸,7.0,0,[],0,[],0,중립,False
youtube,,안티트로 vs 헤드앤숄더,이거 쓰고 일주일도 안되서 극강의 가려움 염증 비듬 냄새 다 잡았어요 주변에 알려서 여럿 살렸습니다 제발 사서 쓰세요,"['일주일', '가려움', '염증', '비듬', '냄새', '주변', '여럿']","['일주일_가려움', '가려움_염증', '염증_비듬', '비듬_냄새', '냄새_주변', '주변_여럿']","['일주일', '가려움', '염증', '비듬', '냄새', '주변', '여럿', '일주일_가려움', '가려움_염증', '염증_비듬', '비듬_냄새', '냄새_주변', '주변_여럿']",[],한국에서는 판매 불가한 지루성 두피염 샴푸,2.0,1,['가려움'],0,[],-1,이탈위험,False
youtube,,안티트로 vs 헤드앤숄더,지루성 두피염 때문에 모낭염 골아터지고 병원 한의원 안다녀본곳 없었는데 이거 한병으로 전부 사라짐 단 점점 사용빈도 줄여줘야함,"['지루', '모낭', '병원', '한의원', '빈도']","['지루_모낭', '모낭_병원', '병원_한의원', '한의원_빈도']","['지루', '모낭', '병원', '한의원', '빈도', '지루_모낭', '모낭_병원', '병원_한의원', '한의원_빈도']",[],한국에서는 판매 불가한 지루성 두피염 샴푸,2.0,0,[],0,[],0,중립,False
youtube,,안티트로 vs 헤드앤숄더,6년동안 두피염 달고 살았는데 한방에 치료된 샴푸,"['동안', '치료']",['동안_치료'],"['동안', '치료', '동안_치료']",[],한국에서는 판매 불가한 지루성 두피염 샴푸,167.0,0,[],0,[],0,중립,False
youtube,,안티트로 vs 헤드앤숄더,20년 지루성 두피염으로 사회생활도 엉망이었는데 저거 쓰고 거짓말처럼 없어짐 지금 4년째 사용중이며 어느 정도 지나면 매일 사용 안해도 됨,"['지루', '사회생활', '엉망', '거짓말']","['지루_사회생활', '사회생활_엉망', '엉망_거짓말']","['지루', '사회생활', '엉망', '거짓말', '지루_사회생활', '사회생활_엉망', '엉망_거짓말']",[],한국에서는 판매 불가한 지루성 두피염 샴푸,1.0,0,[],0,[],0,중립,False
youtube,,안티트로 vs 헤드앤숄더,두피가 건조하고 마른 가루비듬이 떨어지고 가려운 머리 무슨색깔 써야함,"['건조', '가루', '비듬', '색깔']","['건조_가루', '가루_비듬', '비듬_색깔']","['건조', '가루', '비듬', '색깔', '건조_가루', '가루_비듬', '비듬_색깔']",[],한국에서는 판매 불가한 지루성 두피염 샴푸,0.0,0,[],0,[],0,중립,False
youtube,,안티트로 vs 헤드앤숄더,지루성 두피염땜에 가려워서 진짜 정신병걸리는 수준에 탈모도 심했는데 이샴푸 쓰고 머리 긁는일 없어짐 아직도 꾸준히 사용하고 있고 이거 없음 못살거같음,"['지루', '정신병', '수준', '탈모']","['지루_정신병', '정신병_수준', '수준_탈모']","['지루', '정신병', '수준', '탈모', '지루_정신병', '정신병_수준', '수준_탈모']",[],한국에서는 판매 불가한 지루성 두피염 샴푸,101.0,0,[],0,[],0,중립,False
youtube,,안티트로 vs 헤드앤숄더,가족 새명이 지루성 두피염인데 사봐야겠네여 지루성 두피염 엉상마다 이거 추천 댓글들 있음ㅋㅋㅋ,"['가족', '지루', '지루', '엉상', '댓글']","['가족_지루', '지루_지루', '지루_엉상', '엉상_댓글']","['가족', '지루', '지루', '엉상', '댓글', '가족_지루', '지루_지루', '지루_엉상', '엉상_댓글']",[],한국에서는 판매 불가한 지루성 두피염 샴푸,0.0,0,[],1,['추천'],1,긍정,False
youtube,,안티트로 vs 헤드앤숄더,저 샴푸는 아니지만 27년전쯤 미군부대에서 아는분이 지루성 두피염이라고 하니까 셀선블루 라는 샴푸 사다 주셨는데 그때 신세계를 만났음 셀선블루도 황하셀레늄 들어간 샴푸라,"['미군', '부대', '지루', '셀선블루', '세계', '셀선블루', '황하셀레늄']","['미군_부대', '부대_지루', '지루_셀선블루', '셀선블루_세계', '세계_셀선블루', '셀선블루_황하셀레늄']","['미군', '부대', '지루', '셀선블루', '세계', '셀선블루', '황하셀레늄', '미군_부대', '부대_지루', '지루_셀선블루', '셀선블루_세계', '세계_셀선블루', '셀선블루_황하셀레늄']",[],한국에서는 판매 불가한 지루성 두피염 샴푸,1.0,0,[],0,[],0,중립,False
youtube,,안티트로 vs 헤드앤숄더,30년된 지루성두피염을 고쳣어요,['지루성두피염'],[],['지루성두피염'],[],한국에서는 판매 불가한 지루성 두피염 샴푸,0.0,0,[],0,[],0,중립,False
youtube,,안티트로 vs 헤드앤숄더,와 헤드엔숄더 지짜 오랜만이다 ㅋㅋㅋㅋㅋㅋㅋㅋ 저는 지루성두피염 때문에 샴푸 찾다가 독일 아르간커넬 샴푸 쓰고 효과봤었는데 저것도 괜찮을듯하네요,"['헤드엔숄더', '지짜', '오랜만', '지루성두피염', '독일', '아르간커넬', '효과']","['헤드엔숄더_지짜', '지짜_오랜만', '오랜만_지루성두피염', '지루성두피염_독일', '독일_아르간커넬', '아르간커넬_효과']","['헤드엔숄더', '지짜', '오랜만', '지루성두피염', '독일', '아르간커넬', '효과', '헤드엔숄더_지짜', '지짜_오랜만', '오랜만_지루성두피염', '지루성두피염_독일', '독일_아르간커넬', '아르간커넬_효과']",[],한국에서는 판매 불가한 지루성 두피염 샴푸,0.0,0,[],1,['효과봤'],1,긍정,False
youtube,,안티트로 vs 헤드앤숄더,이거 진짜 한방에끝남 저진짜 개심한 악질 지루성두피염이였는데 저거 한방쓰고 없어짐,"['개심', '악질', '지루성두피염']","['개심_악질', '악질_지루성두피염']","['개심', '악질', '지루성두피염', '개심_악질', '악질_지루성두피염']",[],한국에서는 판매 불가한 지루성 두피염 샴푸,1.0,0,[],0,[],0,중립,False
youtube,,안티트로 vs 헤드앤숄더,두피 트러블이 심해서 두피샴푸 여러 개 써봤는데 다 안 맞았거든요 친구가 본인도 트러블 심했는데 모미래 쓰고 좋아졌다고 추천해줘서 써봤어요 살리실산이랑 덱스판테놀 들어있어서 두피 진정이 확실히 되더라고요 뾰루지도 없어지고 각질도 줄어서 두피가 건강해진 느낌이에요 좋은 정보 알려준 친구한테 감사하네요 ㅎㅎ,"['트러블', '친구', '본인', '트러블', '모미래', '살리실산', '덱스판테놀', '진정', '뾰루지', '각질', '건강', '느낌', '정보', '친구', '감사']","['트러블_친구', '친구_본인', '본인_트러블', '트러블_모미래', '모미래_살리실산', '살리실산_덱스판테놀', '덱스판테놀_진정', '진정_뾰루지', '뾰루지_각질', '각질_건강', '건강_느낌', '느낌_정보', '정보_친구', '친구_감사']","['트러블', '친구', '본인', '트러블', '모미래', '살리실산', '덱스판테놀', '진정', '뾰루지', '각질', '건강', '느낌', '정보', '친구', '감사', '트러블_친구', '친구_본인', '본인_트러블', '트러블_모미래', '모미래_살리실산', '살리실산_덱스판테놀', '덱스판테놀_진정', '진정_뾰루지', '뾰루지_각질', '각질_건강', '건강_느낌', '느낌_정보', '정보_친구', '친구_감사']",[],한국에서는 판매 불가한 지루성 두피염 샴푸,0.0,2,"['트러블', '뾰루지']",2,"['좋아졌', '추천']",0,중립,False
youtube,,안티트로 vs 헤드앤숄더,가려움 비듬은 좋아진다는 거 댓글 보고 이해했는데 두피 여드름도 좋아지나요 ㅠㅠ 효과 보신 분 지루성 두피염같은데 저는 가려움이랑 여드름 위주로 고민이 커요 화농성 여드름처럼 만지면 아픈 엄청 딱딱하게 크게 빨갛게 올라오고 곪고 염증 생기는 여드름때문에 미치겠어요,"['비듬', '댓글', '이해', '여드름', '효과', '지루', '여드름', '위주', '고민', '화농', '여드름', '염증', '여드름']","['비듬_댓글', '댓글_이해', '이해_여드름', '여드름_효과', '효과_지루', '지루_여드름', '여드름_위주', '위주_고민', '고민_화농', '화농_여드름', '여드름_염증', '염증_여드름']","['비듬', '댓글', '이해', '여드름', '효과', '지루', '여드름', '위주', '고민', '화농', '여드름', '염증', '여드름', '비듬_댓글', '댓글_이해', '이해_여드름', '여드름_효과', '효과_지루', '지루_여드름', '여드름_위주', '위주_고민', '고민_화농', '화농_여드름', '여드름_염증', '염증_여드름']",[],한국에서는 판매 불가한 지루성 두피염 샴푸,0.0,2,"['올라오', '가려움']",0,[],-2,이탈위험,False
youtube,,안티트로 vs 헤드앤숄더,진짜 우리남편 두피염 뭘써도 안낫던거 이거직구로 구매한뒤 한방에 나음 지금도 몇통씩 미리 직구로 구입해놓고 계속 씀,"['남편', '직구', '지금', '직구', '구입']","['남편_직구', '직구_지금', '지금_직구', '직구_구입']","['남편', '직구', '지금', '직구', '구입', '남편_직구', '직구_지금', '지금_직구', '직구_구입']",[],한국에서는 판매 불가한 지루성 두피염 샴푸,0.0,0,[],0,[],0,중립,False
youtube,,안티트로 vs 헤드앤숄더,진짜 지루성두피염 때문에 스트레스 엄청 받아서 힘들었는데 헤드앤숄더 도움 좀 받음 근데 두피각질연화오일이 효과가 제일 좋았음 각질이 녹아 내림 ㅋㅋ,"['지루성두피염', '스트레스', '도움', '각질', '연화', '오일', '효과', '각질']","['지루성두피염_스트레스', '스트레스_도움', '도움_각질', '각질_연화', '연화_오일', '오일_효과', '효과_각질']","['지루성두피염', '스트레스', '도움', '각질', '연화', '오일', '효과', '각질', '지루성두피염_스트레스', '스트레스_도움', '도움_각질', '각질_연화', '연화_오일', '오일_효과', '효과_각질']",[],한국에서는 판매 불가한 지루성 두피염 샴푸,31.0,0,[],0,[],0,중립,False
youtube,,안티트로 vs 헤드앤숄더,지루성두피염이나 각질 많은 사람은 일단 이거 무조건 써야함 살짝 비싸도 성능 하나는 기똥참 7년째 이거만 쓰고있음,"['지루성두피염', '각질', '성능']","['지루성두피염_각질', '각질_성능']","['지루성두피염', '각질', '성능', '지루성두피염_각질', '각질_성능']",[],한국에서는 판매 불가한 지루성 두피염 샴푸,21.0,0,[],0,[],0,중립,False
youtube,,안티트로 vs 헤드앤숄더,나 20년 넘게 고생했던 지루성두피 저거하나로 일주일만에 치료됨,"['고생', '지루성두피', '일주일', '치료']","['고생_지루성두피', '지루성두피_일주일', '일주일_치료']","['고생', '지루성두피', '일주일', '치료', '고생_지루성두피', '지루성두피_일주일', '일주일_치료']",[],한국에서는 판매 불가한 지루성 두피염 샴푸,6.0,0,[],0,[],0,중립,False
youtube,,안티트로 vs 헤드앤숄더,강추합니다 지루성두피 방치하고 17년이상 고생하다가 요번에 유튜브보고 그냥 직구해서 써봤는데 지금 5일사용 했는데 90 이상 염증기 사라지고 있는중 대만족,"['지루성두피', '방치', '이상', '고생', '요번', '직구', '이상', '염증', '만족']","['지루성두피_방치', '방치_이상', '이상_고생', '고생_요번', '요번_직구', '직구_이상', '이상_염증', '염증_만족']","['지루성두피', '방치', '이상', '고생', '요번', '직구', '이상', '염증', '만족', '지루성두피_방치', '방치_이상', '이상_고생', '고생_요번', '요번_직구', '직구_이상', '이상_염증', '염증_만족']",[],한국에서는 판매 불가한 지루성 두피염 샴푸,12.0,0,[],1,['강추'],1,긍정,False
youtube,,안티트로 vs 헤드앤숄더,이거 존나 좋음 샴푸 몇번에 지루성 피부염 비듬 한큐에 해결됨 몇년째 계속 직구로 사용 중 쓸데없는 병원 처방 받아서 약구에서 샴푸 사지 마셈 다 쓸모 없음 이거 하나면 다 해결됨,"['지루성 피부염', '비듬', '해결', '직구', '쓸데', '병원', '처방', '쓸모', '해결']","['지루성 피부염_비듬', '비듬_해결', '해결_직구', '직구_쓸데', '쓸데_병원', '병원_처방', '처방_쓸모', '쓸모_해결']","['지루성 피부염', '비듬', '해결', '직구', '쓸데', '병원', '처방', '쓸모', '해결', '지루성 피부염_비듬', '비듬_해결', '해결_직구', '직구_쓸데', '쓸데_병원', '병원_처방', '처방_쓸모', '쓸모_해결']",[],한국에서는 판매 불가한 지루성 두피염 샴푸,3.0,0,[],0,[],0,중립,False
youtube,,안티트로 vs 헤드앤숄더,지루서두피염 15년 달고 살다가 비타민c메가도즈 이후 사라졌습니다,"['지루서두피염', '비타민', '메가도즈', '이후']","['지루서두피염_비타민', '비타민_메가도즈', '메가도즈_이후']","['지루서두피염', '비타민', '메가도즈', '이후', '지루서두피염_비타민', '비타민_메가도즈', '메가도즈_이후']",[],한국에서는 판매 불가한 지루성 두피염 샴푸,0.0,0,[],1,['사라졌'],1,긍정,False
youtube,,안티트로 vs 헤드앤숄더,이거 진짜 개미치긴함 지루성 피부염때문에 병원도 가보고 두피 케어도 받아봤는데 받을때만 잠시좋아지고 미칠거같았는데 저거쓰고 25년동안 안고쳐지던게 일주일만에 다나아짐,"['지루성 피부염', '병원', '케어', '동안', '일주일']","['지루성 피부염_병원', '병원_케어', '케어_동안', '동안_일주일']","['지루성 피부염', '병원', '케어', '동안', '일주일', '지루성 피부염_병원', '병원_케어', '케어_동안', '동안_일주일']",[],한국에서는 판매 불가한 지루성 두피염 샴푸,0.0,0,[],0,[],0,중립,False
youtube,,안티트로 vs 헤드앤숄더,나도 엄지손톱만한 비듬이 나서 고통스러웟음 댓글 보고 속는셈치고 삿는데 한큐에 없어짐 리조랄도 다 필요없음 비싸기만 비싼데 이건 효과 대박임,"['엄지', '손톱', '비듬', '고통', '댓글', '리조랄', '필요', '효과']","['엄지_손톱', '손톱_비듬', '비듬_고통', '고통_댓글', '댓글_리조랄', '리조랄_필요', '필요_효과']","['엄지', '손톱', '비듬', '고통', '댓글', '리조랄', '필요', '효과', '엄지_손톱', '손톱_비듬', '비듬_고통', '고통_댓글', '댓글_리조랄', '리조랄_필요', '필요_효과']",[],한국에서는 판매 불가한 지루성 두피염 샴푸,1.0,0,[],0,[],0,중립,False
youtube,,안티트로 vs 헤드앤숄더,저는 9년정도 지루성두피염으로 고생했구요 이거는 효과못보고 오히려 그냥 헤드앤숄더 가려움예방 샴푸쓰고 나았어요,"['지루성두피염', '고생', '효과', '예방']","['지루성두피염_고생', '고생_효과', '효과_예방']","['지루성두피염', '고생', '효과', '예방', '지루성두피염_고생', '고생_효과', '효과_예방']",[],한국에서는 판매 불가한 지루성 두피염 샴푸,0.0,1,['가려움'],0,[],-1,이탈위험,False
youtube,,안티트로 vs 헤드앤숄더,진짜 나 지루성두피염 10년동안 개고생했는데 이샴푸쓴이후로 지루성 다날라감,"['지루성두피염', '동안', '고생', '이후', '지루']","['지루성두피염_동안', '동안_고생', '고생_이후', '이후_지루']","['지루성두피염', '동안', '고생', '이후', '지루', '지루성두피염_동안', '동안_고생', '고생_이후', '이후_지루']",[],한국에서는 판매 불가한 지루성 두피염 샴푸,0.0,0,[],0,[],0,중립,False
youtube,,안티트로 vs 헤드앤숄더,이거 진짜임 나 12년간 악성 지루성 두피염이였는데 이거 하고 그냥 지루성이 되버림 대박,"['악성', '지루', '지루']","['악성_지루', '지루_지루']","['악성', '지루', '지루', '악성_지루', '지루_지루']",[],한국에서는 판매 불가한 지루성 두피염 샴푸,0.0,0,[],0,[],0,중립,False
youtube,,안티트로 vs 헤드앤숄더,헤드 앤 숄더 클리니컬 스트렝스를 사서 한 달 가까이 사용했는데 비듬이 더 많아지고 머리도 많이 가려워졌네요 효과를 봤다는 분들이 정말 부럽네요 사용법을 읽어보니 머리를 감을 때마다 사용하면 효과가 더 좋다고 해서 매일 사용했는데 뭐가 문제인지 모르겠네요,"['헤드', '클리니컬', '스트렝스', '비듬', '효과', '사용법', '효과', '문제']","['헤드_클리니컬', '클리니컬_스트렝스', '스트렝스_비듬', '비듬_효과', '효과_사용법', '사용법_효과', '효과_문제']","['헤드', '클리니컬', '스트렝스', '비듬', '효과', '사용법', '효과', '문제', '헤드_클리니컬', '클리니컬_스트렝스', '스트렝스_비듬', '비듬_효과', '효과_사용법', '사용법_효과', '효과_문제']",[],한국에서는 판매 불가한 지루성 두피염 샴푸,10.0,0,[],0,[],0,중립,False
youtube,,안티트로 vs 헤드앤숄더,국내에서 괜찮은 지루성 제품 찾으시면 킹스파워 추천드려요 저도 진짜 심한데 이거 쓰고나서 많이 나아졌어요 머리도 덜 떡지고 덕분에 볼륨도 살아요,"['국내', '지루', '킹스', '파워', '덕분', '볼륨']","['국내_지루', '지루_킹스', '킹스_파워', '파워_덕분', '덕분_볼륨']","['국내', '지루', '킹스', '파워', '덕분', '볼륨', '국내_지루', '지루_킹스', '킹스_파워', '파워_덕분', '덕분_볼륨']",[],한국에서는 판매 불가한 지루성 두피염 샴푸,0.0,0,[],2,"['나아졌', '추천']",2,긍정,False
youtube,,안티트로 vs 헤드앤숄더,지루성 두피염 그냥 병원가서 약 1달동안 먹으니깐 완치되었는데,"['지루', '병원', '동안', '완치']","['지루_병원', '병원_동안', '동안_완치']","['지루', '병원', '동안', '완치', '지루_병원', '병원_동안', '동안_완치']",[],한국에서는 판매 불가한 지루성 두피염 샴푸,0.0,0,[],0,[],0,중립,False
youtube,,안티트로 vs 헤드앤숄더,이샴푸 진짜좋습니다 두피염 저 못고쳤는데 완치는 안되었지만 완화는 되었고 샴푸하고나서도 각질이나고 간지러울때가 있었고 간간히 심심해졌을때 피부과에서 도움받아 액체약을 머리에 바르면서 지냈는데 니조랄좋다고 써봤는데 완전 하루만에 머리결상하고 두피염 더심해짐 뭔가 안맞는건지 ㅜㅜ 직구로 구매하세요 광고아니고 지루성두피염 가지고 계시면 한번써보세요 저는 다른샴푸들은 다 별루였는데 이 샴푸는 맞았어요 전 직구로 과거에 샀었는데 막는다는 말도 들었었고 우리나라에 들어올때 성분이 바뀐다고 들었고 어떻게 됬는지 모르겠어요 두피염은 평생고치기 힘들어서 최대한 악화를 방지하여 생활할수밖에 없어요 정보들도 인터넷에 많으니 조금만 노력하면 조금씩좋아져요ㅜㅜ 힘들지만ㅜㅜ,"['두피염', '완치', '완화', '각질', '피부과', '도움', '액체약', '니조랄', '하루', '직구', '지루성두피염', '직구', '과거', '우리나라', '성분', '평생', '악화', '방지', '생활', '정보', '인터넷', '조금', '노력', '조금']","['두피염_완치', '완치_완화', '완화_각질', '각질_피부과', '피부과_도움', '도움_액체약', '액체약_니조랄', '니조랄_하루', '하루_직구', '직구_지루성두피염', '지루성두피염_직구', '직구_과거', '과거_우리나라', '우리나라_성분', '성분_평생', '평생_악화', '악화_방지', '방지_생활', '생활_정보', '정보_인터넷', '인터넷_조금', '조금_노력', '노력_조금']","['두피염', '완치', '완화', '각질', '피부과', '도움', '액체약', '니조랄', '하루', '직구', '지루성두피염', '직구', '과거', '우리나라', '성분', '평생', '악화', '방지', '생활', '정보', '인터넷', '조금', '노력', '조금', '두피염_완치', '완치_완화', '완화_각질', '각질_피부과', '피부과_도움', '도움_액체약', '액체약_니조랄', '니조랄_하루', '하루_직구', '직구_지루성두피염', '지루성두피염_직구', '직구_과거', '과거_우리나라', '우리나라_성분', '성분_평생', '평생_악화', '악화_방지', '방지_생활', '생활_정보', '정보_인터넷', '인터넷_조금', '조금_노력', '노력_조금']",[],한국에서는 판매 불가한 지루성 두피염 샴푸,0.0,1,['니조랄'],0,[],-1,이탈위험,True
youtube,,안티트로 vs 헤드앤숄더,지루성두피염에 효과 직빵이던데 머리 개기름기도싹 잡아줌,"['지루성두피염', '효과', '기름']","['지루성두피염_효과', '효과_기름']","['지루성두피염', '효과', '기름', '지루성두피염_효과', '효과_기름']",[],한국에서는 판매 불가한 지루성 두피염 샴푸,0.0,0,[],0,[],0,중립,False
youtube,,안티트로 vs 헤드앤숄더,그런데 이거 설페이트 성분 들어가있던데 설페이트는 무조건 피해라고들 하던데,"['페이', '성분', '설페이트', '피해']","['페이_성분', '성분_설페이트', '설페이트_피해']","['페이', '성분', '설페이트', '피해', '페이_성분', '성분_설페이트', '설페이트_피해']",[],한국에서는 판매 불가한 지루성 두피염 샴푸,1.0,0,[],0,[],0,중립,False
youtube,,안티트로 vs 헤드앤숄더,강력 지루성두피 반나절만 지나면 포마드 바른것 처럼 반짝이고 좀만 방치하면 모공 막아서 딱지생기고 점점 커지는데 환장함 이제품 속는셈 치고 세번만 써보면 딱지 없어지고 기름없어지는거 바로느낌 완전추천 신세계임,"['강력', '지루성두피', '반나절', '포마드', '방치', '모공', '딱지', '환장', '딱지', '기름', '느낌', '세계']","['강력_지루성두피', '지루성두피_반나절', '반나절_포마드', '포마드_방치', '방치_모공', '모공_딱지', '딱지_환장', '환장_딱지', '딱지_기름', '기름_느낌', '느낌_세계']","['강력', '지루성두피', '반나절', '포마드', '방치', '모공', '딱지', '환장', '딱지', '기름', '느낌', '세계', '강력_지루성두피', '지루성두피_반나절', '반나절_포마드', '포마드_방치', '방치_모공', '모공_딱지', '딱지_환장', '환장_딱지', '딱지_기름', '기름_느낌', '느낌_세계']",[],한국에서는 판매 불가한 지루성 두피염 샴푸,1.0,0,[],1,['추천'],1,긍정,False
youtube,,안티트로 vs 헤드앤숄더,저도 지루성 두피염 때문에 여성형 탈모왔는데 올영에 바이오틴 탈모샴푸 쓰고 많이 좋아져써요 ㅠㅠㅠㅠㅠ 헤드앤숄더랑 고민했는데 탈모엔 별로일까봐 흑흑ㅎ규ㅠㅠㅠㅠㅠㅠㅠㅠ,"['지루', '여성', '탈모', '올영', '바이오', '탈모', '고민', '탈모']","['지루_여성', '여성_탈모', '탈모_올영', '올영_바이오', '바이오_탈모', '탈모_고민', '고민_탈모']","['지루', '여성', '탈모', '올영', '바이오', '탈모', '고민', '탈모', '지루_여성', '여성_탈모', '탈모_올영', '올영_바이오', '바이오_탈모', '탈모_고민', '고민_탈모']",[],한국에서는 판매 불가한 지루성 두피염 샴푸,0.0,1,['별로'],0,[],-1,이탈위험,False
youtube,,안티트로 vs 헤드앤숄더,남편이 지루성두피에 비듬이 환장하게떨어져 헤드앤숄더 클리니컬 스트랭스 오일컨트롤인가 암튼 보라색 1개 직구해서 쓰는중인데 정말 드라마틱하게 비듬이 없어져서 좋더라구요 다좋은데 단점은 배게에 물이 들더라구여 ㅠㅠ 염색샴프도 아닌데 색이 왜 물들까요 염색을 몇달전에 했는데 혹시 샴프가 염색물을 빼는걸까요 ㅠㅠ수건을 꼭 깔고 자야해요 그런데 내성이 생길수도있다니 안돼 ㅠㅠ,"['남편', '지루', '비듬', '환장', '클리니컬', '스트랭스', '오일', '컨트롤', '직구', '비듬', '단점', '배게', '염색샴프', '염색', '샴프', '염색', '수건', '내성']","['남편_지루', '지루_비듬', '비듬_환장', '환장_클리니컬', '클리니컬_스트랭스', '스트랭스_오일', '오일_컨트롤', '컨트롤_직구', '직구_비듬', '비듬_단점', '단점_배게', '배게_염색샴프', '염색샴프_염색', '염색_샴프', '샴프_염색', '염색_수건', '수건_내성']","['남편', '지루', '비듬', '환장', '클리니컬', '스트랭스', '오일', '컨트롤', '직구', '비듬', '단점', '배게', '염색샴프', '염색', '샴프', '염색', '수건', '내성', '남편_지루', '지루_비듬', '비듬_환장', '환장_클리니컬', '클리니컬_스트랭스', '스트랭스_오일', '오일_컨트롤', '컨트롤_직구', '직구_비듬', '비듬_단점', '단점_배게', '배게_염색샴프', '염색샴프_염색', '염색_샴프', '샴프_염색', '염색_수건', '수건_내성']",[],한국에서는 판매 불가한 지루성 두피염 샴푸,4.0,0,[],0,[],0,중립,False
youtube,,안티트로 vs 헤드앤숄더,두피가 간지러워서 관리해야겠다 싶어 영양제 찾다가 아누오틴 시작했어요 3주쯤 되니 덜 간지러워요,"['관리', '영양제', '아누오틴', '시작']","['관리_영양제', '영양제_아누오틴', '아누오틴_시작']","['관리', '영양제', '아누오틴', '시작', '관리_영양제', '영양제_아누오틴', '아누오틴_시작']",[],한국에서는 판매 불가한 지루성 두피염 샴푸,140.0,0,[],0,[],0,중립,False
youtube,,안티트로 vs 헤드앤숄더,저는 직업이 요리사라가 지루성 두피염 달고 살았거든요 ㅜㅜ 맥주효모 지루염 샴푸 쓰고부터는 가려움이 없어져 신통방통했네요 결국 세정력도 중요하지만 손상 된 두피를 케어하는게 우선이더라구요 머리에 균이 침투하지 못하니 저절로 두피염도 없어지네요 비듬도 중요했지만 전 직업 특성상 가려움 때문에 겁나 스트레스 였는데 3만원 좀 비쌀 수 있지만 비용뽑은거 같아요 ㅎㅎ,"['직업', '요리사', '지루', '맥주', '효모', '지루', '세정', '중요', '손상', '케어', '우선', '침투', '비듬', '중요', '직업', '특성', '스트레스', '비용']","['직업_요리사', '요리사_지루', '지루_맥주', '맥주_효모', '효모_지루', '지루_세정', '세정_중요', '중요_손상', '손상_케어', '케어_우선', '우선_침투', '침투_비듬', '비듬_중요', '중요_직업', '직업_특성', '특성_스트레스', '스트레스_비용']","['직업', '요리사', '지루', '맥주', '효모', '지루', '세정', '중요', '손상', '케어', '우선', '침투', '비듬', '중요', '직업', '특성', '스트레스', '비용', '직업_요리사', '요리사_지루', '지루_맥주', '맥주_효모', '효모_지루', '지루_세정', '세정_중요', '중요_손상', '손상_케어', '케어_우선', '우선_침투', '침투_비듬', '비듬_중요', '중요_직업', '직업_특성', '특성_스트레스', '스트레스_비용']",[],한국에서는 판매 불가한 지루성 두피염 샴푸,3.0,1,['가려움'],0,[],-1,이탈위험,False
youtube,,안티트로 vs 헤드앤숄더,내가 거의 20년동안 검은색 옷을 입어 본적이 없음 하루 두번씩 감기도 해보고 니조랄 그리고 일반 비듬방지 샴푸 다 효과 없음 근대 아는 피부과 아줌마가 이거 쓰라고 해서 써봤는대 바로 완치되었음 진짜 레알임 오래 고통 받고 있는분 계시면 직구해서 써보세요 그리고 내성 어쩌고 하는대 그런거 없습니다 근대 피부과에서 못고치는걸 이거 한번으로 인생이 바뀜 분명 피부과에서도 알고 있을건대 이런건 절때 추천안함,"['동안', '검은색', '하루', '니조랄', '일반', '비듬', '방지', '효과', '근대', '피부과', '아줌마', '완치', '레알', '고통', '직구', '내성', '근대', '피부과', '인생', '피부과']","['동안_검은색', '검은색_하루', '하루_니조랄', '니조랄_일반', '일반_비듬', '비듬_방지', '방지_효과', '효과_근대', '근대_피부과', '피부과_아줌마', '아줌마_완치', '완치_레알', '레알_고통', '고통_직구', '직구_내성', '내성_근대', '근대_피부과', '피부과_인생', '인생_피부과']","['동안', '검은색', '하루', '니조랄', '일반', '비듬', '방지', '효과', '근대', '피부과', '아줌마', '완치', '레알', '고통', '직구', '내성', '근대', '피부과', '인생', '피부과', '동안_검은색', '검은색_하루', '하루_니조랄', '니조랄_일반', '일반_비듬', '비듬_방지', '방지_효과', '효과_근대', '근대_피부과', '피부과_아줌마', '아줌마_완치', '완치_레알', '레알_고통', '고통_직구', '직구_내성', '내성_근대', '근대_피부과', '피부과_인생', '인생_피부과']",[],한국에서는 판매 불가한 지루성 두피염 샴푸,0.0,1,['니조랄'],1,['추천'],0,중립,True
youtube,,안티트로 vs 헤드앤숄더,남편이 평생 지루성피부염으로 피부과 다니고 약먹고 다해봐도 안됐는데 이샴푸 쓰고 싹고쳐짐,"['남편', '평생', '지루성 피부염', '피부과']","['남편_평생', '평생_지루성 피부염', '지루성 피부염_피부과']","['남편', '평생', '지루성 피부염', '피부과', '남편_평생', '평생_지루성 피부염', '지루성 피부염_피부과']",[],한국에서는 판매 불가한 지루성 두피염 샴푸,1.0,0,[],0,[],0,중립,False
youtube,,안티트로 vs 헤드앤숄더,정말 정말 추천 15년정도 계절마다 달고살았던 각질 덩어리 가루 가려움 짖물 지금 사용2달동안 너무 개운해지고 신세계임 물론 개인마다 차이가 있겠지만 저는 헤드엔숄더 selsun blue Anti Dandruff거기에 호호바 오일까지 사용함 고생하고 계신분들 꼭 사용해보세요,"['계절', '각질', '덩어리', '가루', '동안', '세계', '개인', '차이', '헤드엔숄더', '호호바', '오일', '고생']","['계절_각질', '각질_덩어리', '덩어리_가루', '가루_동안', '동안_세계', '세계_개인', '개인_차이', '차이_헤드엔숄더', '헤드엔숄더_호호바', '호호바_오일', '오일_고생']","['계절', '각질', '덩어리', '가루', '동안', '세계', '개인', '차이', '헤드엔숄더', '호호바', '오일', '고생', '계절_각질', '각질_덩어리', '덩어리_가루', '가루_동안', '동안_세계', '세계_개인', '개인_차이', '차이_헤드엔숄더', '헤드엔숄더_호호바', '호호바_오일', '오일_고생']",[],한국에서는 판매 불가한 지루성 두피염 샴푸,1.0,1,['가려움'],1,['추천'],0,중립,False
youtube,,안티트로 vs 헤드앤숄더,민감성두피는 쓰지마세요 저거 엄청강해서 홍반 올라옵니다,['홍반'],[],['홍반'],[],한국에서는 판매 불가한 지루성 두피염 샴푸,0.0,0,[],0,[],0,중립,False
youtube,,안티트로 vs 헤드앤숄더,이걸로 30여년 비듬 해방됨,"['비듬', '해방']",['비듬_해방'],"['비듬', '해방', '비듬_해방']",[],한국에서는 판매 불가한 지루성 두피염 샴푸,0.0,0,[],0,[],0,중립,False
youtube,,안티트로 vs 헤드앤숄더,30년넘게 비듬때문에 개고생하고 인간관계도 스트레스 받았는데 클리니컬스트렝스 쓰자마자 바로 싹나음 귀신같이 놀라운건 이 샴푸를 계기로 클렌징폼 로션 싹다 한국제품 버리고 미국 제품으로 싹다 갈아탐 놀라운건 여드름도 싹없어짐 이샴푸가 나에게 빨간약 먹여줌 우리나라 제품은 쓰레기구나 아니 우리나라는 후진국이구나 진짜 이샴푸덕분에 영어공부하고있음 미국으로 가서 더 넓은 시야를 갖고싶음,"['비듬', '고생', '인간관계', '스트레스', '클리니컬스트렝스', '귀신', '계기', '클렌징', '로션', '한국', '미국', '여드름', '우리나라', '쓰레기', '우리나라', '후진국', '덕분', '영어', '공부', '미국', '시야']","['비듬_고생', '고생_인간관계', '인간관계_스트레스', '스트레스_클리니컬스트렝스', '클리니컬스트렝스_귀신', '귀신_계기', '계기_클렌징', '클렌징_로션', '로션_한국', '한국_미국', '미국_여드름', '여드름_우리나라', '우리나라_쓰레기', '쓰레기_우리나라', '우리나라_후진국', '후진국_덕분', '덕분_영어', '영어_공부', '공부_미국', '미국_시야']","['비듬', '고생', '인간관계', '스트레스', '클리니컬스트렝스', '귀신', '계기', '클렌징', '로션', '한국', '미국', '여드름', '우리나라', '쓰레기', '우리나라', '후진국', '덕분', '영어', '공부', '미국', '시야', '비듬_고생', '고생_인간관계', '인간관계_스트레스', '스트레스_클리니컬스트렝스', '클리니컬스트렝스_귀신', '귀신_계기', '계기_클렌징', '클렌징_로션', '로션_한국', '한국_미국', '미국_여드름', '여드름_우리나라', '우리나라_쓰레기', '쓰레기_우리나라', '우리나라_후진국', '후진국_덕분', '덕분_영어', '영어_공부', '공부_미국', '미국_시야']",[],한국에서는 판매 불가한 지루성 두피염 샴푸,0.0,0,[],0,[],0,중립,False
youtube,,안티트로 vs 헤드앤숄더,설페이트 성분이 있는 샴푸는 피하라하셨는데 의사분들도 헤드앤숄더 제품을 애용하시네요,"['설페이트', '성분', '의사', '애용']","['설페이트_성분', '성분_의사', '의사_애용']","['설페이트', '성분', '의사', '애용', '설페이트_성분', '성분_의사', '의사_애용']",[],탈모 의사는 어떤 샴푸 쓰는지 제가 직접 물어봤습니다,1.0,0,[],0,[],0,중립,False
youtube,,안티트로 vs 헤드앤숄더,두피 각질이 많아서 고민인데 ㅠㅠ 친구 추천받아서 아누오틴 2달 먹으니까 두피 각질 두피염 증상들이 다 날아가서 너무 좋아요 ㅎㅎ,"['각질', '고민', '친구', '아누오틴', '2달', '각질', '증상']","['각질_고민', '고민_친구', '친구_아누오틴', '아누오틴_2달', '2달_각질', '각질_증상']","['각질', '고민', '친구', '아누오틴', '2달', '각질', '증상', '각질_고민', '고민_친구', '친구_아누오틴', '아누오틴_2달', '2달_각질', '각질_증상']",[],탈모 의사는 어떤 샴푸 쓰는지 제가 직접 물어봤습니다,0.0,0,[],1,['추천'],1,긍정,False
youtube,,안티트로 vs 헤드앤숄더,샴푸 근본 니조랄 3 5분 하면 두피 반점 가려운 거 싹 사라지고 그거랑 사후관리로 아누오틴 먹으면 배수구 막히던 것도 사라지고 빗질할 때 덜 빠짐,"['근본', '니조랄', '반점', '사후', '관리', '아누오틴', '배수구']","['근본_니조랄', '니조랄_반점', '반점_사후', '사후_관리', '관리_아누오틴', '아누오틴_배수구']","['근본', '니조랄', '반점', '사후', '관리', '아누오틴', '배수구', '근본_니조랄', '니조랄_반점', '반점_사후', '사후_관리', '관리_아누오틴', '아누오틴_배수구']",[],탈모 의사는 어떤 샴푸 쓰는지 제가 직접 물어봤습니다,83.0,1,['니조랄'],0,[],-1,이탈위험,True
youtube,,안티트로 vs 헤드앤숄더,전 다 닥터포헤어샴푸 설페이트성분이있는샴푸,"['닥터', '설페이트', '성분']","['닥터_설페이트', '설페이트_성분']","['닥터', '설페이트', '성분', '닥터_설페이트', '설페이트_성분']",[],탈모 의사는 어떤 샴푸 쓰는지 제가 직접 물어봤습니다,4.0,0,[],0,[],0,중립,False
youtube,,안티트로 vs 헤드앤숄더,두피샴푸 찾다가 영상 봤어요 두피 제대로 관리 안하면 탈모가 온다길래 어떤거 쓸지 고민하다가 친구가 추천해준 모미래 핑크솔트 탈모샴푸 쓰게 됐어요 한 달쯤 쓰니까 두피도 건강해지고 빠지는 머리카락도 줄더라고요 ㅎㅎ 잔머리도 더 생기니 전체적으로 풍성해진 느낌이에요 두피 관리하면서 탈모 예방까지 하고 싶으신 분들 한번 사용해보세요,"['관리', '탈모', '고민', '친구', '미래', '핑크솔트', '탈모', '건강', '머리카락', '잔머리', '전체', '느낌', '관리', '탈모', '예방']","['관리_탈모', '탈모_고민', '고민_친구', '친구_미래', '미래_핑크솔트', '핑크솔트_탈모', '탈모_건강', '건강_머리카락', '머리카락_잔머리', '잔머리_전체', '전체_느낌', '느낌_관리', '관리_탈모', '탈모_예방']","['관리', '탈모', '고민', '친구', '미래', '핑크솔트', '탈모', '건강', '머리카락', '잔머리', '전체', '느낌', '관리', '탈모', '예방', '관리_탈모', '탈모_고민', '고민_친구', '친구_미래', '미래_핑크솔트', '핑크솔트_탈모', '탈모_건강', '건강_머리카락', '머리카락_잔머리', '잔머리_전체', '전체_느낌', '느낌_관리', '관리_탈모', '탈모_예방']",[],탈모 의사는 어떤 샴푸 쓰는지 제가 직접 물어봤습니다,53.0,0,[],1,['추천'],1,긍정,False
youtube,,안티트로 vs 헤드앤숄더,지루성 두피염으로 고통 받다가 피부과 원장님이 알려주신 방법대로 관리해서 이제 쫌 나아졌네요 ㅠㅠ 알려주신 방법 알려드릴께요 딱 3가지만 하세요 1 피지 유발 식습관 줄이기 기름진 음식 설탕 많은 음식 인스턴트 2 항염 향균 성분이 들어간 와샴푸 쓰세요 3 머리 감은 후 꼭 두피 잘 말려주세요 이거 3 4주면 확실히 효과가 드러납니다,"['지루', '고통', '피부과', '원장', '방법', '관리', '방법', '피지', '유발', '식습관', '음식', '설탕', '음식', '인스턴트', '성분', '효과']","['지루_고통', '고통_피부과', '피부과_원장', '원장_방법', '방법_관리', '관리_방법', '방법_피지', '피지_유발', '유발_식습관', '식습관_음식', '음식_설탕', '설탕_음식', '음식_인스턴트', '인스턴트_성분', '성분_효과']","['지루', '고통', '피부과', '원장', '방법', '관리', '방법', '피지', '유발', '식습관', '음식', '설탕', '음식', '인스턴트', '성분', '효과', '지루_고통', '고통_피부과', '피부과_원장', '원장_방법', '방법_관리', '관리_방법', '방법_피지', '피지_유발', '유발_식습관', '식습관_음식', '음식_설탕', '설탕_음식', '음식_인스턴트', '인스턴트_성분', '성분_효과']",[],🧴니조랄? 헤드앤숄더? 비듬 제거 샴푸 선택법 지루성두피염 vs 두피건선 완벽 구별법,1.0,0,[],1,['나아졌'],1,긍정,False
youtube,,안티트로 vs 헤드앤숄더,두피 전체가 그렇진 않고 2부분 정도가 특히 심합니다 가족에게 봐달라고하니 두피가 붉다고 하고 가려운 수준은 가끔씩 엄청 가려운거 빼면 그냥 거의 안간지럽거나 참을만한 가려움인데 가렵기 시작해서 살짝 긁으면 하얀가루같은 각질비듬이 떨어집니다 샤워직후에는 좀 깨끗한 편인거 같고 시간 지나 좀 간지러워져서 조금씩 손이 갈때쯤 보니 심하다고 느껴지는 부분이 좀 갈라지며 하얗게 뜨는 느낌입니다 피부나 이런게 기본적으로 좀 건조한 편이라 비듬도 그런쪽으로 나는거 같은데 기본증상은 지루성인거 같기도하고 헷갈리네요 댓글 보게 되시면 가볍게라도 의견 남겨주시면 도움될거 같아요,"['전체', '가족', '수준', '시작', '가루', '각질', '비듬', '샤워', '직후', '시간', '조금', '느낌', '피부', '기본', '건조', '비듬', '기본', '증상', '지루', '댓글', '의견', '도움']","['전체_가족', '가족_수준', '수준_시작', '시작_가루', '가루_각질', '각질_비듬', '비듬_샤워', '샤워_직후', '직후_시간', '시간_조금', '조금_느낌', '느낌_피부', '피부_기본', '기본_건조', '건조_비듬', '비듬_기본', '기본_증상', '증상_지루', '지루_댓글', '댓글_의견', '의견_도움']","['전체', '가족', '수준', '시작', '가루', '각질', '비듬', '샤워', '직후', '시간', '조금', '느낌', '피부', '기본', '건조', '비듬', '기본', '증상', '지루', '댓글', '의견', '도움', '전체_가족', '가족_수준', '수준_시작', '시작_가루', '가루_각질', '각질_비듬', '비듬_샤워', '샤워_직후', '직후_시간', '시간_조금', '조금_느낌', '느낌_피부', '피부_기본', '기본_건조', '건조_비듬', '비듬_기본', '기본_증상', '증상_지루', '지루_댓글', '댓글_의견', '의견_도움']",[],🧴니조랄? 헤드앤숄더? 비듬 제거 샴푸 선택법 지루성두피염 vs 두피건선 완벽 구별법,0.0,1,['가려움'],0,[],-1,이탈위험,False
youtube,,안티트로 vs 헤드앤숄더,와 탈모샴푸 쓰는데 설페이트 있어요 어쩐지 머리 겁나게 빠지더라니 버려야겠네요,"['탈모', '설페이트']",['탈모_설페이트'],"['탈모', '설페이트', '탈모_설페이트']",[],제발 탈모샴푸 절대 쓰지마세요,35.0,0,[],0,[],0,중립,False
youtube,,안티트로 vs 헤드앤숄더,티아졸리논 설페이트없는 일본 피노 헤어팩은 어떤가요 누적 9만개나 팔렸다는 알코올성분이 엄청 많턴데 실리콘 위주 성분이라더라구요 써도 좋을지 의문스럽네요,"['티아졸리논', '설페이트', '일본', '피노', '누적', '알코올', '성분', '실리콘', '위주', '성분', '의문']","['티아졸리논_설페이트', '설페이트_일본', '일본_피노', '피노_누적', '누적_알코올', '알코올_성분', '성분_실리콘', '실리콘_위주', '위주_성분', '성분_의문']","['티아졸리논', '설페이트', '일본', '피노', '누적', '알코올', '성분', '실리콘', '위주', '성분', '의문', '티아졸리논_설페이트', '설페이트_일본', '일본_피노', '피노_누적', '누적_알코올', '알코올_성분', '성분_실리콘', '실리콘_위주', '위주_성분', '성분_의문']",[],제발 탈모샴푸 절대 쓰지마세요,1.0,0,[],0,[],0,중립,False
youtube,,안티트로 vs 헤드앤숄더,설페이트 안들어간 탈모샴푸 찾기 쉽지 않네요 싼거 사려니까 다 들어있네,"['설페이트', '탈모']",['설페이트_탈모'],"['설페이트', '탈모', '설페이트_탈모']",[],제발 탈모샴푸 절대 쓰지마세요,5.0,0,[],0,[],0,중립,False
youtube,,안티트로 vs 헤드앤숄더,진짜 제 입장에선 진작 알았으면 좋았을 정보입니다 피부과라도 진작 가볼걸 그랬어요 옛날에 ts꺼 부터 시작해서 탈모샴푸만 여러종류로 한 6년간 계속 써왔는데 언젠가부터 머리에 비듬생기고 가렵고 미용실가면 두피가 빨갛다 하더라구요 그래서 지루성두피염인가 해서 헤드앤솔더꺼 썻다가 진짜 난리 났습니다 머리얇아지고 계속 빠지고 설페이트 프리 민감성두피용 샴푸 쓰고 훨 나아졌어요 진짜로,"['입장', '정보', '피부과', '옛날', '시작', '탈모', '종류', '비듬', '미용실', '지루성두피염', '헤드앤솔더꺼', '난리', '설페이트', '프리']","['입장_정보', '정보_피부과', '피부과_옛날', '옛날_시작', '시작_탈모', '탈모_종류', '종류_비듬', '비듬_미용실', '미용실_지루성두피염', '지루성두피염_헤드앤솔더꺼', '헤드앤솔더꺼_난리', '난리_설페이트', '설페이트_프리']","['입장', '정보', '피부과', '옛날', '시작', '탈모', '종류', '비듬', '미용실', '지루성두피염', '헤드앤솔더꺼', '난리', '설페이트', '프리', '입장_정보', '정보_피부과', '피부과_옛날', '옛날_시작', '시작_탈모', '탈모_종류', '종류_비듬', '비듬_미용실', '미용실_지루성두피염', '지루성두피염_헤드앤솔더꺼', '헤드앤솔더꺼_난리', '난리_설페이트', '설페이트_프리']",[],제발 탈모샴푸 절대 쓰지마세요,3.0,0,[],1,['나아졌'],1,긍정,False
youtube,,안티트로 vs 헤드앤숄더,제가쓰던 샴푸가 단종되어 샴푸를 이것저것 다써봤지만 비듬생기고 머리빠지고 그래서 바디샴푸에 커피 알갱이 섞어서 머리를 감는데요 상쾌하고 커피향도 오래가고 머리숯도 많아지는걸 느껴서 2년넘게 그렇게 쓰고있어요 한번 도전해 보세요,"['단종', '이것저것', '비듬', '바디', '커피', '알갱이', '커피', '도전']","['단종_이것저것', '이것저것_비듬', '비듬_바디', '바디_커피', '커피_알갱이', '알갱이_커피', '커피_도전']","['단종', '이것저것', '비듬', '바디', '커피', '알갱이', '커피', '도전', '단종_이것저것', '이것저것_비듬', '비듬_바디', '바디_커피', '커피_알갱이', '알갱이_커피', '커피_도전']",[],제발 탈모샴푸 절대 쓰지마세요,6.0,0,[],0,[],0,중립,False
youtube,,안티트로 vs 헤드앤숄더,설페이트 조심합니다,"['설페이트', '조심']",['설페이트_조심'],"['설페이트', '조심', '설페이트_조심']",[],제발 탈모샴푸 절대 쓰지마세요,0.0,0,[],0,[],0,중립,False
youtube,,안티트로 vs 헤드앤숄더,설페이트 티아졸리논,"['설페이트', '티아졸리논']",['설페이트_티아졸리논'],"['설페이트', '티아졸리논', '설페이트_티아졸리논']",[],제발 탈모샴푸 절대 쓰지마세요,2.0,0,[],0,[],0,중립,False
youtube,,안티트로 vs 헤드앤숄더,요즘 설페이트 안들어간 샴푸 많은데 20대부터 탈모인으로써 샴푸만 쓰면 안된다고 하는건 샴푸는 일단 세정이 목적인 제품입니다 두피도 피부라서 세정후에 보습이나 영양이 필요해요 두피 트리트먼트 사용해주시거나 샴푸후에 두피에 보습세럼 탈모전용 세럼등 영양을 공급해주는게 맞다 생각이 드네요,"['설페이트', '탈모인', '세정', '목적', '피부', '세정', '보습', '영양', '필요', '트리트먼트', '보습', '세럼', '탈모', '전용', '세럼', '영양', '공급']","['설페이트_탈모인', '탈모인_세정', '세정_목적', '목적_피부', '피부_세정', '세정_보습', '보습_영양', '영양_필요', '필요_트리트먼트', '트리트먼트_보습', '보습_세럼', '세럼_탈모', '탈모_전용', '전용_세럼', '세럼_영양', '영양_공급']","['설페이트', '탈모인', '세정', '목적', '피부', '세정', '보습', '영양', '필요', '트리트먼트', '보습', '세럼', '탈모', '전용', '세럼', '영양', '공급', '설페이트_탈모인', '탈모인_세정', '세정_목적', '목적_피부', '피부_세정', '세정_보습', '보습_영양', '영양_필요', '필요_트리트먼트', '트리트먼트_보습', '보습_세럼', '세럼_탈모', '탈모_전용', '전용_세럼', '세럼_영양', '영양_공급']",[],제발 탈모샴푸 절대 쓰지마세요,18.0,0,[],0,[],0,중립,False
youtube,,안티트로 vs 헤드앤숄더,안녕하세요 선생님 소듐C14 16올레핀설포네이트 성분도 설페이트로 봐야하나요 영어를 한글식 표기로 해서 두개가 같은건지 다른건지 잘 모르겠네요,"['선생', '소듐', '올레핀설포네이트', '성분', '설페이트', '영어', '한글', '표기']","['선생_소듐', '소듐_올레핀설포네이트', '올레핀설포네이트_성분', '성분_설페이트', '설페이트_영어', '영어_한글', '한글_표기']","['선생', '소듐', '올레핀설포네이트', '성분', '설페이트', '영어', '한글', '표기', '선생_소듐', '소듐_올레핀설포네이트', '올레핀설포네이트_성분', '성분_설페이트', '설페이트_영어', '영어_한글', '한글_표기']",[],제발 탈모샴푸 절대 쓰지마세요,0.0,0,[],0,[],0,중립,False
youtube,,안티트로 vs 헤드앤숄더,설페이트 졸리논 코카미도프프로필베타인 이런 성분은 피하면 좋다고 들었어요 피부 두피 지성이신 분들은 기름진 식사 줄이면 유분기 줄이는데 도움되고 두피에 염증이 많아서 아프신 분들은 항염 항균작용 하는 울금가루나 어성초 삼백초 등등등 자기한테 맞는 가루로 샴푸 전 두피팩을 해보세요 염증완화에 도움 됩니다 그리고 이런 나쁜 성분들 안 들어있는 브랜드로 청미정 반코르 등이 있어요 사이트 가셔서 샴푸 전성분 리뷰 등등 참고해보시길 그런데 나쁜 성분이 없다고 해서 사용감이 나한테 잘 맞나 그것과는 별개입니다 염증유발 성분들은 피하되 나에게 잘 맞는 제품들을 찾아야 해요 한 샴푸만 오래 쓰지 마시고 그때그때 내 두피상태에 맞게 두세가지 돌려쓰는 것도 좋습니다,"['설페이트', '졸리논', '코카미도프프로필베타인', '성분', '피부', '지성', '식사', '유분', '도움', '염증', '항균', '작용', '울금가루', '어성초', '삼백초', '가루', '염증', '완화', '도움', '성분', '청미정', '반코르', '사이트', '성분', '리뷰', '참고', '성분', '별개', '염증', '유발', '성분', '상태']","['설페이트_졸리논', '졸리논_코카미도프프로필베타인', '코카미도프프로필베타인_성분', '성분_피부', '피부_지성', '지성_식사', '식사_유분', '유분_도움', '도움_염증', '염증_항균', '항균_작용', '작용_울금가루', '울금가루_어성초', '어성초_삼백초', '삼백초_가루', '가루_염증', '염증_완화', '완화_도움', '도움_성분', '성분_청미정', '청미정_반코르', '반코르_사이트', '사이트_성분', '성분_리뷰', '리뷰_참고', '참고_성분', '성분_별개', '별개_염증', '염증_유발', '유발_성분', '성분_상태']","['설페이트', '졸리논', '코카미도프프로필베타인', '성분', '피부', '지성', '식사', '유분', '도움', '염증', '항균', '작용', '울금가루', '어성초', '삼백초', '가루', '염증', '완화', '도움', '성분', '청미정', '반코르', '사이트', '성분', '리뷰', '참고', '성분', '별개', '염증', '유발', '성분', '상태', '설페이트_졸리논', '졸리논_코카미도프프로필베타인', '코카미도프프로필베타인_성분', '성분_피부', '피부_지성', '지성_식사', '식사_유분', '유분_도움', '도움_염증', '염증_항균', '항균_작용', '작용_울금가루', '울금가루_어성초', '어성초_삼백초', '삼백초_가루', '가루_염증', '염증_완화', '완화_도움', '도움_성분', '성분_청미정', '청미정_반코르', '반코르_사이트', '사이트_성분', '성분_리뷰', '리뷰_참고', '참고_성분', '성분_별개', '별개_염증', '염증_유발', '유발_성분', '성분_상태']",[],제발 탈모샴푸 절대 쓰지마세요,7.0,0,[],0,[],0,중립,False
youtube,,안티트로 vs 헤드앤숄더,저도 탈모고민때문에 이것저것 사용중인데 아누오틴은 성분이 깔끔하고 두피 열도 덜 나는 것 같아서 계속 먹게 돼요,"['탈모', '고민', '이것저것', '아누오틴', '성분']","['탈모_고민', '고민_이것저것', '이것저것_아누오틴', '아누오틴_성분']","['탈모', '고민', '이것저것', '아누오틴', '성분', '탈모_고민', '고민_이것저것', '이것저것_아누오틴', '아누오틴_성분']",[],제발 탈모샴푸 절대 쓰지마세요,13.0,0,[],0,[],0,중립,False
youtube,,안티트로 vs 헤드앤숄더,근데 설페이트가 뻣뻣해지는건가요,['설페이트'],[],['설페이트'],[],제발 탈모샴푸 절대 쓰지마세요,1.0,0,[],0,[],0,중립,False
youtube,,안티트로 vs 헤드앤숄더,처음엔 탈모샴푸 써보다가 가렵고 트러블 나서 아누오틴으로 바꿨어요 지금은 확실히 두피가 안정되고 빠지는 머리도 덜해져서 정착 중입니다,"['처음', '탈모', '트러블', '아누오틴', '안정', '정착']","['처음_탈모', '탈모_트러블', '트러블_아누오틴', '아누오틴_안정', '안정_정착']","['처음', '탈모', '트러블', '아누오틴', '안정', '정착', '처음_탈모', '탈모_트러블', '트러블_아누오틴', '아누오틴_안정', '안정_정착']",[],제발 탈모샴푸 절대 쓰지마세요,25.0,1,['트러블'],1,['정착'],0,중립,False
youtube,,안티트로 vs 헤드앤숄더,요즘 남자들한테 잘팔리는 알페신 카페인 샴푸 C1경우 카페인이 두피에 빠르게 흡수되어 모근을 직접 자극 모발 성장을 촉진 한다고 하는데 이게 과학적으로 입증된 논문이 있나요 저 샴푸의 경우 지금 의사쌤이 말씀해주신 SLS SLES가 포함되어 있어 두피 자극 가능성이 있는데 만약 카페인이 모발성장을 촉진한다고 쳐도 SLS SLES성분이 함께 있으면 마냥 좋다고만 할수는 없지 않나요,"['남자', '알페신', '카페인', '카페인', '흡수', '모근', '자극', '모발', '성장', '촉진', '과학', '입증', '논문', '의사', '말씀', '포함', '자극', '가능', '만약', '카페인', '모발', '성장', '촉진', '성분']","['남자_알페신', '알페신_카페인', '카페인_카페인', '카페인_흡수', '흡수_모근', '모근_자극', '자극_모발', '모발_성장', '성장_촉진', '촉진_과학', '과학_입증', '입증_논문', '논문_의사', '의사_말씀', '말씀_포함', '포함_자극', '자극_가능', '가능_만약', '만약_카페인', '카페인_모발', '모발_성장', '성장_촉진', '촉진_성분']","['남자', '알페신', '카페인', '카페인', '흡수', '모근', '자극', '모발', '성장', '촉진', '과학', '입증', '논문', '의사', '말씀', '포함', '자극', '가능', '만약', '카페인', '모발', '성장', '촉진', '성분', '남자_알페신', '알페신_카페인', '카페인_카페인', '카페인_흡수', '흡수_모근', '모근_자극', '자극_모발', '모발_성장', '성장_촉진', '촉진_과학', '과학_입증', '입증_논문', '논문_의사', '의사_말씀', '말씀_포함', '포함_자극', '자극_가능', '가능_만약', '만약_카페인', '카페인_모발', '모발_성장', '성장_촉진', '촉진_성분']",[],제발 탈모샴푸 절대 쓰지마세요,2.0,1,['자극'],0,[],-1,이탈위험,False
youtube,,안티트로 vs 헤드앤숄더,징크코세스 설페이트도 두피에 나쁜 계면활성제인가요 ㅜㅜ,"['징크코세스', '설페이트', '계면활성제']","['징크코세스_설페이트', '설페이트_계면활성제']","['징크코세스', '설페이트', '계면활성제', '징크코세스_설페이트', '설페이트_계면활성제']",[],제발 탈모샴푸 절대 쓰지마세요,1.0,0,[],0,[],0,중립,False
youtube,,안티트로 vs 헤드앤숄더,소듐코코 설페이트도 안되는거 일까요,"['소듐코코', '설페이트']",['소듐코코_설페이트'],"['소듐코코', '설페이트', '소듐코코_설페이트']",[],제발 탈모샴푸 절대 쓰지마세요,3.0,0,[],0,[],0,중립,False
youtube,,안티트로 vs 헤드앤숄더,어쩐지 샴푸 바꿔도 효과가 없더라니 다 거짓말이었군요 샴푸 교체에 지쳐서 샴푸법 공부 많이했는데 좋다고 시도한 방법들 중 이 방법이 제일 효과 좋았네요 조심스럽게 추천드려봅니당 1 머리감기 전에 빗질하기 2 저자극두피관리솔로 부드럽게 마사지 하기 3 3분간 방치하기 4 3분강 헹구기 5 수건으로 톡톡 두드리며 닦기 6 모낭활성제 도포하기 7 머리 찬바람으로 말리기,"['효과', '거짓말', '교체', '공부', '시도', '방법', '방법', '효과', '조심', '자극', '관리', '마사지', '방치', '수건', '모낭', '활성', '도포', '바람']","['효과_거짓말', '거짓말_교체', '교체_공부', '공부_시도', '시도_방법', '방법_방법', '방법_효과', '효과_조심', '조심_자극', '자극_관리', '관리_마사지', '마사지_방치', '방치_수건', '수건_모낭', '모낭_활성', '활성_도포', '도포_바람']","['효과', '거짓말', '교체', '공부', '시도', '방법', '방법', '효과', '조심', '자극', '관리', '마사지', '방치', '수건', '모낭', '활성', '도포', '바람', '효과_거짓말', '거짓말_교체', '교체_공부', '공부_시도', '시도_방법', '방법_방법', '방법_효과', '효과_조심', '조심_자극', '자극_관리', '관리_마사지', '마사지_방치', '방치_수건', '수건_모낭', '모낭_활성', '활성_도포', '도포_바람']",[],제발 탈모샴푸 절대 쓰지마세요,13.0,1,['자극'],1,['추천'],0,중립,False
youtube,,안티트로 vs 헤드앤숄더,설페이트 계면 활성제 안들어간 샴푸 중에 멘톨로지꺼 쓰고 확실히 빠지는 모발 수가 줄어들었어요 쿨한 샴푸 좋아하시면 써보세요,"['설페이트', '계면', '활성', '멘톨로지', '모발']","['설페이트_계면', '계면_활성', '활성_멘톨로지', '멘톨로지_모발']","['설페이트', '계면', '활성', '멘톨로지', '모발', '설페이트_계면', '계면_활성', '활성_멘톨로지', '멘톨로지_모발']",[],제발 탈모샴푸 절대 쓰지마세요,0.0,0,[],0,[],0,중립,False
youtube,,안티트로 vs 헤드앤숄더,저는 비건뷰티 달리프 애플 민트 베러루트 쿨링 스케일러 ㅡ 이거 쓰고 비듬 가려움 탈모 다 없어졌어요 두피가 편안하니까 살 거 같아요,"['비건뷰티', '달리프', '애플', '민트', '베러루트', '쿨링', '스케일러', '비듬', '탈모', '편안']","['비건뷰티_달리프', '달리프_애플', '애플_민트', '민트_베러루트', '베러루트_쿨링', '쿨링_스케일러', '스케일러_비듬', '비듬_탈모', '탈모_편안']","['비건뷰티', '달리프', '애플', '민트', '베러루트', '쿨링', '스케일러', '비듬', '탈모', '편안', '비건뷰티_달리프', '달리프_애플', '애플_민트', '민트_베러루트', '베러루트_쿨링', '쿨링_스케일러', '스케일러_비듬', '비듬_탈모', '탈모_편안']",[],제발 탈모샴푸 절대 쓰지마세요,1.0,1,['가려움'],1,['없어졌'],0,중립,False
youtube,,안티트로 vs 헤드앤숄더,탈모샴푸 진짜 의미없음 모근 살아있으면 두피 마사지는 도움 됩니다 샴푸는 그냥 잘 씻어내고 천연 두피토너 두피에 자극적이지 않는거 도포후 마사지 충분히 해주십시요 모근 살아있다면 잔털나거나 굵어 지거든요,"['탈모', '의미', '모근', '마사지', '도움', '천연', '토너', '자극', '마사지', '잔털']","['탈모_의미', '의미_모근', '모근_마사지', '마사지_도움', '도움_천연', '천연_토너', '토너_자극', '자극_마사지', '마사지_잔털']","['탈모', '의미', '모근', '마사지', '도움', '천연', '토너', '자극', '마사지', '잔털', '탈모_의미', '의미_모근', '모근_마사지', '마사지_도움', '도움_천연', '천연_토너', '토너_자극', '자극_마사지', '마사지_잔털']",[],제발 탈모샴푸 절대 쓰지마세요,5.0,1,['자극'],0,[],-1,이탈위험,False
youtube,,안티트로 vs 헤드앤숄더,솔직히 설페이트 있는게 더 잘맞음 ㅋㅋㅋㅋ마트용 대기업 샴푸들이 설페이트가 많은데 괜히 들어가있는게아님 그게 들어가있어야 세정이잘됨 ㅋㅋ설페이트없는 좋다고하는 샴푸쓰면 오히려 더안좋음 ㅋㅋㅋ,"['설페이트', '마트', '기업', '설페이트', '세정', '설페이트']","['설페이트_마트', '마트_기업', '기업_설페이트', '설페이트_세정', '세정_설페이트']","['설페이트', '마트', '기업', '설페이트', '세정', '설페이트', '설페이트_마트', '마트_기업', '기업_설페이트', '설페이트_세정', '세정_설페이트']",[],제발 탈모샴푸 절대 쓰지마세요,0.0,0,[],0,[],0,중립,False
youtube,,안티트로 vs 헤드앤숄더,설포네이트와 설페이트의 차이가 있을까요,"['설포네이트', '설페이트', '차이']","['설포네이트_설페이트', '설페이트_차이']","['설포네이트', '설페이트', '차이', '설포네이트_설페이트', '설페이트_차이']",[],제발 탈모샴푸 절대 쓰지마세요,0.0,0,[],0,[],0,중립,False
youtube,,안티트로 vs 헤드앤숄더,설페이트 티아졸리논,"['설페이트', '티아졸리논']",['설페이트_티아졸리논'],"['설페이트', '티아졸리논', '설페이트_티아졸리논']",[],제발 탈모샴푸 절대 쓰지마세요,0.0,0,[],0,[],0,중립,False
youtube,,안티트로 vs 헤드앤숄더,탈모샴푸 쓰다보면 비듬이나 두피 각질 생기는 경우 많은데 그럴땐 그냥 비듬클리너 사용해서 빗어주면 돼요,"['탈모', '비듬', '각질', '비듬', '클리너']","['탈모_비듬', '비듬_각질', '각질_비듬', '비듬_클리너']","['탈모', '비듬', '각질', '비듬', '클리너', '탈모_비듬', '비듬_각질', '각질_비듬', '비듬_클리너']",[],현직 탈모의사 추천 샴푸 3가지 #탈모샴푸,2.0,0,[],0,[],0,중립,False
youtube,,안티트로 vs 헤드앤숄더,맥주 샴푸 쓰고 약국에서 덱스판테놀 의약품 갖다가 쓰면 모발도 두꺼워지고 동시에 두피염이나 비듬같은 것도 좋아질까요 일석이조 가능한가요,"['맥주', '덱스판테놀', '의약품', '모발', '동시', '비듬', '일석이조', '가능']","['맥주_덱스판테놀', '덱스판테놀_의약품', '의약품_모발', '모발_동시', '동시_비듬', '비듬_일석이조', '일석이조_가능']","['맥주', '덱스판테놀', '의약품', '모발', '동시', '비듬', '일석이조', '가능', '맥주_덱스판테놀', '덱스판테놀_의약품', '의약품_모발', '모발_동시', '동시_비듬', '비듬_일석이조', '일석이조_가능']",[],현직 탈모의사 추천 샴푸 3가지 #탈모샴푸,4.0,0,[],0,[],0,중립,False
youtube,,안티트로 vs 헤드앤숄더,맥주 효모가 두피에 좋다고는 들었어요 모낭활성제랑 같이 쓰면 좋다해서 고민 중인데 어떤가요,"['맥주', '효모', '모낭활성제', '고민']","['맥주_효모', '효모_모낭활성제', '모낭활성제_고민']","['맥주', '효모', '모낭활성제', '고민', '맥주_효모', '효모_모낭활성제', '모낭활성제_고민']",[],현직 탈모의사 추천 샴푸 3가지 #탈모샴푸,2.0,0,[],0,[],0,중립,False
youtube,,안티트로 vs 헤드앤숄더,첫 번째 제품에도 설페이트 성분이,"['설페이트', '성분']",['설페이트_성분'],"['설페이트', '성분', '설페이트_성분']",[],현직 탈모의사 추천 샴푸 3가지 #탈모샴푸,37.0,0,[],0,[],0,중립,False
youtube,,안티트로 vs 헤드앤숄더,두피열감이 있고 모발이 가늘고 기름이 생깁니다,"['모발', '기름']",['모발_기름'],"['모발', '기름', '모발_기름']",[],현직 탈모의사 추천 샴푸 3가지 #탈모샴푸,11.0,0,[],0,[],0,중립,False
youtube,,안티트로 vs 헤드앤숄더,알페신 저거 파라벤 설페이트도 있고 성분 독하던데,"['알페신', '파라벤', '설페이트', '성분']","['알페신_파라벤', '파라벤_설페이트', '설페이트_성분']","['알페신', '파라벤', '설페이트', '성분', '알페신_파라벤', '파라벤_설페이트', '설페이트_성분']",[],현직 탈모의사 추천 샴푸 3가지 #탈모샴푸,6.0,0,[],0,[],0,중립,False
youtube,,안티트로 vs 헤드앤숄더,설페이트 있다고 뭐라고들 하시는데 ㅋㅋㅋ 잘 헹구면 상관없어요,['설페이트'],[],['설페이트'],[],현직 탈모의사 추천 샴푸 3가지 #탈모샴푸,2.0,0,[],0,[],0,중립,False
youtube,,안티트로 vs 헤드앤숄더,여자 정수리 탈모에도 맞나요,"['여자', '정수리', '탈모']","['여자_정수리', '정수리_탈모']","['여자', '정수리', '탈모', '여자_정수리', '정수리_탈모']",[],현직 탈모의사 추천 샴푸 3가지 #탈모샴푸,0.0,0,[],0,[],0,중립,False
youtube,,안티트로 vs 헤드앤숄더,지성두피도 닥터라파엘써도 괜찮나요,"['지성두피', '닥터라파엘써']",['지성두피_닥터라파엘써'],"['지성두피', '닥터라파엘써', '지성두피_닥터라파엘써']",[],현직 탈모의사 추천 샴푸 3가지 #탈모샴푸,1.0,0,[],0,[],0,중립,False
youtube,,안티트로 vs 헤드앤숄더,설페이트들어있네요,['설페이트'],[],['설페이트'],[],현직 탈모의사 추천 샴푸 3가지 #탈모샴푸,2.0,0,[],0,[],0,중립,False
youtube,,안티트로 vs 헤드앤숄더,설페이트 성분 안된다하셨었는데 2번째 추천 샴푸는 설페이트 성분이 있는데요,"['설페이트', '성분', '설페이트', '성분']","['설페이트_성분', '성분_설페이트', '설페이트_성분']","['설페이트', '성분', '설페이트', '성분', '설페이트_성분', '성분_설페이트', '설페이트_성분']",[],현직 탈모의사 추천 샴푸 3가지 #탈모샴푸,26.0,0,[],1,['추천'],1,긍정,False
youtube,,안티트로 vs 헤드앤숄더,지성두피인데 닥터라파엘 샴푸 세정력 괜찮을까용 세정력 유목민이에요ㅠㅠ 현재 헤드엔숄더 오렌지색 사용중입니당,"['지성두피', '닥터라파엘', '세정', '세정', '유목민', '헤드', '오렌지색']","['지성두피_닥터라파엘', '닥터라파엘_세정', '세정_세정', '세정_유목민', '유목민_헤드', '헤드_오렌지색']","['지성두피', '닥터라파엘', '세정', '세정', '유목민', '헤드', '오렌지색', '지성두피_닥터라파엘', '닥터라파엘_세정', '세정_세정', '세정_유목민', '유목민_헤드', '헤드_오렌지색']",[],현직 탈모의사 추천 샴푸 3가지 #탈모샴푸,1.0,0,[],0,[],0,중립,False
youtube,,안티트로 vs 헤드앤숄더,추천 감사합니다 샴푸도 한번 바꿔봐야겠네요 저는 세정에 신경 쓰면서 프로페시정도 같이 챙기고 있는데 이렇게 병행하니까 확실히 두피 상태가 더 안정되고 빠지는 양도 줄었어요 같이 병행해보는 것도 좋을 듯 해요,"['감사', '세정', '신경', '프로페시정', '병행', '상태', '안정', '병행']","['감사_세정', '세정_신경', '신경_프로페시정', '프로페시정_병행', '병행_상태', '상태_안정', '안정_병행']","['감사', '세정', '신경', '프로페시정', '병행', '상태', '안정', '병행', '감사_세정', '세정_신경', '신경_프로페시정', '프로페시정_병행', '병행_상태', '상태_안정', '안정_병행']",[],현직 탈모의사 추천 샴푸 3가지 #탈모샴푸,75.0,0,[],1,['추천'],1,긍정,False
youtube,,안티트로 vs 헤드앤숄더,탈모샴푸에 설페이트 없는거 찾느라 고생했는데ㅜㅜ 내가 이것땜에 두피센터에 갖다바친 돈만 얼만지ㅜㅜ 거기서 관리받고 추천받은 저속노화샴푸로 바꾸고 좀 돌아옴 ㅎ,"['탈모', '설페이트', '고생', '센터', '얼마', '관리', '저속', '노화']","['탈모_설페이트', '설페이트_고생', '고생_센터', '센터_얼마', '얼마_관리', '관리_저속', '저속_노화']","['탈모', '설페이트', '고생', '센터', '얼마', '관리', '저속', '노화', '탈모_설페이트', '설페이트_고생', '고생_센터', '센터_얼마', '얼마_관리', '관리_저속', '저속_노화']",[],현직 탈모의사 추천 샴푸 3가지 #탈모샴푸,3.0,0,[],1,['추천'],1,긍정,False
youtube,,안티트로 vs 헤드앤숄더,닥터 라파알 저건 설페이트 들어가있네 덜덜,"['닥터', '설페이트']",['닥터_설페이트'],"['닥터', '설페이트', '닥터_설페이트']",[],현직 탈모의사 추천 샴푸 3가지 #탈모샴푸,11.0,0,[],0,[],0,중립,False
youtube,,안티트로 vs 헤드앤숄더,저는 여성이고 할머니께서 엄청 심한 탈모셨어요 제가 어느정도 그 유전자를 물려받아 애기도 안낳았는데 머리가 엄청 빠지더라구요 지루성 두피염에 열감있는 두피입니다 3개월 전까지만해도 머리가 엄청 가려운 동시에 머리가ㅜ미친듯이 빠지기 시작해서 가르마를 타면 지그재그로 누가봐도 탈모인게 느껴졌어요 고민하다가 맥주효모 샴푸로 바꿨더니 지금 잔디마냥 새머리가 자라기 시작했고 가르마를 타도 예전과 달리 일자로 채워져있습니당 영상에 나오는 브랜드랑은 다르지만 맥주효모가 진짜 절 살렸습니다 ㅎㅎ 여성으로서 여성탈모 걱정되시는분들께 강력추천 드려요 참고로 저는 약같은거 일체 복용안하고 샴푸만 바꿨어요,"['여성', '할머니', '탈모', '유전자', '애기', '지루', '동시', '시작', '가르마', '지그재그', '탈모인', '고민', '맥주', '효모', '잔디', '시작', '가르마', '예전', '일자', '맥주', '효모', '여성', '여성', '탈모', '걱정', '강력', '참고', '복용']","['여성_할머니', '할머니_탈모', '탈모_유전자', '유전자_애기', '애기_지루', '지루_동시', '동시_시작', '시작_가르마', '가르마_지그재그', '지그재그_탈모인', '탈모인_고민', '고민_맥주', '맥주_효모', '효모_잔디', '잔디_시작', '시작_가르마', '가르마_예전', '예전_일자', '일자_맥주', '맥주_효모', '효모_여성', '여성_여성', '여성_탈모', '탈모_걱정', '걱정_강력', '강력_참고', '참고_복용']","['여성', '할머니', '탈모', '유전자', '애기', '지루', '동시', '시작', '가르마', '지그재그', '탈모인', '고민', '맥주', '효모', '잔디', '시작', '가르마', '예전', '일자', '맥주', '효모', '여성', '여성', '탈모', '걱정', '강력', '참고', '복용', '여성_할머니', '할머니_탈모', '탈모_유전자', '유전자_애기', '애기_지루', '지루_동시', '동시_시작', '시작_가르마', '가르마_지그재그', '지그재그_탈모인', '탈모인_고민', '고민_맥주', '맥주_효모', '효모_잔디', '잔디_시작', '시작_가르마', '가르마_예전', '예전_일자', '일자_맥주', '맥주_효모', '효모_여성', '여성_여성', '여성_탈모', '탈모_걱정', '걱정_강력', '강력_참고', '참고_복용']",[],현직 탈모의사 추천 샴푸 3가지 #탈모샴푸,4.0,0,[],1,['추천'],1,긍정,False
youtube,,안티트로 vs 헤드앤숄더,제가 건성에 지루성두피염 있는데 알페신 썼다가 진짜 두피 건조하신분 진짜 쓰지마세요,"['건성', '지루성두피염', '알페신', '건조']","['건성_지루성두피염', '지루성두피염_알페신', '알페신_건조']","['건성', '지루성두피염', '알페신', '건조', '건성_지루성두피염', '지루성두피염_알페신', '알페신_건조']",[],현직 탈모의사 추천 샴푸 3가지 #탈모샴푸,2.0,0,[],0,[],0,중립,False
youtube,,안티트로 vs 헤드앤숄더,이 쇼츠 보기전에 이미 알페신이랑 닥터라파엘 두가지 다 써본사람입니다 알페신은 두피가 건강한데 지성이신분들이 쓰면 좋지만 두피 상태가 안좋고 기름진 지성이신분이 쓰면 오히려 독이 됩니다 닥터라파엘은 순하고 자극적이지 않은데 오히려 더 기름기가 생기더라고요 그래서 닥터라파엘은 중건성이신분 추천드립니다 지성이신분은 쓰지마세요,"['쇼츠', '알페신', '닥터라파엘', '알페신', '건강', '지성', '상태', '지성', '닥터라파엘', '자극', '기름', '닥터라파엘', '건성', '지성']","['쇼츠_알페신', '알페신_닥터라파엘', '닥터라파엘_알페신', '알페신_건강', '건강_지성', '지성_상태', '상태_지성', '지성_닥터라파엘', '닥터라파엘_자극', '자극_기름', '기름_닥터라파엘', '닥터라파엘_건성', '건성_지성']","['쇼츠', '알페신', '닥터라파엘', '알페신', '건강', '지성', '상태', '지성', '닥터라파엘', '자극', '기름', '닥터라파엘', '건성', '지성', '쇼츠_알페신', '알페신_닥터라파엘', '닥터라파엘_알페신', '알페신_건강', '건강_지성', '지성_상태', '상태_지성', '지성_닥터라파엘', '닥터라파엘_자극', '자극_기름', '기름_닥터라파엘', '닥터라파엘_건성', '건성_지성']",[],현직 탈모의사 추천 샴푸 3가지 #탈모샴푸,12.0,1,['자극'],1,['추천'],0,중립,False
youtube,,안티트로 vs 헤드앤숄더,추천감사합니다 사람마다 맞는 샴푸는 다르겠지만 세정을 제대로 안해주면 남들이 좋다고 하는 샴푸도 효과가 일시적이더라구요 저는 이렇게 해서 효과보고있습니다 1 머리감기 전에 빗질하기 2 미온수로 2분간 불리기 3 샴푸 도포 후 저자극두피관리솔로 부드럽게 마사지 하기 손톱으로 긁는게 안좋다는 거 알지만 조금만 자라면 안긁으려고 해도 자꾸 손톱으로 긁게 되더라구요 샴푸브러쉬도 여러개 써봤었는데 이게 안아프고 마사지감도 적당해서 좋아요 4 3분간 방치하기 5 3분강 헹구기 6 수건으로 톡톡 두드리며 닦기 7 머리 찬바람으로 말리기 주변인들한테도 추천하는 방법이에요 결과는 딱 2가지였어요 안하고 방치해서 심해지거나 관리해서 좋아지거나 과정이 많아서 귀찮고 성격 급하신 분들한텐 안맞겠지만 간절하신 분들은 1달만 해보세요,"['감사', '세정', '효과', '일시', '효과', '온수', '도포', '자극', '관리', '마사지', '손톱', '조금', '손톱', '브러쉬', '마사지', '방치', '수건', '바람', '주변인', '방법', '결과', '방치', '관리', '과정', '성격']","['감사_세정', '세정_효과', '효과_일시', '일시_효과', '효과_온수', '온수_도포', '도포_자극', '자극_관리', '관리_마사지', '마사지_손톱', '손톱_조금', '조금_손톱', '손톱_브러쉬', '브러쉬_마사지', '마사지_방치', '방치_수건', '수건_바람', '바람_주변인', '주변인_방법', '방법_결과', '결과_방치', '방치_관리', '관리_과정', '과정_성격']","['감사', '세정', '효과', '일시', '효과', '온수', '도포', '자극', '관리', '마사지', '손톱', '조금', '손톱', '브러쉬', '마사지', '방치', '수건', '바람', '주변인', '방법', '결과', '방치', '관리', '과정', '성격', '감사_세정', '세정_효과', '효과_일시', '일시_효과', '효과_온수', '온수_도포', '도포_자극', '자극_관리', '관리_마사지', '마사지_손톱', '손톱_조금', '조금_손톱', '손톱_브러쉬', '브러쉬_마사지', '마사지_방치', '방치_수건', '수건_바람', '바람_주변인', '주변인_방법', '방법_결과', '결과_방치', '방치_관리', '관리_과정', '과정_성격']",[],현직 탈모의사 추천 샴푸 3가지 #탈모샴푸,13.0,1,['자극'],1,['추천'],0,중립,False
youtube,,안티트로 vs 헤드앤숄더,라보에이치가제일괜찮음 좋은게아니라 그냥평범함 설페이트고뭐고 두피에안좋은게없음 딱히막좋은것도없지만,"['라보', '에이치', '설페이트']","['라보_에이치', '에이치_설페이트']","['라보', '에이치', '설페이트', '라보_에이치', '에이치_설페이트']",[],현직 탈모의사 추천 샴푸 3가지 #탈모샴푸,0.0,0,[],0,[],0,중립,False
youtube,,안티트로 vs 헤드앤숄더,비듬엔 헤드앤숄더 만한게 없음,['비듬'],[],['비듬'],[],찐으로 효과본🔥 지루성 두피염이 광명찾은 샴푸 추천,30.0,0,[],0,[],0,중립,False
youtube,,안티트로 vs 헤드앤숄더,지금 헤드앤숄더 쓰고 있는데 가려움에 좋아용 근데 이건 못보던 통인데 새로 나온건가,[],[],[],[],찐으로 효과본🔥 지루성 두피염이 광명찾은 샴푸 추천,4.0,1,['가려움'],0,[],-1,이탈위험,False
youtube,,안티트로 vs 헤드앤숄더,해드엔숄더 지루성두피염에 짱좋아요 저 헤드엔숄더 두피밸런서로 한 70퍼는 깨끗해졌어요 여기저기 추천하고 다녀요,"['해드엔숄더', '지루성두피염', '헤드엔숄더', '두피밸런서', '여기저기']","['해드엔숄더_지루성두피염', '지루성두피염_헤드엔숄더', '헤드엔숄더_두피밸런서', '두피밸런서_여기저기']","['해드엔숄더', '지루성두피염', '헤드엔숄더', '두피밸런서', '여기저기', '해드엔숄더_지루성두피염', '지루성두피염_헤드엔숄더', '헤드엔숄더_두피밸런서', '두피밸런서_여기저기']",[],찐으로 효과본🔥 지루성 두피염이 광명찾은 샴푸 추천,47.0,0,[],1,['추천'],1,긍정,False
youtube,,안티트로 vs 헤드앤숄더,지성두피인데 샴푸는 이거 사용하고 혹시 트리트먼트는 뭘로 써야 좋을까용,"['지성두피', '트리트먼트']",['지성두피_트리트먼트'],"['지성두피', '트리트먼트', '지성두피_트리트먼트']",[],찐으로 효과본🔥 지루성 두피염이 광명찾은 샴푸 추천,0.0,0,[],0,[],0,중립,False
youtube,,안티트로 vs 헤드앤숄더,두피 에센스만으로는 한계가 있어서 안쪽에서도 챙겨보자 싶어 아누오틴 시작했어요 요즘은 머리 감을 때 손에 덜 묻어나오는 게 느껴져요,"['에센스', '한계', '안쪽', '아누오틴', '시작']","['에센스_한계', '한계_안쪽', '안쪽_아누오틴', '아누오틴_시작']","['에센스', '한계', '안쪽', '아누오틴', '시작', '에센스_한계', '한계_안쪽', '안쪽_아누오틴', '아누오틴_시작']",[],찐으로 효과본🔥 지루성 두피염이 광명찾은 샴푸 추천,0.0,0,[],0,[],0,중립,False
youtube,,안티트로 vs 헤드앤숄더,제가 두피에서 시작해서 얼굴까지 번진 케이스인데ㅠㅠ 이거 써보려구요 혹시 매일 사용하시너나요,"['시작', '얼굴', '케이스']","['시작_얼굴', '얼굴_케이스']","['시작', '얼굴', '케이스', '시작_얼굴', '얼굴_케이스']",[],찐으로 효과본🔥 지루성 두피염이 광명찾은 샴푸 추천,0.0,0,[],0,[],0,중립,False
youtube,,안티트로 vs 헤드앤숄더,프로페셔널은 대용량이 없어서 기본을 사려하는데 기본은 어떤가요,"['프로페셔널', '용량', '기본', '기본']","['프로페셔널_용량', '용량_기본', '기본_기본']","['프로페셔널', '용량', '기본', '기본', '프로페셔널_용량', '용량_기본', '기본_기본']",[],찐으로 효과본🔥 지루성 두피염이 광명찾은 샴푸 추천,0.0,0,[],0,[],0,중립,False
youtube,,안티트로 vs 헤드앤숄더,저도 지루성 두피염이 너무 심해서 알아보다가 두피열 내려주면 많이 좋아진다고 하길래 쿨링기능 있는 머리열마사지기로 꾸준히 관리해주니까 머리열도 내려가고 지루성 두피도 눈에 띄게 좋아져서 넘넘 만족중이네요,"['지루', '기능', '마사지', '관리', '지루', '만족']","['지루_기능', '기능_마사지', '마사지_관리', '관리_지루', '지루_만족']","['지루', '기능', '마사지', '관리', '지루', '만족', '지루_기능', '기능_마사지', '마사지_관리', '관리_지루', '지루_만족']",[],찐으로 효과본🔥 지루성 두피염이 광명찾은 샴푸 추천,1.0,0,[],0,[],0,중립,False
youtube,,안티트로 vs 헤드앤숄더,진짜 매번 머리 간지럽고 두피에 뾰루지 겁나 나는 데 관심 가네요,"['뾰루지', '관심']",['뾰루지_관심'],"['뾰루지', '관심', '뾰루지_관심']",[],찐으로 효과본🔥 지루성 두피염이 광명찾은 샴푸 추천,1.0,1,['뾰루지'],0,[],-1,이탈위험,False
youtube,,안티트로 vs 헤드앤숄더,흑흑 지루성두피염 때문에 맨날 스트레스 받다가 방금 구매했습니다 저에게도 효과가 있기를 ㅠㅠㅠ,"['지루성두피염', '스트레스', '효과']","['지루성두피염_스트레스', '스트레스_효과']","['지루성두피염', '스트레스', '효과', '지루성두피염_스트레스', '스트레스_효과']",[],찐으로 효과본🔥 지루성 두피염이 광명찾은 샴푸 추천,2.0,0,[],0,[],0,중립,False
youtube,,안티트로 vs 헤드앤숄더,지루성두피염이었요 머리빠지는건 어떡하죠 이샴푸스면 갠찮을까요,"['지루성두피염', '이샴푸스']",['지루성두피염_이샴푸스'],"['지루성두피염', '이샴푸스', '지루성두피염_이샴푸스']",[],찐으로 효과본🔥 지루성 두피염이 광명찾은 샴푸 추천,1.0,0,[],0,[],0,중립,False
youtube,,안티트로 vs 헤드앤숄더,저도 두피 케어에 관심이 많은데 좋은 제품 추천 감사합니다 저 역시 두피 지성두피에 기름끼도 많아서 뾰루지도 잘 생기고 긁다보니 비듬 각질도 심해졌는데 요즘은 킹스파워샴푸 쓰고는 저런거 싹 없어졌어요 그냥 한번 썼는데 두피가 시원하고 개운하면서 하얀 각질 비듬이 싹 다 나아버리더라구요 천연 계면활성제에 일반샴푸보다 3배 더 비싼 원료를 쓴다고 들었는데 진짜 비듬 없어지고 탈모까지 없어지고 머리카락 굵어져서 요즘은 헤어에 완전 자신감 업 됐어요 비듬 기름끼 허연각질에 킹스파워샴푸 완전 추천합니다 제가 직접 써봤습니다,"['케어', '관심', '감사', '지성', '기름', '뾰루지', '비듬', '각질', '킹스', '파워', '각질', '비듬', '천연', '계면활성제', '일반', '원료', '비듬', '탈모', '머리카락', '자신감', '비듬', '기름', '각질', '킹스', '파워']","['케어_관심', '관심_감사', '감사_지성', '지성_기름', '기름_뾰루지', '뾰루지_비듬', '비듬_각질', '각질_킹스', '킹스_파워', '파워_각질', '각질_비듬', '비듬_천연', '천연_계면활성제', '계면활성제_일반', '일반_원료', '원료_비듬', '비듬_탈모', '탈모_머리카락', '머리카락_자신감', '자신감_비듬', '비듬_기름', '기름_각질', '각질_킹스', '킹스_파워']","['케어', '관심', '감사', '지성', '기름', '뾰루지', '비듬', '각질', '킹스', '파워', '각질', '비듬', '천연', '계면활성제', '일반', '원료', '비듬', '탈모', '머리카락', '자신감', '비듬', '기름', '각질', '킹스', '파워', '케어_관심', '관심_감사', '감사_지성', '지성_기름', '기름_뾰루지', '뾰루지_비듬', '비듬_각질', '각질_킹스', '킹스_파워', '파워_각질', '각질_비듬', '비듬_천연', '천연_계면활성제', '계면활성제_일반', '일반_원료', '원료_비듬', '비듬_탈모', '탈모_머리카락', '머리카락_자신감', '자신감_비듬', '비듬_기름', '기름_각질', '각질_킹스', '킹스_파워']",[],찐으로 효과본🔥 지루성 두피염이 광명찾은 샴푸 추천,1.0,1,['뾰루지'],2,"['없어졌', '추천']",1,긍정,False
youtube,,안티트로 vs 헤드앤숄더,300ml용량 맞나요 두피가 너므 가려워요 ㅠ,"['용량', '너므']",['용량_너므'],"['용량', '너므', '용량_너므']",[],찐으로 효과본🔥 지루성 두피염이 광명찾은 샴푸 추천,0.0,0,[],0,[],0,중립,False
youtube,,안티트로 vs 헤드앤숄더,저도 두피 지성두피에 기름끼도 많아서 뾰루지도 잘 생기고 긁다보니 비듬 각질도 심해졌는데 요즘은 킹스파워샴푸 쓰고는 저런거 싹 없어졌어요 그냥 한번 썼는데 두피가 시원하고 개운하면서 하얀 각질 비듬이 싹 다 나아버리더라구요 천연 계면활성제에 일반샴푸보다 3배 더 비싼 원료를 쓴다고 들었는데 진짜 비듬 없어지고 탈모까지 없어지고 머리카락 굵어져서 요즘은 헤어에 완전 자신감 업 됐어요 비듬 기름끼 허연각질에 킹스파워샴푸 완전 추천합니다 제가 직접 써봤습니다,"['지성', '기름', '뾰루지', '비듬', '각질', '킹스', '파워', '각질', '비듬', '천연', '계면활성제', '일반', '원료', '비듬', '탈모', '머리카락', '자신감', '비듬', '기름', '각질', '킹스', '파워']","['지성_기름', '기름_뾰루지', '뾰루지_비듬', '비듬_각질', '각질_킹스', '킹스_파워', '파워_각질', '각질_비듬', '비듬_천연', '천연_계면활성제', '계면활성제_일반', '일반_원료', '원료_비듬', '비듬_탈모', '탈모_머리카락', '머리카락_자신감', '자신감_비듬', '비듬_기름', '기름_각질', '각질_킹스', '킹스_파워']","['지성', '기름', '뾰루지', '비듬', '각질', '킹스', '파워', '각질', '비듬', '천연', '계면활성제', '일반', '원료', '비듬', '탈모', '머리카락', '자신감', '비듬', '기름', '각질', '킹스', '파워', '지성_기름', '기름_뾰루지', '뾰루지_비듬', '비듬_각질', '각질_킹스', '킹스_파워', '파워_각질', '각질_비듬', '비듬_천연', '천연_계면활성제', '계면활성제_일반', '일반_원료', '원료_비듬', '비듬_탈모', '탈모_머리카락', '머리카락_자신감', '자신감_비듬', '비듬_기름', '기름_각질', '각질_킹스', '킹스_파워']",[],찐으로 효과본🔥 지루성 두피염이 광명찾은 샴푸 추천,0.0,1,['뾰루지'],2,"['없어졌', '추천']",1,긍정,False
youtube,,안티트로 vs 헤드앤숄더,저 두피염증으로 진짜 고민 많이하고 샴푸썻는데 생각보다 별효과가 없더라구요 두피가 속의 문젠데 겉만 계속 씻어낸다고 효과가 없는거 같아서 식습관 생활습관 관리했구요 두피커뮤니티에서 추천받은 두피개선환도 잘챙겨먹었더니 3개월정도 되서 두피가 깨끗해진게 눈에 보입니다,"['염증', '고민', '효과', '문제', '효과', '식습관', '생활', '습관', '관리', '커뮤니티', '개선']","['염증_고민', '고민_효과', '효과_문제', '문제_효과', '효과_식습관', '식습관_생활', '생활_습관', '습관_관리', '관리_커뮤니티', '커뮤니티_개선']","['염증', '고민', '효과', '문제', '효과', '식습관', '생활', '습관', '관리', '커뮤니티', '개선', '염증_고민', '고민_효과', '효과_문제', '문제_효과', '효과_식습관', '식습관_생활', '생활_습관', '습관_관리', '관리_커뮤니티', '커뮤니티_개선']",[],찐으로 효과본🔥 지루성 두피염이 광명찾은 샴푸 추천,1.0,0,[],1,['추천'],1,긍정,False
youtube,,안티트로 vs 헤드앤숄더,동물 실험해도 소듐라우레스설페이트는 동물들은 엄청 피부가 까졌어요 순하고 세정 잘 되는 라우릴 글루코사이드 코코글루코사이드 쓰세요 농약을 쓰고 잔류 농약 검사를 인증한지 모르는 코코넛유래에 강한 황산화 에톡실화 과정을 겪어서 강한 화학물질입니다,"['동물', '실험', '소듐라우레스설페이트', '동물', '피부', '세정', '라우릴', '글루코사이드', '코코글루코사이드', '농약', '잔류', '농약', '검사', '인증', '코코넛', '유래', '황산', '에톡실', '과정', '화학', '물질']","['동물_실험', '실험_소듐라우레스설페이트', '소듐라우레스설페이트_동물', '동물_피부', '피부_세정', '세정_라우릴', '라우릴_글루코사이드', '글루코사이드_코코글루코사이드', '코코글루코사이드_농약', '농약_잔류', '잔류_농약', '농약_검사', '검사_인증', '인증_코코넛', '코코넛_유래', '유래_황산', '황산_에톡실', '에톡실_과정', '과정_화학', '화학_물질']","['동물', '실험', '소듐라우레스설페이트', '동물', '피부', '세정', '라우릴', '글루코사이드', '코코글루코사이드', '농약', '잔류', '농약', '검사', '인증', '코코넛', '유래', '황산', '에톡실', '과정', '화학', '물질', '동물_실험', '실험_소듐라우레스설페이트', '소듐라우레스설페이트_동물', '동물_피부', '피부_세정', '세정_라우릴', '라우릴_글루코사이드', '글루코사이드_코코글루코사이드', '코코글루코사이드_농약', '농약_잔류', '잔류_농약', '농약_검사', '검사_인증', '인증_코코넛', '코코넛_유래', '유래_황산', '황산_에톡실', '에톡실_과정', '과정_화학', '화학_물질']",[],찐으로 효과본🔥 지루성 두피염이 광명찾은 샴푸 추천,1.0,0,[],0,[],0,중립,False
youtube,,안티트로 vs 헤드앤숄더,두피샴푸 알아보다가 두피 건강이 안 좋으면 탈모가 온다고 하더라고요 탈모부터 지켜야겠다 생각해 모미래 핑크솔트 탈모샴푸 쓰고 있습니다 두피 정리도 잘 되고 머리카락도 덜 빠져서 미리 관리하길 잘한 것 같아요 머릿결도 좋아지고 가려움도 없어져서 일석이조예요 요즘은 거울 볼 때마다 기분이 좋아요 ㅎㅎ 두피랑 탈모 둘 다 잡고 싶으신 분들 핑크솔트 탈모샴푸 추천드려요,"['건강', '탈모', '탈모', '모미래', '핑크솔트', '탈모', '정리', '머리카락', '관리', '머릿결', '일석이조', '거울', '기분', '탈모', '핑크솔트', '탈모']","['건강_탈모', '탈모_탈모', '탈모_모미래', '모미래_핑크솔트', '핑크솔트_탈모', '탈모_정리', '정리_머리카락', '머리카락_관리', '관리_머릿결', '머릿결_일석이조', '일석이조_거울', '거울_기분', '기분_탈모', '탈모_핑크솔트', '핑크솔트_탈모']","['건강', '탈모', '탈모', '모미래', '핑크솔트', '탈모', '정리', '머리카락', '관리', '머릿결', '일석이조', '거울', '기분', '탈모', '핑크솔트', '탈모', '건강_탈모', '탈모_탈모', '탈모_모미래', '모미래_핑크솔트', '핑크솔트_탈모', '탈모_정리', '정리_머리카락', '머리카락_관리', '관리_머릿결', '머릿결_일석이조', '일석이조_거울', '거울_기분', '기분_탈모', '탈모_핑크솔트', '핑크솔트_탈모']",[],찐으로 효과본🔥 지루성 두피염이 광명찾은 샴푸 추천,50.0,1,['가려움'],1,['추천'],0,중립,False
youtube,,안티트로 vs 헤드앤숄더,비듬에만 효과가잇나봐요 지루성두피염인데 이샴푸 두달째쓰는데 효과가 전혀없어요,"['비듬', '효과', '지루성두피염', '효과']","['비듬_효과', '효과_지루성두피염', '지루성두피염_효과']","['비듬', '효과', '지루성두피염', '효과', '비듬_효과', '효과_지루성두피염', '지루성두피염_효과']",[],찐으로 효과본🔥 지루성 두피염이 광명찾은 샴푸 추천,1.0,0,[],0,[],0,중립,False
youtube,,안티트로 vs 헤드앤숄더,두피 자극도 심한 부분도 있고 밤마다 가려움증이 있어 힘들고 그랬는데 헤드앤숄더 샴푸 써보고 증상이 완화된다고 하는 아누오틴을 시작했어요,"['자극', '가려움증', '증상', '완화', '아누오틴', '시작']","['자극_가려움증', '가려움증_증상', '증상_완화', '완화_아누오틴', '아누오틴_시작']","['자극', '가려움증', '증상', '완화', '아누오틴', '시작', '자극_가려움증', '가려움증_증상', '증상_완화', '완화_아누오틴', '아누오틴_시작']",[],찐으로 효과본🔥 지루성 두피염이 광명찾은 샴푸 추천,0.0,2,"['자극', '가려움']",0,[],-2,이탈위험,False
youtube,,안티트로 vs 헤드앤숄더,헤드앤숄더 흰색 통만 알고 있었는데 좀 더 특화된 제품 라인이 있군요 가끔 지루성 두피염 올라오는데 하나 사둬야지 캡쳐 완료,"['흰색', '특화', '라인', '지루', '캡쳐', '완료']","['흰색_특화', '특화_라인', '라인_지루', '지루_캡쳐', '캡쳐_완료']","['흰색', '특화', '라인', '지루', '캡쳐', '완료', '흰색_특화', '특화_라인', '라인_지루', '지루_캡쳐', '캡쳐_완료']",[],찐으로 효과본🔥 지루성 두피염이 광명찾은 샴푸 추천,1.0,1,['올라오'],0,[],-1,이탈위험,False
youtube,,안티트로 vs 헤드앤숄더,이걸로 샴푸한 다음에 헹구면 두피가 화해져서 갠적으로 비추 여동생 샴푸 향 좋아서 몰래 쓰고 있는데 데오아 그거 괜찮더라고요,"['다음', '여동생']",['다음_여동생'],"['다음', '여동생', '다음_여동생']",[],찐으로 효과본🔥 지루성 두피염이 광명찾은 샴푸 추천,0.0,0,[],0,[],0,중립,False
youtube,,안티트로 vs 헤드앤숄더,헤드앤숄더 샴푸 후기 진짜 솔직하네요 저도 사용해봤는데 요즘 핑크솔트 탈모샴푸 써보니까 두피 상태가 정말 달라지더라고요 자연스러운 성분으로 두피 건강을 유지할 수 있어서 만족스러워요 진짜 가족들한테도 추천하고 싶은 제품이에요,"['핑크솔트', '탈모', '상태', '자연', '성분', '건강', '유지', '만족', '가족']","['핑크솔트_탈모', '탈모_상태', '상태_자연', '자연_성분', '성분_건강', '건강_유지', '유지_만족', '만족_가족']","['핑크솔트', '탈모', '상태', '자연', '성분', '건강', '유지', '만족', '가족', '핑크솔트_탈모', '탈모_상태', '상태_자연', '자연_성분', '성분_건강', '건강_유지', '유지_만족', '만족_가족']",[],찐으로 효과본🔥 지루성 두피염이 광명찾은 샴푸 추천,171.0,0,[],1,['추천'],1,긍정,False
youtube,,안티트로 vs 헤드앤숄더,지루성 두피염으로 한동안 고생했는데 데오아 샴푸로 바꾸고나서 괜찮아졌어요 두피에 자극 없는 성분으로 사용 시 불편하지 않았고 마지막까지 개운하게 세정되니까 좋더라고욯,"['지루', '한동안', '고생', '자극', '성분', '불편', '마지막', '세정']","['지루_한동안', '한동안_고생', '고생_자극', '자극_성분', '성분_불편', '불편_마지막', '마지막_세정']","['지루', '한동안', '고생', '자극', '성분', '불편', '마지막', '세정', '지루_한동안', '한동안_고생', '고생_자극', '자극_성분', '성분_불편', '불편_마지막', '마지막_세정']",[],찐으로 효과본🔥 지루성 두피염이 광명찾은 샴푸 추천,0.0,1,['자극'],0,[],-1,이탈위험,False
youtube,,안티트로 vs 헤드앤숄더,좋은 샴푸 쓰는 건 당연히 좋습니다 근데 세정을 제대로 안해주면 일시적이더라구요 저는 이렇게 해서 좋아졌습니다 1 머리감기 전에 빗질하기 2 미온수로 2분간 불리기 3 샴푸 도포 후 저자극두피관리솔로 부드럽게 마사지 하기 손톱으로 긁는게 안좋다는 거 알지만 조금만 자라면 안긁으려고 해도 자꾸 손톱으로 긁게 되더라구요 샴푸브러쉬도 여러개 써봤었는데 이게 안아프고 마사지감도 적당해서 좋아요 4 3분간 방치하기 5 3분강 헹구기 6 수건으로 톡톡 두드리며 닦기 7 머리 찬바람으로 말리기 주변인들한테도 추천하는 방법이에요 결과는 딱 2가지였어요 안하고 방치해서 심해지거나 관리해서 좋아지거나 과정이 많아서 귀찮고 성격 급하신 분들한텐 안맞겠지만 간절하신 분들은 1달만 해보세요,"['세정', '일시', '온수', '도포', '자극', '관리', '마사지', '손톱', '조금', '손톱', '브러쉬', '마사지', '방치', '수건', '바람', '주변인', '방법', '결과', '방치', '관리', '과정', '성격']","['세정_일시', '일시_온수', '온수_도포', '도포_자극', '자극_관리', '관리_마사지', '마사지_손톱', '손톱_조금', '조금_손톱', '손톱_브러쉬', '브러쉬_마사지', '마사지_방치', '방치_수건', '수건_바람', '바람_주변인', '주변인_방법', '방법_결과', '결과_방치', '방치_관리', '관리_과정', '과정_성격']","['세정', '일시', '온수', '도포', '자극', '관리', '마사지', '손톱', '조금', '손톱', '브러쉬', '마사지', '방치', '수건', '바람', '주변인', '방법', '결과', '방치', '관리', '과정', '성격', '세정_일시', '일시_온수', '온수_도포', '도포_자극', '자극_관리', '관리_마사지', '마사지_손톱', '손톱_조금', '조금_손톱', '손톱_브러쉬', '브러쉬_마사지', '마사지_방치', '방치_수건', '수건_바람', '바람_주변인', '주변인_방법', '방법_결과', '결과_방치', '방치_관리', '관리_과정', '과정_성격']",[],찐으로 효과본🔥 지루성 두피염이 광명찾은 샴푸 추천,18.0,1,['자극'],2,"['좋아졌', '추천']",1,긍정,False
youtube,,안티트로 vs 헤드앤숄더,가렵진않은데 두피에각질이 보여사 그것도 효과있나요,"['각질', '효과']",['각질_효과'],"['각질', '효과', '각질_효과']",[],찐으로 효과본🔥 지루성 두피염이 광명찾은 샴푸 추천,0.0,0,[],1,['효과있'],1,긍정,False
youtube,,안티트로 vs 헤드앤숄더,맞아 두피 흡수 난 머리 샴프하고 다시 어굴 클린징 하고 나중에 같이 헹구지,"['흡수', '샴프', '클린', '나중']","['흡수_샴프', '샴프_클린', '클린_나중']","['흡수', '샴프', '클린', '나중', '흡수_샴프', '샴프_클린', '클린_나중']",[],탈모에 걸린 의사가 추천하는 샴푸,15.0,0,[],0,[],0,중립,False
youtube,,안티트로 vs 헤드앤숄더,근데 니조랄에 설페이트 성분 있는데 너무 앞뒤가 다른거 아닌가요,"['니조랄', '설페이트', '성분', '앞뒤']","['니조랄_설페이트', '설페이트_성분', '성분_앞뒤']","['니조랄', '설페이트', '성분', '앞뒤', '니조랄_설페이트', '설페이트_성분', '성분_앞뒤']",[],탈모에 걸린 의사가 추천하는 샴푸,17.0,2,"['니조랄', '다른거']",0,[],-2,이탈위험,True
youtube,,안티트로 vs 헤드앤숄더,니조랄이 비듬약인 줄 알았는데 두피염에도 효과가 있나보군요,"['니조랄', '비듬', '효과']","['니조랄_비듬', '비듬_효과']","['니조랄', '비듬', '효과', '니조랄_비듬', '비듬_효과']",[],탈모에 걸린 의사가 추천하는 샴푸,3.0,1,['니조랄'],0,[],-1,이탈위험,True
youtube,,안티트로 vs 헤드앤숄더,지루성 피부염이 없어도 써도 좋을까요,"['지루', '피부염']",['지루_피부염'],"['지루', '피부염', '지루_피부염']",[],탈모에 걸린 의사가 추천하는 샴푸,2.0,0,[],0,[],0,중립,False
youtube,,안티트로 vs 헤드앤숄더,저도 지루성 두피염이 심해서 탈모 관리가 진짜 힘들었거든요 두피 약하고 탈모까지 겹치신 분들은 원장님 말씀처럼 자극 없는 샴푸로 세심하게 관리하면서 영양제 같이 써보시는 거 꼭 추천드려요 전 프로페시정 같이 챙기고 있는데 이너케어까지 해주니까 확실히 전반적으로 훨씬 안정됐어요,"['지루', '탈모', '관리', '탈모', '원장', '말씀', '자극', '관리', '영양제', '프로페시정', '이너', '케어', '전반', '안정']","['지루_탈모', '탈모_관리', '관리_탈모', '탈모_원장', '원장_말씀', '말씀_자극', '자극_관리', '관리_영양제', '영양제_프로페시정', '프로페시정_이너', '이너_케어', '케어_전반', '전반_안정']","['지루', '탈모', '관리', '탈모', '원장', '말씀', '자극', '관리', '영양제', '프로페시정', '이너', '케어', '전반', '안정', '지루_탈모', '탈모_관리', '관리_탈모', '탈모_원장', '원장_말씀', '말씀_자극', '자극_관리', '관리_영양제', '영양제_프로페시정', '프로페시정_이너', '이너_케어', '케어_전반', '전반_안정']",[],탈모에 걸린 의사가 추천하는 샴푸,104.0,1,['자극'],1,['추천'],0,중립,False
youtube,,안티트로 vs 헤드앤숄더,니조랄이 지금도 나오는건가요 이거 고딩때 비듬 때문에 썻는데 효과직빵이었음,"['니조랄', '지금', '고딩', '비듬', '효과']","['니조랄_지금', '지금_고딩', '고딩_비듬', '비듬_효과']","['니조랄', '지금', '고딩', '비듬', '효과', '니조랄_지금', '지금_고딩', '고딩_비듬', '비듬_효과']",[],탈모에 걸린 의사가 추천하는 샴푸,1.0,1,['니조랄'],0,[],-1,이탈위험,True
youtube,,안티트로 vs 헤드앤숄더,좋은 영상 감사합니다 요새 참 샤워할 때 머리카락 때문에 배수구 막히고 뚫어내느니라 짜증 났는데 니조랄 써서 5분 감으니까 가려움 없어지고 시원한데 약간 2퍼센트 모자란 느낌이더라고요 그래서 두피 혈액순환 좋은 식품 찾다가 아누오틴 하나 먹으니까 머리도 전보다 훨씬 덜 빠지고 좋네요,"['감사', '샤워', '머리카락', '배수구', '짜증', '니조랄', '느낌', '혈액', '순환', '식품', '아누오틴']","['감사_샤워', '샤워_머리카락', '머리카락_배수구', '배수구_짜증', '짜증_니조랄', '니조랄_느낌', '느낌_혈액', '혈액_순환', '순환_식품', '식품_아누오틴']","['감사', '샤워', '머리카락', '배수구', '짜증', '니조랄', '느낌', '혈액', '순환', '식품', '아누오틴', '감사_샤워', '샤워_머리카락', '머리카락_배수구', '배수구_짜증', '짜증_니조랄', '니조랄_느낌', '느낌_혈액', '혈액_순환', '순환_식품', '식품_아누오틴']",[],탈모에 걸린 의사가 추천하는 샴푸,0.0,2,"['가려움', '니조랄']",0,[],-2,이탈위험,True
youtube,,안티트로 vs 헤드앤숄더,두피정수리에 진물이 나는것같아요 진물이 굳어서 떨어져 나올때도 있어요 따갑고 간지러워요이럴땐 어떻게 해야하나요 머리도 많이빠져요 헤어토닉은 잠시 즌ㅇ단해야겠죠,"['정수리', '진물', '진물', '헤어토닉']","['정수리_진물', '진물_진물', '진물_헤어토닉']","['정수리', '진물', '진물', '헤어토닉', '정수리_진물', '진물_진물', '진물_헤어토닉']",[],탈모에 걸린 의사가 추천하는 샴푸,0.0,0,[],0,[],0,중립,False
youtube,,안티트로 vs 헤드앤숄더,설페이트 안 들어 있는 걸로 추천해 주세요,['설페이트'],[],['설페이트'],[],탈모에 걸린 의사가 추천하는 샴푸,0.0,0,[],1,['추천'],1,긍정,False
youtube,,안티트로 vs 헤드앤숄더,지루성 두피염은 애초에 몸에 염증 수치가 높음 식습관 수면 양질의 음식 운동 등등 건강하게 만들고 니조랄 사용하면 금방 가라앉음,"['지루', '애초', '염증', '수치', '식습관', '수면', '양질', '음식', '운동', '건강', '니조랄']","['지루_애초', '애초_염증', '염증_수치', '수치_식습관', '식습관_수면', '수면_양질', '양질_음식', '음식_운동', '운동_건강', '건강_니조랄']","['지루', '애초', '염증', '수치', '식습관', '수면', '양질', '음식', '운동', '건강', '니조랄', '지루_애초', '애초_염증', '염증_수치', '수치_식습관', '식습관_수면', '수면_양질', '양질_음식', '음식_운동', '운동_건강', '건강_니조랄']",[],탈모에 걸린 의사가 추천하는 샴푸,1.0,1,['니조랄'],0,[],-1,이탈위험,True
youtube,,안티트로 vs 헤드앤숄더,스트레스 받으면 잠 못 자고 잠 못 자면 두피 열 올라서 머리 더 빠지는 악순환 ㅠㅠ 저도 탈모 샴푸만 쓰다가 결국 수면부터 고쳤어요 자연푸릇 멜라토닌 먹고 푹 자니까 확실히 머리카락 덜 빠지는 느낌 잠이 보약입니다,"['스트레스', '악순환', '탈모', '수면', '자연푸릇', '멜라토닌', '머리카락', '느낌', '보약']","['스트레스_악순환', '악순환_탈모', '탈모_수면', '수면_자연푸릇', '자연푸릇_멜라토닌', '멜라토닌_머리카락', '머리카락_느낌', '느낌_보약']","['스트레스', '악순환', '탈모', '수면', '자연푸릇', '멜라토닌', '머리카락', '느낌', '보약', '스트레스_악순환', '악순환_탈모', '탈모_수면', '수면_자연푸릇', '자연푸릇_멜라토닌', '멜라토닌_머리카락', '머리카락_느낌', '느낌_보약']",[],탈모에 걸린 의사가 추천하는 샴푸,3.0,0,[],0,[],0,중립,False
youtube,,안티트로 vs 헤드앤숄더,니조랄이 좀 거부감 있으면 헤드앤숄더 클리니컬 스트랭스 샴푸 추천드려요 니조랄이랑 같은 향진균성이면서 향도 니조랄보다는 좋습니다,"['니조랄', '거부감', '클리니컬', '스트랭스', '니조랄', '진균', '향도', '니조랄']","['니조랄_거부감', '거부감_클리니컬', '클리니컬_스트랭스', '스트랭스_니조랄', '니조랄_진균', '진균_향도', '향도_니조랄']","['니조랄', '거부감', '클리니컬', '스트랭스', '니조랄', '진균', '향도', '니조랄', '니조랄_거부감', '거부감_클리니컬', '클리니컬_스트랭스', '스트랭스_니조랄', '니조랄_진균', '진균_향도', '향도_니조랄']",[],탈모에 걸린 의사가 추천하는 샴푸,2.0,1,['니조랄'],1,['추천'],0,중립,True
youtube,,안티트로 vs 헤드앤숄더,이거 ㄹㅇ 효과봄 하루만 안감아도 머리 미친듯이 가렵고 긁으면 비듬 한가득 떨어졌는데 아빠가 쓰길래 딱 한번만 써보자 해서 썼더니 원샷원킬로 두피 가려움이랑 비듬 싹 사라짐 그리고 머리도 확실히 전보다 떡지는게 덜함 비듬 있으시고 머리 자주 가려우신분 니조랄 강추,"['효과', '하루', '비듬', '아빠', '원샷', '비듬', '비듬', '니조랄']","['효과_하루', '하루_비듬', '비듬_아빠', '아빠_원샷', '원샷_비듬', '비듬_비듬', '비듬_니조랄']","['효과', '하루', '비듬', '아빠', '원샷', '비듬', '비듬', '니조랄', '효과_하루', '하루_비듬', '비듬_아빠', '아빠_원샷', '원샷_비듬', '비듬_비듬', '비듬_니조랄']",[],탈모에 걸린 의사가 추천하는 샴푸,3.0,2,"['가려움', '니조랄']",1,['강추'],-1,이탈위험,True
youtube,,안티트로 vs 헤드앤숄더,저같은경우는 남자구요 여름에 지성 겨울엔 건성 인 민감성 피부인데요 약산성샴푸쓰고 행굼질만 3분 합니다 그리구 항상 드라이기로 잘 말려줍니다 이렇게만 해도 머리빠짐 반으로 줄고 오히려 머리가 자란건지 미용실가면 전보다 숱이 많다고 합니다 일단 싸구려 샴푸는 안씁니다 약산성 샴푸만쓰고요,"['남자', '여름', '지성', '겨울', '건성', '피부', '산성', '행굼질', '드라이기', '미용실', '싸구려', '산성']","['남자_여름', '여름_지성', '지성_겨울', '겨울_건성', '건성_피부', '피부_산성', '산성_행굼질', '행굼질_드라이기', '드라이기_미용실', '미용실_싸구려', '싸구려_산성']","['남자', '여름', '지성', '겨울', '건성', '피부', '산성', '행굼질', '드라이기', '미용실', '싸구려', '산성', '남자_여름', '여름_지성', '지성_겨울', '겨울_건성', '건성_피부', '피부_산성', '산성_행굼질', '행굼질_드라이기', '드라이기_미용실', '미용실_싸구려', '싸구려_산성']",[],탈모에 걸린 의사가 추천하는 샴푸,0.0,0,[],0,[],0,중립,False
youtube,,안티트로 vs 헤드앤숄더,감사합니다ㅠㅠ 지루성 두피염 엄청 심한 편이라 탈모 관리하는데 애먹고 있거든요 두피 약하고 탈모 있으신 분들은 원장님 말씀하신 샴푸로 관리하면서 천연 두피토너로 같이 관리해보세요 머리 많이 굵어졌어요 지성두피면 미녹시딜 절대 안됩니다 xxx,"['감사', '지루', '탈모', '관리', '탈모', '원장', '말씀', '관리', '천연', '토너', '관리', '지성두피', '미녹시딜']","['감사_지루', '지루_탈모', '탈모_관리', '관리_탈모', '탈모_원장', '원장_말씀', '말씀_관리', '관리_천연', '천연_토너', '토너_관리', '관리_지성두피', '지성두피_미녹시딜']","['감사', '지루', '탈모', '관리', '탈모', '원장', '말씀', '관리', '천연', '토너', '관리', '지성두피', '미녹시딜', '감사_지루', '지루_탈모', '탈모_관리', '관리_탈모', '탈모_원장', '원장_말씀', '말씀_관리', '관리_천연', '천연_토너', '토너_관리', '관리_지성두피', '지성두피_미녹시딜']",[],탈모에 걸린 의사가 추천하는 샴푸,1.0,0,[],0,[],0,중립,False
youtube,,안티트로 vs 헤드앤숄더,탈모샴푸 쓰면 비듬 각질 많아진다던데 그럼 그냥 샴푸 전에 비듬클리너 사용해서 머리 1번만 빗어줘도 비듬 사라져요,"['탈모', '비듬', '각질', '비듬', '클리너', '비듬']","['탈모_비듬', '비듬_각질', '각질_비듬', '비듬_클리너', '클리너_비듬']","['탈모', '비듬', '각질', '비듬', '클리너', '비듬', '탈모_비듬', '비듬_각질', '각질_비듬', '비듬_클리너', '클리너_비듬']",[],탈모에 걸린 의사가 추천하는 샴푸,2.0,0,[],0,[],0,중립,False
youtube,,안티트로 vs 헤드앤숄더,지루성두피염에 비듬이 정말 심했는데 아치온 현탁액 샴푸도 사용해봤는데 그닥 효과없음 병원처방 세이브스칼프였나 이것도 그냥저냥 그랬음 니조랄 구매후 주 4회 사용 1주일만사용했는데 비듬 80 90프로 감소했어요 비듬도 줄고 일단 간지러움이 없으니 긇지않아서 두피상처도 나지않아서 저는 잘 맞는거 같습니다 지금은 주2회만 사용중인데 계속 유지중입니다 본인 두피에 맞는 약용샴푸 찾아서 써보는게 나을듯요 저는 니조랄이 정말 효과가 좋았어요,"['지루성두피염', '비듬', '아치온', '현탁액', '효과', '병원', '처방', '세이브스칼프', '니조랄', '비듬', '감소', '비듬', '상처', '지금', '유지', '본인', '니조랄', '효과']","['지루성두피염_비듬', '비듬_아치온', '아치온_현탁액', '현탁액_효과', '효과_병원', '병원_처방', '처방_세이브스칼프', '세이브스칼프_니조랄', '니조랄_비듬', '비듬_감소', '감소_비듬', '비듬_상처', '상처_지금', '지금_유지', '유지_본인', '본인_니조랄', '니조랄_효과']","['지루성두피염', '비듬', '아치온', '현탁액', '효과', '병원', '처방', '세이브스칼프', '니조랄', '비듬', '감소', '비듬', '상처', '지금', '유지', '본인', '니조랄', '효과', '지루성두피염_비듬', '비듬_아치온', '아치온_현탁액', '현탁액_효과', '효과_병원', '병원_처방', '처방_세이브스칼프', '세이브스칼프_니조랄', '니조랄_비듬', '비듬_감소', '감소_비듬', '비듬_상처', '상처_지금', '지금_유지', '유지_본인', '본인_니조랄', '니조랄_효과']",[],탈모에 걸린 의사가 추천하는 샴푸,1.0,2,"['효과없음', '니조랄']",0,[],-2,이탈위험,True
youtube,,안티트로 vs 헤드앤숄더,니조랄 케토코나졸 약용 샴푸를 샀는데 여기에 소디움라우릴에테르설페이트가 들어있는데 이 성분은 피하라고 하셨던거 아닌가요 ㅠㅠ,"['니조랄', '케토코나졸', '소디움라우릴에테르설페이트', '성분']","['니조랄_케토코나졸', '케토코나졸_소디움라우릴에테르설페이트', '소디움라우릴에테르설페이트_성분']","['니조랄', '케토코나졸', '소디움라우릴에테르설페이트', '성분', '니조랄_케토코나졸', '케토코나졸_소디움라우릴에테르설페이트', '소디움라우릴에테르설페이트_성분']",[],탈모에 걸린 의사가 추천하는 샴푸,5.0,1,['니조랄'],0,[],-1,이탈위험,True
youtube,,안티트로 vs 헤드앤숄더,잠이나 푹 자고 아누오틴 하나씩 챙기면 두피관리 끝이에요,"['아누오틴', '관리']",['아누오틴_관리'],"['아누오틴', '관리', '아누오틴_관리']",[],탈모에 걸린 의사가 추천하는 샴푸,1.0,0,[],0,[],0,중립,False
youtube,,안티트로 vs 헤드앤숄더,두피가 기름지고 가려웠는데 방치했다가 머리가 빠지기 시작했어요 ㅠㅠ 급하게 찾아보다가 친언니가 모미래 핑크솔트 탈모샴푸 좋다고 해 쓰게 됐어요 4주쯤 쓰니까 두피 트러블도 없어지고 빠지는 양도 확 줄었는데 기름기도 잡히고 하루종일 두피가 쾌적해서 너무 좋더라고요 ㅎㅎ 진작 쓸걸 그랬다는 생각이 드네요 두피 문제 있으신 분들 탈모로 이어지기 전에 핑크솔트 탈모샴푸 써보세요,"['방치', '시작', '언니', '미래', '핑크솔트', '탈모', '트러블', '기름', '하루', '종일', '문제', '탈모', '핑크솔트', '탈모']","['방치_시작', '시작_언니', '언니_미래', '미래_핑크솔트', '핑크솔트_탈모', '탈모_트러블', '트러블_기름', '기름_하루', '하루_종일', '종일_문제', '문제_탈모', '탈모_핑크솔트', '핑크솔트_탈모']","['방치', '시작', '언니', '미래', '핑크솔트', '탈모', '트러블', '기름', '하루', '종일', '문제', '탈모', '핑크솔트', '탈모', '방치_시작', '시작_언니', '언니_미래', '미래_핑크솔트', '핑크솔트_탈모', '탈모_트러블', '트러블_기름', '기름_하루', '하루_종일', '종일_문제', '문제_탈모', '탈모_핑크솔트', '핑크솔트_탈모']",[],탈모에 걸린 의사가 추천하는 샴푸,38.0,1,['트러블'],0,[],-1,이탈위험,False
youtube,,안티트로 vs 헤드앤숄더,저도 지루성 탈모 앓고 있고 매일 두피 간지럽고 긁어서 머리 엄청나게 빠지는데 다른 샴푸 다 써도 니조랄 하나만큼 시원하게 해결해 주는 샴푸 없는 거 같더라고요 또 두피 혈액순환 개선제 아누오틴 인가 먹으니까 3개월째 큰 탈 없이 살고 있네요,"['지루', '탈모', '니조랄', '해결', '혈액', '순환', '개선', '아누오틴']","['지루_탈모', '탈모_니조랄', '니조랄_해결', '해결_혈액', '혈액_순환', '순환_개선', '개선_아누오틴']","['지루', '탈모', '니조랄', '해결', '혈액', '순환', '개선', '아누오틴', '지루_탈모', '탈모_니조랄', '니조랄_해결', '해결_혈액', '혈액_순환', '순환_개선', '개선_아누오틴']",[],탈모에 걸린 의사가 추천하는 샴푸,113.0,1,['니조랄'],0,[],-1,이탈위험,True
youtube,,안티트로 vs 헤드앤숄더,탈모 완화엔 두피가 제일 중요하긴 하죠ㅋㅋㅋ 전 쿠팡에서 산 에센테라 샴푸 쓰는데 이거에 비타민 몇개 챙기니까 확실히 괜찮아졌어요,"['탈모', '완화', '중요', '에센테라', '비타민']","['탈모_완화', '완화_중요', '중요_에센테라', '에센테라_비타민']","['탈모', '완화', '중요', '에센테라', '비타민', '탈모_완화', '완화_중요', '중요_에센테라', '에센테라_비타민']",[],탈모에 걸린 의사가 추천하는 샴푸,33.0,0,[],0,[],0,중립,False
youtube,,두피케어 샴푸 비교,건선이 있는 두피인데 삼푸 추천 부탁드려요 심하게 간지럽고 건선부위가 일반 삼푸를 쓰면 따갑고 씻고 나면 두피가 얼얼하고 많이 건조한 느낌이 듭니다,"['건선', '삼푸', '부위', '일반', '삼푸', '건조', '느낌']","['건선_삼푸', '삼푸_부위', '부위_일반', '일반_삼푸', '삼푸_건조', '건조_느낌']","['건선', '삼푸', '부위', '일반', '삼푸', '건조', '느낌', '건선_삼푸', '삼푸_부위', '부위_일반', '일반_삼푸', '삼푸_건조', '건조_느낌']",[],&quot;두피모공이 무려 7배?&quot; 평생 샴푸만 100개 넘게 쓴 화장품 전문가의 두피고민별 샴푸 찐추천템 7가지🔥,0.0,0,[],1,['추천'],1,긍정,False
youtube,,두피케어 샴푸 비교,전 저속노화샴푸랑 스케일러 쓰면서 관리 해주는데 확실히 두피 관리 전 후 차이가 진짜 심하긴 하더라구요 ㅠㅠ,"['노화', '스케일러', '관리', '관리', '차이']","['노화_스케일러', '스케일러_관리', '관리_관리', '관리_차이']","['노화', '스케일러', '관리', '관리', '차이', '노화_스케일러', '스케일러_관리', '관리_관리', '관리_차이']",[],&quot;두피모공이 무려 7배?&quot; 평생 샴푸만 100개 넘게 쓴 화장품 전문가의 두피고민별 샴푸 찐추천템 7가지🔥,0.0,0,[],0,[],0,중립,False
youtube,,두피케어 샴푸 비교,여름에 운동시작한후로 아침저녁 두번씩 머리감다가 요즘 아침에 한번만 감거든여 겨울되면서는 아침에 한번 감는데 두피는 뾰류지도 나고 가렵고 민감해지고 더 기름지고 머리카락은 건조하고 얇고 전보다 더 빠지는거 가타여 ㅠㅜ 두피장벽이 무너진거져 어떻게 하면 나아질까여,"['여름', '운동', '시작', '아침', '저녁', '아침', '겨울', '아침', '뾰류지', '머리카락', '건조', '장벽']","['여름_운동', '운동_시작', '시작_아침', '아침_저녁', '저녁_아침', '아침_겨울', '겨울_아침', '아침_뾰류지', '뾰류지_머리카락', '머리카락_건조', '건조_장벽']","['여름', '운동', '시작', '아침', '저녁', '아침', '겨울', '아침', '뾰류지', '머리카락', '건조', '장벽', '여름_운동', '운동_시작', '시작_아침', '아침_저녁', '저녁_아침', '아침_겨울', '겨울_아침', '아침_뾰류지', '뾰류지_머리카락', '머리카락_건조', '건조_장벽']",[],&quot;두피모공이 무려 7배?&quot; 평생 샴푸만 100개 넘게 쓴 화장품 전문가의 두피고민별 샴푸 찐추천템 7가지🔥,1.0,0,[],0,[],0,중립,False
youtube,,두피케어 샴푸 비교,사춘기 남학생 기름기 비듬 있으면 어떤 샴푸 추천하시나요,"['사춘기', '남학생', '기름', '비듬']","['사춘기_남학생', '남학생_기름', '기름_비듬']","['사춘기', '남학생', '기름', '비듬', '사춘기_남학생', '남학생_기름', '기름_비듬']",[],&quot;두피모공이 무려 7배?&quot; 평생 샴푸만 100개 넘게 쓴 화장품 전문가의 두피고민별 샴푸 찐추천템 7가지🔥,0.0,0,[],1,['추천'],1,긍정,False
youtube,,두피케어 샴푸 비교,탈수두피와 약간의 탈모 있으면 샴푸를 교대로 쓰는건가요,"['탈수', '약간', '탈모', '교대']","['탈수_약간', '약간_탈모', '탈모_교대']","['탈수', '약간', '탈모', '교대', '탈수_약간', '약간_탈모', '탈모_교대']",[],&quot;두피모공이 무려 7배?&quot; 평생 샴푸만 100개 넘게 쓴 화장품 전문가의 두피고민별 샴푸 찐추천템 7가지🔥,0.0,0,[],0,[],0,중립,False
youtube,,두피케어 샴푸 비교,두피 공부를 잘했습니다 하루에 2번 꼭 머리를 감아야 하는 극지성인데요 추천해주신 제품중 저는 어게인미쿨링은 탈모에도 ㅈㅎ나요,"['공부', '하루', '극지', '어게인미쿨링', '탈모']","['공부_하루', '하루_극지', '극지_어게인미쿨링', '어게인미쿨링_탈모']","['공부', '하루', '극지', '어게인미쿨링', '탈모', '공부_하루', '하루_극지', '극지_어게인미쿨링', '어게인미쿨링_탈모']",[],&quot;두피모공이 무려 7배?&quot; 평생 샴푸만 100개 넘게 쓴 화장품 전문가의 두피고민별 샴푸 찐추천템 7가지🔥,0.0,0,[],1,['추천'],1,긍정,False
youtube,,두피케어 샴푸 비교,감사합니다 두피디바이스 뷰티디바이스도 영상한번찍어주세요,"['감사', '디바이스', '디바이스']","['감사_디바이스', '디바이스_디바이스']","['감사', '디바이스', '디바이스', '감사_디바이스', '디바이스_디바이스']",[],&quot;두피모공이 무려 7배?&quot; 평생 샴푸만 100개 넘게 쓴 화장품 전문가의 두피고민별 샴푸 찐추천템 7가지🔥,1.0,0,[],0,[],0,중립,False
youtube,,두피케어 샴푸 비교,수부지두피 탈수두피 탈모 두피 삼총사 다 획득햇는대 그럼 샴푸 모써요,"['수부', '탈수', '탈모', '삼총사', '획득']","['수부_탈수', '탈수_탈모', '탈모_삼총사', '삼총사_획득']","['수부', '탈수', '탈모', '삼총사', '획득', '수부_탈수', '탈수_탈모', '탈모_삼총사', '삼총사_획득']",[],&quot;두피모공이 무려 7배?&quot; 평생 샴푸만 100개 넘게 쓴 화장품 전문가의 두피고민별 샴푸 찐추천템 7가지🔥,2.0,0,[],0,[],0,중립,False
youtube,,두피케어 샴푸 비교,3일을 안감아도 기름안지는 유분 수분부족 두피 트러블 생겨봉적도 없는 사람은 어떤샴푸 써야하나여ㅠㅠㅠㅠㅠ머리감으면 두피가너무 간지러워요 오히려 안감아야 안간지러움,"['기름', '유분', '수분', '부족', '트러블', '봉적']","['기름_유분', '유분_수분', '수분_부족', '부족_트러블', '트러블_봉적']","['기름', '유분', '수분', '부족', '트러블', '봉적', '기름_유분', '유분_수분', '수분_부족', '부족_트러블', '트러블_봉적']",[],&quot;두피모공이 무려 7배?&quot; 평생 샴푸만 100개 넘게 쓴 화장품 전문가의 두피고민별 샴푸 찐추천템 7가지🔥,1.0,1,['트러블'],0,[],-1,이탈위험,False
youtube,,두피케어 샴푸 비교,안녕하세요 우연히 영상 접했는데요 안그래도 아이 두피때문에 고민이 많았는데 추천 좀 받을 수 있을까요 중3 남자아이인데 두피 자체가 붉고 열감이 많고 가려움증도 심하고 무엇보다 두피에서 떨어지는 각질이 심해서 고민이 많습니다 ㅠ,"['고민', '남자아이', '자체', '가려움증', '각질', '고민']","['고민_남자아이', '남자아이_자체', '자체_가려움증', '가려움증_각질', '각질_고민']","['고민', '남자아이', '자체', '가려움증', '각질', '고민', '고민_남자아이', '남자아이_자체', '자체_가려움증', '가려움증_각질', '각질_고민']",[],&quot;두피모공이 무려 7배?&quot; 평생 샴푸만 100개 넘게 쓴 화장품 전문가의 두피고민별 샴푸 찐추천템 7가지🔥,0.0,1,['가려움'],1,['추천'],0,중립,False
youtube,,두피케어 샴푸 비교,나아졌다 나빠지기를 반복하는 지루성 두피에요 수분부족 간지러움 예민 두피맑음과 비비크리미 중 어느것이 좋을까요,"['반복', '지루', '수분', '부족', '비비크리미']","['반복_지루', '지루_수분', '수분_부족', '부족_비비크리미']","['반복', '지루', '수분', '부족', '비비크리미', '반복_지루', '지루_수분', '수분_부족', '부족_비비크리미']",[],&quot;두피모공이 무려 7배?&quot; 평생 샴푸만 100개 넘게 쓴 화장품 전문가의 두피고민별 샴푸 찐추천템 7가지🔥,1.0,0,[],1,['나아졌'],1,긍정,False
youtube,,두피케어 샴푸 비교,1 45 두피에 유분이 많이 생기는 이유 2 39 기준1 두피수분장벽 3 02 기준2 계면활성제 4 22 수부지 두피 8 07 추천템1 9 03 추천템2 11 21 탈수 두피 12 59 추천템1 14 09 추천템2 14 55 추천템3 15 43 탈모샴푸 진짜 효과있는지 18 08 추천템1 20 13 추천템2 20 59 추천템3,"['유분', '기준', '수분', '장벽', '기준', '계면활성제', '수부', '탈수', '탈모', '효과']","['유분_기준', '기준_수분', '수분_장벽', '장벽_기준', '기준_계면활성제', '계면활성제_수부', '수부_탈수', '탈수_탈모', '탈모_효과']","['유분', '기준', '수분', '장벽', '기준', '계면활성제', '수부', '탈수', '탈모', '효과', '유분_기준', '기준_수분', '수분_장벽', '장벽_기준', '기준_계면활성제', '계면활성제_수부', '수부_탈수', '탈수_탈모', '탈모_효과']",[],&quot;두피모공이 무려 7배?&quot; 평생 샴푸만 100개 넘게 쓴 화장품 전문가의 두피고민별 샴푸 찐추천템 7가지🔥,23.0,0,[],2,"['효과있', '추천']",2,긍정,False
youtube,,두피케어 샴푸 비교,지루성 두피염에 좋은 제품은 없을까요,['지루'],[],['지루'],[],&quot;두피모공이 무려 7배?&quot; 평생 샴푸만 100개 넘게 쓴 화장품 전문가의 두피고민별 샴푸 찐추천템 7가지🔥,0.0,0,[],0,[],0,중립,False
youtube,,두피케어 샴푸 비교,저는 항상 머리를 하루에 두번 아침저녁으로 감아요 머리카락 너무 빠져서 이제는 아침에 한번 머리감습니다 모발이 얇고 정수리냄새가 많이 나요 머리카락도 너무 많이 빠지고 탈모 걱정됩니다 두피도 간지러워요 머리 감고나와도 긁을때도 있어요 ㅠㅠ 두피에 열감듀 있는거 같고 뒷목 헤어라인 왁싱해서 모낭염이 생겼는데 올라왔는지 지금도 뒤통수 머리쪽에 트러블이 있습니다 어떤 샴푸를 써야하죠 지성인지 건성인지 모르겠어요,"['하루', '아침', '저녁', '머리카락', '이제', '아침', '모발', '정수리', '냄새', '머리카락', '탈모', '걱정', '열감듀', '뒷목', '라인', '왁싱', '모낭염', '지금', '뒤통수', '트러블', '지성', '건성']","['하루_아침', '아침_저녁', '저녁_머리카락', '머리카락_이제', '이제_아침', '아침_모발', '모발_정수리', '정수리_냄새', '냄새_머리카락', '머리카락_탈모', '탈모_걱정', '걱정_열감듀', '열감듀_뒷목', '뒷목_라인', '라인_왁싱', '왁싱_모낭염', '모낭염_지금', '지금_뒤통수', '뒤통수_트러블', '트러블_지성', '지성_건성']","['하루', '아침', '저녁', '머리카락', '이제', '아침', '모발', '정수리', '냄새', '머리카락', '탈모', '걱정', '열감듀', '뒷목', '라인', '왁싱', '모낭염', '지금', '뒤통수', '트러블', '지성', '건성', '하루_아침', '아침_저녁', '저녁_머리카락', '머리카락_이제', '이제_아침', '아침_모발', '모발_정수리', '정수리_냄새', '냄새_머리카락', '머리카락_탈모', '탈모_걱정', '걱정_열감듀', '열감듀_뒷목', '뒷목_라인', '라인_왁싱', '왁싱_모낭염', '모낭염_지금', '지금_뒤통수', '뒤통수_트러블', '트러블_지성', '지성_건성']",[],&quot;두피모공이 무려 7배?&quot; 평생 샴푸만 100개 넘게 쓴 화장품 전문가의 두피고민별 샴푸 찐추천템 7가지🔥,0.0,2,"['트러블', '올라왔']",0,[],-2,이탈위험,False
youtube,,두피케어 샴푸 비교,오늘 영상 잘보았습니다 영상을 보니 저는 수부지이면서 탈모두피인 것 같아요 추천해주신 희쌤믿고 바로 결제했었요 검색해보니 후기도 좋네요,"['수부', '결제', '검색']","['수부_결제', '결제_검색']","['수부', '결제', '검색', '수부_결제', '결제_검색']",[],&quot;두피모공이 무려 7배?&quot; 평생 샴푸만 100개 넘게 쓴 화장품 전문가의 두피고민별 샴푸 찐추천템 7가지🔥,1.0,0,[],1,['추천'],1,긍정,False
youtube,,두피케어 샴푸 비교,선생님께서 사업하시는군요 탈모는 괜챦고요 ㅎ 머리 감고도 가려움이 있는데 판매하시는 수부지 두피 는 어떤지요 샴푸 후에 커티셔너는 써야하나요,"['선생', '사업', '탈모', '괜챦고요', '판매', '수부', '커티셔너']","['선생_사업', '사업_탈모', '탈모_괜챦고요', '괜챦고요_판매', '판매_수부', '수부_커티셔너']","['선생', '사업', '탈모', '괜챦고요', '판매', '수부', '커티셔너', '선생_사업', '사업_탈모', '탈모_괜챦고요', '괜챦고요_판매', '판매_수부', '수부_커티셔너']",[],&quot;두피모공이 무려 7배?&quot; 평생 샴푸만 100개 넘게 쓴 화장품 전문가의 두피고민별 샴푸 찐추천템 7가지🔥,0.0,1,['가려움'],0,[],-1,이탈위험,False
youtube,,두피케어 샴푸 비교,안녕하세요 너무 영상들이 좋아서 바로 구독했습니다 1 11살 초5 딸 두피가 부분 빨갛고 각질도 생기고 가렵다고해요 어게인미 샴푸 같이 써도 되나요 어똔 샴푸 쓰면 좋을까요 영상에 나오는 샴푸 다 써도 되나요,"['각질', '어게인']",['각질_어게인'],"['각질', '어게인', '각질_어게인']",[],&quot;두피모공이 무려 7배?&quot; 평생 샴푸만 100개 넘게 쓴 화장품 전문가의 두피고민별 샴푸 찐추천템 7가지🔥,0.0,0,[],0,[],0,중립,False
youtube,,두피케어 샴푸 비교,항상 두피제품을 비교설명해주어 탈모인들의 많은도움이되겟어요,"['비교', '설명', '탈모인', '도움']","['비교_설명', '설명_탈모인', '탈모인_도움']","['비교', '설명', '탈모인', '도움', '비교_설명', '설명_탈모인', '탈모인_도움']",[],"문제성 두피를 위한 데일리 샴푸, 헤드앤숄더 프로페셔널 1개월 사용 후기 (feat. 솔직한 리뷰)",2.0,0,[],0,[],0,중립,False
youtube,,두피케어 샴푸 비교,오일컨트롤 사용하는데 볼륨은 사실 라보에이치보단 당연히 덜한데 오일컨트롤로 감으면 가려움이 사라져요 그린컬러는 가려움이 덜해지진않았음,"['오일', '컨트롤', '볼륨', '라보', '에이치', '오일', '컨트롤', '컬러']","['오일_컨트롤', '컨트롤_볼륨', '볼륨_라보', '라보_에이치', '에이치_오일', '오일_컨트롤', '컨트롤_컬러']","['오일', '컨트롤', '볼륨', '라보', '에이치', '오일', '컨트롤', '컬러', '오일_컨트롤', '컨트롤_볼륨', '볼륨_라보', '라보_에이치', '에이치_오일', '오일_컨트롤', '컨트롤_컬러']",[],"문제성 두피를 위한 데일리 샴푸, 헤드앤숄더 프로페셔널 1개월 사용 후기 (feat. 솔직한 리뷰)",0.0,1,['가려움'],0,[],-1,이탈위험,False
youtube,,두피케어 샴푸 비교,형님 혹시 지루성두피염에 헤어팩이나 헤어토닉 관련해서도 다뤄주시면 감사하겠습니다,"['지루성두피염', '헤어토닉', '감사']","['지루성두피염_헤어토닉', '헤어토닉_감사']","['지루성두피염', '헤어토닉', '감사', '지루성두피염_헤어토닉', '헤어토닉_감사']",[],"문제성 두피를 위한 데일리 샴푸, 헤드앤숄더 프로페셔널 1개월 사용 후기 (feat. 솔직한 리뷰)",6.0,0,[],0,[],0,중립,False
youtube,,두피케어 샴푸 비교,정수리탈모와 뒷통수까지 살짝 진행되었는데 주사치료로 효과 볼 수 있을까요,"['정수리', '탈모', '통수', '진행', '주사', '치료', '효과']","['정수리_탈모', '탈모_통수', '통수_진행', '진행_주사', '주사_치료', '치료_효과']","['정수리', '탈모', '통수', '진행', '주사', '치료', '효과', '정수리_탈모', '탈모_통수', '통수_진행', '진행_주사', '주사_치료', '치료_효과']",[],"문제성 두피를 위한 데일리 샴푸, 헤드앤숄더 프로페셔널 1개월 사용 후기 (feat. 솔직한 리뷰)",0.0,0,[],0,[],0,중립,False
youtube,,두피케어 샴푸 비교,이거 물건이네 일주일 안되게 사용했는데 비듬 떨어지는 양 줄고 특히 두피를 손가락 끝으로 문질러보면 각질이 도돌도돌하게 항상 잡혔는데 없어짐ㅋㅋㅋㅋㅋㅋㅋㅋㅋㅋㅋㅋㅋㅋㅋ,"['물건', '비듬', '손가락', '각질']","['물건_비듬', '비듬_손가락', '손가락_각질']","['물건', '비듬', '손가락', '각질', '물건_비듬', '비듬_손가락', '손가락_각질']",[],"문제성 두피를 위한 데일리 샴푸, 헤드앤숄더 프로페셔널 1개월 사용 후기 (feat. 솔직한 리뷰)",2.0,0,[],0,[],0,중립,False
youtube,,두피케어 샴푸 비교,클리니컬 스트렝스 주2회 쓰고 헤드엔숄더 저 제품 쓰는데 다른제품 보단 좋더라구요,"['클리니컬', '스트렝스', '헤드엔숄더']","['클리니컬_스트렝스', '스트렝스_헤드엔숄더']","['클리니컬', '스트렝스', '헤드엔숄더', '클리니컬_스트렝스', '스트렝스_헤드엔숄더']",[],"문제성 두피를 위한 데일리 샴푸, 헤드앤숄더 프로페셔널 1개월 사용 후기 (feat. 솔직한 리뷰)",0.0,0,[],0,[],0,중립,False
youtube,,두피케어 샴푸 비교,용닥터님 후기보고 쿠팡주문해서 써봣는데 가려움과 비듬이 많이 줄었어요,"['닥터', '주문', '비듬']","['닥터_주문', '주문_비듬']","['닥터', '주문', '비듬', '닥터_주문', '주문_비듬']",[],"문제성 두피를 위한 데일리 샴푸, 헤드앤숄더 프로페셔널 1개월 사용 후기 (feat. 솔직한 리뷰)",0.0,1,['가려움'],0,[],-1,이탈위험,False
youtube,,두피케어 샴푸 비교,안녕하세요 지성 건성 두피 상관없이 사용가능할까요,"['지성', '건성', '가능']","['지성_건성', '건성_가능']","['지성', '건성', '가능', '지성_건성', '건성_가능']",[],"문제성 두피를 위한 데일리 샴푸, 헤드앤숄더 프로페셔널 1개월 사용 후기 (feat. 솔직한 리뷰)",0.0,0,[],0,[],0,중립,False
youtube,,두피케어 샴푸 비교,두피 모낭염에도 효과가있을까요,"['모낭', '효과']",['모낭_효과'],"['모낭', '효과', '모낭_효과']",[],"문제성 두피를 위한 데일리 샴푸, 헤드앤숄더 프로페셔널 1개월 사용 후기 (feat. 솔직한 리뷰)",5.0,0,[],0,[],0,중립,False
youtube,,두피케어 샴푸 비교,두피케어로시컷네요 써보러구요,['케어'],[],['케어'],[],"문제성 두피를 위한 데일리 샴푸, 헤드앤숄더 프로페셔널 1개월 사용 후기 (feat. 솔직한 리뷰)",0.0,0,[],0,[],0,중립,False
youtube,,두피케어 샴푸 비교,가려운 두피 샴푸는 머리에 기름 많아도 효과가 별로인가요,"['기름', '효과']",['기름_효과'],"['기름', '효과', '기름_효과']",[],"문제성 두피를 위한 데일리 샴푸, 헤드앤숄더 프로페셔널 1개월 사용 후기 (feat. 솔직한 리뷰)",0.0,1,['별로'],0,[],-1,이탈위험,False
youtube,,두피케어 샴푸 비교,마트에서도 팔거나 팔 예정일까요 클리니컬 스트렝스 단점이 성분이 강력해서 조절이 필요하단 점과 더불어 직구 외엔 방법이 없다는건데 프로페셔널 샴푸 인터넷에 사면 되지만 마트에서도 팔아야 더 체감이 잘 될 것 같아요,"['마트', '예정', '클리니컬', '스트렝스', '단점', '성분', '조절', '필요', '직구', '방법', '프로페셔널', '인터넷', '마트', '체감']","['마트_예정', '예정_클리니컬', '클리니컬_스트렝스', '스트렝스_단점', '단점_성분', '성분_조절', '조절_필요', '필요_직구', '직구_방법', '방법_프로페셔널', '프로페셔널_인터넷', '인터넷_마트', '마트_체감']","['마트', '예정', '클리니컬', '스트렝스', '단점', '성분', '조절', '필요', '직구', '방법', '프로페셔널', '인터넷', '마트', '체감', '마트_예정', '예정_클리니컬', '클리니컬_스트렝스', '스트렝스_단점', '단점_성분', '성분_조절', '조절_필요', '필요_직구', '직구_방법', '방법_프로페셔널', '프로페셔널_인터넷', '인터넷_마트', '마트_체감']",[],"문제성 두피를 위한 데일리 샴푸, 헤드앤숄더 프로페셔널 1개월 사용 후기 (feat. 솔직한 리뷰)",6.0,0,[],0,[],0,중립,False
youtube,,두피케어 샴푸 비교,니조랄 프로페셔널 쓰면 비듬끝임,"['니조랄', '프로페셔널', '비듬']","['니조랄_프로페셔널', '프로페셔널_비듬']","['니조랄', '프로페셔널', '비듬', '니조랄_프로페셔널', '프로페셔널_비듬']",[],"문제성 두피를 위한 데일리 샴푸, 헤드앤숄더 프로페셔널 1개월 사용 후기 (feat. 솔직한 리뷰)",2.0,1,['니조랄'],0,[],-1,이탈위험,True
youtube,,두피케어 샴푸 비교,갑자기 비듬이 심해져 약국에서 파는 샴푸도 써봤지만 갈수록 심해지기만 했거든요 비듬의 삶의 질을 뚝뚝 떨어뜨렸음 그런데 이 제품 쓰고 1회만에 비듬 끝났어요 앞으로 이 제품만 쓸거에요 머릿결이 건조해지지않으면서 비듬을 싹 없애주니 더 만족해요,"['비듬', '비듬', '비듬', '머릿결', '건조', '비듬', '만족']","['비듬_비듬', '비듬_비듬', '비듬_머릿결', '머릿결_건조', '건조_비듬', '비듬_만족']","['비듬', '비듬', '비듬', '머릿결', '건조', '비듬', '만족', '비듬_비듬', '비듬_비듬', '비듬_머릿결', '머릿결_건조', '건조_비듬', '비듬_만족']",[],"문제성 두피를 위한 데일리 샴푸, 헤드앤숄더 프로페셔널 1개월 사용 후기 (feat. 솔직한 리뷰)",2.0,0,[],0,[],0,중립,False
youtube,,두피케어 샴푸 비교,근데 궁금한게요 탈모약을 먹어서 탈모를 막아주더라도 지루성 두피염이 있으면 무의미한거 아닌가요 어차피 염증으로 머리빠지고 가늘어지니깐 그리고 두피염은 낫는병도 아니기도하고,"['탈모', '탈모', '지루', '의미', '염증']","['탈모_탈모', '탈모_지루', '지루_의미', '의미_염증']","['탈모', '탈모', '지루', '의미', '염증', '탈모_탈모', '탈모_지루', '지루_의미', '의미_염증']",[],"문제성 두피를 위한 데일리 샴푸, 헤드앤숄더 프로페셔널 1개월 사용 후기 (feat. 솔직한 리뷰)",0.0,0,[],0,[],0,중립,False
youtube,,두피케어 샴푸 비교,건성두피가 써도 괜찮나요,['건성'],[],['건성'],[],"문제성 두피를 위한 데일리 샴푸, 헤드앤숄더 프로페셔널 1개월 사용 후기 (feat. 솔직한 리뷰)",0.0,0,[],0,[],0,중립,False
youtube,,두피케어 샴푸 비교,유럽에서는 징크피리치온함유 샴푸는 판매를 못하니깐 급하게 피록톤올아민으로 대체해서 판매 불가능한 지역에 판매하는 느낌입니다 결과적으로 클리니컬스트렝스 효과가 워낙좋기 때문에 이걸 이기진 못할것 같은데 장기간 쓰면 내성이 생겨서 결국엔 효과가 너무 반감되더군요 아마존미국이라던가 헤드앤숄더 지역 홈페이지 말고는 프로페셔널 제품이 없는거 봐서는 딱히 미는 제품은 아닌듯 합니다,"['유럽', '징크피리치온', '함유', '판매', '피록톤올아민', '대체', '판매', '가능', '지역', '판매', '느낌', '결과', '클리니컬스트렝스', '효과', '장기간', '내성', '결국', '효과', '반감', '아마존', '미국', '지역', '홈페이지', '프로페셔널']","['유럽_징크피리치온', '징크피리치온_함유', '함유_판매', '판매_피록톤올아민', '피록톤올아민_대체', '대체_판매', '판매_가능', '가능_지역', '지역_판매', '판매_느낌', '느낌_결과', '결과_클리니컬스트렝스', '클리니컬스트렝스_효과', '효과_장기간', '장기간_내성', '내성_결국', '결국_효과', '효과_반감', '반감_아마존', '아마존_미국', '미국_지역', '지역_홈페이지', '홈페이지_프로페셔널']","['유럽', '징크피리치온', '함유', '판매', '피록톤올아민', '대체', '판매', '가능', '지역', '판매', '느낌', '결과', '클리니컬스트렝스', '효과', '장기간', '내성', '결국', '효과', '반감', '아마존', '미국', '지역', '홈페이지', '프로페셔널', '유럽_징크피리치온', '징크피리치온_함유', '함유_판매', '판매_피록톤올아민', '피록톤올아민_대체', '대체_판매', '판매_가능', '가능_지역', '지역_판매', '판매_느낌', '느낌_결과', '결과_클리니컬스트렝스', '클리니컬스트렝스_효과', '효과_장기간', '장기간_내성', '내성_결국', '결국_효과', '효과_반감', '반감_아마존', '아마존_미국', '미국_지역', '지역_홈페이지', '홈페이지_프로페셔널']",[],"문제성 두피를 위한 데일리 샴푸, 헤드앤숄더 프로페셔널 1개월 사용 후기 (feat. 솔직한 리뷰)",6.0,0,[],0,[],0,중립,False
youtube,,두피케어 샴푸 비교,두피 트러블이 심해서 두피샴푸 여러 개 써봤는데 다 안 맞았거든요 친구가 본인도 트러블 심했는데 모미래 쓰고 좋아졌다고 추천해줘서 써봤어요 살리실산이랑 덱스판테놀 들어있어서 두피 진정이 확실히 되더라고요 뾰루지도 없어지고 각질도 줄어서 두피가 건강해진 느낌이에요 좋은 정보 알려준 친구한테 감사하네요 ㅎㅎ,"['트러블', '친구', '본인', '트러블', '모미래', '살리실산', '덱스판테놀', '진정', '뾰루지', '각질', '건강', '느낌', '정보', '친구', '감사']","['트러블_친구', '친구_본인', '본인_트러블', '트러블_모미래', '모미래_살리실산', '살리실산_덱스판테놀', '덱스판테놀_진정', '진정_뾰루지', '뾰루지_각질', '각질_건강', '건강_느낌', '느낌_정보', '정보_친구', '친구_감사']","['트러블', '친구', '본인', '트러블', '모미래', '살리실산', '덱스판테놀', '진정', '뾰루지', '각질', '건강', '느낌', '정보', '친구', '감사', '트러블_친구', '친구_본인', '본인_트러블', '트러블_모미래', '모미래_살리실산', '살리실산_덱스판테놀', '덱스판테놀_진정', '진정_뾰루지', '뾰루지_각질', '각질_건강', '건강_느낌', '느낌_정보', '정보_친구', '친구_감사']",[],"문제성 두피를 위한 데일리 샴푸, 헤드앤숄더 프로페셔널 1개월 사용 후기 (feat. 솔직한 리뷰)",0.0,2,"['트러블', '뾰루지']",2,"['좋아졌', '추천']",0,중립,False
youtube,,두피케어 샴푸 비교,아 지루성두피용 샴푸들 너무비싸요 ㅠㅠ,['지루'],[],['지루'],[],"문제성 두피를 위한 데일리 샴푸, 헤드앤숄더 프로페셔널 1개월 사용 후기 (feat. 솔직한 리뷰)",0.0,0,[],0,[],0,중립,False
youtube,,두피케어 샴푸 비교,진짜 인터넷에 이상하고 비싼 샴푸 사지마시고 검증된 대기업 샴푸 쓰세요 비듬 각질 관련은 진짜 헤드앤숄더 따라올 곳이 없습니다 독보적임,"['인터넷', '이상', '검증', '기업', '비듬', '각질', '독보']","['인터넷_이상', '이상_검증', '검증_기업', '기업_비듬', '비듬_각질', '각질_독보']","['인터넷', '이상', '검증', '기업', '비듬', '각질', '독보', '인터넷_이상', '이상_검증', '검증_기업', '기업_비듬', '비듬_각질', '각질_독보']",[],"문제성 두피를 위한 데일리 샴푸, 헤드앤숄더 프로페셔널 1개월 사용 후기 (feat. 솔직한 리뷰)",0.0,0,[],0,[],0,중립,False
youtube,,두피케어 샴푸 비교,뒤통수에 뾰루지가 자주나고 간지러워서 가려운 두피 써봤는데 뾰루지가 싹 사라져서 효과봤습니다 비싸도 계속 쓸것 같아요,"['뒤통수', '뾰루지', '뾰루지', '효과']","['뒤통수_뾰루지', '뾰루지_뾰루지', '뾰루지_효과']","['뒤통수', '뾰루지', '뾰루지', '효과', '뒤통수_뾰루지', '뾰루지_뾰루지', '뾰루지_효과']",[],"문제성 두피를 위한 데일리 샴푸, 헤드앤숄더 프로페셔널 1개월 사용 후기 (feat. 솔직한 리뷰)",8.0,1,['뾰루지'],1,['효과봤'],0,중립,False
youtube,,두피케어 샴푸 비교,클리니컬은 해외직구로만 구할 수 있고 세정력이 좀 강해서 부담스러웠는데 한번 속는 셈치고 써봐야겠네요,"['클리니컬', '해외', '직구', '정력', '부담']","['클리니컬_해외', '해외_직구', '직구_정력', '정력_부담']","['클리니컬', '해외', '직구', '정력', '부담', '클리니컬_해외', '해외_직구', '직구_정력', '정력_부담']",[],"문제성 두피를 위한 데일리 샴푸, 헤드앤숄더 프로페셔널 1개월 사용 후기 (feat. 솔직한 리뷰)",4.0,0,[],0,[],0,중립,False
youtube,,두피케어 샴푸 비교,클리니컬 스트렝스 장기 3년 매일 사용자 후기 공유해 봅니다 저도 지루성 두피염이 있는데 스트렝스 유행초창기부터 효능을 봐서 계속 써왔는데 초창기 리뉴얼전 주황색부터 리뉴얼후 3가지색상 전부 써봄 이게 거의 매일 쓰다시피 하니까 저만의 부작용인지는 모르겠지만 제가 커뮤니티에 글을 남기니까 저와 비슷한 경험을 하신분이 몇분 있었습니다 제가 그리고 현재는 스트렝스를 끊고 2 3일은 일반샴푸 하루는 노비나 니조랄 같은걸 쓰고 지내고 있습니다 제가 느낀건 1 머리카락이 얇아 집니다 매일 써서 그렇다는 다른분들의 얘기도 있고 암튼 머리카락이 얇아지는 증상이 있어서 저는 현재 중단했습니다 2 매일쓰게 되면 처음 쓸때처럼 드라마틱한 효과가 없습니다 처음 쓸때는 거의 2 3일을 머리 안감아도 될정도로 효과가 좋았고 좁쌀여드름같은게 아예 없었는데 매일 쓰니까 이게 몸이 적응을 하는거 같더라구요,"['클리니컬', '스트렝스', '장기', '사용자', '공유', '지루', '스트렝스', '유행', '초창기', '효능', '초창기', '리뉴얼', '주황색', '리뉴얼', '색상', '부작용', '커뮤니티', '경험', '현재', '스트렝스', '일반', '하루', '노비', '니조랄', '머리카락', '얘기', '머리카락', '증상', '중단', '처음', '효과', '처음', '효과', '좁쌀', '여드름', '적응']","['클리니컬_스트렝스', '스트렝스_장기', '장기_사용자', '사용자_공유', '공유_지루', '지루_스트렝스', '스트렝스_유행', '유행_초창기', '초창기_효능', '효능_초창기', '초창기_리뉴얼', '리뉴얼_주황색', '주황색_리뉴얼', '리뉴얼_색상', '색상_부작용', '부작용_커뮤니티', '커뮤니티_경험', '경험_현재', '현재_스트렝스', '스트렝스_일반', '일반_하루', '하루_노비', '노비_니조랄', '니조랄_머리카락', '머리카락_얘기', '얘기_머리카락', '머리카락_증상', '증상_중단', '중단_처음', '처음_효과', '효과_처음', '처음_효과', '효과_좁쌀', '좁쌀_여드름', '여드름_적응']","['클리니컬', '스트렝스', '장기', '사용자', '공유', '지루', '스트렝스', '유행', '초창기', '효능', '초창기', '리뉴얼', '주황색', '리뉴얼', '색상', '부작용', '커뮤니티', '경험', '현재', '스트렝스', '일반', '하루', '노비', '니조랄', '머리카락', '얘기', '머리카락', '증상', '중단', '처음', '효과', '처음', '효과', '좁쌀', '여드름', '적응', '클리니컬_스트렝스', '스트렝스_장기', '장기_사용자', '사용자_공유', '공유_지루', '지루_스트렝스', '스트렝스_유행', '유행_초창기', '초창기_효능', '효능_초창기', '초창기_리뉴얼', '리뉴얼_주황색', '주황색_리뉴얼', '리뉴얼_색상', '색상_부작용', '부작용_커뮤니티', '커뮤니티_경험', '경험_현재', '현재_스트렝스', '스트렝스_일반', '일반_하루', '하루_노비', '노비_니조랄', '니조랄_머리카락', '머리카락_얘기', '얘기_머리카락', '머리카락_증상', '증상_중단', '중단_처음', '처음_효과', '효과_처음', '처음_효과', '효과_좁쌀', '좁쌀_여드름', '여드름_적응']",[],"문제성 두피를 위한 데일리 샴푸, 헤드앤숄더 프로페셔널 1개월 사용 후기 (feat. 솔직한 리뷰)",7.0,2,"['니조랄', '리뉴얼후']",0,[],-2,이탈위험,True
youtube,,두피케어 샴푸 비교,클리니컬이랑 차이는 황화셀레늄의 유무 일까요 그럼 지루성 두피염 심한사람은 그냥 클리니컬 쓰는게 맞는걸까요,"['클리니컬', '차이', '황화셀레늄', '유무', '지루', '클리니컬']","['클리니컬_차이', '차이_황화셀레늄', '황화셀레늄_유무', '유무_지루', '지루_클리니컬']","['클리니컬', '차이', '황화셀레늄', '유무', '지루', '클리니컬', '클리니컬_차이', '차이_황화셀레늄', '황화셀레늄_유무', '유무_지루', '지루_클리니컬']",[],"문제성 두피를 위한 데일리 샴푸, 헤드앤숄더 프로페셔널 1개월 사용 후기 (feat. 솔직한 리뷰)",1.0,0,[],0,[],0,중립,False
youtube,,두피케어 샴푸 비교,두피 뾰루지가 만성 질환인데 피부과에서도 완치는 안 되고 재발 된다고 하고 원인도 밝혀지지 않았다고 하고 미치겠네요 샴푸는 클록스 쓰고 더모베이트 바르고 2달에 한번 약 처방받고요,"['뾰루지', '만성', '질환', '피부과', '완치', '재발', '원인', '클록스', '더모베이트', '처방']","['뾰루지_만성', '만성_질환', '질환_피부과', '피부과_완치', '완치_재발', '재발_원인', '원인_클록스', '클록스_더모베이트', '더모베이트_처방']","['뾰루지', '만성', '질환', '피부과', '완치', '재발', '원인', '클록스', '더모베이트', '처방', '뾰루지_만성', '만성_질환', '질환_피부과', '피부과_완치', '완치_재발', '재발_원인', '원인_클록스', '클록스_더모베이트', '더모베이트_처방']",[],"문제성 두피를 위한 데일리 샴푸, 헤드앤숄더 프로페셔널 1개월 사용 후기 (feat. 솔직한 리뷰)",2.0,1,['뾰루지'],0,[],-1,이탈위험,False
youtube,,두피케어 샴푸 비교,지금 탈모가 진행중인데 두피문신커버하고 나중에 더 많이 빠지면 모발이식을 생각하고 있습니다 한가지 걱정되는게 두피문신을하면 나중에 모발이식하는데 문제가 될까 걱정이됩니다 두피문신을해도 모발이식할수있나요,"['탈모', '진행', '문신', '커버', '나중', '모발', '이식', '걱정', '문신', '나중', '모발', '이식', '문제', '걱정', '문신', '모발', '이식']","['탈모_진행', '진행_문신', '문신_커버', '커버_나중', '나중_모발', '모발_이식', '이식_걱정', '걱정_문신', '문신_나중', '나중_모발', '모발_이식', '이식_문제', '문제_걱정', '걱정_문신', '문신_모발', '모발_이식']","['탈모', '진행', '문신', '커버', '나중', '모발', '이식', '걱정', '문신', '나중', '모발', '이식', '문제', '걱정', '문신', '모발', '이식', '탈모_진행', '진행_문신', '문신_커버', '커버_나중', '나중_모발', '모발_이식', '이식_걱정', '걱정_문신', '문신_나중', '나중_모발', '모발_이식', '이식_문제', '문제_걱정', '걱정_문신', '문신_모발', '모발_이식']",[],"문제성 두피를 위한 데일리 샴푸, 헤드앤숄더 프로페셔널 1개월 사용 후기 (feat. 솔직한 리뷰)",1.0,0,[],0,[],0,중립,False
youtube,,두피케어 샴푸 비교,선생님 꼭꼭 답변좀해주세요 클리니컬스트렝스 제품 매일쓰지말고 1주에 2 3회정도 쓰라는거같은데 남은4 5일은 영상속 제품을 써도되는건가요 아니면 혼사용 하지말고 1 스트렝스 일반샴푸 혹은 2 only영상속샴푸 1번이나 2번으로만 사용해야하나요 열심히구글링해도 시원한 결과를 못찾았어요,"['선생', '답변', '클리니컬스트렝스', '스트렝스', '일반', '구글', '결과']","['선생_답변', '답변_클리니컬스트렝스', '클리니컬스트렝스_스트렝스', '스트렝스_일반', '일반_구글', '구글_결과']","['선생', '답변', '클리니컬스트렝스', '스트렝스', '일반', '구글', '결과', '선생_답변', '답변_클리니컬스트렝스', '클리니컬스트렝스_스트렝스', '스트렝스_일반', '일반_구글', '구글_결과']",[],"문제성 두피를 위한 데일리 샴푸, 헤드앤숄더 프로페셔널 1개월 사용 후기 (feat. 솔직한 리뷰)",6.0,0,[],0,[],0,중립,False
youtube,,두피케어 샴푸 비교,선생님 안녕하세요 헤드앤숄더 스트렝스 제품에 셀레늄 셀파이드 요 성분이 있어서 지루성두피에 효과가 있다고 하셨는데 요 신제품에도 그 성분이 똑같이 있는걸까요 일전에 갔던 병원에서도 샴푸에 해당 성분 얘기를 했던것같아서 왠지 중요해보여서 여쭤봅니다,"['선생', '스트렝스', '레늄', '셀파이드', '성분', '지루', '효과', '성분', '병원', '해당', '성분', '얘기', '중요']","['선생_스트렝스', '스트렝스_레늄', '레늄_셀파이드', '셀파이드_성분', '성분_지루', '지루_효과', '효과_성분', '성분_병원', '병원_해당', '해당_성분', '성분_얘기', '얘기_중요']","['선생', '스트렝스', '레늄', '셀파이드', '성분', '지루', '효과', '성분', '병원', '해당', '성분', '얘기', '중요', '선생_스트렝스', '스트렝스_레늄', '레늄_셀파이드', '셀파이드_성분', '성분_지루', '지루_효과', '효과_성분', '성분_병원', '병원_해당', '해당_성분', '성분_얘기', '얘기_중요']",[],"문제성 두피를 위한 데일리 샴푸, 헤드앤숄더 프로페셔널 1개월 사용 후기 (feat. 솔직한 리뷰)",1.0,0,[],0,[],0,중립,False
youtube,,두피케어 샴푸 비교,웬만한 지루성 두피염 샴푸를 써봤는데 거의 다 효과를 못 봤지만 헤드엔숄더 클리니컬 스트렝스 지루성두피염 직구해서 써봤는데 진짜 효과 바로 봤습니다,"['지루', '효과', '헤드엔숄더', '클리니컬', '스트렝스', '지루성두피염', '직구', '효과']","['지루_효과', '효과_헤드엔숄더', '헤드엔숄더_클리니컬', '클리니컬_스트렝스', '스트렝스_지루성두피염', '지루성두피염_직구', '직구_효과']","['지루', '효과', '헤드엔숄더', '클리니컬', '스트렝스', '지루성두피염', '직구', '효과', '지루_효과', '효과_헤드엔숄더', '헤드엔숄더_클리니컬', '클리니컬_스트렝스', '스트렝스_지루성두피염', '지루성두피염_직구', '직구_효과']",[],"문제성 두피를 위한 데일리 샴푸, 헤드앤숄더 프로페셔널 1개월 사용 후기 (feat. 솔직한 리뷰)",43.0,0,[],0,[],0,중립,False
youtube,,두피케어 샴푸 비교,지루성은 오일성분 멘톨 이런 거 쥐약입니다,"['지루', '오일', '성분', '멘톨', '쥐약']","['지루_오일', '오일_성분', '성분_멘톨', '멘톨_쥐약']","['지루', '오일', '성분', '멘톨', '쥐약', '지루_오일', '오일_성분', '성분_멘톨', '멘톨_쥐약']",[],"문제성 두피를 위한 데일리 샴푸, 헤드앤숄더 프로페셔널 1개월 사용 후기 (feat. 솔직한 리뷰)",2.0,0,[],0,[],0,중립,False
youtube,,두피케어 샴푸 비교,선생님 지루성두피염인지 모낭염인지로 괴로울 지경입니다 비듬은 거의 없고 가려움증은 참을만 하고요 뒷통수쪽 여기저기 여드름같은 뾰루지가 생기고 그 주변은 온통 피부가 붉습니다 여름철에 더더욱 머리통이 열이 뜨거운 체질이구요 약을 먹어도 액을 발라봐도 낫지를 않고 오랜 기간동안 괴롭히네요 약 50여일에 한 번 꼴로 열흘에서 보름정도 활성화되고 아프다가 좀 나아지다가를 반복한게 20여년째입니다 헤드앤숄더 클리니컬 스트렝스 샴푸가 좋다고 해서 검색 중 영상을 봤는데요 기름기가 많은 두피에 뽀루지가 나는 두피염에 좋은 헤드앤숄더 클리니컬스트렝스 샴푸로는 무슨색이 제일 적합할까요 주문 전에 여쭤 봅니다 감사합니다 파랑색 초록색 주황색 보라색이 있더군요,"['선생', '지루성두피염', '모낭염', '비듬', '가려움증', '통수', '여기저기', '여드름', '뾰루지', '주변', '피부', '여름철', '머리통', '체질', '기간', '동안', '열흘', '보름', '활성', '반복', '클리니컬', '스트렝스', '검색', '기름', '뽀루지', '클리니컬스트렝스', '적합', '주문', '감사', '파랑', '초록색', '주황색']","['선생_지루성두피염', '지루성두피염_모낭염', '모낭염_비듬', '비듬_가려움증', '가려움증_통수', '통수_여기저기', '여기저기_여드름', '여드름_뾰루지', '뾰루지_주변', '주변_피부', '피부_여름철', '여름철_머리통', '머리통_체질', '체질_기간', '기간_동안', '동안_열흘', '열흘_보름', '보름_활성', '활성_반복', '반복_클리니컬', '클리니컬_스트렝스', '스트렝스_검색', '검색_기름', '기름_뽀루지', '뽀루지_클리니컬스트렝스', '클리니컬스트렝스_적합', '적합_주문', '주문_감사', '감사_파랑', '파랑_초록색', '초록색_주황색']","['선생', '지루성두피염', '모낭염', '비듬', '가려움증', '통수', '여기저기', '여드름', '뾰루지', '주변', '피부', '여름철', '머리통', '체질', '기간', '동안', '열흘', '보름', '활성', '반복', '클리니컬', '스트렝스', '검색', '기름', '뽀루지', '클리니컬스트렝스', '적합', '주문', '감사', '파랑', '초록색', '주황색', '선생_지루성두피염', '지루성두피염_모낭염', '모낭염_비듬', '비듬_가려움증', '가려움증_통수', '통수_여기저기', '여기저기_여드름', '여드름_뾰루지', '뾰루지_주변', '주변_피부', '피부_여름철', '여름철_머리통', '머리통_체질', '체질_기간', '기간_동안', '동안_열흘', '열흘_보름', '보름_활성', '활성_반복', '반복_클리니컬', '클리니컬_스트렝스', '스트렝스_검색', '검색_기름', '기름_뽀루지', '뽀루지_클리니컬스트렝스', '클리니컬스트렝스_적합', '적합_주문', '주문_감사', '감사_파랑', '파랑_초록색', '초록색_주황색']",[],"문제성 두피를 위한 데일리 샴푸, 헤드앤숄더 프로페셔널 1개월 사용 후기 (feat. 솔직한 리뷰)",0.0,2,"['뾰루지', '가려움']",0,[],-2,이탈위험,False
youtube,,두피케어 샴푸 비교,선생님 근데 두피 케어와 비듬에 특화됐다는 건 그만큼 세정력이 좋다는 건데 이 샴푸 쓰고나서 린스는 아예 안 해줘도 되는 건가요 세정력이 너무 좋으면 머릿결이 빗자루처럼 뻣뻣해 지는 게 아닐까 싶은데,"['선생', '케어', '비듬', '특화', '세정', '린스', '세정', '머릿결', '빗자루']","['선생_케어', '케어_비듬', '비듬_특화', '특화_세정', '세정_린스', '린스_세정', '세정_머릿결', '머릿결_빗자루']","['선생', '케어', '비듬', '특화', '세정', '린스', '세정', '머릿결', '빗자루', '선생_케어', '케어_비듬', '비듬_특화', '특화_세정', '세정_린스', '린스_세정', '세정_머릿결', '머릿결_빗자루']",[],"문제성 두피를 위한 데일리 샴푸, 헤드앤숄더 프로페셔널 1개월 사용 후기 (feat. 솔직한 리뷰)",0.0,0,[],0,[],0,중립,False
youtube,,두피케어 샴푸 비교,혹시 이제품이 헤드앤숄더 스트렝스 이것보다 좋다고 보시나요 프로페셔널 둘중 하나 구매예정인데요 왠지 프로페셔널이 더좋아 보여서요,"['스트렝스', '프로페셔널', '예정', '프로페셔널']","['스트렝스_프로페셔널', '프로페셔널_예정', '예정_프로페셔널']","['스트렝스', '프로페셔널', '예정', '프로페셔널', '스트렝스_프로페셔널', '프로페셔널_예정', '예정_프로페셔널']",[],"문제성 두피를 위한 데일리 샴푸, 헤드앤숄더 프로페셔널 1개월 사용 후기 (feat. 솔직한 리뷰)",0.0,0,[],0,[],0,중립,False
youtube,,두피케어 샴푸 비교,딸이 알려줬는데 소듐 라우레스 설페이트는 동물 실험해도 이것은 동물들은 엄청 피부가 까졌어요 순하고 세정 잘 되는 라우릴 글루코사이드 코코글루코사이드 쓰세요 농약을 쓰고 잔류 농약 검사를 인증한지 모르는 코코넛유래에 강한 황산화 에톡실화 과정을 겪어서 강한 화학물질입니다,"['소듐', '라우레스', '설페이트', '동물', '실험', '동물', '피부', '세정', '라우릴', '글루코사이드', '코코글루코사이드', '농약', '잔류', '농약', '검사', '인증', '코코넛', '유래', '황산', '에톡실', '과정', '화학', '물질']","['소듐_라우레스', '라우레스_설페이트', '설페이트_동물', '동물_실험', '실험_동물', '동물_피부', '피부_세정', '세정_라우릴', '라우릴_글루코사이드', '글루코사이드_코코글루코사이드', '코코글루코사이드_농약', '농약_잔류', '잔류_농약', '농약_검사', '검사_인증', '인증_코코넛', '코코넛_유래', '유래_황산', '황산_에톡실', '에톡실_과정', '과정_화학', '화학_물질']","['소듐', '라우레스', '설페이트', '동물', '실험', '동물', '피부', '세정', '라우릴', '글루코사이드', '코코글루코사이드', '농약', '잔류', '농약', '검사', '인증', '코코넛', '유래', '황산', '에톡실', '과정', '화학', '물질', '소듐_라우레스', '라우레스_설페이트', '설페이트_동물', '동물_실험', '실험_동물', '동물_피부', '피부_세정', '세정_라우릴', '라우릴_글루코사이드', '글루코사이드_코코글루코사이드', '코코글루코사이드_농약', '농약_잔류', '잔류_농약', '농약_검사', '검사_인증', '인증_코코넛', '코코넛_유래', '유래_황산', '황산_에톡실', '에톡실_과정', '과정_화학', '화학_물질']",[],"문제성 두피를 위한 데일리 샴푸, 헤드앤숄더 프로페셔널 1개월 사용 후기 (feat. 솔직한 리뷰)",0.0,0,[],0,[],0,중립,False
youtube,,두피케어 샴푸 비교,오늘 영상에서는 제가 실제로 써보고 효과 좋다고 느낀 두피 집중 샴푸 루틴 5단계 와 탈모랑 두피관리에 도움된 제품들 내돈내산 을 하나씩 소개 리뷰해보았어요 비싼 헤어케어제품부터 저렴이들까지 다 써보면서 헤어라인 시술 후 탈모관리도 같이 해보는 중이에요 이거 진짜 현실 후기라 도움이 되실 거예요 궁금한 부분은 댓글 남겨주기 의도적인 타사 추천 광고 댓글은 지우고있어요 영상 속 제품 정보 스위스 유스트 에델바이스 발삼 클렌징 후 두피에 영양 수분감이 바로 느껴지는 제품 부드럽고 촉촉 라우쉬 스위스 허벌 헤어 토닉 샴푸 후나 아침저녁으로 두피에 톡톡 뿌려주면 진정 영양 향이 진짜 향수급이에요 너무 좋음 아윤채 리빌런싱 샴푸 두피 밸런스 잡아주는 용도로 최고 민감하거나 자주 가려운 분들한테 강추 수분감이 바로 느껴져요 닥터그루트 마이크로바이옴 바이오엑소좀 샴푸 두피 균형 케어용으로 진짜 안정감 있는 샴푸예요 민감하거나 탈모 초기에 쓰기 딱 좋아요 닥터오라클 세보클리어 세범클링스 앰플 2개입 기름지고 번들거리는 두피용 피지 잡아주면서 산뜻해져요 지성두피 분들한테 찐템 닥터포헤어 제품이 더 좋긴했어요 닥터포헤어 폴리젠 플러스 샴푸 모발 강화 볼륨 업 둘 다 잡은 샴푸 씻고 나면 두피가 깔끔하고 단단해지는 느낌이에요 그로우어스 씨슬 테라피 두피 스케일러 두피 각질 노폐물 제거용 두피가 기름지거나 찝찝할 때 주 1 2회 사용 추천 라보에이치 샴푸브러쉬 두피 마사지용 브러쉬 강도 조절하면서 부드럽게 마사지해주면 혈액순환에도 좋아요 모지 피치 핑크 비오틴 구미 귀엽고 맛있는 비오틴 젤리 안에서부터 케어하는 느낌이라 같이 챙겨먹고 있어요 이런 루틴 꾸준히 해주면 진짜 머릿결이랑 두피 컨디션이 달라져요 특히 샴푸만 바꿔도 꽤 큰 변화 느끼실 거예요 일상부터 라이프꿀팁까지 공유 화장품 트렌드에 진심 함께해요 뷰티 lover ღ ᴗ ღ 인스타그램 viva yna contact flqhs7964 naver com,"['효과', '집중', '루틴', '단계', '탈모', '관리', '도움', '소개', '리뷰', '케어', '라인', '시술', '탈모', '관리', '현실', '도움', '댓글', '의도', '타사', '댓글', '정보', '스위스', '유스트', '에델바이스', '클렌징', '영양', '수분', '라우쉬', '스위스', '허벌', '토닉', '아침', '저녁', '영양', '향수', '리빌런싱', '밸런스', '용도', '최고', '수분', '닥터그루트', '마이크로바이옴', '바이오엑소좀', '균형', '케어', '안정감', '탈모', '초기', '닥터오라클', '세보클리어', '세범클링스', '앰플', '피지', '지성두피', '찐템', '닥터', '닥터포헤어', '폴리젠', '플러스', '모발', '강화', '볼륨', '느낌', '그로우어스', '테라피', '스케일러', '각질', '노폐물', '제거', '라보', '에이치', '브러쉬', '마사지', '브러쉬', '강도', '조절', '마사지', '혈액', '순환', '피치', '핑크', '비오티', '구미', '비오', '젤리', '케어', '느낌', '루틴', '머릿결', '컨디션', '변화', '일상', '라이프', '공유', '트렌드', '진심', '인스타그램']","['효과_집중', '집중_루틴', '루틴_단계', '단계_탈모', '탈모_관리', '관리_도움', '도움_소개', '소개_리뷰', '리뷰_케어', '케어_라인', '라인_시술', '시술_탈모', '탈모_관리', '관리_현실', '현실_도움', '도움_댓글', '댓글_의도', '의도_타사', '타사_댓글', '댓글_정보', '정보_스위스', '스위스_유스트', '유스트_에델바이스', '에델바이스_클렌징', '클렌징_영양', '영양_수분', '수분_라우쉬', '라우쉬_스위스', '스위스_허벌', '허벌_토닉', '토닉_아침', '아침_저녁', '저녁_영양', '영양_향수', '향수_리빌런싱', '리빌런싱_밸런스', '밸런스_용도', '용도_최고', '최고_수분', '수분_닥터그루트', '닥터그루트_마이크로바이옴', '마이크로바이옴_바이오엑소좀', '바이오엑소좀_균형', '균형_케어', '케어_안정감', '안정감_탈모', '탈모_초기', '초기_닥터오라클', '닥터오라클_세보클리어', '세보클리어_세범클링스', '세범클링스_앰플', '앰플_피지', '피지_지성두피', '지성두피_찐템', '찐템_닥터', '닥터_닥터포헤어', '닥터포헤어_폴리젠', '폴리젠_플러스', '플러스_모발', '모발_강화', '강화_볼륨', '볼륨_느낌', '느낌_그로우어스', '그로우어스_테라피', '테라피_스케일러', '스케일러_각질', '각질_노폐물', '노폐물_제거', '제거_라보', '라보_에이치', '에이치_브러쉬', '브러쉬_마사지', '마사지_브러쉬', '브러쉬_강도', '강도_조절', '조절_마사지', '마사지_혈액', '혈액_순환', '순환_피치', '피치_핑크', '핑크_비오티', '비오티_구미', '구미_비오', '비오_젤리', '젤리_케어', '케어_느낌', '느낌_루틴', '루틴_머릿결', '머릿결_컨디션', '컨디션_변화', '변화_일상', '일상_라이프', '라이프_공유', '공유_트렌드', '트렌드_진심', '진심_인스타그램']","['효과', '집중', '루틴', '단계', '탈모', '관리', '도움', '소개', '리뷰', '케어', '라인', '시술', '탈모', '관리', '현실', '도움', '댓글', '의도', '타사', '댓글', '정보', '스위스', '유스트', '에델바이스', '클렌징', '영양', '수분', '라우쉬', '스위스', '허벌', '토닉', '아침', '저녁', '영양', '향수', '리빌런싱', '밸런스', '용도', '최고', '수분', '닥터그루트', '마이크로바이옴', '바이오엑소좀', '균형', '케어', '안정감', '탈모', '초기', '닥터오라클', '세보클리어', '세범클링스', '앰플', '피지', '지성두피', '찐템', '닥터', '닥터포헤어', '폴리젠', '플러스', '모발', '강화', '볼륨', '느낌', '그로우어스', '테라피', '스케일러', '각질', '노폐물', '제거', '라보', '에이치', '브러쉬', '마사지', '브러쉬', '강도', '조절', '마사지', '혈액', '순환', '피치', '핑크', '비오티', '구미', '비오', '젤리', '케어', '느낌', '루틴', '머릿결', '컨디션', '변화', '일상', '라이프', '공유', '트렌드', '진심', '인스타그램', '효과_집중', '집중_루틴', '루틴_단계', '단계_탈모', '탈모_관리', '관리_도움', '도움_소개', '소개_리뷰', '리뷰_케어', '케어_라인', '라인_시술', '시술_탈모', '탈모_관리', '관리_현실', '현실_도움', '도움_댓글', '댓글_의도', '의도_타사', '타사_댓글', '댓글_정보', '정보_스위스', '스위스_유스트', '유스트_에델바이스', '에델바이스_클렌징', '클렌징_영양', '영양_수분', '수분_라우쉬', '라우쉬_스위스', '스위스_허벌', '허벌_토닉', '토닉_아침', '아침_저녁', '저녁_영양', '영양_향수', '향수_리빌런싱', '리빌런싱_밸런스', '밸런스_용도', '용도_최고', '최고_수분', '수분_닥터그루트', '닥터그루트_마이크로바이옴', '마이크로바이옴_바이오엑소좀', '바이오엑소좀_균형', '균형_케어', '케어_안정감', '안정감_탈모', '탈모_초기', '초기_닥터오라클', '닥터오라클_세보클리어', '세보클리어_세범클링스', '세범클링스_앰플', '앰플_피지', '피지_지성두피', '지성두피_찐템', '찐템_닥터', '닥터_닥터포헤어', '닥터포헤어_폴리젠', '폴리젠_플러스', '플러스_모발', '모발_강화', '강화_볼륨', '볼륨_느낌', '느낌_그로우어스', '그로우어스_테라피', '테라피_스케일러', '스케일러_각질', '각질_노폐물', '노폐물_제거', '제거_라보', '라보_에이치', '에이치_브러쉬', '브러쉬_마사지', '마사지_브러쉬', '브러쉬_강도', '강도_조절', '조절_마사지', '마사지_혈액', '혈액_순환', '순환_피치', '피치_핑크', '핑크_비오티', '비오티_구미', '구미_비오', '비오_젤리', '젤리_케어', '케어_느낌', '느낌_루틴', '루틴_머릿결', '머릿결_컨디션', '컨디션_변화', '변화_일상', '일상_라이프', '라이프_공유', '공유_트렌드', '트렌드_진심', '진심_인스타그램']",['촉촉_라우쉬'],내돈내산 탈모관리 샴푸 추천 &amp; 두피케어 루틴👩🏻 (두피타입별 샴푸) 모발이식 시술후 관리방법🤔,5.0,0,[],2,"['추천', '강추']",2,긍정,False
youtube,,두피케어 샴푸 비교,전 알갱이 없는 스케일러로 관리 해주고 있는데 두피 관리는 필수인 거 같아요,"['알갱이', '스케일러', '관리', '관리', '필수']","['알갱이_스케일러', '스케일러_관리', '관리_관리', '관리_필수']","['알갱이', '스케일러', '관리', '관리', '필수', '알갱이_스케일러', '스케일러_관리', '관리_관리', '관리_필수']",[],내돈내산 탈모관리 샴푸 추천 &amp; 두피케어 루틴👩🏻 (두피타입별 샴푸) 모발이식 시술후 관리방법🤔,0.0,0,[],0,[],0,중립,False
youtube,,두피케어 샴푸 비교,말씀하신대로 모발 이식 후에 관리가 더 중요하더라고요 ㅠㅠ 탈모가 있어서 머리 빠짐이 있어서 힘들었는데 다행히 피부과 원장님이 알려주신대로 관리하니깐 이제 쫌 살 것 같더라고요 ㅠㅠ 알려주신 방법 알려드릴께요 딱 3가지만 하세요 1 미녹시딜 바르는거나 먹는거 사용하세요 2 탈모와 두피 세정에 좋은 와사비 들어간 와샴푸 쓰세요 3 머리 감은 후 꼭 두피 잘 말려주세요 이거 3 4주면 확실히 효과가 드러납니다,"['말씀', '모발', '이식', '관리', '중요', '탈모', '피부과', '원장', '관리', '방법', '미녹시딜', '탈모', '세정', '와사비', '효과']","['말씀_모발', '모발_이식', '이식_관리', '관리_중요', '중요_탈모', '탈모_피부과', '피부과_원장', '원장_관리', '관리_방법', '방법_미녹시딜', '미녹시딜_탈모', '탈모_세정', '세정_와사비', '와사비_효과']","['말씀', '모발', '이식', '관리', '중요', '탈모', '피부과', '원장', '관리', '방법', '미녹시딜', '탈모', '세정', '와사비', '효과', '말씀_모발', '모발_이식', '이식_관리', '관리_중요', '중요_탈모', '탈모_피부과', '피부과_원장', '원장_관리', '관리_방법', '방법_미녹시딜', '미녹시딜_탈모', '탈모_세정', '세정_와사비', '와사비_효과']",[],내돈내산 탈모관리 샴푸 추천 &amp; 두피케어 루틴👩🏻 (두피타입별 샴푸) 모발이식 시술후 관리방법🤔,1.0,0,[],0,[],0,중립,False
youtube,,두피케어 샴푸 비교,헤어토닉 라우쉬 제품의 정확한 명칭 알려주세용 수분진정인지 두피안티에이징인지,"['헤어토닉', '라우쉬', '정확', '명칭', '수분', '진정', '안티에이징']","['헤어토닉_라우쉬', '라우쉬_정확', '정확_명칭', '명칭_수분', '수분_진정', '진정_안티에이징']","['헤어토닉', '라우쉬', '정확', '명칭', '수분', '진정', '안티에이징', '헤어토닉_라우쉬', '라우쉬_정확', '정확_명칭', '명칭_수분', '수분_진정', '진정_안티에이징']",[],내돈내산 탈모관리 샴푸 추천 &amp; 두피케어 루틴👩🏻 (두피타입별 샴푸) 모발이식 시술후 관리방법🤔,0.0,0,[],0,[],0,중립,False
youtube,,두피케어 샴푸 비교,20대 중반부터 30대 초반까지 탈모로 고생해온 사람으로써 이거 보시는 분들이 현명한 선택 하시길바래요 저는 안써본 제품이 없고 안해본 관리 치료가 없을정도로 탈모를 극복하기 위해 정말 많은걸 해봤던 사람이에요 사실 탈모라는게 토닉 탈모샴푸를 쓴다고 해서 또 영양제를 먹는다고 해서 극복할수 있는 영역이였다면 아마 탈모인들이 없었을거에요 제가 수년간 많은걸 시도해보고 또 많은 병원이나 클리닉에 돈을 쓰면서 배운 깨달음 하나는 결국 탈모라는건 깨끗한 두피 환경이 제일 중요하다는것 피부보다 두피에는 피지선이 많아서 피지가 굉장히 많이 생기고 이로인해 두피 모공속에 노폐물과 각질이 끼기가 쉬운데 손으로 머리를 감는건 두피 겉만 닦아내는꼴이라서 모공속까지는 깨끗하게 안닦인대요 저는 병원에서 청소년두피각질제거빗으로 머리 감을때 5분정도 두피를 빗어주면서 각질제거에 신경써봐라 그리고 그 이후에 다시 얘기하자 하셔서 그렇게 2개월정도 꾸준히 했더니 머리카락이 풍성하게 생기진 않아도 머리카락 빠지는게 정말 눈에 띄게 줄더라구요 그 이후 좋은 제품을 썼을때 흡수도 훨씬 잘되구요 성인용 말고 청소년용 쓰는 이유는 두피가 예민하기때문에 저자극으로 각질제거 할수있는 빗이여야 한다네요 저는 병원에서 꾹두러쉬 제품 추천받아서 쓰고있는데 만족하면서 잘 쓰고있어요 결국 두피 각질제거는 어떤 샴푸 어떤 오일을 쓰냐보다는 뭘로 머리를 감는지가 정말 중요한거같아요 각질과 노폐물로 가득한 두피에는 어떤 좋은걸 쓰고 먹어도 절대 흡수가 안될거에요 모두 좋은 결과 있기를 바래요,"['중반', '초반', '탈모', '고생', '현명', '선택', '관리', '치료', '탈모', '극복', '탈모', '토닉', '탈모', '영양제', '극복', '영역', '탈모인', '수년', '시도', '병원', '클리닉', '깨달음', '결국', '탈모', '환경', '중요', '피부', '피지선', '피지', '모공', '노폐물', '각질', '모공', '병원', '청소년', '각질', '제거', '각질', '제거', '신경', '이후', '얘기', '머리카락', '머리카락', '이후', '흡수', '성인용', '청소년', '자극', '각질', '제거', '병원', '꾹두러쉬', '만족', '각질', '제거', '오일', '중요', '각질', '노폐물', '흡수', '결과']","['중반_초반', '초반_탈모', '탈모_고생', '고생_현명', '현명_선택', '선택_관리', '관리_치료', '치료_탈모', '탈모_극복', '극복_탈모', '탈모_토닉', '토닉_탈모', '탈모_영양제', '영양제_극복', '극복_영역', '영역_탈모인', '탈모인_수년', '수년_시도', '시도_병원', '병원_클리닉', '클리닉_깨달음', '깨달음_결국', '결국_탈모', '탈모_환경', '환경_중요', '중요_피부', '피부_피지선', '피지선_피지', '피지_모공', '모공_노폐물', '노폐물_각질', '각질_모공', '모공_병원', '병원_청소년', '청소년_각질', '각질_제거', '제거_각질', '각질_제거', '제거_신경', '신경_이후', '이후_얘기', '얘기_머리카락', '머리카락_머리카락', '머리카락_이후', '이후_흡수', '흡수_성인용', '성인용_청소년', '청소년_자극', '자극_각질', '각질_제거', '제거_병원', '병원_꾹두러쉬', '꾹두러쉬_만족', '만족_각질', '각질_제거', '제거_오일', '오일_중요', '중요_각질', '각질_노폐물', '노폐물_흡수', '흡수_결과']","['중반', '초반', '탈모', '고생', '현명', '선택', '관리', '치료', '탈모', '극복', '탈모', '토닉', '탈모', '영양제', '극복', '영역', '탈모인', '수년', '시도', '병원', '클리닉', '깨달음', '결국', '탈모', '환경', '중요', '피부', '피지선', '피지', '모공', '노폐물', '각질', '모공', '병원', '청소년', '각질', '제거', '각질', '제거', '신경', '이후', '얘기', '머리카락', '머리카락', '이후', '흡수', '성인용', '청소년', '자극', '각질', '제거', '병원', '꾹두러쉬', '만족', '각질', '제거', '오일', '중요', '각질', '노폐물', '흡수', '결과', '중반_초반', '초반_탈모', '탈모_고생', '고생_현명', '현명_선택', '선택_관리', '관리_치료', '치료_탈모', '탈모_극복', '극복_탈모', '탈모_토닉', '토닉_탈모', '탈모_영양제', '영양제_극복', '극복_영역', '영역_탈모인', '탈모인_수년', '수년_시도', '시도_병원', '병원_클리닉', '클리닉_깨달음', '깨달음_결국', '결국_탈모', '탈모_환경', '환경_중요', '중요_피부', '피부_피지선', '피지선_피지', '피지_모공', '모공_노폐물', '노폐물_각질', '각질_모공', '모공_병원', '병원_청소년', '청소년_각질', '각질_제거', '제거_각질', '각질_제거', '제거_신경', '신경_이후', '이후_얘기', '얘기_머리카락', '머리카락_머리카락', '머리카락_이후', '이후_흡수', '흡수_성인용', '성인용_청소년', '청소년_자극', '자극_각질', '각질_제거', '제거_병원', '병원_꾹두러쉬', '꾹두러쉬_만족', '만족_각질', '각질_제거', '제거_오일', '오일_중요', '중요_각질', '각질_노폐물', '노폐물_흡수', '흡수_결과']",[],내돈내산 탈모관리 샴푸 추천 &amp; 두피케어 루틴👩🏻 (두피타입별 샴푸) 모발이식 시술후 관리방법🤔,3.0,1,['자극'],1,['추천'],0,중립,False
youtube,,두피케어 샴푸 비교,저도 모발이식 할려구요 저도 얼마전까지 머리감을때마다 배수구에 시커멓게 머리빠지고 머리가늘고 정수리 점점 벌어져서 진짜 가발써야하나 절망햇는데 요즘 킹스파워샴푸 쓰고부터 머리가 안빠집니다 거의 5년전의 머리숱 다시 찾았고요 머리카락이 굵어지면서 훨씬 더 풍성해져요 이게 천연 무슨 성분이라는데 머리카락빠지는거 자체가 1 3로 줄어들면서 머리가 진짜 볼륨살고 빵빵해요 킹스파워샴푸 다들 써보세요 정말 좋아요 제가 써보고 얘기하는거,"['모발', '이식', '얼마', '배수구', '정수리', '가발', '절망', '킹스', '파워', '머리숱', '머리카락', '천연', '성분', '머리카락', '자체', '볼륨', '킹스파워샴푸', '얘기']","['모발_이식', '이식_얼마', '얼마_배수구', '배수구_정수리', '정수리_가발', '가발_절망', '절망_킹스', '킹스_파워', '파워_머리숱', '머리숱_머리카락', '머리카락_천연', '천연_성분', '성분_머리카락', '머리카락_자체', '자체_볼륨', '볼륨_킹스파워샴푸', '킹스파워샴푸_얘기']","['모발', '이식', '얼마', '배수구', '정수리', '가발', '절망', '킹스', '파워', '머리숱', '머리카락', '천연', '성분', '머리카락', '자체', '볼륨', '킹스파워샴푸', '얘기', '모발_이식', '이식_얼마', '얼마_배수구', '배수구_정수리', '정수리_가발', '가발_절망', '절망_킹스', '킹스_파워', '파워_머리숱', '머리숱_머리카락', '머리카락_천연', '천연_성분', '성분_머리카락', '머리카락_자체', '자체_볼륨', '볼륨_킹스파워샴푸', '킹스파워샴푸_얘기']",[],내돈내산 탈모관리 샴푸 추천 &amp; 두피케어 루틴👩🏻 (두피타입별 샴푸) 모발이식 시술후 관리방법🤔,0.0,0,[],0,[],0,중립,False
youtube,,두피케어 샴푸 비교,안녕하세요 디렉터파이입니다 업로드 이후 리뉴얼된 바디브 샴푸는 계면활성제와 클림바졸 항균 성분은 유사 세정과 방부 성분이 변경되었습니다 세정력 강화를 위해 점도 제형 안정화를 위한 소듐클로라이드 소듐설페이트 테트라데센 성분을 추가 또는 함량이 높아진 게 달라진 점입니다 사용감이 좀더 개운해진 느낌 비듬 완화와 항균 목적의 샴푸로 여전히 추천템입니다 소듐설페이트 계면활성제가 아니라 세정제 샴푸에서 보조 기능을 하는 무기염 제형 안정화 역할 소듐클로라이드와 포지션상 비슷한 역할 테트라데센 점도 조절 용해 사용감 개선 역할하는 보조제로 저자극 원료,"['디렉터파이', '업로드', '이후', '리뉴얼', '바디브', '계면활성제', '클림바졸', '항균', '성분', '유사', '세정', '방부', '성분', '변경', '정력', '강화', '안정', '소듐클로라이드', '소듐설페이트', '테트라데센', '성분', '추가', '함량', '느낌', '비듬', '완화', '항균', '목적', '소듐설페이트', '계면활성제', '세정제', '보조', '기능', '무기', '제형', '안정', '역할', '소듐클로라이드', '포지션', '역할', '테트라데센', '점도', '조절', '용해', '개선', '역할', '보조', '자극', '원료']","['디렉터파이_업로드', '업로드_이후', '이후_리뉴얼', '리뉴얼_바디브', '바디브_계면활성제', '계면활성제_클림바졸', '클림바졸_항균', '항균_성분', '성분_유사', '유사_세정', '세정_방부', '방부_성분', '성분_변경', '변경_정력', '정력_강화', '강화_안정', '안정_소듐클로라이드', '소듐클로라이드_소듐설페이트', '소듐설페이트_테트라데센', '테트라데센_성분', '성분_추가', '추가_함량', '함량_느낌', '느낌_비듬', '비듬_완화', '완화_항균', '항균_목적', '목적_소듐설페이트', '소듐설페이트_계면활성제', '계면활성제_세정제', '세정제_보조', '보조_기능', '기능_무기', '무기_제형', '제형_안정', '안정_역할', '역할_소듐클로라이드', '소듐클로라이드_포지션', '포지션_역할', '역할_테트라데센', '테트라데센_점도', '점도_조절', '조절_용해', '용해_개선', '개선_역할', '역할_보조', '보조_자극', '자극_원료']","['디렉터파이', '업로드', '이후', '리뉴얼', '바디브', '계면활성제', '클림바졸', '항균', '성분', '유사', '세정', '방부', '성분', '변경', '정력', '강화', '안정', '소듐클로라이드', '소듐설페이트', '테트라데센', '성분', '추가', '함량', '느낌', '비듬', '완화', '항균', '목적', '소듐설페이트', '계면활성제', '세정제', '보조', '기능', '무기', '제형', '안정', '역할', '소듐클로라이드', '포지션', '역할', '테트라데센', '점도', '조절', '용해', '개선', '역할', '보조', '자극', '원료', '디렉터파이_업로드', '업로드_이후', '이후_리뉴얼', '리뉴얼_바디브', '바디브_계면활성제', '계면활성제_클림바졸', '클림바졸_항균', '항균_성분', '성분_유사', '유사_세정', '세정_방부', '방부_성분', '성분_변경', '변경_정력', '정력_강화', '강화_안정', '안정_소듐클로라이드', '소듐클로라이드_소듐설페이트', '소듐설페이트_테트라데센', '테트라데센_성분', '성분_추가', '추가_함량', '함량_느낌', '느낌_비듬', '비듬_완화', '완화_항균', '항균_목적', '목적_소듐설페이트', '소듐설페이트_계면활성제', '계면활성제_세정제', '세정제_보조', '보조_기능', '기능_무기', '무기_제형', '제형_안정', '안정_역할', '역할_소듐클로라이드', '소듐클로라이드_포지션', '포지션_역할', '역할_테트라데센', '테트라데센_점도', '점도_조절', '조절_용해', '용해_개선', '개선_역할', '역할_보조', '보조_자극', '자극_원료']",[],"(*Eng) 2025 샴푸 1위는?🏆 지루성, 수부지, 건성, 탈모 추천템 ✅️ 건강한 두피를 위해 절대 하면 안되는 것은? | Best Shampoos",23.0,2,"['자극', '달라진']",1,['추천'],-1,이탈위험,False
youtube,,두피케어 샴푸 비교,다들 좋은 샴푸보다 자기 두피상태가 어떤지 파악하는게 가장 중요한것 같아요 이번 영상은 정말 두피상태에 따라 더 세분화하고 더 꼼꼼히 만드신게 보여서 얼마나 애쓰셨는지 영상 보면서 계속 느껴졌어요 사실 전 샴푸 영상보면서 안맞았다 더 심해졌다 그런댓글들 보면서 마음이 안좋았은데 그래서 이번에 본인두피파악이 중요하다는 점에 더 힘쓰신것 같아서 더 고생하셨을것 같아요 너무 고생많으셨어요 디파님 행복한 주말보내세요,"['상태', '파악', '중요', '이번', '상태', '세분', '댓글', '이번', '본인', '파악', '중요', '고생', '고생', '디파', '행복', '주말']","['상태_파악', '파악_중요', '중요_이번', '이번_상태', '상태_세분', '세분_댓글', '댓글_이번', '이번_본인', '본인_파악', '파악_중요', '중요_고생', '고생_고생', '고생_디파', '디파_행복', '행복_주말']","['상태', '파악', '중요', '이번', '상태', '세분', '댓글', '이번', '본인', '파악', '중요', '고생', '고생', '디파', '행복', '주말', '상태_파악', '파악_중요', '중요_이번', '이번_상태', '상태_세분', '세분_댓글', '댓글_이번', '이번_본인', '본인_파악', '파악_중요', '중요_고생', '고생_고생', '고생_디파', '디파_행복', '행복_주말']",[],"(*Eng) 2025 샴푸 1위는?🏆 지루성, 수부지, 건성, 탈모 추천템 ✅️ 건강한 두피를 위해 절대 하면 안되는 것은? | Best Shampoos",168.0,0,[],0,[],0,중립,False
youtube,,두피케어 샴푸 비교,흑흑 드디어 떴다 ㅠ_ㅠ 이것만 기다렸어요 지루성 두피염 진짜 지긋지긋해,['지루'],[],['지루'],[],"(*Eng) 2025 샴푸 1위는?🏆 지루성, 수부지, 건성, 탈모 추천템 ✅️ 건강한 두피를 위해 절대 하면 안되는 것은? | Best Shampoos",1.0,0,[],0,[],0,중립,False
youtube,,두피케어 샴푸 비교,진짜 자기 두피 상태를 알고 써야 좋은것도 잘받는거 같아요 ㅎㅎ 요즘 머리가 좀 빠져서 걱정이였는데 나인밀라 맥주효모 샴푸 한번 써봐야겠네요 ㅎㅎ,"['상태', '걱정', '나인밀라', '맥주', '효모']","['상태_걱정', '걱정_나인밀라', '나인밀라_맥주', '맥주_효모']","['상태', '걱정', '나인밀라', '맥주', '효모', '상태_걱정', '걱정_나인밀라', '나인밀라_맥주', '맥주_효모']",[],"(*Eng) 2025 샴푸 1위는?🏆 지루성, 수부지, 건성, 탈모 추천템 ✅️ 건강한 두피를 위해 절대 하면 안되는 것은? | Best Shampoos",2.0,0,[],0,[],0,중립,False
youtube,,두피케어 샴푸 비교,감사합니다 지루성두피때문에 힘들었는데 영상보고 구매합니다 효과 있기를 바랍니다,"['감사', '지루성두피', '효과']","['감사_지루성두피', '지루성두피_효과']","['감사', '지루성두피', '효과', '감사_지루성두피', '지루성두피_효과']",[],"(*Eng) 2025 샴푸 1위는?🏆 지루성, 수부지, 건성, 탈모 추천템 ✅️ 건강한 두피를 위해 절대 하면 안되는 것은? | Best Shampoos",0.0,0,[],0,[],0,중립,False
youtube,,두피케어 샴푸 비교,드디어ㅜ 지루성두피염인 저와 탈모예방 원하는 엄마를 위해 사러갑니당 감사해요 흑 참 혹시 염색약은 리스트에 없을까요 ㅠ,"['지루성두피염인', '탈모', '예방', '엄마', '감사', '염색약', '리스트']","['지루성두피염인_탈모', '탈모_예방', '예방_엄마', '엄마_감사', '감사_염색약', '염색약_리스트']","['지루성두피염인', '탈모', '예방', '엄마', '감사', '염색약', '리스트', '지루성두피염인_탈모', '탈모_예방', '예방_엄마', '엄마_감사', '감사_염색약', '염색약_리스트']",[],"(*Eng) 2025 샴푸 1위는?🏆 지루성, 수부지, 건성, 탈모 추천템 ✅️ 건강한 두피를 위해 절대 하면 안되는 것은? | Best Shampoos",3.0,0,[],0,[],0,중립,False
youtube,,두피케어 샴푸 비교,샴푸 영상이 올라왔네요 기다렸습니다 항상 샴푸 영상만은 처음부터 끝까지 꼼꼼하게 보고 구매하고 있습니다 항상 도움이 많이 됩니다 지루성 두피염있던 제가 여러 샴푸를 찾으며 헤매이다 추천해주신 샴푸를 썼다가 정착했었는데 요새는 해외구매밖에안되서 새로 찾고자 다시 한번 영상 참고하여 새 템을 찾고자 합니다 좋아요 누르고 갑니다 언제나 감사합니다,"['처음', '도움', '지루성', '정착', '요새', '해외', '참고', '감사']","['처음_도움', '도움_지루성', '지루성_정착', '정착_요새', '요새_해외', '해외_참고', '참고_감사']","['처음', '도움', '지루성', '정착', '요새', '해외', '참고', '감사', '처음_도움', '도움_지루성', '지루성_정착', '정착_요새', '요새_해외', '해외_참고', '참고_감사']",[],"(*Eng) 2025 샴푸 1위는?🏆 지루성, 수부지, 건성, 탈모 추천템 ✅️ 건강한 두피를 위해 절대 하면 안되는 것은? | Best Shampoos",0.0,1,['올라왔'],2,"['정착', '추천']",1,긍정,False
youtube,,두피케어 샴푸 비교,제 두피가 지루성두피인줄 알았는데 영상보니까 여드름성같기도 하고 민감성같기도 해요,"['지루', '여드름']",['지루_여드름'],"['지루', '여드름', '지루_여드름']",[],"(*Eng) 2025 샴푸 1위는?🏆 지루성, 수부지, 건성, 탈모 추천템 ✅️ 건강한 두피를 위해 절대 하면 안되는 것은? | Best Shampoos",1.0,0,[],0,[],0,중립,False
youtube,,두피케어 샴푸 비교,디파님 샴푸영상이라 그런지 머릿결도 스타일도 넘 예뻐요 지성두피 2인과 같이 살고 있는데 땀 많이 흘리는 날은 하루 두번 감아야 할 만큼 기름진 두피들이라 오늘 영상 정말 큰 도움이에요 전에 추천하신 알로에젤 샴푸 팩도 효과 좋아요,"['디파', '머릿결', '스타일', '지성두피', '하루', '도움', '알로에', '효과']","['디파_머릿결', '머릿결_스타일', '스타일_지성두피', '지성두피_하루', '하루_도움', '도움_알로에', '알로에_효과']","['디파', '머릿결', '스타일', '지성두피', '하루', '도움', '알로에', '효과', '디파_머릿결', '머릿결_스타일', '스타일_지성두피', '지성두피_하루', '하루_도움', '도움_알로에', '알로에_효과']",[],"(*Eng) 2025 샴푸 1위는?🏆 지루성, 수부지, 건성, 탈모 추천템 ✅️ 건강한 두피를 위해 절대 하면 안되는 것은? | Best Shampoos",0.0,0,[],1,['추천'],1,긍정,False
youtube,,두피케어 샴푸 비교,탈모약과 두피면역개선이 중요하더라구요 1 탈모약은 매일 먹는다 2 머리는 매일 저녁에 감는다 3 유산소 운동 30분이상 주 3회 진행해서 열발산을 한다 4 유제품 섭취를 줄인다 탈모와 염증유발 영향을 줌 5 자기전에 지루성전용밴드로 두피 냉찜질을 한다 두피열을 낮춰줌 6 금연과 금주는 필수 사람마다 다르지만 영향을 줌 이렇게만 매일해도 M자는 몰라도 정수리는 채워지더라구요,"['탈모', '면역', '개선', '중요', '탈모', '저녁', '유산소', '운동', '이상', '진행', '발산', '유제품', '섭취', '탈모', '염증', '유발', '영향', '지루', '전용', '밴드', '금연', '금주', '필수', '영향', '정수리']","['탈모_면역', '면역_개선', '개선_중요', '중요_탈모', '탈모_저녁', '저녁_유산소', '유산소_운동', '운동_이상', '이상_진행', '진행_발산', '발산_유제품', '유제품_섭취', '섭취_탈모', '탈모_염증', '염증_유발', '유발_영향', '영향_지루', '지루_전용', '전용_밴드', '밴드_금연', '금연_금주', '금주_필수', '필수_영향', '영향_정수리']","['탈모', '면역', '개선', '중요', '탈모', '저녁', '유산소', '운동', '이상', '진행', '발산', '유제품', '섭취', '탈모', '염증', '유발', '영향', '지루', '전용', '밴드', '금연', '금주', '필수', '영향', '정수리', '탈모_면역', '면역_개선', '개선_중요', '중요_탈모', '탈모_저녁', '저녁_유산소', '유산소_운동', '운동_이상', '이상_진행', '진행_발산', '발산_유제품', '유제품_섭취', '섭취_탈모', '탈모_염증', '염증_유발', '유발_영향', '영향_지루', '지루_전용', '전용_밴드', '밴드_금연', '금연_금주', '금주_필수', '필수_영향', '영향_정수리']",[],"(*Eng) 2025 샴푸 1위는?🏆 지루성, 수부지, 건성, 탈모 추천템 ✅️ 건강한 두피를 위해 절대 하면 안되는 것은? | Best Shampoos",3.0,0,[],0,[],0,중립,False
youtube,,두피케어 샴푸 비교,이때까지 봐온 영상중 제일 공감되고 도움되는 영상입니다 제가 말한 샴푸가 3가지나 나와서 괜히 막 뿌듯하고 그래여 비록 탑오브 탑은 아닙니다ㅋㅋㅋㅋ 일단 저는 하나의 샴푸를 계속해서 쓰는걸 못해서 여러가지를 쓰는데 지금 쓰고 있는 샴푸들도 나왔고 바로 이전에 쓰던 샴푸들도 나와서 너무 도움이 돼서 좋아요 궁금했던 샴푸들도 이렇게 리뷰해주셔서 너무 감사합니다 이번 영상은 진짜 두피 모발 상태에 따라 무슨 샴푸를 써야 될지 잘 알수 있었습니다 거를 샴푸들도 생겼고ㅎㅎ 마침 또 올영 세일이라 바아로 지르러 갑니다,"['이때', '공감', '도움', '탑오브', '계속', '이전', '도움', '리뷰', '감사', '이번', '모발', '상태', '바아']","['이때_공감', '공감_도움', '도움_탑오브', '탑오브_계속', '계속_이전', '이전_도움', '도움_리뷰', '리뷰_감사', '감사_이번', '이번_모발', '모발_상태', '상태_바아']","['이때', '공감', '도움', '탑오브', '계속', '이전', '도움', '리뷰', '감사', '이번', '모발', '상태', '바아', '이때_공감', '공감_도움', '도움_탑오브', '탑오브_계속', '계속_이전', '이전_도움', '도움_리뷰', '리뷰_감사', '감사_이번', '이번_모발', '모발_상태', '상태_바아']",[],"(*Eng) 2025 샴푸 1위는?🏆 지루성, 수부지, 건성, 탈모 추천템 ✅️ 건강한 두피를 위해 절대 하면 안되는 것은? | Best Shampoos",0.0,0,[],0,[],0,중립,False
youtube,,두피케어 샴푸 비교,디파님 감사합니다 출산하고 두피 너무 민감해져서 샴푸 찾고 있었는데 추천해주신 아미노산샴푸 쓰고 두피가 편안해졌어요 ㅜㅜ,"['디파', '감사', '출산', '아미노산', '편안']","['디파_감사', '감사_출산', '출산_아미노산', '아미노산_편안']","['디파', '감사', '출산', '아미노산', '편안', '디파_감사', '감사_출산', '출산_아미노산', '아미노산_편안']",[],"(*Eng) 2025 샴푸 1위는?🏆 지루성, 수부지, 건성, 탈모 추천템 ✅️ 건강한 두피를 위해 절대 하면 안되는 것은? | Best Shampoos",0.0,0,[],1,['추천'],1,긍정,False
youtube,,두피케어 샴푸 비교,디파님 ㅠㅠ 아침 저녁으로 모두 머리 감는 거 괜찮을까요 저녁에 감고 자는 게 두피에 좋은데 스타일링 때문에 아침에도 머리를 감게 되네요,"['디파', '아침', '저녁', '저녁', '스타일링', '아침']","['디파_아침', '아침_저녁', '저녁_저녁', '저녁_스타일링', '스타일링_아침']","['디파', '아침', '저녁', '저녁', '스타일링', '아침', '디파_아침', '아침_저녁', '저녁_저녁', '저녁_스타일링', '스타일링_아침']",[],"(*Eng) 2025 샴푸 1위는?🏆 지루성, 수부지, 건성, 탈모 추천템 ✅️ 건강한 두피를 위해 절대 하면 안되는 것은? | Best Shampoos",2.0,0,[],0,[],0,중립,False
youtube,,두피케어 샴푸 비교,지루성두피염 트리트먼트도 같이 부탁드려요ㅠㅠㅠ,"['지루성두피염', '트리트먼트']",['지루성두피염_트리트먼트'],"['지루성두피염', '트리트먼트', '지루성두피염_트리트먼트']",[],"(*Eng) 2025 샴푸 1위는?🏆 지루성, 수부지, 건성, 탈모 추천템 ✅️ 건강한 두피를 위해 절대 하면 안되는 것은? | Best Shampoos",1.0,0,[],0,[],0,중립,False
youtube,,두피케어 샴푸 비교,지성두피 냄새제거 탈모예방 샴푸는 없을까요 ㅠㅠ,"['지성', '냄새', '제거', '탈모', '예방']","['지성_냄새', '냄새_제거', '제거_탈모', '탈모_예방']","['지성', '냄새', '제거', '탈모', '예방', '지성_냄새', '냄새_제거', '제거_탈모', '탈모_예방']",[],"(*Eng) 2025 샴푸 1위는?🏆 지루성, 수부지, 건성, 탈모 추천템 ✅️ 건강한 두피를 위해 절대 하면 안되는 것은? | Best Shampoos",6.0,0,[],0,[],0,중립,False
youtube,,두피케어 샴푸 비교,닥터지 두피샴푸 썼는데 뾰루지 계속나고 머리가 많이 엉키더라구요,"['닥터지', '뾰루지']",['닥터지_뾰루지'],"['닥터지', '뾰루지', '닥터지_뾰루지']",[],"(*Eng) 2025 샴푸 1위는?🏆 지루성, 수부지, 건성, 탈모 추천템 ✅️ 건강한 두피를 위해 절대 하면 안되는 것은? | Best Shampoos",5.0,1,['뾰루지'],0,[],-1,이탈위험,False
youtube,,두피케어 샴푸 비교,가려움이나 비듬 각질은 없는데 머리카락이 빨리 기름져요 머리카락도 얇구요 이러면 어떤 샴푸를 써아죠,"['비듬', '각질', '머리카락', '머리카락']","['비듬_각질', '각질_머리카락', '머리카락_머리카락']","['비듬', '각질', '머리카락', '머리카락', '비듬_각질', '각질_머리카락', '머리카락_머리카락']",[],"(*Eng) 2025 샴푸 1위는?🏆 지루성, 수부지, 건성, 탈모 추천템 ✅️ 건강한 두피를 위해 절대 하면 안되는 것은? | Best Shampoos",4.0,1,['가려움'],0,[],-1,이탈위험,False
youtube,,두피케어 샴푸 비교,언니 두피세럼이 실제로 효과있는지도 알려주세요오,"['언니', '세럼', '효과']","['언니_세럼', '세럼_효과']","['언니', '세럼', '효과', '언니_세럼', '세럼_효과']",[],"(*Eng) 2025 샴푸 1위는?🏆 지루성, 수부지, 건성, 탈모 추천템 ✅️ 건강한 두피를 위해 절대 하면 안되는 것은? | Best Shampoos",92.0,0,[],1,['효과있'],1,긍정,False
youtube,,두피케어 샴푸 비교,두피 가려움증으로 디파님이 추천해주신 닥터지 두피랩 샴푸 꾸준히 사용중인데 시원하고 너무 좋아요 안그래도 샴푸 다 떨어져서 구매해야하는데 이번 영상에서 지루성두피로 추천해주신 바디브 미오 샴푸도 사용해보려구요 게다가 올영 세일기간인데 다행이도 올영에도 파네요 유익한 영상 항상 감사하며 보고있습니다 디파님 추천템은 실패가 없어요ㅠㅠ 진심으로 너무너무너무 감사드립니다,"['가려움증', '디파', '닥터', '이번', '지루', '바디브', '기간', '유익', '감사', '디파', '실패', '진심', '감사']","['가려움증_디파', '디파_닥터', '닥터_이번', '이번_지루', '지루_바디브', '바디브_기간', '기간_유익', '유익_감사', '감사_디파', '디파_실패', '실패_진심', '진심_감사']","['가려움증', '디파', '닥터', '이번', '지루', '바디브', '기간', '유익', '감사', '디파', '실패', '진심', '감사', '가려움증_디파', '디파_닥터', '닥터_이번', '이번_지루', '지루_바디브', '바디브_기간', '기간_유익', '유익_감사', '감사_디파', '디파_실패', '실패_진심', '진심_감사']",[],"(*Eng) 2025 샴푸 1위는?🏆 지루성, 수부지, 건성, 탈모 추천템 ✅️ 건강한 두피를 위해 절대 하면 안되는 것은? | Best Shampoos",0.0,1,['가려움'],1,['추천'],0,중립,False
youtube,,두피케어 샴푸 비교,좋은 정보 감사합니다 지루성 두피염하고 탈모로 힘들었었는데 ㅠ 말씀하신 정보들하고 성분들 고려해서 샴푸 쓰면서 피부과 원장님이 알려주신 방법으로 관리하니깐 탈모하고 지루성 두피염 둘다 많이 나아졌네요 ㅠㅠ,"['정보', '감사', '지루', '탈모', '말씀', '정보', '성분', '고려', '피부과', '원장', '방법', '관리', '탈모']","['정보_감사', '감사_지루', '지루_탈모', '탈모_말씀', '말씀_정보', '정보_성분', '성분_고려', '고려_피부과', '피부과_원장', '원장_방법', '방법_관리', '관리_탈모']","['정보', '감사', '지루', '탈모', '말씀', '정보', '성분', '고려', '피부과', '원장', '방법', '관리', '탈모', '정보_감사', '감사_지루', '지루_탈모', '탈모_말씀', '말씀_정보', '정보_성분', '성분_고려', '고려_피부과', '피부과_원장', '원장_방법', '방법_관리', '관리_탈모']",[],"(*Eng) 2025 샴푸 1위는?🏆 지루성, 수부지, 건성, 탈모 추천템 ✅️ 건강한 두피를 위해 절대 하면 안되는 것은? | Best Shampoos",2.0,0,[],1,['나아졌'],1,긍정,False
youtube,,두피케어 샴푸 비교,좋은 템들만 가득해서 뭘 살지가 고민이네요 리뷰 너무너무 감사합니다 저같은 경우는 지금 킹스파워 샴푸 쓰고있어요 뭘 써도 효과 잘 못 보고 떡지고 정수리 냄새나고ㅠㅠ 그래서 이것저것 전전했는데 이 샴푸 쓰고나서 고민이 확 줄었어요 머리가 덜 떡지니 볼륨도 확 살아나고 풍성하게 보이더라고요 덕분에 잘 쓰고 있습니다 추천제품중에 맞는게 없으시면 킹스파워도 추천드려요,"['고민', '리뷰', '감사', '킹스', '파워', '효과', '정수리', '냄새', '이것저것', '전전', '고민', '떡지니', '볼륨', '풍성', '덕분', '킹스파워']","['고민_리뷰', '리뷰_감사', '감사_킹스', '킹스_파워', '파워_효과', '효과_정수리', '정수리_냄새', '냄새_이것저것', '이것저것_전전', '전전_고민', '고민_떡지니', '떡지니_볼륨', '볼륨_풍성', '풍성_덕분', '덕분_킹스파워']","['고민', '리뷰', '감사', '킹스', '파워', '효과', '정수리', '냄새', '이것저것', '전전', '고민', '떡지니', '볼륨', '풍성', '덕분', '킹스파워', '고민_리뷰', '리뷰_감사', '감사_킹스', '킹스_파워', '파워_효과', '효과_정수리', '정수리_냄새', '냄새_이것저것', '이것저것_전전', '전전_고민', '고민_떡지니', '떡지니_볼륨', '볼륨_풍성', '풍성_덕분', '덕분_킹스파워']",[],"(*Eng) 2025 샴푸 1위는?🏆 지루성, 수부지, 건성, 탈모 추천템 ✅️ 건강한 두피를 위해 절대 하면 안되는 것은? | Best Shampoos",1.0,0,[],1,['추천'],1,긍정,False
youtube,,두피케어 샴푸 비교,저 두피는 맨날 붉고 각질에 지루성 두피에 온갖 안좋은 두피 상태 때문에 스트레스 받던 남성인데 바디브 미오 샴푸 이거 쓰니까 진짜 진짜 좋아졌습니다 샴푸 뭐 살까 고민하다가 이 영상 보고 구매했는데 인생 샴푸 찾은 거 같아서 너무 감사드려요,"['각질', '지루', '상태', '스트레스', '남성', '바디브', '미오', '고민', '인생', '감사']","['각질_지루', '지루_상태', '상태_스트레스', '스트레스_남성', '남성_바디브', '바디브_미오', '미오_고민', '고민_인생', '인생_감사']","['각질', '지루', '상태', '스트레스', '남성', '바디브', '미오', '고민', '인생', '감사', '각질_지루', '지루_상태', '상태_스트레스', '스트레스_남성', '남성_바디브', '바디브_미오', '미오_고민', '고민_인생', '인생_감사']",[],"(*Eng) 2025 샴푸 1위는?🏆 지루성, 수부지, 건성, 탈모 추천템 ✅️ 건강한 두피를 위해 절대 하면 안되는 것은? | Best Shampoos",0.0,0,[],1,['좋아졌'],1,긍정,False
youtube,,두피케어 샴푸 비교,바디브 가성비 엄청 좋은데 TOP OF TOP이라니 근데 리뉴얼 됐나봐요ㅠㅠ 소듐 설페이트 들어가있고 전성분도 꽤 달라졌네요ㅠㅠㅠ,"['바디브', '가성비', '리뉴얼', '소듐', '설페이트', '성분']","['바디브_가성비', '가성비_리뉴얼', '리뉴얼_소듐', '소듐_설페이트', '설페이트_성분']","['바디브', '가성비', '리뉴얼', '소듐', '설페이트', '성분', '바디브_가성비', '가성비_리뉴얼', '리뉴얼_소듐', '소듐_설페이트', '설페이트_성분']",[],"(*Eng) 2025 샴푸 1위는?🏆 지루성, 수부지, 건성, 탈모 추천템 ✅️ 건강한 두피를 위해 절대 하면 안되는 것은? | Best Shampoos",4.0,0,[],0,[],0,중립,False
youtube,,두피케어 샴푸 비교,건성에 겨울에만 특히 비듬이 생기는 두피에는 뭐가 좋을까요 비듬에 유명한 헤드앤숄더 제품은 써도 괜찮은 성분 구성일까요 저희 엄마가 고민이신데 헤드앤숄더를 쓰시는 게 걱정돼서요ㅠㅠㅠ,"['건성', '겨울', '비듬', '비듬', '유명', '성분', '구성', '엄마', '고민', '걱정']","['건성_겨울', '겨울_비듬', '비듬_비듬', '비듬_유명', '유명_성분', '성분_구성', '구성_엄마', '엄마_고민', '고민_걱정']","['건성', '겨울', '비듬', '비듬', '유명', '성분', '구성', '엄마', '고민', '걱정', '건성_겨울', '겨울_비듬', '비듬_비듬', '비듬_유명', '유명_성분', '성분_구성', '구성_엄마', '엄마_고민', '고민_걱정']",[],"(*Eng) 2025 샴푸 1위는?🏆 지루성, 수부지, 건성, 탈모 추천템 ✅️ 건강한 두피를 위해 절대 하면 안되는 것은? | Best Shampoos",0.0,0,[],0,[],0,중립,False
youtube,,두피케어 샴푸 비교,저처럼 오후만 되면 정수리에 기름 올라오는 분들 계신가요 두피 스케일러도 효과 없는 제 저주받은 정수리 아도르 샴푸 한번 써볼게요 ㅜㅜ 혹시 악지성 극지성 악악지성인 분들 샴푸 추천도 좋아요,"['오후', '정수리', '기름', '스케일러', '효과', '저주', '정수리', '아도르', '극지', '지성인']","['오후_정수리', '정수리_기름', '기름_스케일러', '스케일러_효과', '효과_저주', '저주_정수리', '정수리_아도르', '아도르_극지', '극지_지성인']","['오후', '정수리', '기름', '스케일러', '효과', '저주', '정수리', '아도르', '극지', '지성인', '오후_정수리', '정수리_기름', '기름_스케일러', '스케일러_효과', '효과_저주', '저주_정수리', '정수리_아도르', '아도르_극지', '극지_지성인']",[],"(*Eng) 2025 샴푸 1위는?🏆 지루성, 수부지, 건성, 탈모 추천템 ✅️ 건강한 두피를 위해 절대 하면 안되는 것은? | Best Shampoos",0.0,1,['올라오'],1,['추천'],0,중립,False
youtube,,두피케어 샴푸 비교,디파님이 소개는 않했지만 바이오가 샴푸는 지성용두피 탈모샴푸로 사용하기 좋습니다 3년 이상 사용한 것 같아요 임신 하고 나서는 성분착한 순한샴푸고르다가 어게인미샴푸로 갈아탔어요 모유 수유 끝내고 2개 제품 애벌샴푸 본샴푸로 사용하고 있어요,"['디파', '소개', '바이오', '지성', '탈모', '이상', '임신', '성분', '어게인', '모유', '수유', '애벌']","['디파_소개', '소개_바이오', '바이오_지성', '지성_탈모', '탈모_이상', '이상_임신', '임신_성분', '성분_어게인', '어게인_모유', '모유_수유', '수유_애벌']","['디파', '소개', '바이오', '지성', '탈모', '이상', '임신', '성분', '어게인', '모유', '수유', '애벌', '디파_소개', '소개_바이오', '바이오_지성', '지성_탈모', '탈모_이상', '이상_임신', '임신_성분', '성분_어게인', '어게인_모유', '모유_수유', '수유_애벌']",[],"(*Eng) 2025 샴푸 1위는?🏆 지루성, 수부지, 건성, 탈모 추천템 ✅️ 건강한 두피를 위해 절대 하면 안되는 것은? | Best Shampoos",0.0,1,['갈아탔'],0,[],-1,이탈위험,False
youtube,,두피케어 샴푸 비교,저는 라보에치 쓰면서 좀 두피 진정도 되고 시원한 느낌이 있어서 좋았던거 같아요 라보에치 사용한지는 몇 달 됐는데 샴푸하고 두취밸런서로 잘 헹궈주면서 같이 사용하니깐 피지나 잔여물이 깨끗이 씻겨내져서 그런지 머리냄새도 덜나고 머리도 덜 빠지는거 같아요,"['라보', '진정', '느낌', '라보에치', '두취밸런서', '피지', '잔여', '냄새']","['라보_진정', '진정_느낌', '느낌_라보에치', '라보에치_두취밸런서', '두취밸런서_피지', '피지_잔여', '잔여_냄새']","['라보', '진정', '느낌', '라보에치', '두취밸런서', '피지', '잔여', '냄새', '라보_진정', '진정_느낌', '느낌_라보에치', '라보에치_두취밸런서', '두취밸런서_피지', '피지_잔여', '잔여_냄새']",[],"(*Eng) 2025 샴푸 1위는?🏆 지루성, 수부지, 건성, 탈모 추천템 ✅️ 건강한 두피를 위해 절대 하면 안되는 것은? | Best Shampoos",0.0,0,[],0,[],0,중립,False
youtube,,두피케어 샴푸 비교,지성 반대인 진짜 찐 건성 두피인들을 위한 꿀템도 한 번 다뤄주세요,"['지성', '반대', '건성', '꿀템']","['지성_반대', '반대_건성', '건성_꿀템']","['지성', '반대', '건성', '꿀템', '지성_반대', '반대_건성', '건성_꿀템']",[],병원 시술보다 효과 좋습니다... 지금 당장 쟁여놓아야 할 올리브영 탈모꿀템 추천드려요! | 올영세일,14.0,0,[],0,[],0,중립,False
youtube,,두피케어 샴푸 비교,라우쉬는 정말 노노 두피가 더 건조해지고 비듬이 더 생겼어요,"['라우쉬', '노노', '건조', '비듬']","['라우쉬_노노', '노노_건조', '건조_비듬']","['라우쉬', '노노', '건조', '비듬', '라우쉬_노노', '노노_건조', '건조_비듬']",[],병원 시술보다 효과 좋습니다... 지금 당장 쟁여놓아야 할 올리브영 탈모꿀템 추천드려요! | 올영세일,7.0,0,[],0,[],0,중립,False
youtube,,두피케어 샴푸 비교,메모하며 영상 시청 했습니다 두피세럼도 계속 발랐는데 끊어야 겠네요 선생님 말씀 들어보니 일리가 있어요 늘 좋은 영상 감사드려요,"['메모', '세럼', '선생', '말씀', '일리', '감사']","['메모_세럼', '세럼_선생', '선생_말씀', '말씀_일리', '일리_감사']","['메모', '세럼', '선생', '말씀', '일리', '감사', '메모_세럼', '세럼_선생', '선생_말씀', '말씀_일리', '일리_감사']",[],병원 시술보다 효과 좋습니다... 지금 당장 쟁여놓아야 할 올리브영 탈모꿀템 추천드려요! | 올영세일,0.0,0,[],0,[],0,중립,False
youtube,,두피케어 샴푸 비교,와ㅎㅎ 최고세요 감사합니다 올영만 이용해서 꼭 필요했는데 원래 라보쓰고 있었어서 괜히 뿌듯하네요 두피스케일러 바로 사러갑니다ㅎㅎ,"['최고', '감사', '이용', '필요', '원래', '라보', '두피스케일러']","['최고_감사', '감사_이용', '이용_필요', '필요_원래', '원래_라보', '라보_두피스케일러']","['최고', '감사', '이용', '필요', '원래', '라보', '두피스케일러', '최고_감사', '감사_이용', '이용_필요', '필요_원래', '원래_라보', '라보_두피스케일러']",[],병원 시술보다 효과 좋습니다... 지금 당장 쟁여놓아야 할 올리브영 탈모꿀템 추천드려요! | 올영세일,0.0,0,[],0,[],0,중립,False
youtube,,두피케어 샴푸 비교,감사합니다 리뷰 때문에 협찬 안받는다는거보고 믿고 삽니다 두피스케일링 처음 알앗어요 너무 감사해요,"['감사', '리뷰', '스케일링', '감사']","['감사_리뷰', '리뷰_스케일링', '스케일링_감사']","['감사', '리뷰', '스케일링', '감사', '감사_리뷰', '리뷰_스케일링', '스케일링_감사']",[],병원 시술보다 효과 좋습니다... 지금 당장 쟁여놓아야 할 올리브영 탈모꿀템 추천드려요! | 올영세일,2.0,0,[],0,[],0,중립,False
youtube,,두피케어 샴푸 비교,20 28 개빡쳐 지금까지 두피에 붓듯이 사용햤는데 아,['지금'],[],['지금'],[],병원 시술보다 효과 좋습니다... 지금 당장 쟁여놓아야 할 올리브영 탈모꿀템 추천드려요! | 올영세일,14.0,0,[],0,[],0,중립,False
youtube,,두피케어 샴푸 비교,그래비티샴푸 최근에 쓰고있는데 더 기대되네요 정수리 모발이 가늘어져서 고민이였는데 믿고 꾸준히 더 써야되겠어요 풍성한모발 될때까지,"['그래비티', '기대', '정수리', '모발', '고민', '모발']","['그래비티_기대', '기대_정수리', '정수리_모발', '모발_고민', '고민_모발']","['그래비티', '기대', '정수리', '모발', '고민', '모발', '그래비티_기대', '기대_정수리', '정수리_모발', '모발_고민', '고민_모발']",[],병원 시술보다 효과 좋습니다... 지금 당장 쟁여놓아야 할 올리브영 탈모꿀템 추천드려요! | 올영세일,2.0,0,[],0,[],0,중립,False
youtube,,두피케어 샴푸 비교,그래비티 샴푸성분중 소듐c 14 16올레산설포네이트 계면 활성제는 비교적 안전하지만 민감성 지성두피에는 자극이 있어 주의해야 됨 나는 퓨라도르 퓨라도어 샴푸 씁니다,"['그래비티', '성분', '소듐', '올레산설포네이트', '계면', '활성', '비교', '안전', '지성', '자극', '주의', '퓨라도르', '퓨라도어']","['그래비티_성분', '성분_소듐', '소듐_올레산설포네이트', '올레산설포네이트_계면', '계면_활성', '활성_비교', '비교_안전', '안전_지성', '지성_자극', '자극_주의', '주의_퓨라도르', '퓨라도르_퓨라도어']","['그래비티', '성분', '소듐', '올레산설포네이트', '계면', '활성', '비교', '안전', '지성', '자극', '주의', '퓨라도르', '퓨라도어', '그래비티_성분', '성분_소듐', '소듐_올레산설포네이트', '올레산설포네이트_계면', '계면_활성', '활성_비교', '비교_안전', '안전_지성', '지성_자극', '자극_주의', '주의_퓨라도르', '퓨라도르_퓨라도어']",[],병원 시술보다 효과 좋습니다... 지금 당장 쟁여놓아야 할 올리브영 탈모꿀템 추천드려요! | 올영세일,10.0,1,['자극'],0,[],-1,이탈위험,False
youtube,,두피케어 샴푸 비교,닥터포헤어 두피 스케일러 라는 단어 자체를 닥터포헤어가 만들었음,"['닥터', '스케일러', '단어', '자체', '닥터포헤어']","['닥터_스케일러', '스케일러_단어', '단어_자체', '자체_닥터포헤어']","['닥터', '스케일러', '단어', '자체', '닥터포헤어', '닥터_스케일러', '스케일러_단어', '단어_자체', '자체_닥터포헤어']",[],병원 시술보다 효과 좋습니다... 지금 당장 쟁여놓아야 할 올리브영 탈모꿀템 추천드려요! | 올영세일,0.0,0,[],0,[],0,중립,False
youtube,,두피케어 샴푸 비교,두피스케일러 샴푸하고 사용해야나요 샴푸없이 스케일러만 해도될까요,"['두피스케일러', '스케일러']",['두피스케일러_스케일러'],"['두피스케일러', '스케일러', '두피스케일러_스케일러']",[],병원 시술보다 효과 좋습니다... 지금 당장 쟁여놓아야 할 올리브영 탈모꿀템 추천드려요! | 올영세일,1.0,0,[],0,[],0,중립,False
youtube,,두피케어 샴푸 비교,영상 잘 봤습니다 근데 두피 스케일 한후 아무것도 안 발라도 되나요,"['스케일', '아무것']",['스케일_아무것'],"['스케일', '아무것', '스케일_아무것']",[],병원 시술보다 효과 좋습니다... 지금 당장 쟁여놓아야 할 올리브영 탈모꿀템 추천드려요! | 올영세일,1.0,0,[],0,[],0,중립,False
youtube,,두피케어 샴푸 비교,미녹시딜을 바르면 두피가 가렵더라고요 ㅠ 해결 방법은 없을걸까요,"['미녹시딜', '해결', '방법']","['미녹시딜_해결', '해결_방법']","['미녹시딜', '해결', '방법', '미녹시딜_해결', '해결_방법']",[],병원 시술보다 효과 좋습니다... 지금 당장 쟁여놓아야 할 올리브영 탈모꿀템 추천드려요! | 올영세일,4.0,0,[],0,[],0,중립,False
youtube,,두피케어 샴푸 비교,두피 스케일링 마사지를 직접 보여주셔서 이해가 잘되었어요,"['스케일링', '마사지', '이해']","['스케일링_마사지', '마사지_이해']","['스케일링', '마사지', '이해', '스케일링_마사지', '마사지_이해']",[],병원 시술보다 효과 좋습니다... 지금 당장 쟁여놓아야 할 올리브영 탈모꿀템 추천드려요! | 올영세일,1.0,0,[],0,[],0,중립,False
youtube,,두피케어 샴푸 비교,지루성 두피염을 달고 다니는 사람을 위한 올리브영 샴푸는 뭐가 있을까요,"['지루', '올리브']",['지루_올리브'],"['지루', '올리브', '지루_올리브']",[],병원 시술보다 효과 좋습니다... 지금 당장 쟁여놓아야 할 올리브영 탈모꿀템 추천드려요! | 올영세일,0.0,0,[],0,[],0,중립,False
youtube,,두피케어 샴푸 비교,두피 스케일링은 샴푸 대신 하면 되나요,"['스케일링', '대신']",['스케일링_대신'],"['스케일링', '대신', '스케일링_대신']",[],병원 시술보다 효과 좋습니다... 지금 당장 쟁여놓아야 할 올리브영 탈모꿀템 추천드려요! | 올영세일,0.0,1,['대신'],0,[],-1,이탈위험,False
youtube,,두피케어 샴푸 비교,16 04 지성두피인 사람한테는 데일리로 써도 무방할까요,"['지성두피', '데일리']",['지성두피_데일리'],"['지성두피', '데일리', '지성두피_데일리']",[],병원 시술보다 효과 좋습니다... 지금 당장 쟁여놓아야 할 올리브영 탈모꿀템 추천드려요! | 올영세일,0.0,0,[],0,[],0,중립,False
youtube,,두피케어 샴푸 비교,선생님 저는 여자이고요 1 2년종도 부터 정수리 탈모가 보이고 머리 카락이 너무가늘고 머리를 소가락으로 빛질을하면 두피모발이 다 빠질것같아 빛질도 산살하고있습니다ㅠㅠ 그래서 선생님 병원 어디있는지 알려주세요,"['선생', '여자', '정수리', '탈모', '가락', '모발', '선생', '병원']","['선생_여자', '여자_정수리', '정수리_탈모', '탈모_가락', '가락_모발', '모발_선생', '선생_병원']","['선생', '여자', '정수리', '탈모', '가락', '모발', '선생', '병원', '선생_여자', '여자_정수리', '정수리_탈모', '탈모_가락', '가락_모발', '모발_선생', '선생_병원']",[],병원 시술보다 효과 좋습니다... 지금 당장 쟁여놓아야 할 올리브영 탈모꿀템 추천드려요! | 올영세일,1.0,0,[],0,[],0,중립,False
youtube,,두피케어 샴푸 비교,저는 아로마티카두피클린져 썼는데 바꿔봐야겠네요 포인트모은다고 틱톡을 켜놓고 있는데 선생님 동영상 보는데 틱톡에서도 선생님 동영상이 하하하,"['아로마티카두피클린', '포인트', '틱톡', '선생', '동영상', '틱톡', '선생', '동영상']","['아로마티카두피클린_포인트', '포인트_틱톡', '틱톡_선생', '선생_동영상', '동영상_틱톡', '틱톡_선생', '선생_동영상']","['아로마티카두피클린', '포인트', '틱톡', '선생', '동영상', '틱톡', '선생', '동영상', '아로마티카두피클린_포인트', '포인트_틱톡', '틱톡_선생', '선생_동영상', '동영상_틱톡', '틱톡_선생', '선생_동영상']",[],병원 시술보다 효과 좋습니다... 지금 당장 쟁여놓아야 할 올리브영 탈모꿀템 추천드려요! | 올영세일,0.0,0,[],0,[],0,중립,False
youtube,,두피케어 샴푸 비교,두피마사지기는 효과가 있나요,"['마사지', '효과']",['마사지_효과'],"['마사지', '효과', '마사지_효과']",[],병원 시술보다 효과 좋습니다... 지금 당장 쟁여놓아야 할 올리브영 탈모꿀템 추천드려요! | 올영세일,0.0,0,[],0,[],0,중립,False
youtube,,두피케어 샴푸 비교,선생님 추천 제품이 영상하고 현재 판매되는 제품이 성분이 다른점이 있네요 유튜브 보고 낮에 올리브영가서 그로우어스 씨솔트 테라피 두피스케일러 EX 2박스 구입해서 왔는데요 지금 판매되는 제품은 영상에 보여준 성분하고 틀리네요 선생님 영상 제작 하신 시기가 좀 되신건가요 소듐클로라이드는 좀더 늘었고요 2번째였던 해수 150 000ppm 는 해수 97ppm 으로 확 줄었어요 성분이 좀 바뀌었어도 대안 제품보다 가격 비싼데 좀더 좋은 제품이겠죠,"['선생', '판매', '성분', '올리브', '그로우어스', '씨 솔트', '테라피', '두피스케일러', '박스', '구입', '판매', '성분', '선생', '제작', '시기', '소듐클로라이드', '해수', '해수', '성분', '대안']","['선생_판매', '판매_성분', '성분_올리브', '올리브_그로우어스', '그로우어스_씨 솔트', '씨 솔트_테라피', '테라피_두피스케일러', '두피스케일러_박스', '박스_구입', '구입_판매', '판매_성분', '성분_선생', '선생_제작', '제작_시기', '시기_소듐클로라이드', '소듐클로라이드_해수', '해수_해수', '해수_성분', '성분_대안']","['선생', '판매', '성분', '올리브', '그로우어스', '씨 솔트', '테라피', '두피스케일러', '박스', '구입', '판매', '성분', '선생', '제작', '시기', '소듐클로라이드', '해수', '해수', '성분', '대안', '선생_판매', '판매_성분', '성분_올리브', '올리브_그로우어스', '그로우어스_씨 솔트', '씨 솔트_테라피', '테라피_두피스케일러', '두피스케일러_박스', '박스_구입', '구입_판매', '판매_성분', '성분_선생', '선생_제작', '제작_시기', '시기_소듐클로라이드', '소듐클로라이드_해수', '해수_해수', '해수_성분', '성분_대안']",[],병원 시술보다 효과 좋습니다... 지금 당장 쟁여놓아야 할 올리브영 탈모꿀템 추천드려요! | 올영세일,19.0,0,[],1,['추천'],1,긍정,False
youtube,,두피케어 샴푸 비교,라보에이치쓰고 두피근처 두피에 뾰루지 나서 당근했어요,"['라보', '에이치', '근처', '뾰루지', '당근']","['라보_에이치', '에이치_근처', '근처_뾰루지', '뾰루지_당근']","['라보', '에이치', '근처', '뾰루지', '당근', '라보_에이치', '에이치_근처', '근처_뾰루지', '뾰루지_당근']",[],병원 시술보다 효과 좋습니다... 지금 당장 쟁여놓아야 할 올리브영 탈모꿀템 추천드려요! | 올영세일,4.0,1,['뾰루지'],0,[],-1,이탈위험,False
youtube,,두피케어 샴푸 비교,봄이오다하는 두피스케일링 헤어토닉 있는데 이거 한번 봐주실수 있나요 스케일링 토닉이래서 매일 쓰고 있는데 괜찮은지 모르겠어요,"['스케일링', '헤어토닉', '스케일링', '토닉']","['스케일링_헤어토닉', '헤어토닉_스케일링', '스케일링_토닉']","['스케일링', '헤어토닉', '스케일링', '토닉', '스케일링_헤어토닉', '헤어토닉_스케일링', '스케일링_토닉']",[],병원 시술보다 효과 좋습니다... 지금 당장 쟁여놓아야 할 올리브영 탈모꿀템 추천드려요! | 올영세일,2.0,0,[],0,[],0,중립,False
youtube,,두피케어 샴푸 비교,스케일러 제품이 궁금 했는데 그로우어스 씨솔트 두피 스케일러 제품은 현재 올리브 영 에서 검색 해보니 소듐클로라이드 456 300ppm 해수 97ppm 으로 변경 된것 같습니다 그리고 닥터 포헤어 폴리젠 씨솔트 스케일러 제품은 현재 업그레이드 된 제품만 판매 하는듯 한데 수치 표기가 없는듯요,"['스케일러', '그로우어스', '씨 솔트', '스케일러', '올리브', '검색', '소듐클로라이드', '해수', '변경', '닥터', '포헤어', '폴리젠', '씨 솔트', '스케일러', '업그레이드', '판매', '수치', '표기']","['스케일러_그로우어스', '그로우어스_씨 솔트', '씨 솔트_스케일러', '스케일러_올리브', '올리브_검색', '검색_소듐클로라이드', '소듐클로라이드_해수', '해수_변경', '변경_닥터', '닥터_포헤어', '포헤어_폴리젠', '폴리젠_씨 솔트', '씨 솔트_스케일러', '스케일러_업그레이드', '업그레이드_판매', '판매_수치', '수치_표기']","['스케일러', '그로우어스', '씨 솔트', '스케일러', '올리브', '검색', '소듐클로라이드', '해수', '변경', '닥터', '포헤어', '폴리젠', '씨 솔트', '스케일러', '업그레이드', '판매', '수치', '표기', '스케일러_그로우어스', '그로우어스_씨 솔트', '씨 솔트_스케일러', '스케일러_올리브', '올리브_검색', '검색_소듐클로라이드', '소듐클로라이드_해수', '해수_변경', '변경_닥터', '닥터_포헤어', '포헤어_폴리젠', '폴리젠_씨 솔트', '씨 솔트_스케일러', '스케일러_업그레이드', '업그레이드_판매', '판매_수치', '수치_표기']",[],병원 시술보다 효과 좋습니다... 지금 당장 쟁여놓아야 할 올리브영 탈모꿀템 추천드려요! | 올영세일,0.0,0,[],0,[],0,중립,False
youtube,,두피케어 샴푸 비교,두피스케일러는 남성용이에요,"['피스', '케이', '남성']","['피스_케이', '케이_남성']","['피스', '케이', '남성', '피스_케이', '케이_남성']",[],병원 시술보다 효과 좋습니다... 지금 당장 쟁여놓아야 할 올리브영 탈모꿀템 추천드려요! | 올영세일,0.0,0,[],0,[],0,중립,False
youtube,,두피케어 샴푸 비교,Mts 치료받고 있는 중인데 두피스케일러 사용해도 되나요,"['치료', '두피스케일러']",['치료_두피스케일러'],"['치료', '두피스케일러', '치료_두피스케일러']",[],병원 시술보다 효과 좋습니다... 지금 당장 쟁여놓아야 할 올리브영 탈모꿀템 추천드려요! | 올영세일,0.0,0,[],0,[],0,중립,False
youtube,,두피케어 샴푸 비교,샘 오늘도 핵심내용들로 빼곡 근데 샘 구독자 중 지루성두피인 남성 탈모환자들이 대부분이겠지만 저같은 완경후 탈모걱정 여성분들도 많을 듯요 전 건조두피 모발 탈모걱정 여성인데 우리들을 위한 샴푸등도 좀 추천해주세요 지금은 라우쉬 건조두피용 샴푸 쓰고 있어요 샘 꼬옥 부탁드려요,"['핵심', '내용', '구독자', '지루성두피', '남성', '탈모', '환자', '대부분', '완경', '탈모', '걱정', '여성', '건조', '모발', '탈모', '걱정', '여성', '지금', '라우쉬', '건조']","['핵심_내용', '내용_구독자', '구독자_지루성두피', '지루성두피_남성', '남성_탈모', '탈모_환자', '환자_대부분', '대부분_완경', '완경_탈모', '탈모_걱정', '걱정_여성', '여성_건조', '건조_모발', '모발_탈모', '탈모_걱정', '걱정_여성', '여성_지금', '지금_라우쉬', '라우쉬_건조']","['핵심', '내용', '구독자', '지루성두피', '남성', '탈모', '환자', '대부분', '완경', '탈모', '걱정', '여성', '건조', '모발', '탈모', '걱정', '여성', '지금', '라우쉬', '건조', '핵심_내용', '내용_구독자', '구독자_지루성두피', '지루성두피_남성', '남성_탈모', '탈모_환자', '환자_대부분', '대부분_완경', '완경_탈모', '탈모_걱정', '걱정_여성', '여성_건조', '건조_모발', '모발_탈모', '탈모_걱정', '걱정_여성', '여성_지금', '지금_라우쉬', '라우쉬_건조']",[],병원 시술보다 효과 좋습니다... 지금 당장 쟁여놓아야 할 올리브영 탈모꿀템 추천드려요! | 올영세일,2.0,0,[],1,['추천'],1,긍정,False
youtube,,두피케어 샴푸 비교,환절기만 되면 두피가 건조해지면서 머리가 빠지기 시작했어요 ㅠㅠ 맘카페에서 모미래 핑크솔트 탈모샴푸 추천받아서 쓰고 있는데 두피 보습도 되고 탈모 케어도 돼요 건조하면 두피가 약해져서 탈모로 이어질 수 있다고 해서 걱정했거든요 4주쯤 쓰니까 두피가 촉촉해지고 머리카락도 덜 빠져서 미리 관리하길 잘한 것 같아요 환절기가 와도 두피가 건조하지 않아 너무 좋아요 ㅎㅎ 건조해지면서 탈모 걱정되시는 분들 핑크솔트 탈모샴푸 꼭 써보세요,"['환절기', '건조', '시작', '카페', '미래', '핑크솔트', '탈모', '보습', '탈모', '케어', '건조', '탈모', '걱정', '머리카락', '관리', '환절기', '건조', '건조', '탈모', '걱정', '핑크솔트', '탈모']","['환절기_건조', '건조_시작', '시작_카페', '카페_미래', '미래_핑크솔트', '핑크솔트_탈모', '탈모_보습', '보습_탈모', '탈모_케어', '케어_건조', '건조_탈모', '탈모_걱정', '걱정_머리카락', '머리카락_관리', '관리_환절기', '환절기_건조', '건조_건조', '건조_탈모', '탈모_걱정', '걱정_핑크솔트', '핑크솔트_탈모']","['환절기', '건조', '시작', '카페', '미래', '핑크솔트', '탈모', '보습', '탈모', '케어', '건조', '탈모', '걱정', '머리카락', '관리', '환절기', '건조', '건조', '탈모', '걱정', '핑크솔트', '탈모', '환절기_건조', '건조_시작', '시작_카페', '카페_미래', '미래_핑크솔트', '핑크솔트_탈모', '탈모_보습', '보습_탈모', '탈모_케어', '케어_건조', '건조_탈모', '탈모_걱정', '걱정_머리카락', '머리카락_관리', '관리_환절기', '환절기_건조', '건조_건조', '건조_탈모', '탈모_걱정', '걱정_핑크솔트', '핑크솔트_탈모']",[],병원 시술보다 효과 좋습니다... 지금 당장 쟁여놓아야 할 올리브영 탈모꿀템 추천드려요! | 올영세일,55.0,0,[],1,['추천'],1,긍정,False
youtube,,두피케어 샴푸 비교,샴푸를 한가지만 쓰지마시고 모발용 두피용 몇개 따로 두고 돌아가며 쓰시는 게 좋고 애벌샴푸하고 한번 더 샴푸하시는 게 좋습니다 이건 탈모가 아니어도 저 방법 쓰시는게 두피건강에 조음 글구 샴푸보다 두피세럼 같은게 훳배 효과 조아욤 제 두피건강에는 엄청 도움되었음돠,"['모발', '애벌', '탈모', '방법', '건강', '조음', '세럼', '훳배', '효과', '조아욤', '건강', '도움']","['모발_애벌', '애벌_탈모', '탈모_방법', '방법_건강', '건강_조음', '조음_세럼', '세럼_훳배', '훳배_효과', '효과_조아욤', '조아욤_건강', '건강_도움']","['모발', '애벌', '탈모', '방법', '건강', '조음', '세럼', '훳배', '효과', '조아욤', '건강', '도움', '모발_애벌', '애벌_탈모', '탈모_방법', '방법_건강', '건강_조음', '조음_세럼', '세럼_훳배', '훳배_효과', '효과_조아욤', '조아욤_건강', '건강_도움']",[],병원 시술보다 효과 좋습니다... 지금 당장 쟁여놓아야 할 올리브영 탈모꿀템 추천드려요! | 올영세일,3.0,0,[],0,[],0,중립,False
youtube,,두피케어 샴푸 비교,라보H 쓰고 두피 개망가짐 ㅅㅂ,['라보'],[],['라보'],[],병원 시술보다 효과 좋습니다... 지금 당장 쟁여놓아야 할 올리브영 탈모꿀템 추천드려요! | 올영세일,0.0,0,[],0,[],0,중립,False
youtube,,두피케어 샴푸 비교,진짜 그래비티 샴푸랑 닥터 포 헤어 샴푸 다 써봤는데 오히려 머리가 더 빠지더라고요 ㅠㅠ 알고 봤더니 지성 두피 전용 샴푸가 아니라고 탈모 병원 원장님께서 말씀하시더라고요 다행히 원장님이 추천해준 지성두피 전용 탈모 샴푸 사용해주니깐 이전보다 머리 빠짐이 확실히 덜 하더라고요,"['그래비티', '닥터', '지성', '전용', '탈모', '병원', '원장', '말씀', '원장', '지성두피', '전용', '탈모']","['그래비티_닥터', '닥터_지성', '지성_전용', '전용_탈모', '탈모_병원', '병원_원장', '원장_말씀', '말씀_원장', '원장_지성두피', '지성두피_전용', '전용_탈모']","['그래비티', '닥터', '지성', '전용', '탈모', '병원', '원장', '말씀', '원장', '지성두피', '전용', '탈모', '그래비티_닥터', '닥터_지성', '지성_전용', '전용_탈모', '탈모_병원', '병원_원장', '원장_말씀', '말씀_원장', '원장_지성두피', '지성두피_전용', '전용_탈모']",[],병원 시술보다 효과 좋습니다... 지금 당장 쟁여놓아야 할 올리브영 탈모꿀템 추천드려요! | 올영세일,4.0,0,[],1,['추천'],1,긍정,False
youtube,,두피케어 샴푸 비교,올리브영 원장님 추천템 스케일링 5 48 원장님 추천템 1 그로우어스 씨솔트 테라피 두피 스케일러 EX 8 26 원장님 추천템 2 닥터포헤어 폴리젠 씨솔트 스케일러 9 50 두피 스케일러를 사용한 날엔 샴푸를 사용하지 않는게 좋다고 하십니다 사용주기 일주일에 1 2회 매일 사용 절대 금지 원장님 열심히 댓글 남겨 드렸으니까 노비도도 괜찮은 제품인지 한번 언급 부탁드립니다,"['올리브', '원장', '스케일링', '원장', '그로우어스', '씨 솔트', '테라피', '스케일러', '원장', '닥터포헤어', '폴리젠', '씨 솔트', '스케일러', '스케일러', '주기', '일주일', '매일', '금지', '원장', '댓글', '노비', '언급', '부탁']","['올리브_원장', '원장_스케일링', '스케일링_원장', '원장_그로우어스', '그로우어스_씨 솔트', '씨 솔트_테라피', '테라피_스케일러', '스케일러_원장', '원장_닥터포헤어', '닥터포헤어_폴리젠', '폴리젠_씨 솔트', '씨 솔트_스케일러', '스케일러_스케일러', '스케일러_주기', '주기_일주일', '일주일_매일', '매일_금지', '금지_원장', '원장_댓글', '댓글_노비', '노비_언급', '언급_부탁']","['올리브', '원장', '스케일링', '원장', '그로우어스', '씨 솔트', '테라피', '스케일러', '원장', '닥터포헤어', '폴리젠', '씨 솔트', '스케일러', '스케일러', '주기', '일주일', '매일', '금지', '원장', '댓글', '노비', '언급', '부탁', '올리브_원장', '원장_스케일링', '스케일링_원장', '원장_그로우어스', '그로우어스_씨 솔트', '씨 솔트_테라피', '테라피_스케일러', '스케일러_원장', '원장_닥터포헤어', '닥터포헤어_폴리젠', '폴리젠_씨 솔트', '씨 솔트_스케일러', '스케일러_스케일러', '스케일러_주기', '주기_일주일', '일주일_매일', '매일_금지', '금지_원장', '원장_댓글', '댓글_노비', '노비_언급', '언급_부탁']",[],병원 시술보다 효과 좋습니다... 지금 당장 쟁여놓아야 할 올리브영 탈모꿀템 추천드려요! | 올영세일,16.0,0,[],1,['추천'],1,긍정,False
youtube,,두피케어 샴푸 비교,댓글보니 신뢰성 너무없으시네 라보H 사용하고 저 건강한 두피에서 간지러움에 뾰루지나고 지성으로 바뀌었습니다 완전 인생 최악샴푸에요,"['댓글', '신뢰', '라보', '건강', '뾰루지', '지성', '인생', '최악']","['댓글_신뢰', '신뢰_라보', '라보_건강', '건강_뾰루지', '뾰루지_지성', '지성_인생', '인생_최악']","['댓글', '신뢰', '라보', '건강', '뾰루지', '지성', '인생', '최악', '댓글_신뢰', '신뢰_라보', '라보_건강', '건강_뾰루지', '뾰루지_지성', '지성_인생', '인생_최악']",[],병원 시술보다 효과 좋습니다... 지금 당장 쟁여놓아야 할 올리브영 탈모꿀템 추천드려요! | 올영세일,0.0,2,"['최악', '뾰루지']",0,[],-2,이탈위험,False
youtube,,두피케어 샴푸 비교,영상 설명 듣고 나니까 이해가 잘 되네요 저도 아누오틴 먹은지 몇 주 됐는데 두피 관리하는 느낌이라 꾸준히 먹어보는 중입니다,"['설명', '이해', '아누오틴', '관리', '느낌']","['설명_이해', '이해_아누오틴', '아누오틴_관리', '관리_느낌']","['설명', '이해', '아누오틴', '관리', '느낌', '설명_이해', '이해_아누오틴', '아누오틴_관리', '관리_느낌']",[],병원 시술보다 효과 좋습니다... 지금 당장 쟁여놓아야 할 올리브영 탈모꿀템 추천드려요! | 올영세일,53.0,0,[],0,[],0,중립,False
youtube,,두피케어 샴푸 비교,저거 클로란 제품 되게 좋아요 쿠팡에서 에센테라 샴푸 어노브 트리트먼트 클로란 세럼 이렇게 쓰는데 모발 두피 다 되게 좋아지는게 느껴지더라고요ㅎㅎ,"['클로', '에센테라', '어노브', '트리트먼트', '클로란', '세럼', '모발']","['클로_에센테라', '에센테라_어노브', '어노브_트리트먼트', '트리트먼트_클로란', '클로란_세럼', '세럼_모발']","['클로', '에센테라', '어노브', '트리트먼트', '클로란', '세럼', '모발', '클로_에센테라', '에센테라_어노브', '어노브_트리트먼트', '트리트먼트_클로란', '클로란_세럼', '세럼_모발']",[],2030 두피 관리 지금부터 안하면 후회합니다‼️,31.0,0,[],0,[],0,중립,False
youtube,,두피케어 샴푸 비교,비듬이랑 각질 많으신 분들 비듬클리너 써보세요 ㅎㅎ,"['비듬', '각질', '비듬', '클리너']","['비듬_각질', '각질_비듬', '비듬_클리너']","['비듬', '각질', '비듬', '클리너', '비듬_각질', '각질_비듬', '비듬_클리너']",[],2030 두피 관리 지금부터 안하면 후회합니다‼️,4.0,0,[],0,[],0,중립,False
youtube,,두피케어 샴푸 비교,이브로쉐ㅠ헤어식초 뚫고 올라오는 내 두피냄새 강력해 ㅠㅠ흑흑,"['이브로쉐', '식초', '냄새']","['이브로쉐_식초', '식초_냄새']","['이브로쉐', '식초', '냄새', '이브로쉐_식초', '식초_냄새']",[],2030 두피 관리 지금부터 안하면 후회합니다‼️,71.0,1,['올라오'],0,[],-1,이탈위험,False
youtube,,두피케어 샴푸 비교,오 두피세럼은 첨들어봐요 전 두피토닉쓰는데 ㅎㅎ 닥터시드 블랙빈꺼 쿨링감 대박이에여 ㅋㅎ,"['세럼', '두피토닉', '닥터시드', '블랙빈꺼', '쿨링감']","['세럼_두피토닉', '두피토닉_닥터시드', '닥터시드_블랙빈꺼', '블랙빈꺼_쿨링감']","['세럼', '두피토닉', '닥터시드', '블랙빈꺼', '쿨링감', '세럼_두피토닉', '두피토닉_닥터시드', '닥터시드_블랙빈꺼', '블랙빈꺼_쿨링감']",[],2030 두피 관리 지금부터 안하면 후회합니다‼️,8.0,0,[],0,[],0,중립,False
youtube,,두피케어 샴푸 비교,붙임머리를 헤서 두피 탄력 잡고 싶은데 혹시 셋 중에 하나만 추천하자면 어떤거 추천하시나요,"['붙임머리', '탄력']",['붙임머리_탄력'],"['붙임머리', '탄력', '붙임머리_탄력']",[],2030 두피 관리 지금부터 안하면 후회합니다‼️,2.0,0,[],1,['추천'],1,긍정,False
youtube,,두피케어 샴푸 비교,저도 두피 쪽이 휑해 보여서 스트레스였는데 잔나앰플 사용하고 나서는 조금씩 채워지는게 보이더라고요 ㅎㅎ 게다가 두피 진정까지 같이 돼 너무 만족하고 있어요 저처럼 빈약한 헤어라인이신 분들 한 번 써보세요,"['스트레스', '잔나', '앰플', '조금', '진정', '만족', '빈약', '라인']","['스트레스_잔나', '잔나_앰플', '앰플_조금', '조금_진정', '진정_만족', '만족_빈약', '빈약_라인']","['스트레스', '잔나', '앰플', '조금', '진정', '만족', '빈약', '라인', '스트레스_잔나', '잔나_앰플', '앰플_조금', '조금_진정', '진정_만족', '만족_빈약', '빈약_라인']",[],2030 두피 관리 지금부터 안하면 후회합니다‼️,1.0,0,[],0,[],0,중립,False
youtube,,두피케어 샴푸 비교,맞아요 전 두피 세럼 쓴 지 2일 차인데 전 이마쪽이 비어있어서 근데 진짜 세럼 뿌리는데 잔머리 자랐어요 효과 있는 건 확실해요,"['세럼', '이마', '세럼', '잔머리', '효과']","['세럼_이마', '이마_세럼', '세럼_잔머리', '잔머리_효과']","['세럼', '이마', '세럼', '잔머리', '효과', '세럼_이마', '이마_세럼', '세럼_잔머리', '잔머리_효과']",[],2030 두피 관리 지금부터 안하면 후회합니다‼️,7.0,0,[],0,[],0,중립,False
youtube,,두피케어 샴푸 비교,헤어식초 진짜 좋아요 킹스파워 샴푸 같이 쓰면 더 좋아요 지성두피라 안 그래도 머리 떡지는데 정수리냄새까지 심지어 두피예민이라 아무거나 쓰면 뾰루지도 올라오고ㅠㅠ 킹스파워 샴푸로 바꾼 후로는 확실히 덜해져서 좋더라고요 기름끼도 없고 볼륨도 살고 트러블도 없어요,"['식초', '킹스', '파워', '지성두피라', '정수리', '냄새', '뾰루지', '킹스', '파워', '기름', '볼륨', '트러블']","['식초_킹스', '킹스_파워', '파워_지성두피라', '지성두피라_정수리', '정수리_냄새', '냄새_뾰루지', '뾰루지_킹스', '킹스_파워', '파워_기름', '기름_볼륨', '볼륨_트러블']","['식초', '킹스', '파워', '지성두피라', '정수리', '냄새', '뾰루지', '킹스', '파워', '기름', '볼륨', '트러블', '식초_킹스', '킹스_파워', '파워_지성두피라', '지성두피라_정수리', '정수리_냄새', '냄새_뾰루지', '뾰루지_킹스', '킹스_파워', '파워_기름', '기름_볼륨', '볼륨_트러블']",[],2030 두피 관리 지금부터 안하면 후회합니다‼️,1.0,3,"['트러블', '뾰루지', '올라오']",0,[],-3,이탈위험,False
youtube,,두피케어 샴푸 비교,지성두피인데 이브로쉐 좋대서 써봤다가 ㅠㅠ 향도 넘 좋고 사용 후 약간 상쾌한것도 맘에 들었는데 저한텐 뭔가 안맞았는지 두피에 약간 통증이 있었어요ㅠ 안맞는데도 정 쓰고싶으면 마사지해주고 거의 바로 씻어주면 괜찮았어요,"['지성두피', '이브로쉐', '통증', '마사지']","['지성두피_이브로쉐', '이브로쉐_통증', '통증_마사지']","['지성두피', '이브로쉐', '통증', '마사지', '지성두피_이브로쉐', '이브로쉐_통증', '통증_마사지']",[],2030 두피 관리 지금부터 안하면 후회합니다‼️,0.0,0,[],0,[],0,중립,False
youtube,,두피케어 샴푸 비교,탈모에도 괜찮나여 두피예민해서ㅜ,['탈모'],[],['탈모'],[],2030 두피 관리 지금부터 안하면 후회합니다‼️,1.0,0,[],0,[],0,중립,False
youtube,,두피케어 샴푸 비교,그로우어스 샴푸는 지성두피한테 추천안합니다 지금 사용중인데 저녁되면 기름지고 냄새 올라와요,"['그로우어스', '지성두피', '저녁', '냄새']","['그로우어스_지성두피', '지성두피_저녁', '저녁_냄새']","['그로우어스', '지성두피', '저녁', '냄새', '그로우어스_지성두피', '지성두피_저녁', '저녁_냄새']",[],2030 두피 관리 지금부터 안하면 후회합니다‼️,0.0,0,[],1,['추천'],1,긍정,False
youtube,,두피케어 샴푸 비교,두피세럼 정수리냄새나 두피냄새에도 효과잇나요 ㅜ식초랑 저샴푸써도 냄새가나드라구요,"['세럼', '정수리', '냄새', '냄새', '효과', '식초', '냄새']","['세럼_정수리', '정수리_냄새', '냄새_냄새', '냄새_효과', '효과_식초', '식초_냄새']","['세럼', '정수리', '냄새', '냄새', '효과', '식초', '냄새', '세럼_정수리', '정수리_냄새', '냄새_냄새', '냄새_효과', '효과_식초', '식초_냄새']",[],2030 두피 관리 지금부터 안하면 후회합니다‼️,1.0,0,[],0,[],0,중립,False
youtube,,두피케어 샴푸 비교,두피 세럼 효과가 두피 수분 보충인가요,"['세럼', '효과', '수분', '보충']","['세럼_효과', '효과_수분', '수분_보충']","['세럼', '효과', '수분', '보충', '세럼_효과', '효과_수분', '수분_보충']",[],2030 두피 관리 지금부터 안하면 후회합니다‼️,0.0,0,[],0,[],0,중립,False
youtube,,두피케어 샴푸 비교,우와 제품들이 신기하고 한번 써보고 싶을 정도네요 ㅎㅎ 머리 빠지면 정말 곤욕스러울 정돈데 두피탈모샴푸 사용하고 아누오틴도 성분 효과가 좋은거라 하여 챙기며 해요,"['곤욕', '탈모', '아누오틴', '성분', '효과']","['곤욕_탈모', '탈모_아누오틴', '아누오틴_성분', '성분_효과']","['곤욕', '탈모', '아누오틴', '성분', '효과', '곤욕_탈모', '탈모_아누오틴', '아누오틴_성분', '성분_효과']",[],2030 두피 관리 지금부터 안하면 후회합니다‼️,1.0,0,[],0,[],0,중립,False
youtube,,두피케어 샴푸 비교,두피가 지성이세요,['지성'],[],['지성'],[],2030 두피 관리 지금부터 안하면 후회합니다‼️,5.0,0,[],0,[],0,중립,False
youtube,,두피케어 샴푸 비교,좋은 탈모샴푸를 만나 유익했어요 잘 참고해서 건강한 두피를 위해 노력할게요,"['탈모', '유익', '건강', '노력']","['탈모_유익', '유익_건강', '건강_노력']","['탈모', '유익', '건강', '노력', '탈모_유익', '유익_건강', '건강_노력']",[],11년차 탈모 의사는 샴푸 고를 때 &#39;이것부터&#39; 확인합니다. (탈모 의사 홍원장 2부),8.0,0,[],0,[],0,중립,False
youtube,,두피케어 샴푸 비교,탈모 샴푸 알아봤는데 아쉽지만 다른 탈모에 좋은 제품 알아봐야겠네요 기존에 쓰던 거는 아누오틴 미녹시딜 있는데 두게 다 쓰니 확실히 머리카락 유지 두피염 치료는 돼서 좋더라고요,"['탈모', '탈모', '아누오틴', '미녹시딜', '머리카락', '유지', '치료']","['탈모_탈모', '탈모_아누오틴', '아누오틴_미녹시딜', '미녹시딜_머리카락', '머리카락_유지', '유지_치료']","['탈모', '탈모', '아누오틴', '미녹시딜', '머리카락', '유지', '치료', '탈모_탈모', '탈모_아누오틴', '아누오틴_미녹시딜', '미녹시딜_머리카락', '머리카락_유지', '유지_치료']",[],11년차 탈모 의사는 샴푸 고를 때 &#39;이것부터&#39; 확인합니다. (탈모 의사 홍원장 2부),0.0,0,[],0,[],0,중립,False
youtube,,두피케어 샴푸 비교,헤드앤숄더 비듬제거샴푸는 어떤가요,"['비듬', '제거']",['비듬_제거'],"['비듬', '제거', '비듬_제거']",[],11년차 탈모 의사는 샴푸 고를 때 &#39;이것부터&#39; 확인합니다. (탈모 의사 홍원장 2부),2.0,0,[],0,[],0,중립,False
youtube,,두피케어 샴푸 비교,전 저속노화제품 쓰명서 예방 하고 있어요ㅠ 저속노화가 두피 노화를 멈추게 하는거더라구요 드피 노화가 오면 탈모도 오고 얼굴피부도 늙는,"['노화', '예방', '노화', '노화', '드피', '노화', '탈모', '얼굴', '피부']","['노화_예방', '예방_노화', '노화_노화', '노화_드피', '드피_노화', '노화_탈모', '탈모_얼굴', '얼굴_피부']","['노화', '예방', '노화', '노화', '드피', '노화', '탈모', '얼굴', '피부', '노화_예방', '예방_노화', '노화_노화', '노화_드피', '드피_노화', '노화_탈모', '탈모_얼굴', '얼굴_피부']",[],11년차 탈모 의사는 샴푸 고를 때 &#39;이것부터&#39; 확인합니다. (탈모 의사 홍원장 2부),1.0,0,[],0,[],0,중립,False
youtube,,두피케어 샴푸 비교,중요한건 진짜 샴푸후 두피를 완전히 말려야 합니다 그래야 균이나 곰팡이가 없어지고 더이상 머리털이 안빠지게 됩니다 머리털이 더 나는것도 중요하지만서도 안빠지는것이 더 중요합니다 저는 8만원 짜리 한방 성분 샴푸 쓰고 있고 근데 비싸도 별 차이없음 피부과에서 탈모약 로게인 성분 먹고 탈모약으로 오는 발기력 저하는 흑야마 성분 먹습니다 진짜 머리털 확실히 안빠지고 내 소중이도 단단합니다 곧 있으면 클라스코테론 이라는 탈모신약도 나온다고 합니다만 기대는 안합니다 ㅋ 운동은 유산소운동만으로 충분합니다,"['중요', '곰팡이', '이상', '머리털', '머리털', '중요', '중요', '한방', '성분', '차이', '피부과', '탈모', '로게인', '성분', '탈모', '발기', '저하', '야마', '성분', '머리털', '소중이', '클라스코테론', '탈모', '신약', '기대', '운동', '유산소', '운동']","['중요_곰팡이', '곰팡이_이상', '이상_머리털', '머리털_머리털', '머리털_중요', '중요_중요', '중요_한방', '한방_성분', '성분_차이', '차이_피부과', '피부과_탈모', '탈모_로게인', '로게인_성분', '성분_탈모', '탈모_발기', '발기_저하', '저하_야마', '야마_성분', '성분_머리털', '머리털_소중이', '소중이_클라스코테론', '클라스코테론_탈모', '탈모_신약', '신약_기대', '기대_운동', '운동_유산소', '유산소_운동']","['중요', '곰팡이', '이상', '머리털', '머리털', '중요', '중요', '한방', '성분', '차이', '피부과', '탈모', '로게인', '성분', '탈모', '발기', '저하', '야마', '성분', '머리털', '소중이', '클라스코테론', '탈모', '신약', '기대', '운동', '유산소', '운동', '중요_곰팡이', '곰팡이_이상', '이상_머리털', '머리털_머리털', '머리털_중요', '중요_중요', '중요_한방', '한방_성분', '성분_차이', '차이_피부과', '피부과_탈모', '탈모_로게인', '로게인_성분', '성분_탈모', '탈모_발기', '발기_저하', '저하_야마', '야마_성분', '성분_머리털', '머리털_소중이', '소중이_클라스코테론', '클라스코테론_탈모', '탈모_신약', '신약_기대', '기대_운동', '운동_유산소', '유산소_운동']",[],11년차 탈모 의사는 샴푸 고를 때 &#39;이것부터&#39; 확인합니다. (탈모 의사 홍원장 2부),3.0,0,[],0,[],0,중립,False
youtube,,두피케어 샴푸 비교,예전엔 관리샵만 열심히 다니면 해결될 줄 알았는데 지나고 보니까 집에서 쓰는 관리가 더 크더라고요 병원 상담받을 때 들었던 각질 얘기도 이제야 와닿아서 샴푸 선택 기준이 완전히 바뀌었어요 그러다 보니 예전에 알아봤던 모미래 핑크솔트도 다시 생각나요 매일 관리가 제일 중요했어요,"['예전', '관리', '해결', '관리', '병원', '상담', '각질', '얘기', '선택', '기준', '예전', '미래', '핑크솔트', '관리', '중요']","['예전_관리', '관리_해결', '해결_관리', '관리_병원', '병원_상담', '상담_각질', '각질_얘기', '얘기_선택', '선택_기준', '기준_예전', '예전_미래', '미래_핑크솔트', '핑크솔트_관리', '관리_중요']","['예전', '관리', '해결', '관리', '병원', '상담', '각질', '얘기', '선택', '기준', '예전', '미래', '핑크솔트', '관리', '중요', '예전_관리', '관리_해결', '해결_관리', '관리_병원', '병원_상담', '상담_각질', '각질_얘기', '얘기_선택', '선택_기준', '기준_예전', '예전_미래', '미래_핑크솔트', '핑크솔트_관리', '관리_중요']",[],11년차 탈모 의사는 샴푸 고를 때 &#39;이것부터&#39; 확인합니다. (탈모 의사 홍원장 2부),0.0,1,['예전엔'],0,[],-1,이탈위험,False
youtube,,두피케어 샴푸 비교,설명 들으니까 왜 두피 혈액순환이 중요한지 알겠네요 저도 아누오틴 먹기 시작했는데 모발 관리할 때 도움이 되는 느낌이라 계속 챙기는 중입니다,"['설명', '혈액', '순환', '중요', '아누오틴', '시작', '모발', '관리', '도움', '느낌']","['설명_혈액', '혈액_순환', '순환_중요', '중요_아누오틴', '아누오틴_시작', '시작_모발', '모발_관리', '관리_도움', '도움_느낌']","['설명', '혈액', '순환', '중요', '아누오틴', '시작', '모발', '관리', '도움', '느낌', '설명_혈액', '혈액_순환', '순환_중요', '중요_아누오틴', '아누오틴_시작', '시작_모발', '모발_관리', '관리_도움', '도움_느낌']",[],11년차 탈모 의사는 샴푸 고를 때 &#39;이것부터&#39; 확인합니다. (탈모 의사 홍원장 2부),18.0,0,[],0,[],0,중립,False
youtube,,두피케어 샴푸 비교,20년된 지루성 두피염 헤드앤숄더 클리니컬 스트렝스 요거쓰고 고쳣네요,"['지루', '클리니컬', '스트렝스']","['지루_클리니컬', '클리니컬_스트렝스']","['지루', '클리니컬', '스트렝스', '지루_클리니컬', '클리니컬_스트렝스']",[],11년차 탈모 의사는 샴푸 고를 때 &#39;이것부터&#39; 확인합니다. (탈모 의사 홍원장 2부),2.0,0,[],0,[],0,중립,False
youtube,,두피케어 샴푸 비교,샴푸를 고를 때 무엇을 먼저 봐야 하는지 기준을 분명하게 짚어주셔서 인상적이었습니다 체감이나 가격보다 두피 환경과 자극 여부를 먼저 고려하는 관점이 왜 중요한지 잘 전달되는 영상이네요 유익한 내용 감사합니다,"['기준', '인상', '체감', '환경', '자극', '여부', '고려', '관점', '중요', '전달', '유익', '내용', '감사']","['기준_인상', '인상_체감', '체감_환경', '환경_자극', '자극_여부', '여부_고려', '고려_관점', '관점_중요', '중요_전달', '전달_유익', '유익_내용', '내용_감사']","['기준', '인상', '체감', '환경', '자극', '여부', '고려', '관점', '중요', '전달', '유익', '내용', '감사', '기준_인상', '인상_체감', '체감_환경', '환경_자극', '자극_여부', '여부_고려', '고려_관점', '관점_중요', '중요_전달', '전달_유익', '유익_내용', '내용_감사']",[],11년차 탈모 의사는 샴푸 고를 때 &#39;이것부터&#39; 확인합니다. (탈모 의사 홍원장 2부),2.0,1,['자극'],0,[],-1,이탈위험,False
youtube,,두피케어 샴푸 비교,정수리는 진짜 관리 싸움이라 생각해요 샴푸 바꿔보고 비오틴도 해봤는데 저는 큰 도움은 못 받았고 결국 약을 규칙적으로 복용하면서 두피활자력에 집중했을 때 흐름이 달라졌습니다 카페인은 두피를 더 건조하게 만드는 느낌이 있어서 최대한 제한했고요 유산소 운동으로 순환 올리고 두휴밴드 같은 냉찜질 도구로 두피 열을 내려주는 루틴을 계속 가져갔어요 개인차는 있지만 보통 반년 안팎으로 체감하는 사람이 많고 정수리는 특히 돌아오는 경우가 많더라고요 대신 M자 라인이 깊으면 심는 게 낫다는 말도 공감합니다,"['정수리', '관리', '싸움', '비오', '도움', '결국', '규칙', '복용', '활자', '집중', '흐름', '카페인', '건조', '느낌', '제한', '유산소', '운동', '순환', '두휴밴드', '도구', '루틴', '개인차', '반년', '안팎', '체감', '정수리', '대신', '라인', '공감']","['정수리_관리', '관리_싸움', '싸움_비오', '비오_도움', '도움_결국', '결국_규칙', '규칙_복용', '복용_활자', '활자_집중', '집중_흐름', '흐름_카페인', '카페인_건조', '건조_느낌', '느낌_제한', '제한_유산소', '유산소_운동', '운동_순환', '순환_두휴밴드', '두휴밴드_도구', '도구_루틴', '루틴_개인차', '개인차_반년', '반년_안팎', '안팎_체감', '체감_정수리', '정수리_대신', '대신_라인', '라인_공감']","['정수리', '관리', '싸움', '비오', '도움', '결국', '규칙', '복용', '활자', '집중', '흐름', '카페인', '건조', '느낌', '제한', '유산소', '운동', '순환', '두휴밴드', '도구', '루틴', '개인차', '반년', '안팎', '체감', '정수리', '대신', '라인', '공감', '정수리_관리', '관리_싸움', '싸움_비오', '비오_도움', '도움_결국', '결국_규칙', '규칙_복용', '복용_활자', '활자_집중', '집중_흐름', '흐름_카페인', '카페인_건조', '건조_느낌', '느낌_제한', '제한_유산소', '유산소_운동', '운동_순환', '순환_두휴밴드', '두휴밴드_도구', '도구_루틴', '루틴_개인차', '개인차_반년', '반년_안팎', '안팎_체감', '체감_정수리', '정수리_대신', '대신_라인', '라인_공감']",[],11년차 탈모 의사는 샴푸 고를 때 &#39;이것부터&#39; 확인합니다. (탈모 의사 홍원장 2부),2.0,1,['대신'],0,[],-1,이탈위험,False
youtube,,두피케어 샴푸 비교,작년 봄부터 꾸준히 잘 사용하던 탈모샴푸가 이번 겨울철에 접어들고나서 두피건조 각질유발을 하는 것 같아서 여러 샴푸 바꿔보다가 아기들 사용하는 보습감 좋은 올인원 워시를 샴푸 대용으로 사용하니 일주일만에 좋아졌어요 가격대는 이 제품이 제일 저렴한데 현재 두피 상태에는 제일 좋네요 ㅎ 세라마이드 성분이 들어가서 그런지 벗겨지던 각질을 붙여주는 느낌이예요 그런데 이것만 계속 사용하면 두피세정이 좀 완벽하지 않은 것 같아서 주5회는 이걸로 사용하고 주2회는 일반 보습샴푸랑 번갈아가며 사용중이예요 올인원이 무향이라 처음에는 부담스러웠는데 적응하니 오히려 더 좋네요 올인워워시를 샴푸로 사용하면 뻣뻣한 제품들도 많아서 보습감 좋은 걸로 잘 찾으면 좋은 것 같아요,"['작년', '탈모', '이번', '겨울철', '건조', '각질', '유발', '아기', '보습', '인원', '워시', '대용', '일주일', '가격대', '상태', '세라마이드', '성분', '각질', '느낌', '세정', '완벽', '일반', '보습', '인원', '처음', '부담', '적응', '올인워워시', '보습']","['작년_탈모', '탈모_이번', '이번_겨울철', '겨울철_건조', '건조_각질', '각질_유발', '유발_아기', '아기_보습', '보습_인원', '인원_워시', '워시_대용', '대용_일주일', '일주일_가격대', '가격대_상태', '상태_세라마이드', '세라마이드_성분', '성분_각질', '각질_느낌', '느낌_세정', '세정_완벽', '완벽_일반', '일반_보습', '보습_인원', '인원_처음', '처음_부담', '부담_적응', '적응_올인워워시', '올인워워시_보습']","['작년', '탈모', '이번', '겨울철', '건조', '각질', '유발', '아기', '보습', '인원', '워시', '대용', '일주일', '가격대', '상태', '세라마이드', '성분', '각질', '느낌', '세정', '완벽', '일반', '보습', '인원', '처음', '부담', '적응', '올인워워시', '보습', '작년_탈모', '탈모_이번', '이번_겨울철', '겨울철_건조', '건조_각질', '각질_유발', '유발_아기', '아기_보습', '보습_인원', '인원_워시', '워시_대용', '대용_일주일', '일주일_가격대', '가격대_상태', '상태_세라마이드', '세라마이드_성분', '성분_각질', '각질_느낌', '느낌_세정', '세정_완벽', '완벽_일반', '일반_보습', '보습_인원', '인원_처음', '처음_부담', '부담_적응', '적응_올인워워시', '올인워워시_보습']",[],11년차 탈모 의사는 샴푸 고를 때 &#39;이것부터&#39; 확인합니다. (탈모 의사 홍원장 2부),1.0,0,[],1,['좋아졌'],1,긍정,False
youtube,,두피케어 샴푸 비교,진짜 탈모 방지용 샴푸는 저같이 두피염 앓고 있는 사람들한테는 말장난 제품인 거 같습니다 5년 동안 두피염 달고 산 결과 먹는 게 제일 중요한 거 같고 제가 그나마 효과 보는 제품은 아누오틴 먹고 나선 샤워할 때 배수구도 안 막히고 모든 뿌리도 훨씬 단단해진 느낌인 거 같네요,"['탈모', '방지', '말장난', '동안', '결과', '중요', '효과', '아누오틴', '샤워', '배수구', '뿌리', '느낌']","['탈모_방지', '방지_말장난', '말장난_동안', '동안_결과', '결과_중요', '중요_효과', '효과_아누오틴', '아누오틴_샤워', '샤워_배수구', '배수구_뿌리', '뿌리_느낌']","['탈모', '방지', '말장난', '동안', '결과', '중요', '효과', '아누오틴', '샤워', '배수구', '뿌리', '느낌', '탈모_방지', '방지_말장난', '말장난_동안', '동안_결과', '결과_중요', '중요_효과', '효과_아누오틴', '아누오틴_샤워', '샤워_배수구', '배수구_뿌리', '뿌리_느낌']",[],11년차 탈모 의사는 샴푸 고를 때 &#39;이것부터&#39; 확인합니다. (탈모 의사 홍원장 2부),42.0,0,[],0,[],0,중립,False
youtube,,두피케어 샴푸 비교,샴푸 하나만 바꿔도 두피 느낌이 달라지는 경우가 있더라고요,['느낌'],[],['느낌'],[],왠만한 샴푸 다 써본 차예련이 비운 탈모샴푸  #꿀템,0.0,0,[],0,[],0,중립,False
youtube,,두피케어 샴푸 비교,두피센터 원장님이 저속노화샴푸 추천 해주신 걸로 관리 중인데 저 제품도 궁금하네영,"['센터', '원장', '노화', '관리']","['센터_원장', '원장_노화', '노화_관리']","['센터', '원장', '노화', '관리', '센터_원장', '원장_노화', '노화_관리']",[],왠만한 샴푸 다 써본 차예련이 비운 탈모샴푸  #꿀템,0.0,0,[],1,['추천'],1,긍정,False
youtube,,두피케어 샴푸 비교,비오틴 들어간 샴푸 좋기는한데 샴푸는 아무래도 씻겨 내려가는거기 때문에 충분하게 흡수하기에는 조금 어려워요 ㅠ 비오틴 들어간 샴푸만으로 복구 안되시는 분들은 반 드시 모낭활성제 한번 써보세요 얘는 머리감고 쓰는건데 두피에 직접적으로 비오틴 코펙실 카페인등 탈모 방지 효과 있는 성분들을 직접적으로 흡수시켜줘서 탈모샴푸에 이거 하나만 같이쓰면 진짜 순식간에 복구돼요,"['비오티', '흡수', '비오틴', '복구', '모낭활성제', '직접', '비오티', '코펙실', '카페인', '탈모', '방지', '효과', '성분', '직접', '흡수', '탈모', '순식간', '복구']","['비오티_흡수', '흡수_비오틴', '비오틴_복구', '복구_모낭활성제', '모낭활성제_직접', '직접_비오티', '비오티_코펙실', '코펙실_카페인', '카페인_탈모', '탈모_방지', '방지_효과', '효과_성분', '성분_직접', '직접_흡수', '흡수_탈모', '탈모_순식간', '순식간_복구']","['비오티', '흡수', '비오틴', '복구', '모낭활성제', '직접', '비오티', '코펙실', '카페인', '탈모', '방지', '효과', '성분', '직접', '흡수', '탈모', '순식간', '복구', '비오티_흡수', '흡수_비오틴', '비오틴_복구', '복구_모낭활성제', '모낭활성제_직접', '직접_비오티', '비오티_코펙실', '코펙실_카페인', '카페인_탈모', '탈모_방지', '방지_효과', '효과_성분', '성분_직접', '직접_흡수', '흡수_탈모', '탈모_순식간', '순식간_복구']",[],왠만한 샴푸 다 써본 차예련이 비운 탈모샴푸  #꿀템,0.0,0,[],0,[],0,중립,False
youtube,,두피케어 샴푸 비교,와 세상에 이런 샴푸가있었네요 저도 미라클님과 비슷한 두피 모발인 사람인데 저는 요즘 킹스파워샴푸를 쓰면서 탈모 고민이 싹 다 없어졌어요 천연 폴리페놀 성분으로 머리색은 짙어져서 새치가 훨씬 덜보이면서도 식약처 탈모인증성분을 다 함유해서 머리빠짐은 1 5로 줄어들고 머리카락을 굵어지고 묵직 해져서 훨씬 차분하고 탱글탱글한 머리카락을 갖게됐어요 이제 머리끝 갈라짐도 없고 머리는 안빠지고 굵어지고 짙어지니 진 짜 숱 많아 보이고 풍성풍성해보여요 헤어로 인한 고민은 이제 거의 안하는거같아요 저같이 새치와 탈모 둘다 고민인 분들은 킹스파워샴푸 꼭 추천해요 모다모다 샴푸는 제가 써보니 냄새 독하고 머리 엄청 빠지더라구요 ㅠ,"['미라클', '모발', '킹스', '파워', '탈모', '고민', '천연', '폴리페놀', '성분', '새치', '식약처', '탈모', '인증', '성분', '함유', '머리카락', '머리카락', '머리끝', '풍성', '고민', '새치', '탈모', '고민', '킹스', '파워', '모다모다', '냄새']","['미라클_모발', '모발_킹스', '킹스_파워', '파워_탈모', '탈모_고민', '고민_천연', '천연_폴리페놀', '폴리페놀_성분', '성분_새치', '새치_식약처', '식약처_탈모', '탈모_인증', '인증_성분', '성분_함유', '함유_머리카락', '머리카락_머리카락', '머리카락_머리끝', '머리끝_풍성', '풍성_고민', '고민_새치', '새치_탈모', '탈모_고민', '고민_킹스', '킹스_파워', '파워_모다모다', '모다모다_냄새']","['미라클', '모발', '킹스', '파워', '탈모', '고민', '천연', '폴리페놀', '성분', '새치', '식약처', '탈모', '인증', '성분', '함유', '머리카락', '머리카락', '머리끝', '풍성', '고민', '새치', '탈모', '고민', '킹스', '파워', '모다모다', '냄새', '미라클_모발', '모발_킹스', '킹스_파워', '파워_탈모', '탈모_고민', '고민_천연', '천연_폴리페놀', '폴리페놀_성분', '성분_새치', '새치_식약처', '식약처_탈모', '탈모_인증', '인증_성분', '성분_함유', '함유_머리카락', '머리카락_머리카락', '머리카락_머리끝', '머리끝_풍성', '풍성_고민', '고민_새치', '새치_탈모', '탈모_고민', '고민_킹스', '킹스_파워', '파워_모다모다', '모다모다_냄새']",[],왠만한 샴푸 다 써본 차예련이 비운 탈모샴푸  #꿀템,0.0,0,[],2,"['없어졌', '추천']",2,긍정,False
youtube,,두피케어 샴푸 비교,각질 폭탄 시절이 생각나서 영상을 멍하게 봤는데 저는 뭐든 써봐도 해결이 안 돼서 관리비만 계속 나갔어요ㅠㅠ 그러다 이름이 계속 보여서 핑크솔트 탈모샴푸 써봤는데 각질이 줄어서 신기했어요ㅎㅎ 그래서 약산성샴푸 고민하는 분들 보면 후기 보다가 이걸 찾아보면 좋겠다고 말하게 돼요,"['각질', '폭탄', '시절', '해결', '관리비', '핑크솔트', '탈모', '각질', '산성', '고민']","['각질_폭탄', '폭탄_시절', '시절_해결', '해결_관리비', '관리비_핑크솔트', '핑크솔트_탈모', '탈모_각질', '각질_산성', '산성_고민']","['각질', '폭탄', '시절', '해결', '관리비', '핑크솔트', '탈모', '각질', '산성', '고민', '각질_폭탄', '폭탄_시절', '시절_해결', '해결_관리비', '관리비_핑크솔트', '핑크솔트_탈모', '탈모_각질', '각질_산성', '산성_고민']",[],왠만한 샴푸 다 써본 차예련이 비운 탈모샴푸  #꿀템,54.0,0,[],0,[],0,중립,False
youtube,,두피케어 샴푸 비교,두피에 비듬이랑 각질 많으신 분들은 머리 감기 전에 비듬클리너로 몇 번만 빗어줘도 비포애프터가 확실히 다릅니다 ㅋ,"['비듬', '각질', '비듬', '클리너', '비포', '애프터']","['비듬_각질', '각질_비듬', '비듬_클리너', '클리너_비포', '비포_애프터']","['비듬', '각질', '비듬', '클리너', '비포', '애프터', '비듬_각질', '각질_비듬', '비듬_클리너', '클리너_비포', '비포_애프터']",[],왠만한 샴푸 다 써본 차예련이 비운 탈모샴푸  #꿀템,2.0,0,[],0,[],0,중립,False
